C23,海岸線（ライン）
P23,海岸保全施設（ライン）（ポイント）
W09-2005,湖沼（ポリゴン）
W07,流域メッシュ
W01,ダム（ポイント）
W05,河川（ライン）（ポイント）
G04-a,標高・傾斜度3次メッシュ
G04-c,標高・傾斜度4次メッシュ
G04-d,標高・傾斜度5次メッシュ
G08-2015,低位地帯（ポリゴン）
A54-2023,大規模盛土造成地（ポリゴン）
L03-a-2021,土地利用3次メッシュ
L03-b-2021,土地利用細分メッシュ
L03-b_r,土地利用細分メッシュ（ラスタ版）
L03-b-u-2021,都市地域土地利用細分メッシュ
L03-b-c-2021,土地利用詳細メッシュ
A13-2015,森林地域（ポリゴン）
A45,国有林野（ポリゴン）
A12,農業地域（ポリゴン）
L01-2025,地価公示（ポイント）
L02-2024,都道府県地価調査（ポイント）
N03-2024,行政区域（ポリゴン）
A16-2020,DID人口集中地区（ポリゴン）
A32-2023,中学校区（ポリゴン）
A27-2023,小学校区（ポリゴン）
A38-2020,医療圏（ポリゴン）
A35a,景観計画区域（ポリゴン）（ポイント）
A35b,景観地区・準景観地区（ポリゴン）（ポイント）
A35c,景観重要建造物・樹木（ポイント）
A43,伝統的建造物群保存地区（ポリゴン）
A44,歴史的風致維持向上計画の重点地区（ポリゴン）
A55-2022,都市計画決定情報（ポリゴン）
A09,都市地域（ポリゴン）
A29-2019,用途地域（ポリゴン）（2022年度以前のデータ）
A50-2020,立地適正化計画区域（ポリゴン）（2022年度以前のデータ）
A42,歴史的風土保存区域（ポリゴン）（2022年度以前のデータ）
P13,都市公園（ポイント）（2022年度以前のデータ）
A03,三大都市圏計画区域（ポリゴン）
A17-2017,過疎地域（ポリゴン）
A24-2016,振興山村（ポリゴン）
A25-2016,特定農山村地域（ポリゴン）
A19-2017,離島振興対策実施地域（ポリゴン）
A19s,離島振興対策実施地域統計情報（ポリゴン）
A21,小笠原諸島（ポリゴン）
A21s,小笠原諸島統計情報（ポリゴン）
A20,奄美群島（ポリゴン）
A20s,奄美群島統計情報（ポリゴン）
A18-2016,半島振興対策実施地域（ポリゴン）
A18s-a,半島振興対策実施地域統計情報（ポリゴン）
A37,半島循環道路（ポリゴン）（ライン）
A22-2016,豪雪地帯（ポリゴン）
A22-m,豪雪地帯（気象データ）（ポリゴン）（ポイント）
A22s,豪雪地帯統計情報（ポリゴン）
A23-2016,特殊土壌地帯（ポリゴン）
A39-2015,密集市街地（ポリゴン）
A31b-2024,洪水浸水想定区域（1次メッシュ）
P20,避難施設（ポイント）
A31a-2024,洪水浸水想定区域（河川単位：ポリゴン）
G02-2022,平年値（気候）メッシュ
A30b,竜巻等の突風（ポイント）
A30a5,土砂災害・雪崩メッシュ
A33-2024,土砂災害警戒区域（ポリゴン）（ライン）
A46-2021,地すべり防止区域（ポリゴン）
A47-2021,急傾斜地崩壊危険区域（ポリゴン）
A40-2024,津波浸水想定（ポリゴン）
A49-2024,高潮浸水想定区域（ポリゴン）
A48-2021,災害危険区域（ポリゴン）（ポイント）
A52-2023,砂防指定地（ポリゴン）
A53-2024,多段階浸水想定（ポリゴン）
A51-2024,雨水出水（内水）浸水想定（ポリゴン）
P28-2022,国・都道府県の機関（ポイント）
P05-2022,市町村役場等及び公的集会施設（ポイント）
P34,市区町村役場（ポイント）
P02-2006,公共施設（ポイント）
P18,警察署（ポリゴン）（ポイント）
P17,消防署（ポリゴン）（ポイント）
P30,郵便局（ポイント）
P04-2020,医療機関（ポイント）
P14-2023,福祉施設（ポイント）
P27,文化施設（ポイント）
P29-2023,学校（ポイント）
P21,上水道関連施設（ポリゴン）（ポイント）
P22,下水道関連施設（ポイント）
P15,廃棄物処理施設（ポイント）
P03,発電施設（ポイント）
P07-2016,燃料給油所（ポイント）
P26,ニュータウン（ポイント）
L05,工業用地（ポリゴン）
P16,研究機関（ポイント）
P24,地場産業関連施設（ポイント）
P31,物流拠点（ポイント）
P33,集客施設（ポイント）
P35,道の駅（ポイント）
P32,都道府県指定文化財（ポイント）
A34-2022,世界文化遺産（ポリゴン）（ライン）（ポイント）
A28,世界自然遺産（ポリゴン）
P12-2014,観光資源（ポリゴン）（ライン）（ポイント）
P09,宿泊容量メッシュ
P19,地域資源（ポイント）
A10-2015,自然公園地域（ポリゴン）
A11,自然保全地域（ポリゴン）
A15,鳥獣保護区（ポリゴン）
N06-2023,高速道路時系列（ライン）（ポイント）
N10-2024,緊急輸送道路（ライン）
N12-2021,重要物流道路（ライン）
N04,道路密度・道路延長メッシュ
P36-2023,高速バス停留所（ポイント）
P11-2022,バス停留所（ポイント）
N07-2022,バスルート（ライン）
N02-2023,鉄道（ライン）
N05-2023,鉄道時系列（ライン）（ポイント）
S12-2022,駅別乗降客数（ライン）
S05-c,交通流動量 駅別乗降数（ポリゴン）（ポイント）
C28-2021,空港（ポリゴン）（ポイント）
N08-2021,空港時系列（ポリゴン）（ポイント）
S10b-2014,空港間流通量（ライン）
N11,ヘリポート（ポイント）
C02-2014,港湾（ライン）（ポイント）
C09,漁港（ライン）（ポイント）
S10a-2016,港湾間流通量・海上経路（ライン）
N09,定期旅客航路（ライン）（ポイント）
S05-a-2013,発生・集中量（ポリゴン）（ライン）
S05-b-2013,OD量（ポリゴン）（ライン）
S05-d-2018,貨物旅客地域流動量（ポリゴン）（ライン）
mesh1000r6,1kmメッシュ別将来推計人口（R6国政局推計）
mesh500r6,500mメッシュ別将来推計人口（R6国政局推計）
mesh250r6,250mメッシュ別将来推計人口（R6国政局推計）
mesh1000h30,1kmメッシュ別将来推計人口（H30国政局推計）
mesh500h30,500mメッシュ別将来推計人口（H30国政局推計）
mesh1000,1kmメッシュ別将来推計人口（H29国政局推計）
mesh500,500mメッシュ別将来推計人口（H29国政局推計）
