[{"filename": "A09-06_01_GML.zip", "url": "https://nlftp.mlit.go.jp/ksj/gml/data/A09/A09-06/A09-06_01_GML.zip"}, {"filename": "A09-11_01_GML.zip", "url": "https://nlftp.mlit.go.jp/ksj/gml/data/A09/A09-11/A09-11_01_GML.zip"}, {"filename": "A09-18_01_GML.zip", "url": "https://nlftp.mlit.go.jp/ksj/gml/data/A09/A09-18/A09-18_01_GML.zip"}, {"filename": "A09-06_02_GML.zip", "url": "https://nlftp.mlit.go.jp/ksj/gml/data/A09/A09-06/A09-06_02_GML.zip"}, {"filename": "A09-11_02_GML.zip", "url": "https://nlftp.mlit.go.jp/ksj/gml/data/A09/A09-11/A09-11_02_GML.zip"}, {"filename": "A09-18_02_GML.zip", "url": "https://nlftp.mlit.go.jp/ksj/gml/data/A09/A09-18/A09-18_02_GML.zip"}, {"filename": "A09-06_03_GML.zip", "url": "https://nlftp.mlit.go.jp/ksj/gml/data/A09/A09-06/A09-06_03_GML.zip"}, {"filename": "A09-11_03_GML.zip", "url": "https://nlftp.mlit.go.jp/ksj/gml/data/A09/A09-11/A09-11_03_GML.zip"}, {"filename": "A09-18_03_GML.zip", "url": "https://nlftp.mlit.go.jp/ksj/gml/data/A09/A09-18/A09-18_03_GML.zip"}, {"filename": "A09-06_04_GML.zip", "url": "https://nlftp.mlit.go.jp/ksj/gml/data/A09/A09-06/A09-06_04_GML.zip"}, {"filename": "A09-11_04_GML.zip", "url": "https://nlftp.mlit.go.jp/ksj/gml/data/A09/A09-11/A09-11_04_GML.zip"}, {"filename": "A09-18_04_GML.zip", "url": "https://nlftp.mlit.go.jp/ksj/gml/data/A09/A09-18/A09-18_04_GML.zip"}, {"filename": "A09-06_05_GML.zip", "url": "https://nlftp.mlit.go.jp/ksj/gml/data/A09/A09-06/A09-06_05_GML.zip"}, {"filename": "A09-11_05_GML.zip", "url": "https://nlftp.mlit.go.jp/ksj/gml/data/A09/A09-11/A09-11_05_GML.zip"}, {"filename": "A09-18_05_GML.zip", "url": "https://nlftp.mlit.go.jp/ksj/gml/data/A09/A09-18/A09-18_05_GML.zip"}, {"filename": "A09-06_06_GML.zip", "url": "https://nlftp.mlit.go.jp/ksj/gml/data/A09/A09-06/A09-06_06_GML.zip"}, {"filename": "A09-11_06_GML.zip", "url": "https://nlftp.mlit.go.jp/ksj/gml/data/A09/A09-11/A09-11_06_GML.zip"}, {"filename": "A09-18_06_GML.zip", "url": "https://nlftp.mlit.go.jp/ksj/gml/data/A09/A09-18/A09-18_06_GML.zip"}, {"filename": "A09-06_07_GML.zip", "url": "https://nlftp.mlit.go.jp/ksj/gml/data/A09/A09-06/A09-06_07_GML.zip"}, {"filename": "A09-11_07_GML.zip", "url": "https://nlftp.mlit.go.jp/ksj/gml/data/A09/A09-11/A09-11_07_GML.zip"}, {"filename": "A09-18_07_GML.zip", "url": "https://nlftp.mlit.go.jp/ksj/gml/data/A09/A09-18/A09-18_07_GML.zip"}, {"filename": "A09-06_08_GML.zip", "url": "https://nlftp.mlit.go.jp/ksj/gml/data/A09/A09-06/A09-06_08_GML.zip"}, {"filename": "A09-11_08_GML.zip", "url": "https://nlftp.mlit.go.jp/ksj/gml/data/A09/A09-11/A09-11_08_GML.zip"}, {"filename": "A09-18_08_GML.zip", "url": "https://nlftp.mlit.go.jp/ksj/gml/data/A09/A09-18/A09-18_08_GML.zip"}, {"filename": "A09-06_09_GML.zip", "url": "https://nlftp.mlit.go.jp/ksj/gml/data/A09/A09-06/A09-06_09_GML.zip"}, {"filename": "A09-11_09_GML.zip", "url": "https://nlftp.mlit.go.jp/ksj/gml/data/A09/A09-11/A09-11_09_GML.zip"}, {"filename": "A09-18_09_GML.zip", "url": "https://nlftp.mlit.go.jp/ksj/gml/data/A09/A09-18/A09-18_09_GML.zip"}, {"filename": "A09-06_10_GML.zip", "url": "https://nlftp.mlit.go.jp/ksj/gml/data/A09/A09-06/A09-06_10_GML.zip"}, {"filename": "A09-11_10_GML.zip", "url": "https://nlftp.mlit.go.jp/ksj/gml/data/A09/A09-11/A09-11_10_GML.zip"}, {"filename": "A09-18_10_GML.zip", "url": "https://nlftp.mlit.go.jp/ksj/gml/data/A09/A09-18/A09-18_10_GML.zip"}, {"filename": "A09-06_11_GML.zip", "url": "https://nlftp.mlit.go.jp/ksj/gml/data/A09/A09-06/A09-06_11_GML.zip"}, {"filename": "A09-11_11_GML.zip", "url": "https://nlftp.mlit.go.jp/ksj/gml/data/A09/A09-11/A09-11_11_GML.zip"}, {"filename": "A09-18_11_GML.zip", "url": "https://nlftp.mlit.go.jp/ksj/gml/data/A09/A09-18/A09-18_11_GML.zip"}, {"filename": "A09-06_12_GML.zip", "url": "https://nlftp.mlit.go.jp/ksj/gml/data/A09/A09-06/A09-06_12_GML.zip"}, {"filename": "A09-11_12_GML.zip", "url": "https://nlftp.mlit.go.jp/ksj/gml/data/A09/A09-11/A09-11_12_GML.zip"}, {"filename": "A09-18_12_GML.zip", "url": "https://nlftp.mlit.go.jp/ksj/gml/data/A09/A09-18/A09-18_12_GML.zip"}, {"filename": "A09-06_13_GML.zip", "url": "https://nlftp.mlit.go.jp/ksj/gml/data/A09/A09-06/A09-06_13_GML.zip"}, {"filename": "A09-11_13_GML.zip", "url": "https://nlftp.mlit.go.jp/ksj/gml/data/A09/A09-11/A09-11_13_GML.zip"}, {"filename": "A09-18_13_GML.zip", "url": "https://nlftp.mlit.go.jp/ksj/gml/data/A09/A09-18/A09-18_13_GML.zip"}, {"filename": "A09-06_14_GML.zip", "url": "https://nlftp.mlit.go.jp/ksj/gml/data/A09/A09-06/A09-06_14_GML.zip"}, {"filename": "A09-11_14_GML.zip", "url": "https://nlftp.mlit.go.jp/ksj/gml/data/A09/A09-11/A09-11_14_GML.zip"}, {"filename": "A09-18_14_GML.zip", "url": "https://nlftp.mlit.go.jp/ksj/gml/data/A09/A09-18/A09-18_14_GML.zip"}, {"filename": "A09-06_15_GML.zip", "url": "https://nlftp.mlit.go.jp/ksj/gml/data/A09/A09-06/A09-06_15_GML.zip"}, {"filename": "A09-11_15_GML.zip", "url": "https://nlftp.mlit.go.jp/ksj/gml/data/A09/A09-11/A09-11_15_GML.zip"}, {"filename": "A09-18_15_GML.zip", "url": "https://nlftp.mlit.go.jp/ksj/gml/data/A09/A09-18/A09-18_15_GML.zip"}, {"filename": "A09-06_16_GML.zip", "url": "https://nlftp.mlit.go.jp/ksj/gml/data/A09/A09-06/A09-06_16_GML.zip"}, {"filename": "A09-11_16_GML.zip", "url": "https://nlftp.mlit.go.jp/ksj/gml/data/A09/A09-11/A09-11_16_GML.zip"}, {"filename": "A09-18_16_GML.zip", "url": "https://nlftp.mlit.go.jp/ksj/gml/data/A09/A09-18/A09-18_16_GML.zip"}, {"filename": "A09-06_17_GML.zip", "url": "https://nlftp.mlit.go.jp/ksj/gml/data/A09/A09-06/A09-06_17_GML.zip"}, {"filename": "A09-11_17_GML.zip", "url": "https://nlftp.mlit.go.jp/ksj/gml/data/A09/A09-11/A09-11_17_GML.zip"}, {"filename": "A09-18_17_GML.zip", "url": "https://nlftp.mlit.go.jp/ksj/gml/data/A09/A09-18/A09-18_17_GML.zip"}, {"filename": "A09-06_18_GML.zip", "url": "https://nlftp.mlit.go.jp/ksj/gml/data/A09/A09-06/A09-06_18_GML.zip"}, {"filename": "A09-11_18_GML.zip", "url": "https://nlftp.mlit.go.jp/ksj/gml/data/A09/A09-11/A09-11_18_GML.zip"}, {"filename": "A09-18_18_GML.zip", "url": "https://nlftp.mlit.go.jp/ksj/gml/data/A09/A09-18/A09-18_18_GML.zip"}, {"filename": "A09-06_19_GML.zip", "url": "https://nlftp.mlit.go.jp/ksj/gml/data/A09/A09-06/A09-06_19_GML.zip"}, {"filename": "A09-11_19_GML.zip", "url": "https://nlftp.mlit.go.jp/ksj/gml/data/A09/A09-11/A09-11_19_GML.zip"}, {"filename": "A09-18_19_GML.zip", "url": "https://nlftp.mlit.go.jp/ksj/gml/data/A09/A09-18/A09-18_19_GML.zip"}, {"filename": "A09-06_20_GML.zip", "url": "https://nlftp.mlit.go.jp/ksj/gml/data/A09/A09-06/A09-06_20_GML.zip"}, {"filename": "A09-11_20_GML.zip", "url": "https://nlftp.mlit.go.jp/ksj/gml/data/A09/A09-11/A09-11_20_GML.zip"}, {"filename": "A09-18_20_GML.zip", "url": "https://nlftp.mlit.go.jp/ksj/gml/data/A09/A09-18/A09-18_20_GML.zip"}, {"filename": "A09-06_21_GML.zip", "url": "https://nlftp.mlit.go.jp/ksj/gml/data/A09/A09-06/A09-06_21_GML.zip"}, {"filename": "A09-11_21_GML.zip", "url": "https://nlftp.mlit.go.jp/ksj/gml/data/A09/A09-11/A09-11_21_GML.zip"}, {"filename": "A09-18_21_GML.zip", "url": "https://nlftp.mlit.go.jp/ksj/gml/data/A09/A09-18/A09-18_21_GML.zip"}, {"filename": "A09-06_22_GML.zip", "url": "https://nlftp.mlit.go.jp/ksj/gml/data/A09/A09-06/A09-06_22_GML.zip"}, {"filename": "A09-11_22_GML.zip", "url": "https://nlftp.mlit.go.jp/ksj/gml/data/A09/A09-11/A09-11_22_GML.zip"}, {"filename": "A09-18_22_GML.zip", "url": "https://nlftp.mlit.go.jp/ksj/gml/data/A09/A09-18/A09-18_22_GML.zip"}, {"filename": "A09-06_23_GML.zip", "url": "https://nlftp.mlit.go.jp/ksj/gml/data/A09/A09-06/A09-06_23_GML.zip"}, {"filename": "A09-11_23_GML.zip", "url": "https://nlftp.mlit.go.jp/ksj/gml/data/A09/A09-11/A09-11_23_GML.zip"}, {"filename": "A09-06_24_GML.zip", "url": "https://nlftp.mlit.go.jp/ksj/gml/data/A09/A09-06/A09-06_24_GML.zip"}, {"filename": "A09-11_24_GML.zip", "url": "https://nlftp.mlit.go.jp/ksj/gml/data/A09/A09-11/A09-11_24_GML.zip"}, {"filename": "A09-18_24_GML.zip", "url": "https://nlftp.mlit.go.jp/ksj/gml/data/A09/A09-18/A09-18_24_GML.zip"}, {"filename": "A09-06_25_GML.zip", "url": "https://nlftp.mlit.go.jp/ksj/gml/data/A09/A09-06/A09-06_25_GML.zip"}, {"filename": "A09-11_25_GML.zip", "url": "https://nlftp.mlit.go.jp/ksj/gml/data/A09/A09-11/A09-11_25_GML.zip"}, {"filename": "A09-18_25_GML.zip", "url": "https://nlftp.mlit.go.jp/ksj/gml/data/A09/A09-18/A09-18_25_GML.zip"}, {"filename": "A09-06_26_GML.zip", "url": "https://nlftp.mlit.go.jp/ksj/gml/data/A09/A09-06/A09-06_26_GML.zip"}, {"filename": "A09-11_26_GML.zip", "url": "https://nlftp.mlit.go.jp/ksj/gml/data/A09/A09-11/A09-11_26_GML.zip"}, {"filename": "A09-18_26_GML.zip", "url": "https://nlftp.mlit.go.jp/ksj/gml/data/A09/A09-18/A09-18_26_GML.zip"}, {"filename": "A09-06_27_GML.zip", "url": "https://nlftp.mlit.go.jp/ksj/gml/data/A09/A09-06/A09-06_27_GML.zip"}, {"filename": "A09-11_27_GML.zip", "url": "https://nlftp.mlit.go.jp/ksj/gml/data/A09/A09-11/A09-11_27_GML.zip"}, {"filename": "A09-18_27_GML.zip", "url": "https://nlftp.mlit.go.jp/ksj/gml/data/A09/A09-18/A09-18_27_GML.zip"}, {"filename": "A09-06_28_GML.zip", "url": "https://nlftp.mlit.go.jp/ksj/gml/data/A09/A09-06/A09-06_28_GML.zip"}, {"filename": "A09-11_28_GML.zip", "url": "https://nlftp.mlit.go.jp/ksj/gml/data/A09/A09-11/A09-11_28_GML.zip"}, {"filename": "A09-18_28_GML.zip", "url": "https://nlftp.mlit.go.jp/ksj/gml/data/A09/A09-18/A09-18_28_GML.zip"}, {"filename": "A09-06_29_GML.zip", "url": "https://nlftp.mlit.go.jp/ksj/gml/data/A09/A09-06/A09-06_29_GML.zip"}, {"filename": "A09-11_29_GML.zip", "url": "https://nlftp.mlit.go.jp/ksj/gml/data/A09/A09-11/A09-11_29_GML.zip"}, {"filename": "A09-18_29_GML.zip", "url": "https://nlftp.mlit.go.jp/ksj/gml/data/A09/A09-18/A09-18_29_GML.zip"}, {"filename": "A09-06_30_GML.zip", "url": "https://nlftp.mlit.go.jp/ksj/gml/data/A09/A09-06/A09-06_30_GML.zip"}, {"filename": "A09-11_30_GML.zip", "url": "https://nlftp.mlit.go.jp/ksj/gml/data/A09/A09-11/A09-11_30_GML.zip"}, {"filename": "A09-18_30_GML.zip", "url": "https://nlftp.mlit.go.jp/ksj/gml/data/A09/A09-18/A09-18_30_GML.zip"}, {"filename": "A09-06_31_GML.zip", "url": "https://nlftp.mlit.go.jp/ksj/gml/data/A09/A09-06/A09-06_31_GML.zip"}, {"filename": "A09-11_31_GML.zip", "url": "https://nlftp.mlit.go.jp/ksj/gml/data/A09/A09-11/A09-11_31_GML.zip"}, {"filename": "A09-18_31_GML.zip", "url": "https://nlftp.mlit.go.jp/ksj/gml/data/A09/A09-18/A09-18_31_GML.zip"}, {"filename": "A09-06_32_GML.zip", "url": "https://nlftp.mlit.go.jp/ksj/gml/data/A09/A09-06/A09-06_32_GML.zip"}, {"filename": "A09-11_32_GML.zip", "url": "https://nlftp.mlit.go.jp/ksj/gml/data/A09/A09-11/A09-11_32_GML.zip"}, {"filename": "A09-18_32_GML.zip", "url": "https://nlftp.mlit.go.jp/ksj/gml/data/A09/A09-18/A09-18_32_GML.zip"}, {"filename": "A09-06_33_GML.zip", "url": "https://nlftp.mlit.go.jp/ksj/gml/data/A09/A09-06/A09-06_33_GML.zip"}, {"filename": "A09-11_33_GML.zip", "url": "https://nlftp.mlit.go.jp/ksj/gml/data/A09/A09-11/A09-11_33_GML.zip"}, {"filename": "A09-18_33_GML.zip", "url": "https://nlftp.mlit.go.jp/ksj/gml/data/A09/A09-18/A09-18_33_GML.zip"}, {"filename": "A09-06_34_GML.zip", "url": "https://nlftp.mlit.go.jp/ksj/gml/data/A09/A09-06/A09-06_34_GML.zip"}, {"filename": "A09-11_34_GML.zip", "url": "https://nlftp.mlit.go.jp/ksj/gml/data/A09/A09-11/A09-11_34_GML.zip"}, {"filename": "A09-18_34_GML.zip", "url": "https://nlftp.mlit.go.jp/ksj/gml/data/A09/A09-18/A09-18_34_GML.zip"}, {"filename": "A09-06_35_GML.zip", "url": "https://nlftp.mlit.go.jp/ksj/gml/data/A09/A09-06/A09-06_35_GML.zip"}, {"filename": "A09-11_35_GML.zip", "url": "https://nlftp.mlit.go.jp/ksj/gml/data/A09/A09-11/A09-11_35_GML.zip"}, {"filename": "A09-18_35_GML.zip", "url": "https://nlftp.mlit.go.jp/ksj/gml/data/A09/A09-18/A09-18_35_GML.zip"}, {"filename": "A09-06_36_GML.zip", "url": "https://nlftp.mlit.go.jp/ksj/gml/data/A09/A09-06/A09-06_36_GML.zip"}, {"filename": "A09-11_36_GML.zip", "url": "https://nlftp.mlit.go.jp/ksj/gml/data/A09/A09-11/A09-11_36_GML.zip"}, {"filename": "A09-18_36_GML.zip", "url": "https://nlftp.mlit.go.jp/ksj/gml/data/A09/A09-18/A09-18_36_GML.zip"}, {"filename": "A09-06_37_GML.zip", "url": "https://nlftp.mlit.go.jp/ksj/gml/data/A09/A09-06/A09-06_37_GML.zip"}, {"filename": "A09-11_37_GML.zip", "url": "https://nlftp.mlit.go.jp/ksj/gml/data/A09/A09-11/A09-11_37_GML.zip"}, {"filename": "A09-18_37_GML.zip", "url": "https://nlftp.mlit.go.jp/ksj/gml/data/A09/A09-18/A09-18_37_GML.zip"}, {"filename": "A09-06_38_GML.zip", "url": "https://nlftp.mlit.go.jp/ksj/gml/data/A09/A09-06/A09-06_38_GML.zip"}, {"filename": "A09-11_38_GML.zip", "url": "https://nlftp.mlit.go.jp/ksj/gml/data/A09/A09-11/A09-11_38_GML.zip"}, {"filename": "A09-18_38_GML.zip", "url": "https://nlftp.mlit.go.jp/ksj/gml/data/A09/A09-18/A09-18_38_GML.zip"}, {"filename": "A09-06_39_GML.zip", "url": "https://nlftp.mlit.go.jp/ksj/gml/data/A09/A09-06/A09-06_39_GML.zip"}, {"filename": "A09-11_39_GML.zip", "url": "https://nlftp.mlit.go.jp/ksj/gml/data/A09/A09-11/A09-11_39_GML.zip"}, {"filename": "A09-18_39_GML.zip", "url": "https://nlftp.mlit.go.jp/ksj/gml/data/A09/A09-18/A09-18_39_GML.zip"}, {"filename": "A09-06_40_GML.zip", "url": "https://nlftp.mlit.go.jp/ksj/gml/data/A09/A09-06/A09-06_40_GML.zip"}, {"filename": "A09-11_40_GML.zip", "url": "https://nlftp.mlit.go.jp/ksj/gml/data/A09/A09-11/A09-11_40_GML.zip"}, {"filename": "A09-18_40_GML.zip", "url": "https://nlftp.mlit.go.jp/ksj/gml/data/A09/A09-18/A09-18_40_GML.zip"}, {"filename": "A09-06_41_GML.zip", "url": "https://nlftp.mlit.go.jp/ksj/gml/data/A09/A09-06/A09-06_41_GML.zip"}, {"filename": "A09-11_41_GML.zip", "url": "https://nlftp.mlit.go.jp/ksj/gml/data/A09/A09-11/A09-11_41_GML.zip"}, {"filename": "A09-18_41_GML.zip", "url": "https://nlftp.mlit.go.jp/ksj/gml/data/A09/A09-18/A09-18_41_GML.zip"}, {"filename": "A09-06_42_GML.zip", "url": "https://nlftp.mlit.go.jp/ksj/gml/data/A09/A09-06/A09-06_42_GML.zip"}, {"filename": "A09-11_42_GML.zip", "url": "https://nlftp.mlit.go.jp/ksj/gml/data/A09/A09-11/A09-11_42_GML.zip"}, {"filename": "A09-18_42_GML.zip", "url": "https://nlftp.mlit.go.jp/ksj/gml/data/A09/A09-18/A09-18_42_GML.zip"}, {"filename": "A09-06_43_GML.zip", "url": "https://nlftp.mlit.go.jp/ksj/gml/data/A09/A09-06/A09-06_43_GML.zip"}, {"filename": "A09-11_43_GML.zip", "url": "https://nlftp.mlit.go.jp/ksj/gml/data/A09/A09-11/A09-11_43_GML.zip"}, {"filename": "A09-18_43_GML.zip", "url": "https://nlftp.mlit.go.jp/ksj/gml/data/A09/A09-18/A09-18_43_GML.zip"}, {"filename": "A09-06_44_GML.zip", "url": "https://nlftp.mlit.go.jp/ksj/gml/data/A09/A09-06/A09-06_44_GML.zip"}, {"filename": "A09-11_44_GML.zip", "url": "https://nlftp.mlit.go.jp/ksj/gml/data/A09/A09-11/A09-11_44_GML.zip"}, {"filename": "A09-18_44_GML.zip", "url": "https://nlftp.mlit.go.jp/ksj/gml/data/A09/A09-18/A09-18_44_GML.zip"}, {"filename": "A09-06_45_GML.zip", "url": "https://nlftp.mlit.go.jp/ksj/gml/data/A09/A09-06/A09-06_45_GML.zip"}, {"filename": "A09-11_45_GML.zip", "url": "https://nlftp.mlit.go.jp/ksj/gml/data/A09/A09-11/A09-11_45_GML.zip"}, {"filename": "A09-18_45_GML.zip", "url": "https://nlftp.mlit.go.jp/ksj/gml/data/A09/A09-18/A09-18_45_GML.zip"}, {"filename": "A09-06_46_GML.zip", "url": "https://nlftp.mlit.go.jp/ksj/gml/data/A09/A09-06/A09-06_46_GML.zip"}, {"filename": "A09-11_46_GML.zip", "url": "https://nlftp.mlit.go.jp/ksj/gml/data/A09/A09-11/A09-11_46_GML.zip"}, {"filename": "A09-18_46_GML.zip", "url": "https://nlftp.mlit.go.jp/ksj/gml/data/A09/A09-18/A09-18_46_GML.zip"}, {"filename": "A09-06_47_GML.zip", "url": "https://nlftp.mlit.go.jp/ksj/gml/data/A09/A09-06/A09-06_47_GML.zip"}, {"filename": "A09-11_47_GML.zip", "url": "https://nlftp.mlit.go.jp/ksj/gml/data/A09/A09-11/A09-11_47_GML.zip"}, {"filename": "A09-18_47_GML.zip", "url": "https://nlftp.mlit.go.jp/ksj/gml/data/A09/A09-18/A09-18_47_GML.zip"}]