[{"filename": "A10-06_01_GML.zip", "url": "https://nlftp.mlit.go.jp/ksj/gml/data/A10/A10-06/A10-06_01_GML.zip"}, {"filename": "A10-10_01_GML.zip", "url": "https://nlftp.mlit.go.jp/ksj/gml/data/A10/A10-10/A10-10_01_GML.zip"}, {"filename": "A10-11_01_GML.zip", "url": "https://nlftp.mlit.go.jp/ksj/gml/data/A10/A10-11/A10-11_01_GML.zip"}, {"filename": "A10-15_01_GML.zip", "url": "https://nlftp.mlit.go.jp/ksj/gml/data/A10/A10-15/A10-15_01_GML.zip"}, {"filename": "A10-06_02_GML.zip", "url": "https://nlftp.mlit.go.jp/ksj/gml/data/A10/A10-06/A10-06_02_GML.zip"}, {"filename": "A10-10_02_GML.zip", "url": "https://nlftp.mlit.go.jp/ksj/gml/data/A10/A10-10/A10-10_02_GML.zip"}, {"filename": "A10-11_02_GML.zip", "url": "https://nlftp.mlit.go.jp/ksj/gml/data/A10/A10-11/A10-11_02_GML.zip"}, {"filename": "A10-15_02_GML.zip", "url": "https://nlftp.mlit.go.jp/ksj/gml/data/A10/A10-15/A10-15_02_GML.zip"}, {"filename": "A10-06_03_GML.zip", "url": "https://nlftp.mlit.go.jp/ksj/gml/data/A10/A10-06/A10-06_03_GML.zip"}, {"filename": "A10-10_03_GML.zip", "url": "https://nlftp.mlit.go.jp/ksj/gml/data/A10/A10-10/A10-10_03_GML.zip"}, {"filename": "A10-11_03_GML.zip", "url": "https://nlftp.mlit.go.jp/ksj/gml/data/A10/A10-11/A10-11_03_GML.zip"}, {"filename": "A10-15_03_GML.zip", "url": "https://nlftp.mlit.go.jp/ksj/gml/data/A10/A10-15/A10-15_03_GML.zip"}, {"filename": "A10-06_04_GML.zip", "url": "https://nlftp.mlit.go.jp/ksj/gml/data/A10/A10-06/A10-06_04_GML.zip"}, {"filename": "A10-10_04_GML.zip", "url": "https://nlftp.mlit.go.jp/ksj/gml/data/A10/A10-10/A10-10_04_GML.zip"}, {"filename": "A10-11_04_GML.zip", "url": "https://nlftp.mlit.go.jp/ksj/gml/data/A10/A10-11/A10-11_04_GML.zip"}, {"filename": "A10-15_04_GML.zip", "url": "https://nlftp.mlit.go.jp/ksj/gml/data/A10/A10-15/A10-15_04_GML.zip"}, {"filename": "A10-06_05_GML.zip", "url": "https://nlftp.mlit.go.jp/ksj/gml/data/A10/A10-06/A10-06_05_GML.zip"}, {"filename": "A10-10_05_GML.zip", "url": "https://nlftp.mlit.go.jp/ksj/gml/data/A10/A10-10/A10-10_05_GML.zip"}, {"filename": "A10-11_05_GML.zip", "url": "https://nlftp.mlit.go.jp/ksj/gml/data/A10/A10-11/A10-11_05_GML.zip"}, {"filename": "A10-15_05_GML.zip", "url": "https://nlftp.mlit.go.jp/ksj/gml/data/A10/A10-15/A10-15_05_GML.zip"}, {"filename": "A10-06_06_GML.zip", "url": "https://nlftp.mlit.go.jp/ksj/gml/data/A10/A10-06/A10-06_06_GML.zip"}, {"filename": "A10-10_06_GML.zip", "url": "https://nlftp.mlit.go.jp/ksj/gml/data/A10/A10-10/A10-10_06_GML.zip"}, {"filename": "A10-11_06_GML.zip", "url": "https://nlftp.mlit.go.jp/ksj/gml/data/A10/A10-11/A10-11_06_GML.zip"}, {"filename": "A10-15_06_GML.zip", "url": "https://nlftp.mlit.go.jp/ksj/gml/data/A10/A10-15/A10-15_06_GML.zip"}, {"filename": "A10-06_07_GML.zip", "url": "https://nlftp.mlit.go.jp/ksj/gml/data/A10/A10-06/A10-06_07_GML.zip"}, {"filename": "A10-10_07_GML.zip", "url": "https://nlftp.mlit.go.jp/ksj/gml/data/A10/A10-10/A10-10_07_GML.zip"}, {"filename": "A10-11_07_GML.zip", "url": "https://nlftp.mlit.go.jp/ksj/gml/data/A10/A10-11/A10-11_07_GML.zip"}, {"filename": "A10-15_07_GML.zip", "url": "https://nlftp.mlit.go.jp/ksj/gml/data/A10/A10-15/A10-15_07_GML.zip"}, {"filename": "A10-06_08_GML.zip", "url": "https://nlftp.mlit.go.jp/ksj/gml/data/A10/A10-06/A10-06_08_GML.zip"}, {"filename": "A10-10_08_GML.zip", "url": "https://nlftp.mlit.go.jp/ksj/gml/data/A10/A10-10/A10-10_08_GML.zip"}, {"filename": "A10-11_08_GML.zip", "url": "https://nlftp.mlit.go.jp/ksj/gml/data/A10/A10-11/A10-11_08_GML.zip"}, {"filename": "A10-15_08_GML.zip", "url": "https://nlftp.mlit.go.jp/ksj/gml/data/A10/A10-15/A10-15_08_GML.zip"}, {"filename": "A10-06_09_GML.zip", "url": "https://nlftp.mlit.go.jp/ksj/gml/data/A10/A10-06/A10-06_09_GML.zip"}, {"filename": "A10-10_09_GML.zip", "url": "https://nlftp.mlit.go.jp/ksj/gml/data/A10/A10-10/A10-10_09_GML.zip"}, {"filename": "A10-11_09_GML.zip", "url": "https://nlftp.mlit.go.jp/ksj/gml/data/A10/A10-11/A10-11_09_GML.zip"}, {"filename": "A10-15_09_GML.zip", "url": "https://nlftp.mlit.go.jp/ksj/gml/data/A10/A10-15/A10-15_09_GML.zip"}, {"filename": "A10-06_10_GML.zip", "url": "https://nlftp.mlit.go.jp/ksj/gml/data/A10/A10-06/A10-06_10_GML.zip"}, {"filename": "A10-10_10_GML.zip", "url": "https://nlftp.mlit.go.jp/ksj/gml/data/A10/A10-10/A10-10_10_GML.zip"}, {"filename": "A10-11_10_GML.zip", "url": "https://nlftp.mlit.go.jp/ksj/gml/data/A10/A10-11/A10-11_10_GML.zip"}, {"filename": "A10-15_10_GML.zip", "url": "https://nlftp.mlit.go.jp/ksj/gml/data/A10/A10-15/A10-15_10_GML.zip"}, {"filename": "A10-06_11_GML.zip", "url": "https://nlftp.mlit.go.jp/ksj/gml/data/A10/A10-06/A10-06_11_GML.zip"}, {"filename": "A10-10_11_GML.zip", "url": "https://nlftp.mlit.go.jp/ksj/gml/data/A10/A10-10/A10-10_11_GML.zip"}, {"filename": "A10-11_11_GML.zip", "url": "https://nlftp.mlit.go.jp/ksj/gml/data/A10/A10-11/A10-11_11_GML.zip"}, {"filename": "A10-15_11_GML.zip", "url": "https://nlftp.mlit.go.jp/ksj/gml/data/A10/A10-15/A10-15_11_GML.zip"}, {"filename": "A10-06_12_GML.zip", "url": "https://nlftp.mlit.go.jp/ksj/gml/data/A10/A10-06/A10-06_12_GML.zip"}, {"filename": "A10-10_12_GML.zip", "url": "https://nlftp.mlit.go.jp/ksj/gml/data/A10/A10-10/A10-10_12_GML.zip"}, {"filename": "A10-11_12_GML.zip", "url": "https://nlftp.mlit.go.jp/ksj/gml/data/A10/A10-11/A10-11_12_GML.zip"}, {"filename": "A10-15_12_GML.zip", "url": "https://nlftp.mlit.go.jp/ksj/gml/data/A10/A10-15/A10-15_12_GML.zip"}, {"filename": "A10-06_13_GML.zip", "url": "https://nlftp.mlit.go.jp/ksj/gml/data/A10/A10-06/A10-06_13_GML.zip"}, {"filename": "A10-10_13_GML.zip", "url": "https://nlftp.mlit.go.jp/ksj/gml/data/A10/A10-10/A10-10_13_GML.zip"}, {"filename": "A10-11_13_GML.zip", "url": "https://nlftp.mlit.go.jp/ksj/gml/data/A10/A10-11/A10-11_13_GML.zip"}, {"filename": "A10-15_13_GML.zip", "url": "https://nlftp.mlit.go.jp/ksj/gml/data/A10/A10-15/A10-15_13_GML.zip"}, {"filename": "A10-06_14_GML.zip", "url": "https://nlftp.mlit.go.jp/ksj/gml/data/A10/A10-06/A10-06_14_GML.zip"}, {"filename": "A10-10_14_GML.zip", "url": "https://nlftp.mlit.go.jp/ksj/gml/data/A10/A10-10/A10-10_14_GML.zip"}, {"filename": "A10-11_14_GML.zip", "url": "https://nlftp.mlit.go.jp/ksj/gml/data/A10/A10-11/A10-11_14_GML.zip"}, {"filename": "A10-15_14_GML.zip", "url": "https://nlftp.mlit.go.jp/ksj/gml/data/A10/A10-15/A10-15_14_GML.zip"}, {"filename": "A10-06_15_GML.zip", "url": "https://nlftp.mlit.go.jp/ksj/gml/data/A10/A10-06/A10-06_15_GML.zip"}, {"filename": "A10-10_15_GML.zip", "url": "https://nlftp.mlit.go.jp/ksj/gml/data/A10/A10-10/A10-10_15_GML.zip"}, {"filename": "A10-11_15_GML.zip", "url": "https://nlftp.mlit.go.jp/ksj/gml/data/A10/A10-11/A10-11_15_GML.zip"}, {"filename": "A10-15_15_GML.zip", "url": "https://nlftp.mlit.go.jp/ksj/gml/data/A10/A10-15/A10-15_15_GML.zip"}, {"filename": "A10-06_16_GML.zip", "url": "https://nlftp.mlit.go.jp/ksj/gml/data/A10/A10-06/A10-06_16_GML.zip"}, {"filename": "A10-10_16_GML.zip", "url": "https://nlftp.mlit.go.jp/ksj/gml/data/A10/A10-10/A10-10_16_GML.zip"}, {"filename": "A10-11_16_GML.zip", "url": "https://nlftp.mlit.go.jp/ksj/gml/data/A10/A10-11/A10-11_16_GML.zip"}, {"filename": "A10-15_16_GML.zip", "url": "https://nlftp.mlit.go.jp/ksj/gml/data/A10/A10-15/A10-15_16_GML.zip"}, {"filename": "A10-06_17_GML.zip", "url": "https://nlftp.mlit.go.jp/ksj/gml/data/A10/A10-06/A10-06_17_GML.zip"}, {"filename": "A10-10_17_GML.zip", "url": "https://nlftp.mlit.go.jp/ksj/gml/data/A10/A10-10/A10-10_17_GML.zip"}, {"filename": "A10-11_17_GML.zip", "url": "https://nlftp.mlit.go.jp/ksj/gml/data/A10/A10-11/A10-11_17_GML.zip"}, {"filename": "A10-15_17_GML.zip", "url": "https://nlftp.mlit.go.jp/ksj/gml/data/A10/A10-15/A10-15_17_GML.zip"}, {"filename": "A10-06_18_GML.zip", "url": "https://nlftp.mlit.go.jp/ksj/gml/data/A10/A10-06/A10-06_18_GML.zip"}, {"filename": "A10-10_18_GML.zip", "url": "https://nlftp.mlit.go.jp/ksj/gml/data/A10/A10-10/A10-10_18_GML.zip"}, {"filename": "A10-11_18_GML.zip", "url": "https://nlftp.mlit.go.jp/ksj/gml/data/A10/A10-11/A10-11_18_GML.zip"}, {"filename": "A10-15_18_GML.zip", "url": "https://nlftp.mlit.go.jp/ksj/gml/data/A10/A10-15/A10-15_18_GML.zip"}, {"filename": "A10-06_19_GML.zip", "url": "https://nlftp.mlit.go.jp/ksj/gml/data/A10/A10-06/A10-06_19_GML.zip"}, {"filename": "A10-10_19_GML.zip", "url": "https://nlftp.mlit.go.jp/ksj/gml/data/A10/A10-10/A10-10_19_GML.zip"}, {"filename": "A10-11_19_GML.zip", "url": "https://nlftp.mlit.go.jp/ksj/gml/data/A10/A10-11/A10-11_19_GML.zip"}, {"filename": "A10-15_19_GML.zip", "url": "https://nlftp.mlit.go.jp/ksj/gml/data/A10/A10-15/A10-15_19_GML.zip"}, {"filename": "A10-06_20_GML.zip", "url": "https://nlftp.mlit.go.jp/ksj/gml/data/A10/A10-06/A10-06_20_GML.zip"}, {"filename": "A10-10_20_GML.zip", "url": "https://nlftp.mlit.go.jp/ksj/gml/data/A10/A10-10/A10-10_20_GML.zip"}, {"filename": "A10-11_20_GML.zip", "url": "https://nlftp.mlit.go.jp/ksj/gml/data/A10/A10-11/A10-11_20_GML.zip"}, {"filename": "A10-15_20_GML.zip", "url": "https://nlftp.mlit.go.jp/ksj/gml/data/A10/A10-15/A10-15_20_GML.zip"}, {"filename": "A10-06_21_GML.zip", "url": "https://nlftp.mlit.go.jp/ksj/gml/data/A10/A10-06/A10-06_21_GML.zip"}, {"filename": "A10-10_21_GML.zip", "url": "https://nlftp.mlit.go.jp/ksj/gml/data/A10/A10-10/A10-10_21_GML.zip"}, {"filename": "A10-11_21_GML.zip", "url": "https://nlftp.mlit.go.jp/ksj/gml/data/A10/A10-11/A10-11_21_GML.zip"}, {"filename": "A10-15_21_GML.zip", "url": "https://nlftp.mlit.go.jp/ksj/gml/data/A10/A10-15/A10-15_21_GML.zip"}, {"filename": "A10-06_22_GML.zip", "url": "https://nlftp.mlit.go.jp/ksj/gml/data/A10/A10-06/A10-06_22_GML.zip"}, {"filename": "A10-10_22_GML.zip", "url": "https://nlftp.mlit.go.jp/ksj/gml/data/A10/A10-10/A10-10_22_GML.zip"}, {"filename": "A10-11_22_GML.zip", "url": "https://nlftp.mlit.go.jp/ksj/gml/data/A10/A10-11/A10-11_22_GML.zip"}, {"filename": "A10-15_22_GML.zip", "url": "https://nlftp.mlit.go.jp/ksj/gml/data/A10/A10-15/A10-15_22_GML.zip"}, {"filename": "A10-06_23_GML.zip", "url": "https://nlftp.mlit.go.jp/ksj/gml/data/A10/A10-06/A10-06_23_GML.zip"}, {"filename": "A10-10_23_GML.zip", "url": "https://nlftp.mlit.go.jp/ksj/gml/data/A10/A10-10/A10-10_23_GML.zip"}, {"filename": "A10-11_23_GML.zip", "url": "https://nlftp.mlit.go.jp/ksj/gml/data/A10/A10-11/A10-11_23_GML.zip"}, {"filename": "A10-15_23_GML.zip", "url": "https://nlftp.mlit.go.jp/ksj/gml/data/A10/A10-15/A10-15_23_GML.zip"}, {"filename": "A10-06_24_GML.zip", "url": "https://nlftp.mlit.go.jp/ksj/gml/data/A10/A10-06/A10-06_24_GML.zip"}, {"filename": "A10-10_24_GML.zip", "url": "https://nlftp.mlit.go.jp/ksj/gml/data/A10/A10-10/A10-10_24_GML.zip"}, {"filename": "A10-11_24_GML.zip", "url": "https://nlftp.mlit.go.jp/ksj/gml/data/A10/A10-11/A10-11_24_GML.zip"}, {"filename": "A10-15_24_GML.zip", "url": "https://nlftp.mlit.go.jp/ksj/gml/data/A10/A10-15/A10-15_24_GML.zip"}, {"filename": "A10-06_25_GML.zip", "url": "https://nlftp.mlit.go.jp/ksj/gml/data/A10/A10-06/A10-06_25_GML.zip"}, {"filename": "A10-10_25_GML.zip", "url": "https://nlftp.mlit.go.jp/ksj/gml/data/A10/A10-10/A10-10_25_GML.zip"}, {"filename": "A10-11_25_GML.zip", "url": "https://nlftp.mlit.go.jp/ksj/gml/data/A10/A10-11/A10-11_25_GML.zip"}, {"filename": "A10-15_25_GML.zip", "url": "https://nlftp.mlit.go.jp/ksj/gml/data/A10/A10-15/A10-15_25_GML.zip"}, {"filename": "A10-06_26_GML.zip", "url": "https://nlftp.mlit.go.jp/ksj/gml/data/A10/A10-06/A10-06_26_GML.zip"}, {"filename": "A10-10_26_GML.zip", "url": "https://nlftp.mlit.go.jp/ksj/gml/data/A10/A10-10/A10-10_26_GML.zip"}, {"filename": "A10-11_26_GML.zip", "url": "https://nlftp.mlit.go.jp/ksj/gml/data/A10/A10-11/A10-11_26_GML.zip"}, {"filename": "A10-15_26_GML.zip", "url": "https://nlftp.mlit.go.jp/ksj/gml/data/A10/A10-15/A10-15_26_GML.zip"}, {"filename": "A10-06_27_GML.zip", "url": "https://nlftp.mlit.go.jp/ksj/gml/data/A10/A10-06/A10-06_27_GML.zip"}, {"filename": "A10-10_27_GML.zip", "url": "https://nlftp.mlit.go.jp/ksj/gml/data/A10/A10-10/A10-10_27_GML.zip"}, {"filename": "A10-11_27_GML.zip", "url": "https://nlftp.mlit.go.jp/ksj/gml/data/A10/A10-11/A10-11_27_GML.zip"}, {"filename": "A10-15_27_GML.zip", "url": "https://nlftp.mlit.go.jp/ksj/gml/data/A10/A10-15/A10-15_27_GML.zip"}, {"filename": "A10-06_28_GML.zip", "url": "https://nlftp.mlit.go.jp/ksj/gml/data/A10/A10-06/A10-06_28_GML.zip"}, {"filename": "A10-10_28_GML.zip", "url": "https://nlftp.mlit.go.jp/ksj/gml/data/A10/A10-10/A10-10_28_GML.zip"}, {"filename": "A10-11_28_GML.zip", "url": "https://nlftp.mlit.go.jp/ksj/gml/data/A10/A10-11/A10-11_28_GML.zip"}, {"filename": "A10-15_28_GML.zip", "url": "https://nlftp.mlit.go.jp/ksj/gml/data/A10/A10-15/A10-15_28_GML.zip"}, {"filename": "A10-06_29_GML.zip", "url": "https://nlftp.mlit.go.jp/ksj/gml/data/A10/A10-06/A10-06_29_GML.zip"}, {"filename": "A10-10_29_GML.zip", "url": "https://nlftp.mlit.go.jp/ksj/gml/data/A10/A10-10/A10-10_29_GML.zip"}, {"filename": "A10-11_29_GML.zip", "url": "https://nlftp.mlit.go.jp/ksj/gml/data/A10/A10-11/A10-11_29_GML.zip"}, {"filename": "A10-15_29_GML.zip", "url": "https://nlftp.mlit.go.jp/ksj/gml/data/A10/A10-15/A10-15_29_GML.zip"}, {"filename": "A10-06_30_GML.zip", "url": "https://nlftp.mlit.go.jp/ksj/gml/data/A10/A10-06/A10-06_30_GML.zip"}, {"filename": "A10-10_30_GML.zip", "url": "https://nlftp.mlit.go.jp/ksj/gml/data/A10/A10-10/A10-10_30_GML.zip"}, {"filename": "A10-11_30_GML.zip", "url": "https://nlftp.mlit.go.jp/ksj/gml/data/A10/A10-11/A10-11_30_GML.zip"}, {"filename": "A10-15_30_GML.zip", "url": "https://nlftp.mlit.go.jp/ksj/gml/data/A10/A10-15/A10-15_30_GML.zip"}, {"filename": "A10-06_31_GML.zip", "url": "https://nlftp.mlit.go.jp/ksj/gml/data/A10/A10-06/A10-06_31_GML.zip"}, {"filename": "A10-10_31_GML.zip", "url": "https://nlftp.mlit.go.jp/ksj/gml/data/A10/A10-10/A10-10_31_GML.zip"}, {"filename": "A10-11_31_GML.zip", "url": "https://nlftp.mlit.go.jp/ksj/gml/data/A10/A10-11/A10-11_31_GML.zip"}, {"filename": "A10-15_31_GML.zip", "url": "https://nlftp.mlit.go.jp/ksj/gml/data/A10/A10-15/A10-15_31_GML.zip"}, {"filename": "A10-06_32_GML.zip", "url": "https://nlftp.mlit.go.jp/ksj/gml/data/A10/A10-06/A10-06_32_GML.zip"}, {"filename": "A10-10_32_GML.zip", "url": "https://nlftp.mlit.go.jp/ksj/gml/data/A10/A10-10/A10-10_32_GML.zip"}, {"filename": "A10-11_32_GML.zip", "url": "https://nlftp.mlit.go.jp/ksj/gml/data/A10/A10-11/A10-11_32_GML.zip"}, {"filename": "A10-15_32_GML.zip", "url": "https://nlftp.mlit.go.jp/ksj/gml/data/A10/A10-15/A10-15_32_GML.zip"}, {"filename": "A10-06_33_GML.zip", "url": "https://nlftp.mlit.go.jp/ksj/gml/data/A10/A10-06/A10-06_33_GML.zip"}, {"filename": "A10-10_33_GML.zip", "url": "https://nlftp.mlit.go.jp/ksj/gml/data/A10/A10-10/A10-10_33_GML.zip"}, {"filename": "A10-11_33_GML.zip", "url": "https://nlftp.mlit.go.jp/ksj/gml/data/A10/A10-11/A10-11_33_GML.zip"}, {"filename": "A10-15_33_GML.zip", "url": "https://nlftp.mlit.go.jp/ksj/gml/data/A10/A10-15/A10-15_33_GML.zip"}, {"filename": "A10-06_34_GML.zip", "url": "https://nlftp.mlit.go.jp/ksj/gml/data/A10/A10-06/A10-06_34_GML.zip"}, {"filename": "A10-10_34_GML.zip", "url": "https://nlftp.mlit.go.jp/ksj/gml/data/A10/A10-10/A10-10_34_GML.zip"}, {"filename": "A10-11_34_GML.zip", "url": "https://nlftp.mlit.go.jp/ksj/gml/data/A10/A10-11/A10-11_34_GML.zip"}, {"filename": "A10-15_34_GML.zip", "url": "https://nlftp.mlit.go.jp/ksj/gml/data/A10/A10-15/A10-15_34_GML.zip"}, {"filename": "A10-06_35_GML.zip", "url": "https://nlftp.mlit.go.jp/ksj/gml/data/A10/A10-06/A10-06_35_GML.zip"}, {"filename": "A10-10_35_GML.zip", "url": "https://nlftp.mlit.go.jp/ksj/gml/data/A10/A10-10/A10-10_35_GML.zip"}, {"filename": "A10-11_35_GML.zip", "url": "https://nlftp.mlit.go.jp/ksj/gml/data/A10/A10-11/A10-11_35_GML.zip"}, {"filename": "A10-15_35_GML.zip", "url": "https://nlftp.mlit.go.jp/ksj/gml/data/A10/A10-15/A10-15_35_GML.zip"}, {"filename": "A10-06_36_GML.zip", "url": "https://nlftp.mlit.go.jp/ksj/gml/data/A10/A10-06/A10-06_36_GML.zip"}, {"filename": "A10-10_36_GML.zip", "url": "https://nlftp.mlit.go.jp/ksj/gml/data/A10/A10-10/A10-10_36_GML.zip"}, {"filename": "A10-11_36_GML.zip", "url": "https://nlftp.mlit.go.jp/ksj/gml/data/A10/A10-11/A10-11_36_GML.zip"}, {"filename": "A10-15_36_GML.zip", "url": "https://nlftp.mlit.go.jp/ksj/gml/data/A10/A10-15/A10-15_36_GML.zip"}, {"filename": "A10-06_37_GML.zip", "url": "https://nlftp.mlit.go.jp/ksj/gml/data/A10/A10-06/A10-06_37_GML.zip"}, {"filename": "A10-10_37_GML.zip", "url": "https://nlftp.mlit.go.jp/ksj/gml/data/A10/A10-10/A10-10_37_GML.zip"}, {"filename": "A10-11_37_GML.zip", "url": "https://nlftp.mlit.go.jp/ksj/gml/data/A10/A10-11/A10-11_37_GML.zip"}, {"filename": "A10-15_37_GML.zip", "url": "https://nlftp.mlit.go.jp/ksj/gml/data/A10/A10-15/A10-15_37_GML.zip"}, {"filename": "A10-06_38_GML.zip", "url": "https://nlftp.mlit.go.jp/ksj/gml/data/A10/A10-06/A10-06_38_GML.zip"}, {"filename": "A10-10_38_GML.zip", "url": "https://nlftp.mlit.go.jp/ksj/gml/data/A10/A10-10/A10-10_38_GML.zip"}, {"filename": "A10-11_38_GML.zip", "url": "https://nlftp.mlit.go.jp/ksj/gml/data/A10/A10-11/A10-11_38_GML.zip"}, {"filename": "A10-15_38_GML.zip", "url": "https://nlftp.mlit.go.jp/ksj/gml/data/A10/A10-15/A10-15_38_GML.zip"}, {"filename": "A10-06_39_GML.zip", "url": "https://nlftp.mlit.go.jp/ksj/gml/data/A10/A10-06/A10-06_39_GML.zip"}, {"filename": "A10-10_39_GML.zip", "url": "https://nlftp.mlit.go.jp/ksj/gml/data/A10/A10-10/A10-10_39_GML.zip"}, {"filename": "A10-11_39_GML.zip", "url": "https://nlftp.mlit.go.jp/ksj/gml/data/A10/A10-11/A10-11_39_GML.zip"}, {"filename": "A10-15_39_GML.zip", "url": "https://nlftp.mlit.go.jp/ksj/gml/data/A10/A10-15/A10-15_39_GML.zip"}, {"filename": "A10-06_40_GML.zip", "url": "https://nlftp.mlit.go.jp/ksj/gml/data/A10/A10-06/A10-06_40_GML.zip"}, {"filename": "A10-10_40_GML.zip", "url": "https://nlftp.mlit.go.jp/ksj/gml/data/A10/A10-10/A10-10_40_GML.zip"}, {"filename": "A10-11_40_GML.zip", "url": "https://nlftp.mlit.go.jp/ksj/gml/data/A10/A10-11/A10-11_40_GML.zip"}, {"filename": "A10-15_40_GML.zip", "url": "https://nlftp.mlit.go.jp/ksj/gml/data/A10/A10-15/A10-15_40_GML.zip"}, {"filename": "A10-06_41_GML.zip", "url": "https://nlftp.mlit.go.jp/ksj/gml/data/A10/A10-06/A10-06_41_GML.zip"}, {"filename": "A10-10_41_GML.zip", "url": "https://nlftp.mlit.go.jp/ksj/gml/data/A10/A10-10/A10-10_41_GML.zip"}, {"filename": "A10-11_41_GML.zip", "url": "https://nlftp.mlit.go.jp/ksj/gml/data/A10/A10-11/A10-11_41_GML.zip"}, {"filename": "A10-15_41_GML.zip", "url": "https://nlftp.mlit.go.jp/ksj/gml/data/A10/A10-15/A10-15_41_GML.zip"}, {"filename": "A10-06_42_GML.zip", "url": "https://nlftp.mlit.go.jp/ksj/gml/data/A10/A10-06/A10-06_42_GML.zip"}, {"filename": "A10-10_42_GML.zip", "url": "https://nlftp.mlit.go.jp/ksj/gml/data/A10/A10-10/A10-10_42_GML.zip"}, {"filename": "A10-11_42_GML.zip", "url": "https://nlftp.mlit.go.jp/ksj/gml/data/A10/A10-11/A10-11_42_GML.zip"}, {"filename": "A10-15_42_GML.zip", "url": "https://nlftp.mlit.go.jp/ksj/gml/data/A10/A10-15/A10-15_42_GML.zip"}, {"filename": "A10-06_43_GML.zip", "url": "https://nlftp.mlit.go.jp/ksj/gml/data/A10/A10-06/A10-06_43_GML.zip"}, {"filename": "A10-10_43_GML.zip", "url": "https://nlftp.mlit.go.jp/ksj/gml/data/A10/A10-10/A10-10_43_GML.zip"}, {"filename": "A10-11_43_GML.zip", "url": "https://nlftp.mlit.go.jp/ksj/gml/data/A10/A10-11/A10-11_43_GML.zip"}, {"filename": "A10-15_43_GML.zip", "url": "https://nlftp.mlit.go.jp/ksj/gml/data/A10/A10-15/A10-15_43_GML.zip"}, {"filename": "A10-06_44_GML.zip", "url": "https://nlftp.mlit.go.jp/ksj/gml/data/A10/A10-06/A10-06_44_GML.zip"}, {"filename": "A10-10_44_GML.zip", "url": "https://nlftp.mlit.go.jp/ksj/gml/data/A10/A10-10/A10-10_44_GML.zip"}, {"filename": "A10-11_44_GML.zip", "url": "https://nlftp.mlit.go.jp/ksj/gml/data/A10/A10-11/A10-11_44_GML.zip"}, {"filename": "A10-15_44_GML.zip", "url": "https://nlftp.mlit.go.jp/ksj/gml/data/A10/A10-15/A10-15_44_GML.zip"}, {"filename": "A10-06_45_GML.zip", "url": "https://nlftp.mlit.go.jp/ksj/gml/data/A10/A10-06/A10-06_45_GML.zip"}, {"filename": "A10-10_45_GML.zip", "url": "https://nlftp.mlit.go.jp/ksj/gml/data/A10/A10-10/A10-10_45_GML.zip"}, {"filename": "A10-11_45_GML.zip", "url": "https://nlftp.mlit.go.jp/ksj/gml/data/A10/A10-11/A10-11_45_GML.zip"}, {"filename": "A10-15_45_GML.zip", "url": "https://nlftp.mlit.go.jp/ksj/gml/data/A10/A10-15/A10-15_45_GML.zip"}, {"filename": "A10-06_46_GML.zip", "url": "https://nlftp.mlit.go.jp/ksj/gml/data/A10/A10-06/A10-06_46_GML.zip"}, {"filename": "A10-10_46_GML.zip", "url": "https://nlftp.mlit.go.jp/ksj/gml/data/A10/A10-10/A10-10_46_GML.zip"}, {"filename": "A10-11_46_GML.zip", "url": "https://nlftp.mlit.go.jp/ksj/gml/data/A10/A10-11/A10-11_46_GML.zip"}, {"filename": "A10-15_46_GML.zip", "url": "https://nlftp.mlit.go.jp/ksj/gml/data/A10/A10-15/A10-15_46_GML.zip"}, {"filename": "A10-06_47_GML.zip", "url": "https://nlftp.mlit.go.jp/ksj/gml/data/A10/A10-06/A10-06_47_GML.zip"}, {"filename": "A10-10_47_GML.zip", "url": "https://nlftp.mlit.go.jp/ksj/gml/data/A10/A10-10/A10-10_47_GML.zip"}, {"filename": "A10-11_47_GML.zip", "url": "https://nlftp.mlit.go.jp/ksj/gml/data/A10/A10-11/A10-11_47_GML.zip"}, {"filename": "A10-15_47_GML.zip", "url": "https://nlftp.mlit.go.jp/ksj/gml/data/A10/A10-15/A10-15_47_GML.zip"}, {"filename": "A10-10_GML.zip", "url": "https://nlftp.mlit.go.jp/ksj/gml/data/A10/A10-10/A10-10_GML.zip"}]