北海道,世界測地系,2006年（平成18年）,0.09MB,A11-06_01_GML.zip
北海道,世界測地系,2011年（平成23年）,0.16MB,A11-11_01_GML.zip
北海道,世界測地系,2015年（平成27年）,0.20MB,A11-15_01_GML.zip
青森,世界測地系,2006年（平成18年）,0.05MB,A11-06_02_GML.zip
青森,世界測地系,2011年（平成23年）,0.07MB,A11-11_02_GML.zip
青森,世界測地系,2015年（平成27年）,0.07MB,A11-15_02_GML.zip
岩手,世界測地系,2006年（平成18年）,0.19MB,A11-06_03_GML.zip
岩手,世界測地系,2011年（平成23年）,0.08MB,A11-11_03_GML.zip
岩手,世界測地系,2015年（平成27年）,0.09MB,A11-15_03_GML.zip
宮城,世界測地系,2006年（平成18年）,0.09MB,A11-06_04_GML.zip
宮城,世界測地系,2011年（平成23年）,0.09MB,A11-11_04_GML.zip
宮城,世界測地系,2015年（平成27年）,0.11MB,A11-15_04_GML.zip
秋田,世界測地系,2006年（平成18年）,0.07MB,A11-06_05_GML.zip
秋田,世界測地系,2011年（平成23年）,0.07MB,A11-11_05_GML.zip
秋田,世界測地系,2015年（平成27年）,0.05MB,A11-15_05_GML.zip
山形,世界測地系,2006年（平成18年）,0.03MB,A11-06_06_GML.zip
山形,世界測地系,2011年（平成23年）,0.04MB,A11-11_06_GML.zip
山形,世界測地系,2015年（平成27年）,0.04MB,A11-15_06_GML.zip
福島,世界測地系,2006年（平成18年）,0.11MB,A11-06_07_GML.zip
福島,世界測地系,2011年（平成23年）,0.10MB,A11-11_07_GML.zip
福島,世界測地系,2015年（平成27年）,0.10MB,A11-15_07_GML.zip
茨城,世界測地系,2006年（平成18年）,0.04MB,A11-06_08_GML.zip
茨城,世界測地系,2011年（平成23年）,0.05MB,A11-11_08_GML.zip
茨城,世界測地系,2015年（平成27年）,0.05MB,A11-15_08_GML.zip
栃木,世界測地系,2006年（平成18年）,0.07MB,A11-06_09_GML.zip
栃木,世界測地系,2011年（平成23年）,0.07MB,A11-11_09_GML.zip
栃木,世界測地系,2015年（平成27年）,0.08MB,A11-15_09_GML.zip
群馬,世界測地系,2006年（平成18年）,0.12MB,A11-06_10_GML.zip
群馬,世界測地系,2011年（平成23年）,0.13MB,A11-11_10_GML.zip
群馬,世界測地系,2015年（平成27年）,0.14MB,A11-15_10_GML.zip
埼玉,世界測地系,2006年（平成18年）,0.01MB,A11-06_11_GML.zip
埼玉,世界測地系,2011年（平成23年）,0.02MB,A11-11_11_GML.zip
埼玉,世界測地系,2015年（平成27年）,0.02MB,A11-15_11_GML.zip
千葉,世界測地系,2006年（平成18年）,0.05MB,A11-06_12_GML.zip
千葉,世界測地系,2011年（平成23年）,0.06MB,A11-11_12_GML.zip
千葉,世界測地系,2015年（平成27年）,0.06MB,A11-15_12_GML.zip
東京,世界測地系,2006年（平成18年）,0.03MB,A11-06_13_GML.zip
東京,世界測地系,2011年（平成23年）,0.04MB,A11-11_13_GML.zip
東京,世界測地系,2015年（平成27年）,0.07MB,A11-15_13_GML.zip
神奈川,世界測地系,2006年（平成18年）,0.22MB,A11-06_14_GML.zip
神奈川,世界測地系,2011年（平成23年）,0.19MB,A11-11_14_GML.zip
神奈川,世界測地系,2015年（平成27年）,0.19MB,A11-15_14_GML.zip
新潟,世界測地系,2006年（平成18年）,0.05MB,A11-06_15_GML.zip
新潟,世界測地系,2011年（平成23年）,0.06MB,A11-11_15_GML.zip
新潟,世界測地系,2015年（平成27年）,0.06MB,A11-15_15_GML.zip
富山,世界測地系,2006年（平成18年）,0.02MB,A11-06_16_GML.zip
富山,世界測地系,2011年（平成23年）,0.02MB,A11-11_16_GML.zip
富山,世界測地系,2015年（平成27年）,0.03MB,A11-15_16_GML.zip
石川,世界測地系,2006年（平成18年）,0.02MB,A11-06_17_GML.zip
石川,世界測地系,2011年（平成23年）,0.03MB,A11-11_17_GML.zip
石川,世界測地系,2015年（平成27年）,0.03MB,A11-15_17_GML.zip
福井,世界測地系,2006年（平成18年）,0.01MB,A11-06_18_GML.zip
福井,世界測地系,2011年（平成23年）,0.01MB,A11-11_18_GML.zip
福井,世界測地系,2015年（平成27年）,0.02MB,A11-15_18_GML.zip
山梨,世界測地系,2006年（平成18年）,0.04MB,A11-06_19_GML.zip
山梨,世界測地系,2011年（平成23年）,0.05MB,A11-11_19_GML.zip
山梨,世界測地系,2015年（平成27年）,0.05MB,A11-15_19_GML.zip
長野,世界測地系,2006年（平成18年）,0.02MB,A11-06_20_GML.zip
長野,世界測地系,2011年（平成23年）,0.02MB,A11-11_20_GML.zip
長野,世界測地系,2015年（平成27年）,0.03MB,A11-15_20_GML.zip
岐阜,世界測地系,2006年（平成18年）,0.06MB,A11-06_21_GML.zip
岐阜,世界測地系,2011年（平成23年）,0.08MB,A11-11_21_GML.zip
岐阜,世界測地系,2015年（平成27年）,0.08MB,A11-15_21_GML.zip
静岡,世界測地系,2006年（平成18年）,0.14MB,A11-06_22_GML.zip
静岡,世界測地系,2011年（平成23年）,0.14MB,A11-11_22_GML.zip
静岡,世界測地系,2015年（平成27年）,0.14MB,A11-15_22_GML.zip
愛知,世界測地系,2006年（平成18年）,0.01MB,A11-06_23_GML.zip
愛知,世界測地系,2011年（平成23年）,0.02MB,A11-11_23_GML.zip
愛知,世界測地系,2015年（平成27年）,0.02MB,A11-15_23_GML.zip
三重,世界測地系,2006年（平成18年）,0.02MB,A11-06_24_GML.zip
三重,世界測地系,2011年（平成23年）,0.03MB,A11-11_24_GML.zip
三重,世界測地系,2015年（平成27年）,0.15MB,A11-15_24_GML.zip
滋賀,世界測地系,2011年（平成23年）,0.01MB,A11-11_25_GML.zip
滋賀,世界測地系,2015年（平成27年）,0.01MB,A11-15_25_GML.zip
京都,世界測地系,2006年（平成18年）,0.01MB,A11-06_26_GML.zip
京都,世界測地系,2011年（平成23年）,0.01MB,A11-11_26_GML.zip
京都,世界測地系,2015年（平成27年）,0.01MB,A11-15_26_GML.zip
大阪,世界測地系,2006年（平成18年）,0.01MB,A11-06_27_GML.zip
大阪,世界測地系,2011年（平成23年）,0.01MB,A11-11_27_GML.zip
大阪,世界測地系,2015年（平成27年）,0.01MB,A11-15_27_GML.zip
兵庫,世界測地系,2006年（平成18年）,0.03MB,A11-06_28_GML.zip
兵庫,世界測地系,2011年（平成23年）,0.03MB,A11-11_28_GML.zip
兵庫,世界測地系,2015年（平成27年）,0.03MB,A11-15_28_GML.zip
奈良,世界測地系,2006年（平成18年）,0.01MB,A11-06_29_GML.zip
奈良,世界測地系,2011年（平成23年）,0.01MB,A11-11_29_GML.zip
奈良,世界測地系,2015年（平成27年）,0.01MB,A11-15_29_GML.zip
和歌山,世界測地系,2006年（平成18年）,0.03MB,A11-06_30_GML.zip
和歌山,世界測地系,2011年（平成23年）,0.03MB,A11-11_30_GML.zip
和歌山,世界測地系,2015年（平成27年）,0.04MB,A11-15_30_GML.zip
鳥取,世界測地系,2006年（平成18年）,0.02MB,A11-06_31_GML.zip
鳥取,世界測地系,2011年（平成23年）,0.02MB,A11-11_31_GML.zip
鳥取,世界測地系,2015年（平成27年）,0.03MB,A11-15_31_GML.zip
島根,世界測地系,2006年（平成18年）,0.02MB,A11-06_32_GML.zip
島根,世界測地系,2011年（平成23年）,0.01MB,A11-11_32_GML.zip
島根,世界測地系,2015年（平成27年）,0.01MB,A11-15_32_GML.zip
岡山,世界測地系,2006年（平成18年）,0.02MB,A11-06_33_GML.zip
岡山,世界測地系,2011年（平成23年）,0.02MB,A11-11_33_GML.zip
岡山,世界測地系,2015年（平成27年）,0.02MB,A11-15_33_GML.zip
広島,世界測地系,2006年（平成18年）,0.10MB,A11-06_34_GML.zip
広島,世界測地系,2011年（平成23年）,0.10MB,A11-11_34_GML.zip
広島,世界測地系,2015年（平成27年）,0.10MB,A11-15_34_GML.zip
山口,世界測地系,2011年（平成23年）,0.00MB,A11-11_35_GML.zip
山口,世界測地系,2015年（平成27年）,0.01MB,A11-15_35_GML.zip
徳島,世界測地系,2006年（平成18年）,0.01MB,A11-06_36_GML.zip
徳島,世界測地系,2011年（平成23年）,0.01MB,A11-11_36_GML.zip
徳島,世界測地系,2015年（平成27年）,0.01MB,A11-15_36_GML.zip
香川,世界測地系,2006年（平成18年）,0.01MB,A11-06_37_GML.zip
香川,世界測地系,2011年（平成23年）,0.01MB,A11-11_37_GML.zip
香川,世界測地系,2015年（平成27年）,0.02MB,A11-15_37_GML.zip
愛媛,世界測地系,2006年（平成18年）,0.03MB,A11-06_38_GML.zip
愛媛,世界測地系,2011年（平成23年）,0.04MB,A11-11_38_GML.zip
愛媛,世界測地系,2015年（平成27年）,0.04MB,A11-15_38_GML.zip
高知,世界測地系,2006年（平成18年）,0.02MB,A11-06_39_GML.zip
高知,世界測地系,2011年（平成23年）,0.03MB,A11-11_39_GML.zip
高知,世界測地系,2015年（平成27年）,0.03MB,A11-15_39_GML.zip
福岡,世界測地系,2006年（平成18年）,0.01MB,A11-06_40_GML.zip
福岡,世界測地系,2011年（平成23年）,0.01MB,A11-11_40_GML.zip
福岡,世界測地系,2015年（平成27年）,0.06MB,A11-15_40_GML.zip
佐賀,世界測地系,2006年（平成18年）,0.01MB,A11-06_41_GML.zip
佐賀,世界測地系,2011年（平成23年）,0.01MB,A11-11_41_GML.zip
佐賀,世界測地系,2015年（平成27年）,0.01MB,A11-15_41_GML.zip
長崎,世界測地系,2006年（平成18年）,0.04MB,A11-06_42_GML.zip
長崎,世界測地系,2011年（平成23年）,0.05MB,A11-11_42_GML.zip
長崎,世界測地系,2015年（平成27年）,0.13MB,A11-15_42_GML.zip
熊本,世界測地系,2006年（平成18年）,0.02MB,A11-06_43_GML.zip
熊本,世界測地系,2011年（平成23年）,0.02MB,A11-11_43_GML.zip
熊本,世界測地系,2015年（平成27年）,0.03MB,A11-15_43_GML.zip
大分,世界測地系,2006年（平成18年）,0.01MB,A11-06_44_GML.zip
大分,世界測地系,2011年（平成23年）,0.01MB,A11-11_44_GML.zip
大分,世界測地系,2015年（平成27年）,0.01MB,A11-15_44_GML.zip
宮崎,世界測地系,2006年（平成18年）,0.01MB,A11-06_45_GML.zip
宮崎,世界測地系,2011年（平成23年）,0.01MB,A11-11_45_GML.zip
宮崎,世界測地系,2015年（平成27年）,0.01MB,A11-15_45_GML.zip
鹿児島,世界測地系,2006年（平成18年）,0.02MB,A11-06_46_GML.zip
鹿児島,世界測地系,2011年（平成23年）,0.03MB,A11-11_46_GML.zip
鹿児島,世界測地系,2015年（平成27年）,0.03MB,A11-15_46_GML.zip
沖縄,世界測地系,2006年（平成18年）,0.07MB,A11-06_47_GML.zip
沖縄,世界測地系,2011年（平成23年）,0.09MB,A11-11_47_GML.zip
沖縄,世界測地系,2015年（平成27年）,0.14MB,A11-15_47_GML.zip