[{"filename": "A12-06_01_GML.zip", "url": "https://nlftp.mlit.go.jp/ksj/gml/data/A12/A12-06/A12-06_01_GML.zip"}, {"filename": "A12-11_01_GML.zip", "url": "https://nlftp.mlit.go.jp/ksj/gml/data/A12/A12-11/A12-11_01_GML.zip"}, {"filename": "A12-15_01_GML.zip", "url": "https://nlftp.mlit.go.jp/ksj/gml/data/A12/A12-15/A12-15_01_GML.zip"}, {"filename": "A12-06_02_GML.zip", "url": "https://nlftp.mlit.go.jp/ksj/gml/data/A12/A12-06/A12-06_02_GML.zip"}, {"filename": "A12-11_02_GML.zip", "url": "https://nlftp.mlit.go.jp/ksj/gml/data/A12/A12-11/A12-11_02_GML.zip"}, {"filename": "A12-15_02_GML.zip", "url": "https://nlftp.mlit.go.jp/ksj/gml/data/A12/A12-15/A12-15_02_GML.zip"}, {"filename": "A12-06_03_GML.zip", "url": "https://nlftp.mlit.go.jp/ksj/gml/data/A12/A12-06/A12-06_03_GML.zip"}, {"filename": "A12-11_03_GML.zip", "url": "https://nlftp.mlit.go.jp/ksj/gml/data/A12/A12-11/A12-11_03_GML.zip"}, {"filename": "A12-15_03_GML.zip", "url": "https://nlftp.mlit.go.jp/ksj/gml/data/A12/A12-15/A12-15_03_GML.zip"}, {"filename": "A12-06_04_GML.zip", "url": "https://nlftp.mlit.go.jp/ksj/gml/data/A12/A12-06/A12-06_04_GML.zip"}, {"filename": "A12-11_04_GML.zip", "url": "https://nlftp.mlit.go.jp/ksj/gml/data/A12/A12-11/A12-11_04_GML.zip"}, {"filename": "A12-15_04_GML.zip", "url": "https://nlftp.mlit.go.jp/ksj/gml/data/A12/A12-15/A12-15_04_GML.zip"}, {"filename": "A12-06_05_GML.zip", "url": "https://nlftp.mlit.go.jp/ksj/gml/data/A12/A12-06/A12-06_05_GML.zip"}, {"filename": "A12-11_05_GML.zip", "url": "https://nlftp.mlit.go.jp/ksj/gml/data/A12/A12-11/A12-11_05_GML.zip"}, {"filename": "A12-15_05_GML.zip", "url": "https://nlftp.mlit.go.jp/ksj/gml/data/A12/A12-15/A12-15_05_GML.zip"}, {"filename": "A12-06_06_GML.zip", "url": "https://nlftp.mlit.go.jp/ksj/gml/data/A12/A12-06/A12-06_06_GML.zip"}, {"filename": "A12-11_06_GML.zip", "url": "https://nlftp.mlit.go.jp/ksj/gml/data/A12/A12-11/A12-11_06_GML.zip"}, {"filename": "A12-15_06_GML.zip", "url": "https://nlftp.mlit.go.jp/ksj/gml/data/A12/A12-15/A12-15_06_GML.zip"}, {"filename": "A12-06_07_GML.zip", "url": "https://nlftp.mlit.go.jp/ksj/gml/data/A12/A12-06/A12-06_07_GML.zip"}, {"filename": "A12-11_07_GML.zip", "url": "https://nlftp.mlit.go.jp/ksj/gml/data/A12/A12-11/A12-11_07_GML.zip"}, {"filename": "A12-15_07_GML.zip", "url": "https://nlftp.mlit.go.jp/ksj/gml/data/A12/A12-15/A12-15_07_GML.zip"}, {"filename": "A12-06_08_GML.zip", "url": "https://nlftp.mlit.go.jp/ksj/gml/data/A12/A12-06/A12-06_08_GML.zip"}, {"filename": "A12-11_08_GML.zip", "url": "https://nlftp.mlit.go.jp/ksj/gml/data/A12/A12-11/A12-11_08_GML.zip"}, {"filename": "A12-15_08_GML.zip", "url": "https://nlftp.mlit.go.jp/ksj/gml/data/A12/A12-15/A12-15_08_GML.zip"}, {"filename": "A12-06_09_GML.zip", "url": "https://nlftp.mlit.go.jp/ksj/gml/data/A12/A12-06/A12-06_09_GML.zip"}, {"filename": "A12-11_09_GML.zip", "url": "https://nlftp.mlit.go.jp/ksj/gml/data/A12/A12-11/A12-11_09_GML.zip"}, {"filename": "A12-15_09_GML.zip", "url": "https://nlftp.mlit.go.jp/ksj/gml/data/A12/A12-15/A12-15_09_GML.zip"}, {"filename": "A12-06_10_GML.zip", "url": "https://nlftp.mlit.go.jp/ksj/gml/data/A12/A12-06/A12-06_10_GML.zip"}, {"filename": "A12-11_10_GML.zip", "url": "https://nlftp.mlit.go.jp/ksj/gml/data/A12/A12-11/A12-11_10_GML.zip"}, {"filename": "A12-15_10_GML.zip", "url": "https://nlftp.mlit.go.jp/ksj/gml/data/A12/A12-15/A12-15_10_GML.zip"}, {"filename": "A12-06_11_GML.zip", "url": "https://nlftp.mlit.go.jp/ksj/gml/data/A12/A12-06/A12-06_11_GML.zip"}, {"filename": "A12-11_11_GML.zip", "url": "https://nlftp.mlit.go.jp/ksj/gml/data/A12/A12-11/A12-11_11_GML.zip"}, {"filename": "A12-15_11_GML.zip", "url": "https://nlftp.mlit.go.jp/ksj/gml/data/A12/A12-15/A12-15_11_GML.zip"}, {"filename": "A12-06_12_GML.zip", "url": "https://nlftp.mlit.go.jp/ksj/gml/data/A12/A12-06/A12-06_12_GML.zip"}, {"filename": "A12-11_12_GML.zip", "url": "https://nlftp.mlit.go.jp/ksj/gml/data/A12/A12-11/A12-11_12_GML.zip"}, {"filename": "A12-15_12_GML.zip", "url": "https://nlftp.mlit.go.jp/ksj/gml/data/A12/A12-15/A12-15_12_GML.zip"}, {"filename": "A12-06_13_GML.zip", "url": "https://nlftp.mlit.go.jp/ksj/gml/data/A12/A12-06/A12-06_13_GML.zip"}, {"filename": "A12-11_13_GML.zip", "url": "https://nlftp.mlit.go.jp/ksj/gml/data/A12/A12-11/A12-11_13_GML.zip"}, {"filename": "A12-15_13_GML.zip", "url": "https://nlftp.mlit.go.jp/ksj/gml/data/A12/A12-15/A12-15_13_GML.zip"}, {"filename": "A12-06_14_GML.zip", "url": "https://nlftp.mlit.go.jp/ksj/gml/data/A12/A12-06/A12-06_14_GML.zip"}, {"filename": "A12-11_14_GML.zip", "url": "https://nlftp.mlit.go.jp/ksj/gml/data/A12/A12-11/A12-11_14_GML.zip"}, {"filename": "A12-15_14_GML.zip", "url": "https://nlftp.mlit.go.jp/ksj/gml/data/A12/A12-15/A12-15_14_GML.zip"}, {"filename": "A12-06_15_GML.zip", "url": "https://nlftp.mlit.go.jp/ksj/gml/data/A12/A12-06/A12-06_15_GML.zip"}, {"filename": "A12-11_15_GML.zip", "url": "https://nlftp.mlit.go.jp/ksj/gml/data/A12/A12-11/A12-11_15_GML.zip"}, {"filename": "A12-15_15_GML.zip", "url": "https://nlftp.mlit.go.jp/ksj/gml/data/A12/A12-15/A12-15_15_GML.zip"}, {"filename": "A12-06_16_GML.zip", "url": "https://nlftp.mlit.go.jp/ksj/gml/data/A12/A12-06/A12-06_16_GML.zip"}, {"filename": "A12-11_16_GML.zip", "url": "https://nlftp.mlit.go.jp/ksj/gml/data/A12/A12-11/A12-11_16_GML.zip"}, {"filename": "A12-15_16_GML.zip", "url": "https://nlftp.mlit.go.jp/ksj/gml/data/A12/A12-15/A12-15_16_GML.zip"}, {"filename": "A12-06_17_GML.zip", "url": "https://nlftp.mlit.go.jp/ksj/gml/data/A12/A12-06/A12-06_17_GML.zip"}, {"filename": "A12-11_17_GML.zip", "url": "https://nlftp.mlit.go.jp/ksj/gml/data/A12/A12-11/A12-11_17_GML.zip"}, {"filename": "A12-15_17_GML.zip", "url": "https://nlftp.mlit.go.jp/ksj/gml/data/A12/A12-15/A12-15_17_GML.zip"}, {"filename": "A12-06_18_GML.zip", "url": "https://nlftp.mlit.go.jp/ksj/gml/data/A12/A12-06/A12-06_18_GML.zip"}, {"filename": "A12-11_18_GML.zip", "url": "https://nlftp.mlit.go.jp/ksj/gml/data/A12/A12-11/A12-11_18_GML.zip"}, {"filename": "A12-15_18_GML.zip", "url": "https://nlftp.mlit.go.jp/ksj/gml/data/A12/A12-15/A12-15_18_GML.zip"}, {"filename": "A12-06_19_GML.zip", "url": "https://nlftp.mlit.go.jp/ksj/gml/data/A12/A12-06/A12-06_19_GML.zip"}, {"filename": "A12-11_19_GML.zip", "url": "https://nlftp.mlit.go.jp/ksj/gml/data/A12/A12-11/A12-11_19_GML.zip"}, {"filename": "A12-15_19_GML.zip", "url": "https://nlftp.mlit.go.jp/ksj/gml/data/A12/A12-15/A12-15_19_GML.zip"}, {"filename": "A12-06_20_GML.zip", "url": "https://nlftp.mlit.go.jp/ksj/gml/data/A12/A12-06/A12-06_20_GML.zip"}, {"filename": "A12-11_20_GML.zip", "url": "https://nlftp.mlit.go.jp/ksj/gml/data/A12/A12-11/A12-11_20_GML.zip"}, {"filename": "A12-15_20_GML.zip", "url": "https://nlftp.mlit.go.jp/ksj/gml/data/A12/A12-15/A12-15_20_GML.zip"}, {"filename": "A12-06_21_GML.zip", "url": "https://nlftp.mlit.go.jp/ksj/gml/data/A12/A12-06/A12-06_21_GML.zip"}, {"filename": "A12-11_21_GML.zip", "url": "https://nlftp.mlit.go.jp/ksj/gml/data/A12/A12-11/A12-11_21_GML.zip"}, {"filename": "A12-15_21_GML.zip", "url": "https://nlftp.mlit.go.jp/ksj/gml/data/A12/A12-15/A12-15_21_GML.zip"}, {"filename": "A12-06_22_GML.zip", "url": "https://nlftp.mlit.go.jp/ksj/gml/data/A12/A12-06/A12-06_22_GML.zip"}, {"filename": "A12-11_22_GML.zip", "url": "https://nlftp.mlit.go.jp/ksj/gml/data/A12/A12-11/A12-11_22_GML.zip"}, {"filename": "A12-15_22_GML.zip", "url": "https://nlftp.mlit.go.jp/ksj/gml/data/A12/A12-15/A12-15_22_GML.zip"}, {"filename": "A12-06_23_GML.zip", "url": "https://nlftp.mlit.go.jp/ksj/gml/data/A12/A12-06/A12-06_23_GML.zip"}, {"filename": "A12-11_23_GML.zip", "url": "https://nlftp.mlit.go.jp/ksj/gml/data/A12/A12-11/A12-11_23_GML.zip"}, {"filename": "A12-15_23_GML.zip", "url": "https://nlftp.mlit.go.jp/ksj/gml/data/A12/A12-15/A12-15_23_GML.zip"}, {"filename": "A12-06_24_GML.zip", "url": "https://nlftp.mlit.go.jp/ksj/gml/data/A12/A12-06/A12-06_24_GML.zip"}, {"filename": "A12-11_24_GML.zip", "url": "https://nlftp.mlit.go.jp/ksj/gml/data/A12/A12-11/A12-11_24_GML.zip"}, {"filename": "A12-15_24_GML.zip", "url": "https://nlftp.mlit.go.jp/ksj/gml/data/A12/A12-15/A12-15_24_GML.zip"}, {"filename": "A12-06_25_GML.zip", "url": "https://nlftp.mlit.go.jp/ksj/gml/data/A12/A12-06/A12-06_25_GML.zip"}, {"filename": "A12-11_25_GML.zip", "url": "https://nlftp.mlit.go.jp/ksj/gml/data/A12/A12-11/A12-11_25_GML.zip"}, {"filename": "A12-15_25_GML.zip", "url": "https://nlftp.mlit.go.jp/ksj/gml/data/A12/A12-15/A12-15_25_GML.zip"}, {"filename": "A12-06_26_GML.zip", "url": "https://nlftp.mlit.go.jp/ksj/gml/data/A12/A12-06/A12-06_26_GML.zip"}, {"filename": "A12-11_26_GML.zip", "url": "https://nlftp.mlit.go.jp/ksj/gml/data/A12/A12-11/A12-11_26_GML.zip"}, {"filename": "A12-15_26_GML.zip", "url": "https://nlftp.mlit.go.jp/ksj/gml/data/A12/A12-15/A12-15_26_GML.zip"}, {"filename": "A12-06_27_GML.zip", "url": "https://nlftp.mlit.go.jp/ksj/gml/data/A12/A12-06/A12-06_27_GML.zip"}, {"filename": "A12-11_27_GML.zip", "url": "https://nlftp.mlit.go.jp/ksj/gml/data/A12/A12-11/A12-11_27_GML.zip"}, {"filename": "A12-15_27_GML.zip", "url": "https://nlftp.mlit.go.jp/ksj/gml/data/A12/A12-15/A12-15_27_GML.zip"}, {"filename": "A12-06_28_GML.zip", "url": "https://nlftp.mlit.go.jp/ksj/gml/data/A12/A12-06/A12-06_28_GML.zip"}, {"filename": "A12-11_28_GML.zip", "url": "https://nlftp.mlit.go.jp/ksj/gml/data/A12/A12-11/A12-11_28_GML.zip"}, {"filename": "A12-15_28_GML.zip", "url": "https://nlftp.mlit.go.jp/ksj/gml/data/A12/A12-15/A12-15_28_GML.zip"}, {"filename": "A12-06_29_GML.zip", "url": "https://nlftp.mlit.go.jp/ksj/gml/data/A12/A12-06/A12-06_29_GML.zip"}, {"filename": "A12-11_29_GML.zip", "url": "https://nlftp.mlit.go.jp/ksj/gml/data/A12/A12-11/A12-11_29_GML.zip"}, {"filename": "A12-15_29_GML.zip", "url": "https://nlftp.mlit.go.jp/ksj/gml/data/A12/A12-15/A12-15_29_GML.zip"}, {"filename": "A12-06_30_GML.zip", "url": "https://nlftp.mlit.go.jp/ksj/gml/data/A12/A12-06/A12-06_30_GML.zip"}, {"filename": "A12-11_30_GML.zip", "url": "https://nlftp.mlit.go.jp/ksj/gml/data/A12/A12-11/A12-11_30_GML.zip"}, {"filename": "A12-15_30_GML.zip", "url": "https://nlftp.mlit.go.jp/ksj/gml/data/A12/A12-15/A12-15_30_GML.zip"}, {"filename": "A12-06_31_GML.zip", "url": "https://nlftp.mlit.go.jp/ksj/gml/data/A12/A12-06/A12-06_31_GML.zip"}, {"filename": "A12-11_31_GML.zip", "url": "https://nlftp.mlit.go.jp/ksj/gml/data/A12/A12-11/A12-11_31_GML.zip"}, {"filename": "A12-15_31_GML.zip", "url": "https://nlftp.mlit.go.jp/ksj/gml/data/A12/A12-15/A12-15_31_GML.zip"}, {"filename": "A12-06_32_GML.zip", "url": "https://nlftp.mlit.go.jp/ksj/gml/data/A12/A12-06/A12-06_32_GML.zip"}, {"filename": "A12-11_32_GML.zip", "url": "https://nlftp.mlit.go.jp/ksj/gml/data/A12/A12-11/A12-11_32_GML.zip"}, {"filename": "A12-15_32_GML.zip", "url": "https://nlftp.mlit.go.jp/ksj/gml/data/A12/A12-15/A12-15_32_GML.zip"}, {"filename": "A12-06_33_GML.zip", "url": "https://nlftp.mlit.go.jp/ksj/gml/data/A12/A12-06/A12-06_33_GML.zip"}, {"filename": "A12-11_33_GML.zip", "url": "https://nlftp.mlit.go.jp/ksj/gml/data/A12/A12-11/A12-11_33_GML.zip"}, {"filename": "A12-15_33_GML.zip", "url": "https://nlftp.mlit.go.jp/ksj/gml/data/A12/A12-15/A12-15_33_GML.zip"}, {"filename": "A12-06_34_GML.zip", "url": "https://nlftp.mlit.go.jp/ksj/gml/data/A12/A12-06/A12-06_34_GML.zip"}, {"filename": "A12-11_34_GML.zip", "url": "https://nlftp.mlit.go.jp/ksj/gml/data/A12/A12-11/A12-11_34_GML.zip"}, {"filename": "A12-15_34_GML.zip", "url": "https://nlftp.mlit.go.jp/ksj/gml/data/A12/A12-15/A12-15_34_GML.zip"}, {"filename": "A12-06_35_GML.zip", "url": "https://nlftp.mlit.go.jp/ksj/gml/data/A12/A12-06/A12-06_35_GML.zip"}, {"filename": "A12-11_35_GML.zip", "url": "https://nlftp.mlit.go.jp/ksj/gml/data/A12/A12-11/A12-11_35_GML.zip"}, {"filename": "A12-15_35_GML.zip", "url": "https://nlftp.mlit.go.jp/ksj/gml/data/A12/A12-15/A12-15_35_GML.zip"}, {"filename": "A12-06_36_GML.zip", "url": "https://nlftp.mlit.go.jp/ksj/gml/data/A12/A12-06/A12-06_36_GML.zip"}, {"filename": "A12-11_36_GML.zip", "url": "https://nlftp.mlit.go.jp/ksj/gml/data/A12/A12-11/A12-11_36_GML.zip"}, {"filename": "A12-15_36_GML.zip", "url": "https://nlftp.mlit.go.jp/ksj/gml/data/A12/A12-15/A12-15_36_GML.zip"}, {"filename": "A12-06_37_GML.zip", "url": "https://nlftp.mlit.go.jp/ksj/gml/data/A12/A12-06/A12-06_37_GML.zip"}, {"filename": "A12-11_37_GML.zip", "url": "https://nlftp.mlit.go.jp/ksj/gml/data/A12/A12-11/A12-11_37_GML.zip"}, {"filename": "A12-15_37_GML.zip", "url": "https://nlftp.mlit.go.jp/ksj/gml/data/A12/A12-15/A12-15_37_GML.zip"}, {"filename": "A12-06_38_GML.zip", "url": "https://nlftp.mlit.go.jp/ksj/gml/data/A12/A12-06/A12-06_38_GML.zip"}, {"filename": "A12-11_38_GML.zip", "url": "https://nlftp.mlit.go.jp/ksj/gml/data/A12/A12-11/A12-11_38_GML.zip"}, {"filename": "A12-15_38_GML.zip", "url": "https://nlftp.mlit.go.jp/ksj/gml/data/A12/A12-15/A12-15_38_GML.zip"}, {"filename": "A12-06_39_GML.zip", "url": "https://nlftp.mlit.go.jp/ksj/gml/data/A12/A12-06/A12-06_39_GML.zip"}, {"filename": "A12-11_39_GML.zip", "url": "https://nlftp.mlit.go.jp/ksj/gml/data/A12/A12-11/A12-11_39_GML.zip"}, {"filename": "A12-15_39_GML.zip", "url": "https://nlftp.mlit.go.jp/ksj/gml/data/A12/A12-15/A12-15_39_GML.zip"}, {"filename": "A12-06_40_GML.zip", "url": "https://nlftp.mlit.go.jp/ksj/gml/data/A12/A12-06/A12-06_40_GML.zip"}, {"filename": "A12-11_40_GML.zip", "url": "https://nlftp.mlit.go.jp/ksj/gml/data/A12/A12-11/A12-11_40_GML.zip"}, {"filename": "A12-15_40_GML.zip", "url": "https://nlftp.mlit.go.jp/ksj/gml/data/A12/A12-15/A12-15_40_GML.zip"}, {"filename": "A12-06_41_GML.zip", "url": "https://nlftp.mlit.go.jp/ksj/gml/data/A12/A12-06/A12-06_41_GML.zip"}, {"filename": "A12-11_41_GML.zip", "url": "https://nlftp.mlit.go.jp/ksj/gml/data/A12/A12-11/A12-11_41_GML.zip"}, {"filename": "A12-15_41_GML.zip", "url": "https://nlftp.mlit.go.jp/ksj/gml/data/A12/A12-15/A12-15_41_GML.zip"}, {"filename": "A12-06_42_GML.zip", "url": "https://nlftp.mlit.go.jp/ksj/gml/data/A12/A12-06/A12-06_42_GML.zip"}, {"filename": "A12-11_42_GML.zip", "url": "https://nlftp.mlit.go.jp/ksj/gml/data/A12/A12-11/A12-11_42_GML.zip"}, {"filename": "A12-15_42_GML.zip", "url": "https://nlftp.mlit.go.jp/ksj/gml/data/A12/A12-15/A12-15_42_GML.zip"}, {"filename": "A12-06_43_GML.zip", "url": "https://nlftp.mlit.go.jp/ksj/gml/data/A12/A12-06/A12-06_43_GML.zip"}, {"filename": "A12-11_43_GML.zip", "url": "https://nlftp.mlit.go.jp/ksj/gml/data/A12/A12-11/A12-11_43_GML.zip"}, {"filename": "A12-15_43_GML.zip", "url": "https://nlftp.mlit.go.jp/ksj/gml/data/A12/A12-15/A12-15_43_GML.zip"}, {"filename": "A12-06_44_GML.zip", "url": "https://nlftp.mlit.go.jp/ksj/gml/data/A12/A12-06/A12-06_44_GML.zip"}, {"filename": "A12-11_44_GML.zip", "url": "https://nlftp.mlit.go.jp/ksj/gml/data/A12/A12-11/A12-11_44_GML.zip"}, {"filename": "A12-15_44_GML.zip", "url": "https://nlftp.mlit.go.jp/ksj/gml/data/A12/A12-15/A12-15_44_GML.zip"}, {"filename": "A12-06_45_GML.zip", "url": "https://nlftp.mlit.go.jp/ksj/gml/data/A12/A12-06/A12-06_45_GML.zip"}, {"filename": "A12-11_45_GML.zip", "url": "https://nlftp.mlit.go.jp/ksj/gml/data/A12/A12-11/A12-11_45_GML.zip"}, {"filename": "A12-15_45_GML.zip", "url": "https://nlftp.mlit.go.jp/ksj/gml/data/A12/A12-15/A12-15_45_GML.zip"}, {"filename": "A12-06_46_GML.zip", "url": "https://nlftp.mlit.go.jp/ksj/gml/data/A12/A12-06/A12-06_46_GML.zip"}, {"filename": "A12-11_46_GML.zip", "url": "https://nlftp.mlit.go.jp/ksj/gml/data/A12/A12-11/A12-11_46_GML.zip"}, {"filename": "A12-15_46_GML.zip", "url": "https://nlftp.mlit.go.jp/ksj/gml/data/A12/A12-15/A12-15_46_GML.zip"}, {"filename": "A12-06_47_GML.zip", "url": "https://nlftp.mlit.go.jp/ksj/gml/data/A12/A12-06/A12-06_47_GML.zip"}, {"filename": "A12-11_47_GML.zip", "url": "https://nlftp.mlit.go.jp/ksj/gml/data/A12/A12-11/A12-11_47_GML.zip"}, {"filename": "A12-15_47_GML.zip", "url": "https://nlftp.mlit.go.jp/ksj/gml/data/A12/A12-15/A12-15_47_GML.zip"}]