北海道,世界測地系,2006年（平成18年）,25.50MB,A12-06_01_GML.zip
北海道,世界測地系,2011年（平成23年）,26.11MB,A12-11_01_GML.zip
北海道,世界測地系,2015年（平成27年）,24.77MB,A12-15_01_GML.zip
青森,世界測地系,2006年（平成18年）,6.85MB,A12-06_02_GML.zip
青森,世界測地系,2011年（平成23年）,7.12MB,A12-11_02_GML.zip
青森,世界測地系,2015年（平成27年）,7.31MB,A12-15_02_GML.zip
岩手,世界測地系,2006年（平成18年）,12.47MB,A12-06_03_GML.zip
岩手,世界測地系,2011年（平成23年）,12.67MB,A12-11_03_GML.zip
岩手,世界測地系,2015年（平成27年）,11.62MB,A12-15_03_GML.zip
宮城,世界測地系,2006年（平成18年）,7.48MB,A12-06_04_GML.zip
宮城,世界測地系,2011年（平成23年）,6.67MB,A12-11_04_GML.zip
宮城,世界測地系,2015年（平成27年）,6.19MB,A12-15_04_GML.zip
秋田,世界測地系,2006年（平成18年）,11.24MB,A12-06_05_GML.zip
秋田,世界測地系,2011年（平成23年）,10.22MB,A12-11_05_GML.zip
秋田,世界測地系,2015年（平成27年）,9.28MB,A12-15_05_GML.zip
山形,世界測地系,2006年（平成18年）,10.30MB,A12-06_06_GML.zip
山形,世界測地系,2011年（平成23年）,10.56MB,A12-11_06_GML.zip
山形,世界測地系,2015年（平成27年）,9.66MB,A12-15_06_GML.zip
福島,世界測地系,2006年（平成18年）,18.70MB,A12-06_07_GML.zip
福島,世界測地系,2011年（平成23年）,17.11MB,A12-11_07_GML.zip
福島,世界測地系,2015年（平成27年）,15.60MB,A12-15_07_GML.zip
茨城,世界測地系,2006年（平成18年）,7.98MB,A12-06_08_GML.zip
茨城,世界測地系,2011年（平成23年）,8.43MB,A12-11_08_GML.zip
茨城,世界測地系,2015年（平成27年）,7.79MB,A12-15_08_GML.zip
栃木,世界測地系,2006年（平成18年）,7.39MB,A12-06_09_GML.zip
栃木,世界測地系,2011年（平成23年）,6.59MB,A12-11_09_GML.zip
栃木,世界測地系,2015年（平成27年）,6.14MB,A12-15_09_GML.zip
群馬,世界測地系,2006年（平成18年）,5.02MB,A12-06_10_GML.zip
群馬,世界測地系,2011年（平成23年）,5.12MB,A12-11_10_GML.zip
群馬,世界測地系,2015年（平成27年）,7.03MB,A12-15_10_GML.zip
埼玉,世界測地系,2006年（平成18年）,1.73MB,A12-06_11_GML.zip
埼玉,世界測地系,2011年（平成23年）,1.76MB,A12-11_11_GML.zip
埼玉,世界測地系,2015年（平成27年）,1.69MB,A12-15_11_GML.zip
千葉,世界測地系,2006年（平成18年）,5.70MB,A12-06_12_GML.zip
千葉,世界測地系,2011年（平成23年）,5.93MB,A12-11_12_GML.zip
千葉,世界測地系,2015年（平成27年）,5.61MB,A12-15_12_GML.zip
東京,世界測地系,2006年（平成18年）,0.53MB,A12-06_13_GML.zip
東京,世界測地系,2011年（平成23年）,0.55MB,A12-11_13_GML.zip
東京,世界測地系,2015年（平成27年）,0.51MB,A12-15_13_GML.zip
神奈川,世界測地系,2006年（平成18年）,2.13MB,A12-06_14_GML.zip
神奈川,世界測地系,2011年（平成23年）,1.91MB,A12-11_14_GML.zip
神奈川,世界測地系,2015年（平成27年）,1.80MB,A12-15_14_GML.zip
新潟,世界測地系,2006年（平成18年）,13.89MB,A12-06_15_GML.zip
新潟,世界測地系,2011年（平成23年）,12.96MB,A12-11_15_GML.zip
新潟,世界測地系,2015年（平成27年）,22.24MB,A12-15_15_GML.zip
富山,世界測地系,2006年（平成18年）,3.08MB,A12-06_16_GML.zip
富山,世界測地系,2011年（平成23年）,3.14MB,A12-11_16_GML.zip
富山,世界測地系,2015年（平成27年）,3.74MB,A12-15_16_GML.zip
石川,世界測地系,2006年（平成18年）,5.57MB,A12-06_17_GML.zip
石川,世界測地系,2011年（平成23年）,5.14MB,A12-11_17_GML.zip
石川,世界測地系,2015年（平成27年）,4.57MB,A12-15_17_GML.zip
福井,世界測地系,2006年（平成18年）,2.88MB,A12-06_18_GML.zip
福井,世界測地系,2011年（平成23年）,2.95MB,A12-11_18_GML.zip
福井,世界測地系,2015年（平成27年）,2.77MB,A12-15_18_GML.zip
山梨,世界測地系,2006年（平成18年）,2.94MB,A12-06_19_GML.zip
山梨,世界測地系,2011年（平成23年）,2.99MB,A12-11_19_GML.zip
山梨,世界測地系,2015年（平成27年）,2.78MB,A12-15_19_GML.zip
長野,世界測地系,2006年（平成18年）,8.99MB,A12-06_20_GML.zip
長野,世界測地系,2011年（平成23年）,9.16MB,A12-11_20_GML.zip
長野,世界測地系,2015年（平成27年）,8.61MB,A12-15_20_GML.zip
岐阜,世界測地系,2006年（平成18年）,5.60MB,A12-06_21_GML.zip
岐阜,世界測地系,2011年（平成23年）,5.01MB,A12-11_21_GML.zip
岐阜,世界測地系,2015年（平成27年）,4.74MB,A12-15_21_GML.zip
静岡,世界測地系,2006年（平成18年）,7.28MB,A12-06_22_GML.zip
静岡,世界測地系,2011年（平成23年）,7.34MB,A12-11_22_GML.zip
静岡,世界測地系,2015年（平成27年）,7.06MB,A12-15_22_GML.zip
愛知,世界測地系,2006年（平成18年）,3.81MB,A12-06_23_GML.zip
愛知,世界測地系,2011年（平成23年）,3.92MB,A12-11_23_GML.zip
愛知,世界測地系,2015年（平成27年）,3.79MB,A12-15_23_GML.zip
三重,世界測地系,2006年（平成18年）,6.56MB,A12-06_24_GML.zip
三重,世界測地系,2011年（平成23年）,6.01MB,A12-11_24_GML.zip
三重,世界測地系,2015年（平成27年）,5.63MB,A12-15_24_GML.zip
滋賀,世界測地系,2006年（平成18年）,3.25MB,A12-06_25_GML.zip
滋賀,世界測地系,2011年（平成23年）,3.30MB,A12-11_25_GML.zip
滋賀,世界測地系,2015年（平成27年）,3.08MB,A12-15_25_GML.zip
京都,世界測地系,2006年（平成18年）,3.36MB,A12-06_26_GML.zip
京都,世界測地系,2011年（平成23年）,3.16MB,A12-11_26_GML.zip
京都,世界測地系,2015年（平成27年）,3.12MB,A12-15_26_GML.zip
大阪,世界測地系,2006年（平成18年）,1.07MB,A12-06_27_GML.zip
大阪,世界測地系,2011年（平成23年）,0.99MB,A12-11_27_GML.zip
大阪,世界測地系,2015年（平成27年）,0.92MB,A12-15_27_GML.zip
兵庫,世界測地系,2006年（平成18年）,9.70MB,A12-06_28_GML.zip
兵庫,世界測地系,2011年（平成23年）,8.83MB,A12-11_28_GML.zip
兵庫,世界測地系,2015年（平成27年）,8.19MB,A12-15_28_GML.zip
奈良,世界測地系,2006年（平成18年）,2.22MB,A12-06_29_GML.zip
奈良,世界測地系,2011年（平成23年）,2.08MB,A12-11_29_GML.zip
奈良,世界測地系,2015年（平成27年）,2.00MB,A12-15_29_GML.zip
和歌山,世界測地系,2006年（平成18年）,5.64MB,A12-06_30_GML.zip
和歌山,世界測地系,2011年（平成23年）,5.99MB,A12-11_30_GML.zip
和歌山,世界測地系,2015年（平成27年）,5.64MB,A12-15_30_GML.zip
鳥取,世界測地系,2006年（平成18年）,3.66MB,A12-06_31_GML.zip
鳥取,世界測地系,2011年（平成23年）,3.30MB,A12-11_31_GML.zip
鳥取,世界測地系,2015年（平成27年）,3.04MB,A12-15_31_GML.zip
島根,世界測地系,2006年（平成18年）,7.15MB,A12-06_32_GML.zip
島根,世界測地系,2011年（平成23年）,3.24MB,A12-11_32_GML.zip
島根,世界測地系,2015年（平成27年）,4.17MB,A12-15_32_GML.zip
岡山,世界測地系,2006年（平成18年）,5.44MB,A12-06_33_GML.zip
岡山,世界測地系,2011年（平成23年）,7.19MB,A12-11_33_GML.zip
岡山,世界測地系,2015年（平成27年）,6.93MB,A12-15_33_GML.zip
広島,世界測地系,2006年（平成18年）,8.27MB,A12-06_34_GML.zip
広島,世界測地系,2011年（平成23年）,7.51MB,A12-11_34_GML.zip
広島,世界測地系,2015年（平成27年）,7.73MB,A12-15_34_GML.zip
山口,世界測地系,2006年（平成18年）,6.56MB,A12-06_35_GML.zip
山口,世界測地系,2011年（平成23年）,9.81MB,A12-11_35_GML.zip
山口,世界測地系,2015年（平成27年）,9.67MB,A12-15_35_GML.zip
徳島,世界測地系,2006年（平成18年）,2.14MB,A12-06_36_GML.zip
徳島,世界測地系,2011年（平成23年）,1.95MB,A12-11_36_GML.zip
徳島,世界測地系,2015年（平成27年）,1.98MB,A12-15_36_GML.zip
香川,世界測地系,2006年（平成18年）,2.58MB,A12-06_37_GML.zip
香川,世界測地系,2011年（平成23年）,2.62MB,A12-11_37_GML.zip
香川,世界測地系,2015年（平成27年）,2.75MB,A12-15_37_GML.zip
愛媛,世界測地系,2006年（平成18年）,5.35MB,A12-06_38_GML.zip
愛媛,世界測地系,2011年（平成23年）,5.46MB,A12-11_38_GML.zip
愛媛,世界測地系,2015年（平成27年）,10.53MB,A12-15_38_GML.zip
高知,世界測地系,2006年（平成18年）,4.62MB,A12-06_39_GML.zip
高知,世界測地系,2011年（平成23年）,4.68MB,A12-11_39_GML.zip
高知,世界測地系,2015年（平成27年）,4.73MB,A12-15_39_GML.zip
福岡,世界測地系,2006年（平成18年）,10.76MB,A12-06_40_GML.zip
福岡,世界測地系,2011年（平成23年）,10.33MB,A12-11_40_GML.zip
福岡,世界測地系,2015年（平成27年）,9.76MB,A12-15_40_GML.zip
佐賀,世界測地系,2006年（平成18年）,4.24MB,A12-06_41_GML.zip
佐賀,世界測地系,2011年（平成23年）,4.33MB,A12-11_41_GML.zip
佐賀,世界測地系,2015年（平成27年）,17.53MB,A12-15_41_GML.zip
長崎,世界測地系,2006年（平成18年）,10.35MB,A12-06_42_GML.zip
長崎,世界測地系,2011年（平成23年）,10.47MB,A12-11_42_GML.zip
長崎,世界測地系,2015年（平成27年）,11.93MB,A12-15_42_GML.zip
熊本,世界測地系,2006年（平成18年）,8.65MB,A12-06_43_GML.zip
熊本,世界測地系,2011年（平成23年）,7.89MB,A12-11_43_GML.zip
熊本,世界測地系,2015年（平成27年）,8.15MB,A12-15_43_GML.zip
大分,世界測地系,2006年（平成18年）,9.43MB,A12-06_44_GML.zip
大分,世界測地系,2011年（平成23年）,9.68MB,A12-11_44_GML.zip
大分,世界測地系,2015年（平成27年）,9.27MB,A12-15_44_GML.zip
宮崎,世界測地系,2006年（平成18年）,9.96MB,A12-06_45_GML.zip
宮崎,世界測地系,2011年（平成23年）,10.20MB,A12-11_45_GML.zip
宮崎,世界測地系,2015年（平成27年）,9.60MB,A12-15_45_GML.zip
鹿児島,世界測地系,2006年（平成18年）,9.94MB,A12-06_46_GML.zip
鹿児島,世界測地系,2011年（平成23年）,10.19MB,A12-11_46_GML.zip
鹿児島,世界測地系,2015年（平成27年）,11.51MB,A12-15_46_GML.zip
沖縄,世界測地系,2006年（平成18年）,4.76MB,A12-06_47_GML.zip
沖縄,世界測地系,2011年（平成23年）,6.69MB,A12-11_47_GML.zip
沖縄,世界測地系,2015年（平成27年）,9.20MB,A12-15_47_GML.zip