[{"filename": "A13-06_01_GML.zip", "url": "https://nlftp.mlit.go.jp/ksj/gml/data/A13/A13-06/A13-06_01_GML.zip"}, {"filename": "A13-11_01_GML.zip", "url": "https://nlftp.mlit.go.jp/ksj/gml/data/A13/A13-11/A13-11_01_GML.zip"}, {"filename": "A13-15_01_GML.zip", "url": "https://nlftp.mlit.go.jp/ksj/gml/data/A13/A13-15/A13-15_01_GML.zip"}, {"filename": "A13-06_02_GML.zip", "url": "https://nlftp.mlit.go.jp/ksj/gml/data/A13/A13-06/A13-06_02_GML.zip"}, {"filename": "A13-11_02_GML.zip", "url": "https://nlftp.mlit.go.jp/ksj/gml/data/A13/A13-11/A13-11_02_GML.zip"}, {"filename": "A13-15_02_GML.zip", "url": "https://nlftp.mlit.go.jp/ksj/gml/data/A13/A13-15/A13-15_02_GML.zip"}, {"filename": "A13-06_03_GML.zip", "url": "https://nlftp.mlit.go.jp/ksj/gml/data/A13/A13-06/A13-06_03_GML.zip"}, {"filename": "A13-11_03_GML.zip", "url": "https://nlftp.mlit.go.jp/ksj/gml/data/A13/A13-11/A13-11_03_GML.zip"}, {"filename": "A13-15_03_GML.zip", "url": "https://nlftp.mlit.go.jp/ksj/gml/data/A13/A13-15/A13-15_03_GML.zip"}, {"filename": "A13-06_04_GML.zip", "url": "https://nlftp.mlit.go.jp/ksj/gml/data/A13/A13-06/A13-06_04_GML.zip"}, {"filename": "A13-11_04_GML.zip", "url": "https://nlftp.mlit.go.jp/ksj/gml/data/A13/A13-11/A13-11_04_GML.zip"}, {"filename": "A13-15_04_GML.zip", "url": "https://nlftp.mlit.go.jp/ksj/gml/data/A13/A13-15/A13-15_04_GML.zip"}, {"filename": "A13-06_05_GML.zip", "url": "https://nlftp.mlit.go.jp/ksj/gml/data/A13/A13-06/A13-06_05_GML.zip"}, {"filename": "A13-11_05_GML.zip", "url": "https://nlftp.mlit.go.jp/ksj/gml/data/A13/A13-11/A13-11_05_GML.zip"}, {"filename": "A13-15_05_GML.zip", "url": "https://nlftp.mlit.go.jp/ksj/gml/data/A13/A13-15/A13-15_05_GML.zip"}, {"filename": "A13-06_06_GML.zip", "url": "https://nlftp.mlit.go.jp/ksj/gml/data/A13/A13-06/A13-06_06_GML.zip"}, {"filename": "A13-11_06_GML.zip", "url": "https://nlftp.mlit.go.jp/ksj/gml/data/A13/A13-11/A13-11_06_GML.zip"}, {"filename": "A13-15_06_GML.zip", "url": "https://nlftp.mlit.go.jp/ksj/gml/data/A13/A13-15/A13-15_06_GML.zip"}, {"filename": "A13-06_07_GML.zip", "url": "https://nlftp.mlit.go.jp/ksj/gml/data/A13/A13-06/A13-06_07_GML.zip"}, {"filename": "A13-11_07_GML.zip", "url": "https://nlftp.mlit.go.jp/ksj/gml/data/A13/A13-11/A13-11_07_GML.zip"}, {"filename": "A13-15_07_GML.zip", "url": "https://nlftp.mlit.go.jp/ksj/gml/data/A13/A13-15/A13-15_07_GML.zip"}, {"filename": "A13-06_08_GML.zip", "url": "https://nlftp.mlit.go.jp/ksj/gml/data/A13/A13-06/A13-06_08_GML.zip"}, {"filename": "A13-11_08_GML.zip", "url": "https://nlftp.mlit.go.jp/ksj/gml/data/A13/A13-11/A13-11_08_GML.zip"}, {"filename": "A13-15_08_GML.zip", "url": "https://nlftp.mlit.go.jp/ksj/gml/data/A13/A13-15/A13-15_08_GML.zip"}, {"filename": "A13-06_09_GML.zip", "url": "https://nlftp.mlit.go.jp/ksj/gml/data/A13/A13-06/A13-06_09_GML.zip"}, {"filename": "A13-11_09_GML.zip", "url": "https://nlftp.mlit.go.jp/ksj/gml/data/A13/A13-11/A13-11_09_GML.zip"}, {"filename": "A13-15_09_GML.zip", "url": "https://nlftp.mlit.go.jp/ksj/gml/data/A13/A13-15/A13-15_09_GML.zip"}, {"filename": "A13-06_10_GML.zip", "url": "https://nlftp.mlit.go.jp/ksj/gml/data/A13/A13-06/A13-06_10_GML.zip"}, {"filename": "A13-11_10_GML.zip", "url": "https://nlftp.mlit.go.jp/ksj/gml/data/A13/A13-11/A13-11_10_GML.zip"}, {"filename": "A13-15_10_GML.zip", "url": "https://nlftp.mlit.go.jp/ksj/gml/data/A13/A13-15/A13-15_10_GML.zip"}, {"filename": "A13-06_11_GML.zip", "url": "https://nlftp.mlit.go.jp/ksj/gml/data/A13/A13-06/A13-06_11_GML.zip"}, {"filename": "A13-11_11_GML.zip", "url": "https://nlftp.mlit.go.jp/ksj/gml/data/A13/A13-11/A13-11_11_GML.zip"}, {"filename": "A13-15_11_GML.zip", "url": "https://nlftp.mlit.go.jp/ksj/gml/data/A13/A13-15/A13-15_11_GML.zip"}, {"filename": "A13-06_12_GML.zip", "url": "https://nlftp.mlit.go.jp/ksj/gml/data/A13/A13-06/A13-06_12_GML.zip"}, {"filename": "A13-11_12_GML.zip", "url": "https://nlftp.mlit.go.jp/ksj/gml/data/A13/A13-11/A13-11_12_GML.zip"}, {"filename": "A13-15_12_GML.zip", "url": "https://nlftp.mlit.go.jp/ksj/gml/data/A13/A13-15/A13-15_12_GML.zip"}, {"filename": "A13-06_13_GML.zip", "url": "https://nlftp.mlit.go.jp/ksj/gml/data/A13/A13-06/A13-06_13_GML.zip"}, {"filename": "A13-11_13_GML.zip", "url": "https://nlftp.mlit.go.jp/ksj/gml/data/A13/A13-11/A13-11_13_GML.zip"}, {"filename": "A13-15_13_GML.zip", "url": "https://nlftp.mlit.go.jp/ksj/gml/data/A13/A13-15/A13-15_13_GML.zip"}, {"filename": "A13-06_14_GML.zip", "url": "https://nlftp.mlit.go.jp/ksj/gml/data/A13/A13-06/A13-06_14_GML.zip"}, {"filename": "A13-11_14_GML.zip", "url": "https://nlftp.mlit.go.jp/ksj/gml/data/A13/A13-11/A13-11_14_GML.zip"}, {"filename": "A13-15_14_GML.zip", "url": "https://nlftp.mlit.go.jp/ksj/gml/data/A13/A13-15/A13-15_14_GML.zip"}, {"filename": "A13-06_15_GML.zip", "url": "https://nlftp.mlit.go.jp/ksj/gml/data/A13/A13-06/A13-06_15_GML.zip"}, {"filename": "A13-11_15_GML.zip", "url": "https://nlftp.mlit.go.jp/ksj/gml/data/A13/A13-11/A13-11_15_GML.zip"}, {"filename": "A13-15_15_GML.zip", "url": "https://nlftp.mlit.go.jp/ksj/gml/data/A13/A13-15/A13-15_15_GML.zip"}, {"filename": "A13-06_16_GML.zip", "url": "https://nlftp.mlit.go.jp/ksj/gml/data/A13/A13-06/A13-06_16_GML.zip"}, {"filename": "A13-11_16_GML.zip", "url": "https://nlftp.mlit.go.jp/ksj/gml/data/A13/A13-11/A13-11_16_GML.zip"}, {"filename": "A13-15_16_GML.zip", "url": "https://nlftp.mlit.go.jp/ksj/gml/data/A13/A13-15/A13-15_16_GML.zip"}, {"filename": "A13-06_17_GML.zip", "url": "https://nlftp.mlit.go.jp/ksj/gml/data/A13/A13-06/A13-06_17_GML.zip"}, {"filename": "A13-11_17_GML.zip", "url": "https://nlftp.mlit.go.jp/ksj/gml/data/A13/A13-11/A13-11_17_GML.zip"}, {"filename": "A13-15_17_GML.zip", "url": "https://nlftp.mlit.go.jp/ksj/gml/data/A13/A13-15/A13-15_17_GML.zip"}, {"filename": "A13-06_18_GML.zip", "url": "https://nlftp.mlit.go.jp/ksj/gml/data/A13/A13-06/A13-06_18_GML.zip"}, {"filename": "A13-11_18_GML.zip", "url": "https://nlftp.mlit.go.jp/ksj/gml/data/A13/A13-11/A13-11_18_GML.zip"}, {"filename": "A13-15_18_GML.zip", "url": "https://nlftp.mlit.go.jp/ksj/gml/data/A13/A13-15/A13-15_18_GML.zip"}, {"filename": "A13-06_19_GML.zip", "url": "https://nlftp.mlit.go.jp/ksj/gml/data/A13/A13-06/A13-06_19_GML.zip"}, {"filename": "A13-11_19_GML.zip", "url": "https://nlftp.mlit.go.jp/ksj/gml/data/A13/A13-11/A13-11_19_GML.zip"}, {"filename": "A13-15_19_GML.zip", "url": "https://nlftp.mlit.go.jp/ksj/gml/data/A13/A13-15/A13-15_19_GML.zip"}, {"filename": "A13-06_20_GML.zip", "url": "https://nlftp.mlit.go.jp/ksj/gml/data/A13/A13-06/A13-06_20_GML.zip"}, {"filename": "A13-11_20_GML.zip", "url": "https://nlftp.mlit.go.jp/ksj/gml/data/A13/A13-11/A13-11_20_GML.zip"}, {"filename": "A13-15_20_GML.zip", "url": "https://nlftp.mlit.go.jp/ksj/gml/data/A13/A13-15/A13-15_20_GML.zip"}, {"filename": "A13-06_21_GML.zip", "url": "https://nlftp.mlit.go.jp/ksj/gml/data/A13/A13-06/A13-06_21_GML.zip"}, {"filename": "A13-11_21_GML.zip", "url": "https://nlftp.mlit.go.jp/ksj/gml/data/A13/A13-11/A13-11_21_GML.zip"}, {"filename": "A13-15_21_GML.zip", "url": "https://nlftp.mlit.go.jp/ksj/gml/data/A13/A13-15/A13-15_21_GML.zip"}, {"filename": "A13-06_22_GML.zip", "url": "https://nlftp.mlit.go.jp/ksj/gml/data/A13/A13-06/A13-06_22_GML.zip"}, {"filename": "A13-11_22_GML.zip", "url": "https://nlftp.mlit.go.jp/ksj/gml/data/A13/A13-11/A13-11_22_GML.zip"}, {"filename": "A13-15_22_GML.zip", "url": "https://nlftp.mlit.go.jp/ksj/gml/data/A13/A13-15/A13-15_22_GML.zip"}, {"filename": "A13-06_23_GML.zip", "url": "https://nlftp.mlit.go.jp/ksj/gml/data/A13/A13-06/A13-06_23_GML.zip"}, {"filename": "A13-11_23_GML.zip", "url": "https://nlftp.mlit.go.jp/ksj/gml/data/A13/A13-11/A13-11_23_GML.zip"}, {"filename": "A13-15_23_GML.zip", "url": "https://nlftp.mlit.go.jp/ksj/gml/data/A13/A13-15/A13-15_23_GML.zip"}, {"filename": "A13-06_24_GML.zip", "url": "https://nlftp.mlit.go.jp/ksj/gml/data/A13/A13-06/A13-06_24_GML.zip"}, {"filename": "A13-11_24_GML.zip", "url": "https://nlftp.mlit.go.jp/ksj/gml/data/A13/A13-11/A13-11_24_GML.zip"}, {"filename": "A13-15_24_GML.zip", "url": "https://nlftp.mlit.go.jp/ksj/gml/data/A13/A13-15/A13-15_24_GML.zip"}, {"filename": "A13-06_25_GML.zip", "url": "https://nlftp.mlit.go.jp/ksj/gml/data/A13/A13-06/A13-06_25_GML.zip"}, {"filename": "A13-11_25_GML.zip", "url": "https://nlftp.mlit.go.jp/ksj/gml/data/A13/A13-11/A13-11_25_GML.zip"}, {"filename": "A13-15_25_GML.zip", "url": "https://nlftp.mlit.go.jp/ksj/gml/data/A13/A13-15/A13-15_25_GML.zip"}, {"filename": "A13-06_26_GML.zip", "url": "https://nlftp.mlit.go.jp/ksj/gml/data/A13/A13-06/A13-06_26_GML.zip"}, {"filename": "A13-11_26_GML.zip", "url": "https://nlftp.mlit.go.jp/ksj/gml/data/A13/A13-11/A13-11_26_GML.zip"}, {"filename": "A13-15_26_GML.zip", "url": "https://nlftp.mlit.go.jp/ksj/gml/data/A13/A13-15/A13-15_26_GML.zip"}, {"filename": "A13-06_27_GML.zip", "url": "https://nlftp.mlit.go.jp/ksj/gml/data/A13/A13-06/A13-06_27_GML.zip"}, {"filename": "A13-11_27_GML.zip", "url": "https://nlftp.mlit.go.jp/ksj/gml/data/A13/A13-11/A13-11_27_GML.zip"}, {"filename": "A13-15_27_GML.zip", "url": "https://nlftp.mlit.go.jp/ksj/gml/data/A13/A13-15/A13-15_27_GML.zip"}, {"filename": "A13-06_28_GML.zip", "url": "https://nlftp.mlit.go.jp/ksj/gml/data/A13/A13-06/A13-06_28_GML.zip"}, {"filename": "A13-11_28_GML.zip", "url": "https://nlftp.mlit.go.jp/ksj/gml/data/A13/A13-11/A13-11_28_GML.zip"}, {"filename": "A13-15_28_GML.zip", "url": "https://nlftp.mlit.go.jp/ksj/gml/data/A13/A13-15/A13-15_28_GML.zip"}, {"filename": "A13-06_29_GML.zip", "url": "https://nlftp.mlit.go.jp/ksj/gml/data/A13/A13-06/A13-06_29_GML.zip"}, {"filename": "A13-11_29_GML.zip", "url": "https://nlftp.mlit.go.jp/ksj/gml/data/A13/A13-11/A13-11_29_GML.zip"}, {"filename": "A13-15_29_GML.zip", "url": "https://nlftp.mlit.go.jp/ksj/gml/data/A13/A13-15/A13-15_29_GML.zip"}, {"filename": "A13-06_30_GML.zip", "url": "https://nlftp.mlit.go.jp/ksj/gml/data/A13/A13-06/A13-06_30_GML.zip"}, {"filename": "A13-11_30_GML.zip", "url": "https://nlftp.mlit.go.jp/ksj/gml/data/A13/A13-11/A13-11_30_GML.zip"}, {"filename": "A13-15_30_GML.zip", "url": "https://nlftp.mlit.go.jp/ksj/gml/data/A13/A13-15/A13-15_30_GML.zip"}, {"filename": "A13-06_31_GML.zip", "url": "https://nlftp.mlit.go.jp/ksj/gml/data/A13/A13-06/A13-06_31_GML.zip"}, {"filename": "A13-11_31_GML.zip", "url": "https://nlftp.mlit.go.jp/ksj/gml/data/A13/A13-11/A13-11_31_GML.zip"}, {"filename": "A13-15_31_GML.zip", "url": "https://nlftp.mlit.go.jp/ksj/gml/data/A13/A13-15/A13-15_31_GML.zip"}, {"filename": "A13-06_32_GML.zip", "url": "https://nlftp.mlit.go.jp/ksj/gml/data/A13/A13-06/A13-06_32_GML.zip"}, {"filename": "A13-11_32_GML.zip", "url": "https://nlftp.mlit.go.jp/ksj/gml/data/A13/A13-11/A13-11_32_GML.zip"}, {"filename": "A13-15_32_GML.zip", "url": "https://nlftp.mlit.go.jp/ksj/gml/data/A13/A13-15/A13-15_32_GML.zip"}, {"filename": "A13-06_33_GML.zip", "url": "https://nlftp.mlit.go.jp/ksj/gml/data/A13/A13-06/A13-06_33_GML.zip"}, {"filename": "A13-11_33_GML.zip", "url": "https://nlftp.mlit.go.jp/ksj/gml/data/A13/A13-11/A13-11_33_GML.zip"}, {"filename": "A13-15_33_GML.zip", "url": "https://nlftp.mlit.go.jp/ksj/gml/data/A13/A13-15/A13-15_33_GML.zip"}, {"filename": "A13-06_34_GML.zip", "url": "https://nlftp.mlit.go.jp/ksj/gml/data/A13/A13-06/A13-06_34_GML.zip"}, {"filename": "A13-11_34_GML.zip", "url": "https://nlftp.mlit.go.jp/ksj/gml/data/A13/A13-11/A13-11_34_GML.zip"}, {"filename": "A13-15_34_GML.zip", "url": "https://nlftp.mlit.go.jp/ksj/gml/data/A13/A13-15/A13-15_34_GML.zip"}, {"filename": "A13-06_35_GML.zip", "url": "https://nlftp.mlit.go.jp/ksj/gml/data/A13/A13-06/A13-06_35_GML.zip"}, {"filename": "A13-11_35_GML.zip", "url": "https://nlftp.mlit.go.jp/ksj/gml/data/A13/A13-11/A13-11_35_GML.zip"}, {"filename": "A13-15_35_GML.zip", "url": "https://nlftp.mlit.go.jp/ksj/gml/data/A13/A13-15/A13-15_35_GML.zip"}, {"filename": "A13-06_36_GML.zip", "url": "https://nlftp.mlit.go.jp/ksj/gml/data/A13/A13-06/A13-06_36_GML.zip"}, {"filename": "A13-11_36_GML.zip", "url": "https://nlftp.mlit.go.jp/ksj/gml/data/A13/A13-11/A13-11_36_GML.zip"}, {"filename": "A13-15_36_GML.zip", "url": "https://nlftp.mlit.go.jp/ksj/gml/data/A13/A13-15/A13-15_36_GML.zip"}, {"filename": "A13-06_37_GML.zip", "url": "https://nlftp.mlit.go.jp/ksj/gml/data/A13/A13-06/A13-06_37_GML.zip"}, {"filename": "A13-11_37_GML.zip", "url": "https://nlftp.mlit.go.jp/ksj/gml/data/A13/A13-11/A13-11_37_GML.zip"}, {"filename": "A13-15_37_GML.zip", "url": "https://nlftp.mlit.go.jp/ksj/gml/data/A13/A13-15/A13-15_37_GML.zip"}, {"filename": "A13-06_38_GML.zip", "url": "https://nlftp.mlit.go.jp/ksj/gml/data/A13/A13-06/A13-06_38_GML.zip"}, {"filename": "A13-11_38_GML.zip", "url": "https://nlftp.mlit.go.jp/ksj/gml/data/A13/A13-11/A13-11_38_GML.zip"}, {"filename": "A13-15_38_GML.zip", "url": "https://nlftp.mlit.go.jp/ksj/gml/data/A13/A13-15/A13-15_38_GML.zip"}, {"filename": "A13-06_39_GML.zip", "url": "https://nlftp.mlit.go.jp/ksj/gml/data/A13/A13-06/A13-06_39_GML.zip"}, {"filename": "A13-11_39_GML.zip", "url": "https://nlftp.mlit.go.jp/ksj/gml/data/A13/A13-11/A13-11_39_GML.zip"}, {"filename": "A13-15_39_GML.zip", "url": "https://nlftp.mlit.go.jp/ksj/gml/data/A13/A13-15/A13-15_39_GML.zip"}, {"filename": "A13-06_40_GML.zip", "url": "https://nlftp.mlit.go.jp/ksj/gml/data/A13/A13-06/A13-06_40_GML.zip"}, {"filename": "A13-11_40_GML.zip", "url": "https://nlftp.mlit.go.jp/ksj/gml/data/A13/A13-11/A13-11_40_GML.zip"}, {"filename": "A13-15_40_GML.zip", "url": "https://nlftp.mlit.go.jp/ksj/gml/data/A13/A13-15/A13-15_40_GML.zip"}, {"filename": "A13-06_41_GML.zip", "url": "https://nlftp.mlit.go.jp/ksj/gml/data/A13/A13-06/A13-06_41_GML.zip"}, {"filename": "A13-11_41_GML.zip", "url": "https://nlftp.mlit.go.jp/ksj/gml/data/A13/A13-11/A13-11_41_GML.zip"}, {"filename": "A13-15_41_GML.zip", "url": "https://nlftp.mlit.go.jp/ksj/gml/data/A13/A13-15/A13-15_41_GML.zip"}, {"filename": "A13-06_42_GML.zip", "url": "https://nlftp.mlit.go.jp/ksj/gml/data/A13/A13-06/A13-06_42_GML.zip"}, {"filename": "A13-11_42_GML.zip", "url": "https://nlftp.mlit.go.jp/ksj/gml/data/A13/A13-11/A13-11_42_GML.zip"}, {"filename": "A13-15_42_GML.zip", "url": "https://nlftp.mlit.go.jp/ksj/gml/data/A13/A13-15/A13-15_42_GML.zip"}, {"filename": "A13-06_43_GML.zip", "url": "https://nlftp.mlit.go.jp/ksj/gml/data/A13/A13-06/A13-06_43_GML.zip"}, {"filename": "A13-11_43_GML.zip", "url": "https://nlftp.mlit.go.jp/ksj/gml/data/A13/A13-11/A13-11_43_GML.zip"}, {"filename": "A13-15_43_GML.zip", "url": "https://nlftp.mlit.go.jp/ksj/gml/data/A13/A13-15/A13-15_43_GML.zip"}, {"filename": "A13-06_44_GML.zip", "url": "https://nlftp.mlit.go.jp/ksj/gml/data/A13/A13-06/A13-06_44_GML.zip"}, {"filename": "A13-11_44_GML.zip", "url": "https://nlftp.mlit.go.jp/ksj/gml/data/A13/A13-11/A13-11_44_GML.zip"}, {"filename": "A13-15_44_GML.zip", "url": "https://nlftp.mlit.go.jp/ksj/gml/data/A13/A13-15/A13-15_44_GML.zip"}, {"filename": "A13-06_45_GML.zip", "url": "https://nlftp.mlit.go.jp/ksj/gml/data/A13/A13-06/A13-06_45_GML.zip"}, {"filename": "A13-11_45_GML.zip", "url": "https://nlftp.mlit.go.jp/ksj/gml/data/A13/A13-11/A13-11_45_GML.zip"}, {"filename": "A13-15_45_GML.zip", "url": "https://nlftp.mlit.go.jp/ksj/gml/data/A13/A13-15/A13-15_45_GML.zip"}, {"filename": "A13-06_46_GML.zip", "url": "https://nlftp.mlit.go.jp/ksj/gml/data/A13/A13-06/A13-06_46_GML.zip"}, {"filename": "A13-11_46_GML.zip", "url": "https://nlftp.mlit.go.jp/ksj/gml/data/A13/A13-11/A13-11_46_GML.zip"}, {"filename": "A13-15_46_GML.zip", "url": "https://nlftp.mlit.go.jp/ksj/gml/data/A13/A13-15/A13-15_46_GML.zip"}, {"filename": "A13-06_47_GML.zip", "url": "https://nlftp.mlit.go.jp/ksj/gml/data/A13/A13-06/A13-06_47_GML.zip"}, {"filename": "A13-11_47_GML.zip", "url": "https://nlftp.mlit.go.jp/ksj/gml/data/A13/A13-11/A13-11_47_GML.zip"}, {"filename": "A13-15_47_GML.zip", "url": "https://nlftp.mlit.go.jp/ksj/gml/data/A13/A13-15/A13-15_47_GML.zip"}]