北海道,世界測地系,2006年（平成18年）,85.97MB,A13-06_01_GML.zip
北海道,世界測地系,2011年（平成23年）,87.75MB,A13-11_01_GML.zip
北海道,世界測地系,2015年（平成27年）,605.89MB,A13-15_01_GML.zip
青森,世界測地系,2006年（平成18年）,18.65MB,A13-06_02_GML.zip
青森,世界測地系,2011年（平成23年）,20.22MB,A13-11_02_GML.zip
青森,世界測地系,2015年（平成27年）,18.63MB,A13-15_02_GML.zip
岩手,世界測地系,2006年（平成18年）,32.80MB,A13-06_03_GML.zip
岩手,世界測地系,2011年（平成23年）,31.49MB,A13-11_03_GML.zip
岩手,世界測地系,2015年（平成27年）,198.56MB,A13-15_03_GML.zip
宮城,世界測地系,2006年（平成18年）,20.95MB,A13-06_04_GML.zip
宮城,世界測地系,2011年（平成23年）,18.68MB,A13-11_04_GML.zip
宮城,世界測地系,2015年（平成27年）,169.04MB,A13-15_04_GML.zip
秋田,世界測地系,2006年（平成18年）,20.07MB,A13-06_05_GML.zip
秋田,世界測地系,2011年（平成23年）,18.28MB,A13-11_05_GML.zip
秋田,世界測地系,2015年（平成27年）,168.58MB,A13-15_05_GML.zip
山形,世界測地系,2006年（平成18年）,15.66MB,A13-06_06_GML.zip
山形,世界測地系,2011年（平成23年）,15.91MB,A13-11_06_GML.zip
山形,世界測地系,2015年（平成27年）,95.45MB,A13-15_06_GML.zip
福島,世界測地系,2006年（平成18年）,36.20MB,A13-06_07_GML.zip
福島,世界測地系,2011年（平成23年）,33.64MB,A13-11_07_GML.zip
福島,世界測地系,2015年（平成27年）,310.29MB,A13-15_07_GML.zip
茨城,世界測地系,2006年（平成18年）,20.67MB,A13-06_08_GML.zip
茨城,世界測地系,2011年（平成23年）,20.10MB,A13-11_08_GML.zip
茨城,世界測地系,2015年（平成27年）,140.58MB,A13-15_08_GML.zip
栃木,世界測地系,2006年（平成18年）,23.67MB,A13-06_09_GML.zip
栃木,世界測地系,2011年（平成23年）,21.29MB,A13-11_09_GML.zip
栃木,世界測地系,2015年（平成27年）,100.34MB,A13-15_09_GML.zip
群馬,世界測地系,2006年（平成18年）,11.81MB,A13-06_10_GML.zip
群馬,世界測地系,2011年（平成23年）,11.96MB,A13-11_10_GML.zip
群馬,世界測地系,2015年（平成27年）,78.57MB,A13-15_10_GML.zip
埼玉,世界測地系,2006年（平成18年）,2.58MB,A13-06_11_GML.zip
埼玉,世界測地系,2011年（平成23年）,2.63MB,A13-11_11_GML.zip
埼玉,世界測地系,2015年（平成27年）,38.71MB,A13-15_11_GML.zip
千葉,世界測地系,2006年（平成18年）,22.98MB,A13-06_12_GML.zip
千葉,世界測地系,2011年（平成23年）,23.90MB,A13-11_12_GML.zip
千葉,世界測地系,2015年（平成27年）,156.61MB,A13-15_12_GML.zip
東京,世界測地系,2006年（平成18年）,3.48MB,A13-06_13_GML.zip
東京,世界測地系,2011年（平成23年）,3.56MB,A13-11_13_GML.zip
東京,世界測地系,2015年（平成27年）,14.32MB,A13-15_13_GML.zip
神奈川,世界測地系,2006年（平成18年）,9.25MB,A13-06_14_GML.zip
神奈川,世界測地系,2011年（平成23年）,8.26MB,A13-11_14_GML.zip
神奈川,世界測地系,2015年（平成27年）,59.72MB,A13-15_14_GML.zip
新潟,世界測地系,2006年（平成18年）,30.73MB,A13-06_15_GML.zip
新潟,世界測地系,2011年（平成23年）,28.39MB,A13-11_15_GML.zip
新潟,世界測地系,2015年（平成27年）,184.94MB,A13-15_15_GML.zip
富山,世界測地系,2006年（平成18年）,5.72MB,A13-06_16_GML.zip
富山,世界測地系,2011年（平成23年）,5.75MB,A13-11_16_GML.zip
富山,世界測地系,2015年（平成27年）,9.01MB,A13-15_16_GML.zip
石川,世界測地系,2006年（平成18年）,14.66MB,A13-06_17_GML.zip
石川,世界測地系,2011年（平成23年）,13.32MB,A13-11_17_GML.zip
石川,世界測地系,2015年（平成27年）,74.51MB,A13-15_17_GML.zip
福井,世界測地系,2006年（平成18年）,7.11MB,A13-06_18_GML.zip
福井,世界測地系,2011年（平成23年）,7.16MB,A13-11_18_GML.zip
福井,世界測地系,2015年（平成27年）,45.43MB,A13-15_18_GML.zip
山梨,世界測地系,2006年（平成18年）,5.62MB,A13-06_19_GML.zip
山梨,世界測地系,2011年（平成23年）,5.61MB,A13-11_19_GML.zip
山梨,世界測地系,2015年（平成27年）,39.40MB,A13-15_19_GML.zip
長野,世界測地系,2006年（平成18年）,24.34MB,A13-06_20_GML.zip
長野,世界測地系,2011年（平成23年）,19.31MB,A13-11_20_GML.zip
長野,世界測地系,2015年（平成27年）,163.08MB,A13-15_20_GML.zip
岐阜,世界測地系,2006年（平成18年）,12.47MB,A13-06_21_GML.zip
岐阜,世界測地系,2011年（平成23年）,10.87MB,A13-11_21_GML.zip
岐阜,世界測地系,2015年（平成27年）,113.89MB,A13-15_21_GML.zip
静岡,世界測地系,2006年（平成18年）,14.42MB,A13-06_22_GML.zip
静岡,世界測地系,2011年（平成23年）,14.38MB,A13-11_22_GML.zip
静岡,世界測地系,2015年（平成27年）,129.51MB,A13-15_22_GML.zip
愛知,世界測地系,2006年（平成18年）,11.95MB,A13-06_23_GML.zip
愛知,世界測地系,2011年（平成23年）,12.24MB,A13-11_23_GML.zip
愛知,世界測地系,2015年（平成27年）,74.67MB,A13-15_23_GML.zip
三重,世界測地系,2006年（平成18年）,14.06MB,A13-06_24_GML.zip
三重,世界測地系,2011年（平成23年）,12.74MB,A13-11_24_GML.zip
三重,世界測地系,2015年（平成27年）,12.77MB,A13-15_24_GML.zip
滋賀,世界測地系,2006年（平成18年）,6.63MB,A13-06_25_GML.zip
滋賀,世界測地系,2011年（平成23年）,6.40MB,A13-11_25_GML.zip
滋賀,世界測地系,2015年（平成27年）,43.60MB,A13-15_25_GML.zip
京都,世界測地系,2006年（平成18年）,6.09MB,A13-06_26_GML.zip
京都,世界測地系,2011年（平成23年）,5.65MB,A13-11_26_GML.zip
京都,世界測地系,2015年（平成27年）,66.13MB,A13-15_26_GML.zip
大阪,世界測地系,2006年（平成18年）,2.64MB,A13-06_27_GML.zip
大阪,世界測地系,2011年（平成23年）,2.44MB,A13-11_27_GML.zip
大阪,世界測地系,2015年（平成27年）,19.82MB,A13-15_27_GML.zip
兵庫,世界測地系,2006年（平成18年）,19.56MB,A13-06_28_GML.zip
兵庫,世界測地系,2011年（平成23年）,18.53MB,A13-11_28_GML.zip
兵庫,世界測地系,2015年（平成27年）,133.19MB,A13-15_28_GML.zip
奈良,世界測地系,2006年（平成18年）,6.80MB,A13-06_29_GML.zip
奈良,世界測地系,2011年（平成23年）,6.22MB,A13-11_29_GML.zip
奈良,世界測地系,2015年（平成27年）,53.60MB,A13-15_29_GML.zip
和歌山,世界測地系,2006年（平成18年）,13.34MB,A13-06_30_GML.zip
和歌山,世界測地系,2011年（平成23年）,16.54MB,A13-11_30_GML.zip
和歌山,世界測地系,2015年（平成27年）,15.19MB,A13-15_30_GML.zip
鳥取,世界測地系,2006年（平成18年）,10.03MB,A13-06_31_GML.zip
鳥取,世界測地系,2011年（平成23年）,9.05MB,A13-11_31_GML.zip
鳥取,世界測地系,2015年（平成27年）,61.79MB,A13-15_31_GML.zip
島根,世界測地系,2006年（平成18年）,19.69MB,A13-06_32_GML.zip
島根,世界測地系,2011年（平成23年）,7.60MB,A13-11_32_GML.zip
島根,世界測地系,2015年（平成27年）,135.18MB,A13-15_32_GML.zip
岡山,世界測地系,2006年（平成18年）,55.89MB,A13-06_33_GML.zip
岡山,世界測地系,2011年（平成23年）,49.10MB,A13-11_33_GML.zip
岡山,世界測地系,2015年（平成27年）,178.62MB,A13-15_33_GML.zip
広島,世界測地系,2006年（平成18年）,21.35MB,A13-06_34_GML.zip
広島,世界測地系,2011年（平成23年）,19.46MB,A13-11_34_GML.zip
広島,世界測地系,2015年（平成27年）,164.52MB,A13-15_34_GML.zip
山口,世界測地系,2006年（平成18年）,14.46MB,A13-06_35_GML.zip
山口,世界測地系,2011年（平成23年）,52.64MB,A13-11_35_GML.zip
山口,世界測地系,2015年（平成27年）,128.51MB,A13-15_35_GML.zip
徳島,世界測地系,2006年（平成18年）,4.29MB,A13-06_36_GML.zip
徳島,世界測地系,2011年（平成23年）,6.17MB,A13-11_36_GML.zip
徳島,世界測地系,2015年（平成27年）,61.29MB,A13-15_36_GML.zip
香川,世界測地系,2006年（平成18年）,5.12MB,A13-06_37_GML.zip
香川,世界測地系,2011年（平成23年）,5.19MB,A13-11_37_GML.zip
香川,世界測地系,2015年（平成27年）,43.20MB,A13-15_37_GML.zip
愛媛,世界測地系,2006年（平成18年）,13.91MB,A13-06_38_GML.zip
愛媛,世界測地系,2011年（平成23年）,14.16MB,A13-11_38_GML.zip
愛媛,世界測地系,2015年（平成27年）,101.68MB,A13-15_38_GML.zip
高知,世界測地系,2006年（平成18年）,31.19MB,A13-06_39_GML.zip
高知,世界測地系,2011年（平成23年）,61.46MB,A13-11_39_GML.zip
高知,世界測地系,2015年（平成27年）,112.69MB,A13-15_39_GML.zip
福岡,世界測地系,2006年（平成18年）,28.74MB,A13-06_40_GML.zip
福岡,世界測地系,2011年（平成23年）,29.33MB,A13-11_40_GML.zip
福岡,世界測地系,2015年（平成27年）,100.83MB,A13-15_40_GML.zip
佐賀,世界測地系,2006年（平成18年）,9.30MB,A13-06_41_GML.zip
佐賀,世界測地系,2011年（平成23年）,9.52MB,A13-11_41_GML.zip
佐賀,世界測地系,2015年（平成27年）,77.97MB,A13-15_41_GML.zip
長崎,世界測地系,2006年（平成18年）,27.61MB,A13-06_42_GML.zip
長崎,世界測地系,2011年（平成23年）,28.27MB,A13-11_42_GML.zip
長崎,世界測地系,2015年（平成27年）,150.74MB,A13-15_42_GML.zip
熊本,世界測地系,2006年（平成18年）,28.47MB,A13-06_43_GML.zip
熊本,世界測地系,2011年（平成23年）,25.87MB,A13-11_43_GML.zip
熊本,世界測地系,2015年（平成27年）,164.06MB,A13-15_43_GML.zip
大分,世界測地系,2006年（平成18年）,38.83MB,A13-06_44_GML.zip
大分,世界測地系,2011年（平成23年）,39.64MB,A13-11_44_GML.zip
大分,世界測地系,2015年（平成27年）,134.96MB,A13-15_44_GML.zip
宮崎,世界測地系,2006年（平成18年）,20.11MB,A13-06_45_GML.zip
宮崎,世界測地系,2011年（平成23年）,21.31MB,A13-11_45_GML.zip
宮崎,世界測地系,2015年（平成27年）,136.83MB,A13-15_45_GML.zip
鹿児島,世界測地系,2006年（平成18年）,37.57MB,A13-06_46_GML.zip
鹿児島,世界測地系,2011年（平成23年）,38.39MB,A13-11_46_GML.zip
鹿児島,世界測地系,2015年（平成27年）,248.59MB,A13-15_46_GML.zip
沖縄,世界測地系,2006年（平成18年）,17.67MB,A13-06_47_GML.zip
沖縄,世界測地系,2011年（平成23年）,18.68MB,A13-11_47_GML.zip
沖縄,世界測地系,2015年（平成27年）,54.02MB,A13-15_47_GML.zip