[{"filename": "A15-09_01_GML.zip", "url": "https://nlftp.mlit.go.jp/ksj/gml/data/A15/A15-09/A15-09_01_GML.zip"}, {"filename": "A15-15_01_GML.zip", "url": "https://nlftp.mlit.go.jp/ksj/gml/data/A15/A15-15/A15-15_01_GML.zip"}, {"filename": "A15-09_02_GML.zip", "url": "https://nlftp.mlit.go.jp/ksj/gml/data/A15/A15-09/A15-09_02_GML.zip"}, {"filename": "A15-15_02_GML.zip", "url": "https://nlftp.mlit.go.jp/ksj/gml/data/A15/A15-15/A15-15_02_GML.zip"}, {"filename": "A15-09_03_GML.zip", "url": "https://nlftp.mlit.go.jp/ksj/gml/data/A15/A15-09/A15-09_03_GML.zip"}, {"filename": "A15-15_03_GML.zip", "url": "https://nlftp.mlit.go.jp/ksj/gml/data/A15/A15-15/A15-15_03_GML.zip"}, {"filename": "A15-09_04_GML.zip", "url": "https://nlftp.mlit.go.jp/ksj/gml/data/A15/A15-09/A15-09_04_GML.zip"}, {"filename": "A15-15_04_GML.zip", "url": "https://nlftp.mlit.go.jp/ksj/gml/data/A15/A15-15/A15-15_04_GML.zip"}, {"filename": "A15-09_05_GML.zip", "url": "https://nlftp.mlit.go.jp/ksj/gml/data/A15/A15-09/A15-09_05_GML.zip"}, {"filename": "A15-15_05_GML.zip", "url": "https://nlftp.mlit.go.jp/ksj/gml/data/A15/A15-15/A15-15_05_GML.zip"}, {"filename": "A15-09_06_GML.zip", "url": "https://nlftp.mlit.go.jp/ksj/gml/data/A15/A15-09/A15-09_06_GML.zip"}, {"filename": "A15-15_06_GML.zip", "url": "https://nlftp.mlit.go.jp/ksj/gml/data/A15/A15-15/A15-15_06_GML.zip"}, {"filename": "A15-09_07_GML.zip", "url": "https://nlftp.mlit.go.jp/ksj/gml/data/A15/A15-09/A15-09_07_GML.zip"}, {"filename": "A15-15_07_GML.zip", "url": "https://nlftp.mlit.go.jp/ksj/gml/data/A15/A15-15/A15-15_07_GML.zip"}, {"filename": "A15-09_08_GML.zip", "url": "https://nlftp.mlit.go.jp/ksj/gml/data/A15/A15-09/A15-09_08_GML.zip"}, {"filename": "A15-15_08_GML.zip", "url": "https://nlftp.mlit.go.jp/ksj/gml/data/A15/A15-15/A15-15_08_GML.zip"}, {"filename": "A15-09_09_GML.zip", "url": "https://nlftp.mlit.go.jp/ksj/gml/data/A15/A15-09/A15-09_09_GML.zip"}, {"filename": "A15-15_09_GML.zip", "url": "https://nlftp.mlit.go.jp/ksj/gml/data/A15/A15-15/A15-15_09_GML.zip"}, {"filename": "A15-09_10_GML.zip", "url": "https://nlftp.mlit.go.jp/ksj/gml/data/A15/A15-09/A15-09_10_GML.zip"}, {"filename": "A15-15_10_GML.zip", "url": "https://nlftp.mlit.go.jp/ksj/gml/data/A15/A15-15/A15-15_10_GML.zip"}, {"filename": "A15-09_11_GML.zip", "url": "https://nlftp.mlit.go.jp/ksj/gml/data/A15/A15-09/A15-09_11_GML.zip"}, {"filename": "A15-15_11_GML.zip", "url": "https://nlftp.mlit.go.jp/ksj/gml/data/A15/A15-15/A15-15_11_GML.zip"}, {"filename": "A15-09_12_GML.zip", "url": "https://nlftp.mlit.go.jp/ksj/gml/data/A15/A15-09/A15-09_12_GML.zip"}, {"filename": "A15-15_12_GML.zip", "url": "https://nlftp.mlit.go.jp/ksj/gml/data/A15/A15-15/A15-15_12_GML.zip"}, {"filename": "A15-09_13_GML.zip", "url": "https://nlftp.mlit.go.jp/ksj/gml/data/A15/A15-09/A15-09_13_GML.zip"}, {"filename": "A15-15_13_GML.zip", "url": "https://nlftp.mlit.go.jp/ksj/gml/data/A15/A15-15/A15-15_13_GML.zip"}, {"filename": "A15-09_14_GML.zip", "url": "https://nlftp.mlit.go.jp/ksj/gml/data/A15/A15-09/A15-09_14_GML.zip"}, {"filename": "A15-15_14_GML.zip", "url": "https://nlftp.mlit.go.jp/ksj/gml/data/A15/A15-15/A15-15_14_GML.zip"}, {"filename": "A15-09_15_GML.zip", "url": "https://nlftp.mlit.go.jp/ksj/gml/data/A15/A15-09/A15-09_15_GML.zip"}, {"filename": "A15-15_15_GML.zip", "url": "https://nlftp.mlit.go.jp/ksj/gml/data/A15/A15-15/A15-15_15_GML.zip"}, {"filename": "A15-09_16_GML.zip", "url": "https://nlftp.mlit.go.jp/ksj/gml/data/A15/A15-09/A15-09_16_GML.zip"}, {"filename": "A15-15_16_GML.zip", "url": "https://nlftp.mlit.go.jp/ksj/gml/data/A15/A15-15/A15-15_16_GML.zip"}, {"filename": "A15-09_17_GML.zip", "url": "https://nlftp.mlit.go.jp/ksj/gml/data/A15/A15-09/A15-09_17_GML.zip"}, {"filename": "A15-15_17_GML.zip", "url": "https://nlftp.mlit.go.jp/ksj/gml/data/A15/A15-15/A15-15_17_GML.zip"}, {"filename": "A15-09_18_GML.zip", "url": "https://nlftp.mlit.go.jp/ksj/gml/data/A15/A15-09/A15-09_18_GML.zip"}, {"filename": "A15-15_18_GML.zip", "url": "https://nlftp.mlit.go.jp/ksj/gml/data/A15/A15-15/A15-15_18_GML.zip"}, {"filename": "A15-09_19_GML.zip", "url": "https://nlftp.mlit.go.jp/ksj/gml/data/A15/A15-09/A15-09_19_GML.zip"}, {"filename": "A15-15_19_GML.zip", "url": "https://nlftp.mlit.go.jp/ksj/gml/data/A15/A15-15/A15-15_19_GML.zip"}, {"filename": "A15-09_20_GML.zip", "url": "https://nlftp.mlit.go.jp/ksj/gml/data/A15/A15-09/A15-09_20_GML.zip"}, {"filename": "A15-15_20_GML.zip", "url": "https://nlftp.mlit.go.jp/ksj/gml/data/A15/A15-15/A15-15_20_GML.zip"}, {"filename": "A15-09_21_GML.zip", "url": "https://nlftp.mlit.go.jp/ksj/gml/data/A15/A15-09/A15-09_21_GML.zip"}, {"filename": "A15-15_21_GML.zip", "url": "https://nlftp.mlit.go.jp/ksj/gml/data/A15/A15-15/A15-15_21_GML.zip"}, {"filename": "A15-09_22_GML.zip", "url": "https://nlftp.mlit.go.jp/ksj/gml/data/A15/A15-09/A15-09_22_GML.zip"}, {"filename": "A15-15_22_GML.zip", "url": "https://nlftp.mlit.go.jp/ksj/gml/data/A15/A15-15/A15-15_22_GML.zip"}, {"filename": "A15-09_23_GML.zip", "url": "https://nlftp.mlit.go.jp/ksj/gml/data/A15/A15-09/A15-09_23_GML.zip"}, {"filename": "A15-15_23_GML.zip", "url": "https://nlftp.mlit.go.jp/ksj/gml/data/A15/A15-15/A15-15_23_GML.zip"}, {"filename": "A15-09_24_GML.zip", "url": "https://nlftp.mlit.go.jp/ksj/gml/data/A15/A15-09/A15-09_24_GML.zip"}, {"filename": "A15-15_24_GML.zip", "url": "https://nlftp.mlit.go.jp/ksj/gml/data/A15/A15-15/A15-15_24_GML.zip"}, {"filename": "A15-09_25_GML.zip", "url": "https://nlftp.mlit.go.jp/ksj/gml/data/A15/A15-09/A15-09_25_GML.zip"}, {"filename": "A15-15_25_GML.zip", "url": "https://nlftp.mlit.go.jp/ksj/gml/data/A15/A15-15/A15-15_25_GML.zip"}, {"filename": "A15-09_26_GML.zip", "url": "https://nlftp.mlit.go.jp/ksj/gml/data/A15/A15-09/A15-09_26_GML.zip"}, {"filename": "A15-15_26_GML.zip", "url": "https://nlftp.mlit.go.jp/ksj/gml/data/A15/A15-15/A15-15_26_GML.zip"}, {"filename": "A15-09_27_GML.zip", "url": "https://nlftp.mlit.go.jp/ksj/gml/data/A15/A15-09/A15-09_27_GML.zip"}, {"filename": "A15-15_27_GML.zip", "url": "https://nlftp.mlit.go.jp/ksj/gml/data/A15/A15-15/A15-15_27_GML.zip"}, {"filename": "A15-09_28_GML.zip", "url": "https://nlftp.mlit.go.jp/ksj/gml/data/A15/A15-09/A15-09_28_GML.zip"}, {"filename": "A15-15_28_GML.zip", "url": "https://nlftp.mlit.go.jp/ksj/gml/data/A15/A15-15/A15-15_28_GML.zip"}, {"filename": "A15-09_29_GML.zip", "url": "https://nlftp.mlit.go.jp/ksj/gml/data/A15/A15-09/A15-09_29_GML.zip"}, {"filename": "A15-15_29_GML.zip", "url": "https://nlftp.mlit.go.jp/ksj/gml/data/A15/A15-15/A15-15_29_GML.zip"}, {"filename": "A15-09_30_GML.zip", "url": "https://nlftp.mlit.go.jp/ksj/gml/data/A15/A15-09/A15-09_30_GML.zip"}, {"filename": "A15-15_30_GML.zip", "url": "https://nlftp.mlit.go.jp/ksj/gml/data/A15/A15-15/A15-15_30_GML.zip"}, {"filename": "A15-09_31_GML.zip", "url": "https://nlftp.mlit.go.jp/ksj/gml/data/A15/A15-09/A15-09_31_GML.zip"}, {"filename": "A15-09_32_GML.zip", "url": "https://nlftp.mlit.go.jp/ksj/gml/data/A15/A15-09/A15-09_32_GML.zip"}, {"filename": "A15-15_32_GML.zip", "url": "https://nlftp.mlit.go.jp/ksj/gml/data/A15/A15-15/A15-15_32_GML.zip"}, {"filename": "A15-09_33_GML.zip", "url": "https://nlftp.mlit.go.jp/ksj/gml/data/A15/A15-09/A15-09_33_GML.zip"}, {"filename": "A15-15_33_GML.zip", "url": "https://nlftp.mlit.go.jp/ksj/gml/data/A15/A15-15/A15-15_33_GML.zip"}, {"filename": "A15-09_34_GML.zip", "url": "https://nlftp.mlit.go.jp/ksj/gml/data/A15/A15-09/A15-09_34_GML.zip"}, {"filename": "A15-15_34_GML.zip", "url": "https://nlftp.mlit.go.jp/ksj/gml/data/A15/A15-15/A15-15_34_GML.zip"}, {"filename": "A15-09_35_GML.zip", "url": "https://nlftp.mlit.go.jp/ksj/gml/data/A15/A15-09/A15-09_35_GML.zip"}, {"filename": "A15-15_35_GML.zip", "url": "https://nlftp.mlit.go.jp/ksj/gml/data/A15/A15-15/A15-15_35_GML.zip"}, {"filename": "A15-09_36_GML.zip", "url": "https://nlftp.mlit.go.jp/ksj/gml/data/A15/A15-09/A15-09_36_GML.zip"}, {"filename": "A15-15_36_GML.zip", "url": "https://nlftp.mlit.go.jp/ksj/gml/data/A15/A15-15/A15-15_36_GML.zip"}, {"filename": "A15-09_37_GML.zip", "url": "https://nlftp.mlit.go.jp/ksj/gml/data/A15/A15-09/A15-09_37_GML.zip"}, {"filename": "A15-15_37_GML.zip", "url": "https://nlftp.mlit.go.jp/ksj/gml/data/A15/A15-15/A15-15_37_GML.zip"}, {"filename": "A15-09_38_GML.zip", "url": "https://nlftp.mlit.go.jp/ksj/gml/data/A15/A15-09/A15-09_38_GML.zip"}, {"filename": "A15-15_38_GML.zip", "url": "https://nlftp.mlit.go.jp/ksj/gml/data/A15/A15-15/A15-15_38_GML.zip"}, {"filename": "A15-09_39_GML.zip", "url": "https://nlftp.mlit.go.jp/ksj/gml/data/A15/A15-09/A15-09_39_GML.zip"}, {"filename": "A15-15_39_GML.zip", "url": "https://nlftp.mlit.go.jp/ksj/gml/data/A15/A15-15/A15-15_39_GML.zip"}, {"filename": "A15-09_40_GML.zip", "url": "https://nlftp.mlit.go.jp/ksj/gml/data/A15/A15-09/A15-09_40_GML.zip"}, {"filename": "A15-15_40_GML.zip", "url": "https://nlftp.mlit.go.jp/ksj/gml/data/A15/A15-15/A15-15_40_GML.zip"}, {"filename": "A15-09_41_GML.zip", "url": "https://nlftp.mlit.go.jp/ksj/gml/data/A15/A15-09/A15-09_41_GML.zip"}, {"filename": "A15-15_41_GML.zip", "url": "https://nlftp.mlit.go.jp/ksj/gml/data/A15/A15-15/A15-15_41_GML.zip"}, {"filename": "A15-09_42_GML.zip", "url": "https://nlftp.mlit.go.jp/ksj/gml/data/A15/A15-09/A15-09_42_GML.zip"}, {"filename": "A15-15_42_GML.zip", "url": "https://nlftp.mlit.go.jp/ksj/gml/data/A15/A15-15/A15-15_42_GML.zip"}, {"filename": "A15-09_43_GML.zip", "url": "https://nlftp.mlit.go.jp/ksj/gml/data/A15/A15-09/A15-09_43_GML.zip"}, {"filename": "A15-15_43_GML.zip", "url": "https://nlftp.mlit.go.jp/ksj/gml/data/A15/A15-15/A15-15_43_GML.zip"}, {"filename": "A15-09_44_GML.zip", "url": "https://nlftp.mlit.go.jp/ksj/gml/data/A15/A15-09/A15-09_44_GML.zip"}, {"filename": "A15-15_44_GML.zip", "url": "https://nlftp.mlit.go.jp/ksj/gml/data/A15/A15-15/A15-15_44_GML.zip"}, {"filename": "A15-09_45_GML.zip", "url": "https://nlftp.mlit.go.jp/ksj/gml/data/A15/A15-09/A15-09_45_GML.zip"}, {"filename": "A15-09_46_GML.zip", "url": "https://nlftp.mlit.go.jp/ksj/gml/data/A15/A15-09/A15-09_46_GML.zip"}, {"filename": "A15-15_46_GML.zip", "url": "https://nlftp.mlit.go.jp/ksj/gml/data/A15/A15-15/A15-15_46_GML.zip"}, {"filename": "A15-09_47_GML.zip", "url": "https://nlftp.mlit.go.jp/ksj/gml/data/A15/A15-09/A15-09_47_GML.zip"}, {"filename": "A15-15_47_GML.zip", "url": "https://nlftp.mlit.go.jp/ksj/gml/data/A15/A15-15/A15-15_47_GML.zip"}]