北海道,世界測地系,2009年（平成21年）,1.66MB,A15-09_01_GML.zip
北海道,世界測地系,2015年（平成27年）,1.52MB,A15-15_01_GML.zip
青森,世界測地系,2009年（平成21年）,0.84MB,A15-09_02_GML.zip
青森,世界測地系,2015年（平成27年）,0.86MB,A15-15_02_GML.zip
岩手,世界測地系,2009年（平成21年）,1.71MB,A15-09_03_GML.zip
岩手,世界測地系,2015年（平成27年）,2.20MB,A15-15_03_GML.zip
宮城,世界測地系,2009年（平成21年）,1.15MB,A15-09_04_GML.zip
宮城,世界測地系,2015年（平成27年）,2.08MB,A15-15_04_GML.zip
秋田,世界測地系,2009年（平成21年）,1.08MB,A15-09_05_GML.zip
秋田,世界測地系,2015年（平成27年）,0.85MB,A15-15_05_GML.zip
山形,世界測地系,2009年（平成21年）,0.49MB,A15-09_06_GML.zip
山形,世界測地系,2015年（平成27年）,0.52MB,A15-15_06_GML.zip
福島,世界測地系,2009年（平成21年）,0.72MB,A15-09_07_GML.zip
福島,世界測地系,2015年（平成27年）,0.65MB,A15-15_07_GML.zip
茨城,世界測地系,2009年（平成21年）,0.61MB,A15-09_08_GML.zip
茨城,世界測地系,2015年（平成27年）,0.46MB,A15-15_08_GML.zip
栃木,世界測地系,2009年（平成21年）,0.72MB,A15-09_09_GML.zip
栃木,世界測地系,2015年（平成27年）,0.59MB,A15-15_09_GML.zip
群馬,世界測地系,2009年（平成21年）,0.49MB,A15-09_10_GML.zip
群馬,世界測地系,2015年（平成27年）,0.42MB,A15-15_10_GML.zip
埼玉,世界測地系,2009年（平成21年）,0.38MB,A15-09_11_GML.zip
埼玉,世界測地系,2015年（平成27年）,0.35MB,A15-15_11_GML.zip
千葉,世界測地系,2009年（平成21年）,0.38MB,A15-09_12_GML.zip
千葉,世界測地系,2015年（平成27年）,1.05MB,A15-15_12_GML.zip
東京,世界測地系,2009年（平成21年）,1.03MB,A15-09_13_GML.zip
東京,世界測地系,2015年（平成27年）,2.07MB,A15-15_13_GML.zip
神奈川,世界測地系,2009年（平成21年）,0.64MB,A15-09_14_GML.zip
神奈川,世界測地系,2015年（平成27年）,0.66MB,A15-15_14_GML.zip
新潟,世界測地系,2009年（平成21年）,0.95MB,A15-09_15_GML.zip
新潟,世界測地系,2015年（平成27年）,1.21MB,A15-15_15_GML.zip
富山,世界測地系,2009年（平成21年）,0.45MB,A15-09_16_GML.zip
富山,世界測地系,2015年（平成27年）,0.50MB,A15-15_16_GML.zip
石川,世界測地系,2009年（平成21年）,0.52MB,A15-09_17_GML.zip
石川,世界測地系,2015年（平成27年）,0.41MB,A15-15_17_GML.zip
福井,世界測地系,2009年（平成21年）,0.35MB,A15-09_18_GML.zip
福井,世界測地系,2015年（平成27年）,0.41MB,A15-15_18_GML.zip
山梨,世界測地系,2009年（平成21年）,0.71MB,A15-09_19_GML.zip
山梨,世界測地系,2015年（平成27年）,0.52MB,A15-15_19_GML.zip
長野,世界測地系,2009年（平成21年）,0.99MB,A15-09_20_GML.zip
長野,世界測地系,2015年（平成27年）,0.74MB,A15-15_20_GML.zip
岐阜,世界測地系,2009年（平成21年）,0.72MB,A15-09_21_GML.zip
岐阜,世界測地系,2015年（平成27年）,0.74MB,A15-15_21_GML.zip
静岡,世界測地系,2009年（平成21年）,0.75MB,A15-09_22_GML.zip
静岡,世界測地系,2015年（平成27年）,0.88MB,A15-15_22_GML.zip
愛知,世界測地系,2009年（平成21年）,0.37MB,A15-09_23_GML.zip
愛知,世界測地系,2015年（平成27年）,0.61MB,A15-15_23_GML.zip
三重,世界測地系,2009年（平成21年）,0.76MB,A15-09_24_GML.zip
三重,世界測地系,2015年（平成27年）,1.88MB,A15-15_24_GML.zip
滋賀,世界測地系,2009年（平成21年）,0.28MB,A15-09_25_GML.zip
滋賀,世界測地系,2015年（平成27年）,0.25MB,A15-15_25_GML.zip
京都,世界測地系,2009年（平成21年）,0.34MB,A15-09_26_GML.zip
京都,世界測地系,2015年（平成27年）,0.41MB,A15-15_26_GML.zip
大阪,世界測地系,2009年（平成21年）,0.09MB,A15-09_27_GML.zip
大阪,世界測地系,2015年（平成27年）,0.10MB,A15-15_27_GML.zip
兵庫,世界測地系,2009年（平成21年）,0.71MB,A15-09_28_GML.zip
兵庫,世界測地系,2015年（平成27年）,1.46MB,A15-15_28_GML.zip
奈良,世界測地系,2009年（平成21年）,0.21MB,A15-09_29_GML.zip
奈良,世界測地系,2015年（平成27年）,0.18MB,A15-15_29_GML.zip
和歌山,世界測地系,2009年（平成21年）,0.40MB,A15-09_30_GML.zip
和歌山,世界測地系,2015年（平成27年）,0.67MB,A15-15_30_GML.zip
鳥取,世界測地系,2009年（平成21年）,0.17MB,A15-09_31_GML.zip
島根,世界測地系,2009年（平成21年）,0.44MB,A15-09_32_GML.zip
島根,世界測地系,2015年（平成27年）,0.43MB,A15-15_32_GML.zip
岡山,世界測地系,2009年（平成21年）,0.43MB,A15-09_33_GML.zip
岡山,世界測地系,2015年（平成27年）,0.39MB,A15-15_33_GML.zip
広島,世界測地系,2009年（平成21年）,0.54MB,A15-09_34_GML.zip
広島,世界測地系,2015年（平成27年）,0.63MB,A15-15_34_GML.zip
山口,世界測地系,2009年（平成21年）,0.95MB,A15-09_35_GML.zip
山口,世界測地系,2015年（平成27年）,0.98MB,A15-15_35_GML.zip
徳島,世界測地系,2009年（平成21年）,0.39MB,A15-09_36_GML.zip
徳島,世界測地系,2015年（平成27年）,0.38MB,A15-15_36_GML.zip
香川,世界測地系,2009年（平成21年）,0.23MB,A15-09_37_GML.zip
香川,世界測地系,2015年（平成27年）,0.29MB,A15-15_37_GML.zip
愛媛,世界測地系,2009年（平成21年）,1.51MB,A15-09_38_GML.zip
愛媛,世界測地系,2015年（平成27年）,1.96MB,A15-15_38_GML.zip
高知,世界測地系,2009年（平成21年）,0.65MB,A15-09_39_GML.zip
高知,世界測地系,2015年（平成27年）,0.78MB,A15-15_39_GML.zip
福岡,世界測地系,2009年（平成21年）,0.37MB,A15-09_40_GML.zip
福岡,世界測地系,2015年（平成27年）,0.64MB,A15-15_40_GML.zip
佐賀,世界測地系,2009年（平成21年）,0.24MB,A15-09_41_GML.zip
佐賀,世界測地系,2015年（平成27年）,0.31MB,A15-15_41_GML.zip
長崎,世界測地系,2009年（平成21年）,1.49MB,A15-09_42_GML.zip
長崎,世界測地系,2015年（平成27年）,1.76MB,A15-15_42_GML.zip
熊本,世界測地系,2009年（平成21年）,0.99MB,A15-09_43_GML.zip
熊本,世界測地系,2015年（平成27年）,0.87MB,A15-15_43_GML.zip
大分,世界測地系,2009年（平成21年）,0.57MB,A15-09_44_GML.zip
大分,世界測地系,2015年（平成27年）,0.61MB,A15-15_44_GML.zip
宮崎,世界測地系,2009年（平成21年）,0.47MB,A15-09_45_GML.zip
鹿児島,世界測地系,2009年（平成21年）,1.30MB,A15-09_46_GML.zip
鹿児島,世界測地系,2015年（平成27年）,1.51MB,A15-15_46_GML.zip
沖縄,世界測地系,2009年（平成21年）,0.37MB,A15-09_47_GML.zip
沖縄,世界測地系,2015年（平成27年）,1.15MB,A15-15_47_GML.zip