[{"filename": "A16-20_GML.zip", "url": "https://nlftp.mlit.go.jp/ksj/gml/data/A16/A16-20/A16-20_GML.zip"}, {"filename": "A16-15_GML.zip", "url": "https://nlftp.mlit.go.jp/ksj/gml/data/A16/A16-15/A16-15_GML.zip"}, {"filename": "A16-10_GML.zip", "url": "https://nlftp.mlit.go.jp/ksj/gml/data/A16/A16-10/A16-10_GML.zip"}, {"filename": "A16-20_01_GML.zip", "url": "https://nlftp.mlit.go.jp/ksj/gml/data/A16/A16-20/A16-20_01_GML.zip"}, {"filename": "A16-15_01_GML.zip", "url": "https://nlftp.mlit.go.jp/ksj/gml/data/A16/A16-15/A16-15_01_GML.zip"}, {"filename": "A16-10_01_GML.zip", "url": "https://nlftp.mlit.go.jp/ksj/gml/data/A16/A16-10/A16-10_01_GML.zip"}, {"filename": "A16-05_01_GML.zip", "url": "https://nlftp.mlit.go.jp/ksj/gml/data/A16/A16-05/A16-05_01_GML.zip"}, {"filename": "A16-00_01_GML.zip", "url": "https://nlftp.mlit.go.jp/ksj/gml/data/A16/A16-00/A16-00_01_GML.zip"}, {"filename": "A16-95_01_GML.zip", "url": "https://nlftp.mlit.go.jp/ksj/gml/data/A16/A16-95/A16-95_01_GML.zip"}, {"filename": "A16-90_01_GML.zip", "url": "https://nlftp.mlit.go.jp/ksj/gml/data/A16/A16-90/A16-90_01_GML.zip"}, {"filename": "A16-85_01_GML.zip", "url": "https://nlftp.mlit.go.jp/ksj/gml/data/A16/A16-85/A16-85_01_GML.zip"}, {"filename": "A16-80_01_GML.zip", "url": "https://nlftp.mlit.go.jp/ksj/gml/data/A16/A16-80/A16-80_01_GML.zip"}, {"filename": "A16-75_01_GML.zip", "url": "https://nlftp.mlit.go.jp/ksj/gml/data/A16/A16-75/A16-75_01_GML.zip"}, {"filename": "A16-70_01_GML.zip", "url": "https://nlftp.mlit.go.jp/ksj/gml/data/A16/A16-70/A16-70_01_GML.zip"}, {"filename": "A16-65_01_GML.zip", "url": "https://nlftp.mlit.go.jp/ksj/gml/data/A16/A16-65/A16-65_01_GML.zip"}, {"filename": "A16-60_01_GML.zip", "url": "https://nlftp.mlit.go.jp/ksj/gml/data/A16/A16-60/A16-60_01_GML.zip"}, {"filename": "A16-20_52_GML.zip", "url": "https://nlftp.mlit.go.jp/ksj/gml/data/A16/A16-20/A16-20_52_GML.zip"}, {"filename": "A16-20_02_GML.zip", "url": "https://nlftp.mlit.go.jp/ksj/gml/data/A16/A16-20/A16-20_02_GML.zip"}, {"filename": "A16-15_02_GML.zip", "url": "https://nlftp.mlit.go.jp/ksj/gml/data/A16/A16-15/A16-15_02_GML.zip"}, {"filename": "A16-10_02_GML.zip", "url": "https://nlftp.mlit.go.jp/ksj/gml/data/A16/A16-10/A16-10_02_GML.zip"}, {"filename": "A16-05_02_GML.zip", "url": "https://nlftp.mlit.go.jp/ksj/gml/data/A16/A16-05/A16-05_02_GML.zip"}, {"filename": "A16-00_02_GML.zip", "url": "https://nlftp.mlit.go.jp/ksj/gml/data/A16/A16-00/A16-00_02_GML.zip"}, {"filename": "A16-95_02_GML.zip", "url": "https://nlftp.mlit.go.jp/ksj/gml/data/A16/A16-95/A16-95_02_GML.zip"}, {"filename": "A16-90_02_GML.zip", "url": "https://nlftp.mlit.go.jp/ksj/gml/data/A16/A16-90/A16-90_02_GML.zip"}, {"filename": "A16-85_02_GML.zip", "url": "https://nlftp.mlit.go.jp/ksj/gml/data/A16/A16-85/A16-85_02_GML.zip"}, {"filename": "A16-80_02_GML.zip", "url": "https://nlftp.mlit.go.jp/ksj/gml/data/A16/A16-80/A16-80_02_GML.zip"}, {"filename": "A16-75_02_GML.zip", "url": "https://nlftp.mlit.go.jp/ksj/gml/data/A16/A16-75/A16-75_02_GML.zip"}, {"filename": "A16-70_02_GML.zip", "url": "https://nlftp.mlit.go.jp/ksj/gml/data/A16/A16-70/A16-70_02_GML.zip"}, {"filename": "A16-65_02_GML.zip", "url": "https://nlftp.mlit.go.jp/ksj/gml/data/A16/A16-65/A16-65_02_GML.zip"}, {"filename": "A16-60_02_GML.zip", "url": "https://nlftp.mlit.go.jp/ksj/gml/data/A16/A16-60/A16-60_02_GML.zip"}, {"filename": "A16-20_03_GML.zip", "url": "https://nlftp.mlit.go.jp/ksj/gml/data/A16/A16-20/A16-20_03_GML.zip"}, {"filename": "A16-15_03_GML.zip", "url": "https://nlftp.mlit.go.jp/ksj/gml/data/A16/A16-15/A16-15_03_GML.zip"}, {"filename": "A16-10_03_GML.zip", "url": "https://nlftp.mlit.go.jp/ksj/gml/data/A16/A16-10/A16-10_03_GML.zip"}, {"filename": "A16-05_03_GML.zip", "url": "https://nlftp.mlit.go.jp/ksj/gml/data/A16/A16-05/A16-05_03_GML.zip"}, {"filename": "A16-00_03_GML.zip", "url": "https://nlftp.mlit.go.jp/ksj/gml/data/A16/A16-00/A16-00_03_GML.zip"}, {"filename": "A16-95_03_GML.zip", "url": "https://nlftp.mlit.go.jp/ksj/gml/data/A16/A16-95/A16-95_03_GML.zip"}, {"filename": "A16-90_03_GML.zip", "url": "https://nlftp.mlit.go.jp/ksj/gml/data/A16/A16-90/A16-90_03_GML.zip"}, {"filename": "A16-85_03_GML.zip", "url": "https://nlftp.mlit.go.jp/ksj/gml/data/A16/A16-85/A16-85_03_GML.zip"}, {"filename": "A16-80_03_GML.zip", "url": "https://nlftp.mlit.go.jp/ksj/gml/data/A16/A16-80/A16-80_03_GML.zip"}, {"filename": "A16-75_03_GML.zip", "url": "https://nlftp.mlit.go.jp/ksj/gml/data/A16/A16-75/A16-75_03_GML.zip"}, {"filename": "A16-70_03_GML.zip", "url": "https://nlftp.mlit.go.jp/ksj/gml/data/A16/A16-70/A16-70_03_GML.zip"}, {"filename": "A16-65_03_GML.zip", "url": "https://nlftp.mlit.go.jp/ksj/gml/data/A16/A16-65/A16-65_03_GML.zip"}, {"filename": "A16-60_03_GML.zip", "url": "https://nlftp.mlit.go.jp/ksj/gml/data/A16/A16-60/A16-60_03_GML.zip"}, {"filename": "A16-20_04_GML.zip", "url": "https://nlftp.mlit.go.jp/ksj/gml/data/A16/A16-20/A16-20_04_GML.zip"}, {"filename": "A16-15_04_GML.zip", "url": "https://nlftp.mlit.go.jp/ksj/gml/data/A16/A16-15/A16-15_04_GML.zip"}, {"filename": "A16-10_04_GML.zip", "url": "https://nlftp.mlit.go.jp/ksj/gml/data/A16/A16-10/A16-10_04_GML.zip"}, {"filename": "A16-05_04_GML.zip", "url": "https://nlftp.mlit.go.jp/ksj/gml/data/A16/A16-05/A16-05_04_GML.zip"}, {"filename": "A16-00_04_GML.zip", "url": "https://nlftp.mlit.go.jp/ksj/gml/data/A16/A16-00/A16-00_04_GML.zip"}, {"filename": "A16-95_04_GML.zip", "url": "https://nlftp.mlit.go.jp/ksj/gml/data/A16/A16-95/A16-95_04_GML.zip"}, {"filename": "A16-90_04_GML.zip", "url": "https://nlftp.mlit.go.jp/ksj/gml/data/A16/A16-90/A16-90_04_GML.zip"}, {"filename": "A16-85_04_GML.zip", "url": "https://nlftp.mlit.go.jp/ksj/gml/data/A16/A16-85/A16-85_04_GML.zip"}, {"filename": "A16-80_04_GML.zip", "url": "https://nlftp.mlit.go.jp/ksj/gml/data/A16/A16-80/A16-80_04_GML.zip"}, {"filename": "A16-75_04_GML.zip", "url": "https://nlftp.mlit.go.jp/ksj/gml/data/A16/A16-75/A16-75_04_GML.zip"}, {"filename": "A16-70_04_GML.zip", "url": "https://nlftp.mlit.go.jp/ksj/gml/data/A16/A16-70/A16-70_04_GML.zip"}, {"filename": "A16-65_04_GML.zip", "url": "https://nlftp.mlit.go.jp/ksj/gml/data/A16/A16-65/A16-65_04_GML.zip"}, {"filename": "A16-60_04_GML.zip", "url": "https://nlftp.mlit.go.jp/ksj/gml/data/A16/A16-60/A16-60_04_GML.zip"}, {"filename": "A16-20_05_GML.zip", "url": "https://nlftp.mlit.go.jp/ksj/gml/data/A16/A16-20/A16-20_05_GML.zip"}, {"filename": "A16-15_05_GML.zip", "url": "https://nlftp.mlit.go.jp/ksj/gml/data/A16/A16-15/A16-15_05_GML.zip"}, {"filename": "A16-10_05_GML.zip", "url": "https://nlftp.mlit.go.jp/ksj/gml/data/A16/A16-10/A16-10_05_GML.zip"}, {"filename": "A16-05_05_GML.zip", "url": "https://nlftp.mlit.go.jp/ksj/gml/data/A16/A16-05/A16-05_05_GML.zip"}, {"filename": "A16-00_05_GML.zip", "url": "https://nlftp.mlit.go.jp/ksj/gml/data/A16/A16-00/A16-00_05_GML.zip"}, {"filename": "A16-95_05_GML.zip", "url": "https://nlftp.mlit.go.jp/ksj/gml/data/A16/A16-95/A16-95_05_GML.zip"}, {"filename": "A16-90_05_GML.zip", "url": "https://nlftp.mlit.go.jp/ksj/gml/data/A16/A16-90/A16-90_05_GML.zip"}, {"filename": "A16-85_05_GML.zip", "url": "https://nlftp.mlit.go.jp/ksj/gml/data/A16/A16-85/A16-85_05_GML.zip"}, {"filename": "A16-80_05_GML.zip", "url": "https://nlftp.mlit.go.jp/ksj/gml/data/A16/A16-80/A16-80_05_GML.zip"}, {"filename": "A16-75_05_GML.zip", "url": "https://nlftp.mlit.go.jp/ksj/gml/data/A16/A16-75/A16-75_05_GML.zip"}, {"filename": "A16-70_05_GML.zip", "url": "https://nlftp.mlit.go.jp/ksj/gml/data/A16/A16-70/A16-70_05_GML.zip"}, {"filename": "A16-65_05_GML.zip", "url": "https://nlftp.mlit.go.jp/ksj/gml/data/A16/A16-65/A16-65_05_GML.zip"}, {"filename": "A16-60_05_GML.zip", "url": "https://nlftp.mlit.go.jp/ksj/gml/data/A16/A16-60/A16-60_05_GML.zip"}, {"filename": "A16-20_06_GML.zip", "url": "https://nlftp.mlit.go.jp/ksj/gml/data/A16/A16-20/A16-20_06_GML.zip"}, {"filename": "A16-15_06_GML.zip", "url": "https://nlftp.mlit.go.jp/ksj/gml/data/A16/A16-15/A16-15_06_GML.zip"}, {"filename": "A16-10_06_GML.zip", "url": "https://nlftp.mlit.go.jp/ksj/gml/data/A16/A16-10/A16-10_06_GML.zip"}, {"filename": "A16-05_06_GML.zip", "url": "https://nlftp.mlit.go.jp/ksj/gml/data/A16/A16-05/A16-05_06_GML.zip"}, {"filename": "A16-00_06_GML.zip", "url": "https://nlftp.mlit.go.jp/ksj/gml/data/A16/A16-00/A16-00_06_GML.zip"}, {"filename": "A16-95_06_GML.zip", "url": "https://nlftp.mlit.go.jp/ksj/gml/data/A16/A16-95/A16-95_06_GML.zip"}, {"filename": "A16-90_06_GML.zip", "url": "https://nlftp.mlit.go.jp/ksj/gml/data/A16/A16-90/A16-90_06_GML.zip"}, {"filename": "A16-85_06_GML.zip", "url": "https://nlftp.mlit.go.jp/ksj/gml/data/A16/A16-85/A16-85_06_GML.zip"}, {"filename": "A16-80_06_GML.zip", "url": "https://nlftp.mlit.go.jp/ksj/gml/data/A16/A16-80/A16-80_06_GML.zip"}, {"filename": "A16-75_06_GML.zip", "url": "https://nlftp.mlit.go.jp/ksj/gml/data/A16/A16-75/A16-75_06_GML.zip"}, {"filename": "A16-70_06_GML.zip", "url": "https://nlftp.mlit.go.jp/ksj/gml/data/A16/A16-70/A16-70_06_GML.zip"}, {"filename": "A16-65_06_GML.zip", "url": "https://nlftp.mlit.go.jp/ksj/gml/data/A16/A16-65/A16-65_06_GML.zip"}, {"filename": "A16-60_06_GML.zip", "url": "https://nlftp.mlit.go.jp/ksj/gml/data/A16/A16-60/A16-60_06_GML.zip"}, {"filename": "A16-20_07_GML.zip", "url": "https://nlftp.mlit.go.jp/ksj/gml/data/A16/A16-20/A16-20_07_GML.zip"}, {"filename": "A16-15_07_GML.zip", "url": "https://nlftp.mlit.go.jp/ksj/gml/data/A16/A16-15/A16-15_07_GML.zip"}, {"filename": "A16-10_07_GML.zip", "url": "https://nlftp.mlit.go.jp/ksj/gml/data/A16/A16-10/A16-10_07_GML.zip"}, {"filename": "A16-05_07_GML.zip", "url": "https://nlftp.mlit.go.jp/ksj/gml/data/A16/A16-05/A16-05_07_GML.zip"}, {"filename": "A16-00_07_GML.zip", "url": "https://nlftp.mlit.go.jp/ksj/gml/data/A16/A16-00/A16-00_07_GML.zip"}, {"filename": "A16-95_07_GML.zip", "url": "https://nlftp.mlit.go.jp/ksj/gml/data/A16/A16-95/A16-95_07_GML.zip"}, {"filename": "A16-90_07_GML.zip", "url": "https://nlftp.mlit.go.jp/ksj/gml/data/A16/A16-90/A16-90_07_GML.zip"}, {"filename": "A16-85_07_GML.zip", "url": "https://nlftp.mlit.go.jp/ksj/gml/data/A16/A16-85/A16-85_07_GML.zip"}, {"filename": "A16-80_07_GML.zip", "url": "https://nlftp.mlit.go.jp/ksj/gml/data/A16/A16-80/A16-80_07_GML.zip"}, {"filename": "A16-75_07_GML.zip", "url": "https://nlftp.mlit.go.jp/ksj/gml/data/A16/A16-75/A16-75_07_GML.zip"}, {"filename": "A16-70_07_GML.zip", "url": "https://nlftp.mlit.go.jp/ksj/gml/data/A16/A16-70/A16-70_07_GML.zip"}, {"filename": "A16-65_07_GML.zip", "url": "https://nlftp.mlit.go.jp/ksj/gml/data/A16/A16-65/A16-65_07_GML.zip"}, {"filename": "A16-60_07_GML.zip", "url": "https://nlftp.mlit.go.jp/ksj/gml/data/A16/A16-60/A16-60_07_GML.zip"}, {"filename": "A16-20_53_GML.zip", "url": "https://nlftp.mlit.go.jp/ksj/gml/data/A16/A16-20/A16-20_53_GML.zip"}, {"filename": "A16-20_08_GML.zip", "url": "https://nlftp.mlit.go.jp/ksj/gml/data/A16/A16-20/A16-20_08_GML.zip"}, {"filename": "A16-15_08_GML.zip", "url": "https://nlftp.mlit.go.jp/ksj/gml/data/A16/A16-15/A16-15_08_GML.zip"}, {"filename": "A16-10_08_GML.zip", "url": "https://nlftp.mlit.go.jp/ksj/gml/data/A16/A16-10/A16-10_08_GML.zip"}, {"filename": "A16-05_08_GML.zip", "url": "https://nlftp.mlit.go.jp/ksj/gml/data/A16/A16-05/A16-05_08_GML.zip"}, {"filename": "A16-00_08_GML.zip", "url": "https://nlftp.mlit.go.jp/ksj/gml/data/A16/A16-00/A16-00_08_GML.zip"}, {"filename": "A16-95_08_GML.zip", "url": "https://nlftp.mlit.go.jp/ksj/gml/data/A16/A16-95/A16-95_08_GML.zip"}, {"filename": "A16-90_08_GML.zip", "url": "https://nlftp.mlit.go.jp/ksj/gml/data/A16/A16-90/A16-90_08_GML.zip"}, {"filename": "A16-85_08_GML.zip", "url": "https://nlftp.mlit.go.jp/ksj/gml/data/A16/A16-85/A16-85_08_GML.zip"}, {"filename": "A16-80_08_GML.zip", "url": "https://nlftp.mlit.go.jp/ksj/gml/data/A16/A16-80/A16-80_08_GML.zip"}, {"filename": "A16-75_08_GML.zip", "url": "https://nlftp.mlit.go.jp/ksj/gml/data/A16/A16-75/A16-75_08_GML.zip"}, {"filename": "A16-70_08_GML.zip", "url": "https://nlftp.mlit.go.jp/ksj/gml/data/A16/A16-70/A16-70_08_GML.zip"}, {"filename": "A16-65_08_GML.zip", "url": "https://nlftp.mlit.go.jp/ksj/gml/data/A16/A16-65/A16-65_08_GML.zip"}, {"filename": "A16-60_08_GML.zip", "url": "https://nlftp.mlit.go.jp/ksj/gml/data/A16/A16-60/A16-60_08_GML.zip"}, {"filename": "A16-20_09_GML.zip", "url": "https://nlftp.mlit.go.jp/ksj/gml/data/A16/A16-20/A16-20_09_GML.zip"}, {"filename": "A16-15_09_GML.zip", "url": "https://nlftp.mlit.go.jp/ksj/gml/data/A16/A16-15/A16-15_09_GML.zip"}, {"filename": "A16-10_09_GML.zip", "url": "https://nlftp.mlit.go.jp/ksj/gml/data/A16/A16-10/A16-10_09_GML.zip"}, {"filename": "A16-05_09_GML.zip", "url": "https://nlftp.mlit.go.jp/ksj/gml/data/A16/A16-05/A16-05_09_GML.zip"}, {"filename": "A16-00_09_GML.zip", "url": "https://nlftp.mlit.go.jp/ksj/gml/data/A16/A16-00/A16-00_09_GML.zip"}, {"filename": "A16-95_09_GML.zip", "url": "https://nlftp.mlit.go.jp/ksj/gml/data/A16/A16-95/A16-95_09_GML.zip"}, {"filename": "A16-90_09_GML.zip", "url": "https://nlftp.mlit.go.jp/ksj/gml/data/A16/A16-90/A16-90_09_GML.zip"}, {"filename": "A16-85_09_GML.zip", "url": "https://nlftp.mlit.go.jp/ksj/gml/data/A16/A16-85/A16-85_09_GML.zip"}, {"filename": "A16-80_09_GML.zip", "url": "https://nlftp.mlit.go.jp/ksj/gml/data/A16/A16-80/A16-80_09_GML.zip"}, {"filename": "A16-75_09_GML.zip", "url": "https://nlftp.mlit.go.jp/ksj/gml/data/A16/A16-75/A16-75_09_GML.zip"}, {"filename": "A16-70_09_GML.zip", "url": "https://nlftp.mlit.go.jp/ksj/gml/data/A16/A16-70/A16-70_09_GML.zip"}, {"filename": "A16-65_09_GML.zip", "url": "https://nlftp.mlit.go.jp/ksj/gml/data/A16/A16-65/A16-65_09_GML.zip"}, {"filename": "A16-60_09_GML.zip", "url": "https://nlftp.mlit.go.jp/ksj/gml/data/A16/A16-60/A16-60_09_GML.zip"}, {"filename": "A16-20_10_GML.zip", "url": "https://nlftp.mlit.go.jp/ksj/gml/data/A16/A16-20/A16-20_10_GML.zip"}, {"filename": "A16-15_10_GML.zip", "url": "https://nlftp.mlit.go.jp/ksj/gml/data/A16/A16-15/A16-15_10_GML.zip"}, {"filename": "A16-10_10_GML.zip", "url": "https://nlftp.mlit.go.jp/ksj/gml/data/A16/A16-10/A16-10_10_GML.zip"}, {"filename": "A16-05_10_GML.zip", "url": "https://nlftp.mlit.go.jp/ksj/gml/data/A16/A16-05/A16-05_10_GML.zip"}, {"filename": "A16-00_10_GML.zip", "url": "https://nlftp.mlit.go.jp/ksj/gml/data/A16/A16-00/A16-00_10_GML.zip"}, {"filename": "A16-95_10_GML.zip", "url": "https://nlftp.mlit.go.jp/ksj/gml/data/A16/A16-95/A16-95_10_GML.zip"}, {"filename": "A16-90_10_GML.zip", "url": "https://nlftp.mlit.go.jp/ksj/gml/data/A16/A16-90/A16-90_10_GML.zip"}, {"filename": "A16-85_10_GML.zip", "url": "https://nlftp.mlit.go.jp/ksj/gml/data/A16/A16-85/A16-85_10_GML.zip"}, {"filename": "A16-80_10_GML.zip", "url": "https://nlftp.mlit.go.jp/ksj/gml/data/A16/A16-80/A16-80_10_GML.zip"}, {"filename": "A16-75_10_GML.zip", "url": "https://nlftp.mlit.go.jp/ksj/gml/data/A16/A16-75/A16-75_10_GML.zip"}, {"filename": "A16-70_10_GML.zip", "url": "https://nlftp.mlit.go.jp/ksj/gml/data/A16/A16-70/A16-70_10_GML.zip"}, {"filename": "A16-65_10_GML.zip", "url": "https://nlftp.mlit.go.jp/ksj/gml/data/A16/A16-65/A16-65_10_GML.zip"}, {"filename": "A16-60_10_GML.zip", "url": "https://nlftp.mlit.go.jp/ksj/gml/data/A16/A16-60/A16-60_10_GML.zip"}, {"filename": "A16-20_11_GML.zip", "url": "https://nlftp.mlit.go.jp/ksj/gml/data/A16/A16-20/A16-20_11_GML.zip"}, {"filename": "A16-15_11_GML.zip", "url": "https://nlftp.mlit.go.jp/ksj/gml/data/A16/A16-15/A16-15_11_GML.zip"}, {"filename": "A16-10_11_GML.zip", "url": "https://nlftp.mlit.go.jp/ksj/gml/data/A16/A16-10/A16-10_11_GML.zip"}, {"filename": "A16-05_11_GML.zip", "url": "https://nlftp.mlit.go.jp/ksj/gml/data/A16/A16-05/A16-05_11_GML.zip"}, {"filename": "A16-00_11_GML.zip", "url": "https://nlftp.mlit.go.jp/ksj/gml/data/A16/A16-00/A16-00_11_GML.zip"}, {"filename": "A16-95_11_GML.zip", "url": "https://nlftp.mlit.go.jp/ksj/gml/data/A16/A16-95/A16-95_11_GML.zip"}, {"filename": "A16-90_11_GML.zip", "url": "https://nlftp.mlit.go.jp/ksj/gml/data/A16/A16-90/A16-90_11_GML.zip"}, {"filename": "A16-85_11_GML.zip", "url": "https://nlftp.mlit.go.jp/ksj/gml/data/A16/A16-85/A16-85_11_GML.zip"}, {"filename": "A16-80_11_GML.zip", "url": "https://nlftp.mlit.go.jp/ksj/gml/data/A16/A16-80/A16-80_11_GML.zip"}, {"filename": "A16-75_11_GML.zip", "url": "https://nlftp.mlit.go.jp/ksj/gml/data/A16/A16-75/A16-75_11_GML.zip"}, {"filename": "A16-70_11_GML.zip", "url": "https://nlftp.mlit.go.jp/ksj/gml/data/A16/A16-70/A16-70_11_GML.zip"}, {"filename": "A16-65_11_GML.zip", "url": "https://nlftp.mlit.go.jp/ksj/gml/data/A16/A16-65/A16-65_11_GML.zip"}, {"filename": "A16-60_11_GML.zip", "url": "https://nlftp.mlit.go.jp/ksj/gml/data/A16/A16-60/A16-60_11_GML.zip"}, {"filename": "A16-20_12_GML.zip", "url": "https://nlftp.mlit.go.jp/ksj/gml/data/A16/A16-20/A16-20_12_GML.zip"}, {"filename": "A16-15_12_GML.zip", "url": "https://nlftp.mlit.go.jp/ksj/gml/data/A16/A16-15/A16-15_12_GML.zip"}, {"filename": "A16-10_12_GML.zip", "url": "https://nlftp.mlit.go.jp/ksj/gml/data/A16/A16-10/A16-10_12_GML.zip"}, {"filename": "A16-05_12_GML.zip", "url": "https://nlftp.mlit.go.jp/ksj/gml/data/A16/A16-05/A16-05_12_GML.zip"}, {"filename": "A16-00_12_GML.zip", "url": "https://nlftp.mlit.go.jp/ksj/gml/data/A16/A16-00/A16-00_12_GML.zip"}, {"filename": "A16-95_12_GML.zip", "url": "https://nlftp.mlit.go.jp/ksj/gml/data/A16/A16-95/A16-95_12_GML.zip"}, {"filename": "A16-90_12_GML.zip", "url": "https://nlftp.mlit.go.jp/ksj/gml/data/A16/A16-90/A16-90_12_GML.zip"}, {"filename": "A16-85_12_GML.zip", "url": "https://nlftp.mlit.go.jp/ksj/gml/data/A16/A16-85/A16-85_12_GML.zip"}, {"filename": "A16-80_12_GML.zip", "url": "https://nlftp.mlit.go.jp/ksj/gml/data/A16/A16-80/A16-80_12_GML.zip"}, {"filename": "A16-75_12_GML.zip", "url": "https://nlftp.mlit.go.jp/ksj/gml/data/A16/A16-75/A16-75_12_GML.zip"}, {"filename": "A16-70_12_GML.zip", "url": "https://nlftp.mlit.go.jp/ksj/gml/data/A16/A16-70/A16-70_12_GML.zip"}, {"filename": "A16-65_12_GML.zip", "url": "https://nlftp.mlit.go.jp/ksj/gml/data/A16/A16-65/A16-65_12_GML.zip"}, {"filename": "A16-60_12_GML.zip", "url": "https://nlftp.mlit.go.jp/ksj/gml/data/A16/A16-60/A16-60_12_GML.zip"}, {"filename": "A16-20_13_GML.zip", "url": "https://nlftp.mlit.go.jp/ksj/gml/data/A16/A16-20/A16-20_13_GML.zip"}, {"filename": "A16-15_13_GML.zip", "url": "https://nlftp.mlit.go.jp/ksj/gml/data/A16/A16-15/A16-15_13_GML.zip"}, {"filename": "A16-10_13_GML.zip", "url": "https://nlftp.mlit.go.jp/ksj/gml/data/A16/A16-10/A16-10_13_GML.zip"}, {"filename": "A16-05_13_GML.zip", "url": "https://nlftp.mlit.go.jp/ksj/gml/data/A16/A16-05/A16-05_13_GML.zip"}, {"filename": "A16-00_13_GML.zip", "url": "https://nlftp.mlit.go.jp/ksj/gml/data/A16/A16-00/A16-00_13_GML.zip"}, {"filename": "A16-95_13_GML.zip", "url": "https://nlftp.mlit.go.jp/ksj/gml/data/A16/A16-95/A16-95_13_GML.zip"}, {"filename": "A16-90_13_GML.zip", "url": "https://nlftp.mlit.go.jp/ksj/gml/data/A16/A16-90/A16-90_13_GML.zip"}, {"filename": "A16-85_13_GML.zip", "url": "https://nlftp.mlit.go.jp/ksj/gml/data/A16/A16-85/A16-85_13_GML.zip"}, {"filename": "A16-80_13_GML.zip", "url": "https://nlftp.mlit.go.jp/ksj/gml/data/A16/A16-80/A16-80_13_GML.zip"}, {"filename": "A16-75_13_GML.zip", "url": "https://nlftp.mlit.go.jp/ksj/gml/data/A16/A16-75/A16-75_13_GML.zip"}, {"filename": "A16-70_13_GML.zip", "url": "https://nlftp.mlit.go.jp/ksj/gml/data/A16/A16-70/A16-70_13_GML.zip"}, {"filename": "A16-65_13_GML.zip", "url": "https://nlftp.mlit.go.jp/ksj/gml/data/A16/A16-65/A16-65_13_GML.zip"}, {"filename": "A16-60_13_GML.zip", "url": "https://nlftp.mlit.go.jp/ksj/gml/data/A16/A16-60/A16-60_13_GML.zip"}, {"filename": "A16-20_14_GML.zip", "url": "https://nlftp.mlit.go.jp/ksj/gml/data/A16/A16-20/A16-20_14_GML.zip"}, {"filename": "A16-15_14_GML.zip", "url": "https://nlftp.mlit.go.jp/ksj/gml/data/A16/A16-15/A16-15_14_GML.zip"}, {"filename": "A16-10_14_GML.zip", "url": "https://nlftp.mlit.go.jp/ksj/gml/data/A16/A16-10/A16-10_14_GML.zip"}, {"filename": "A16-05_14_GML.zip", "url": "https://nlftp.mlit.go.jp/ksj/gml/data/A16/A16-05/A16-05_14_GML.zip"}, {"filename": "A16-00_14_GML.zip", "url": "https://nlftp.mlit.go.jp/ksj/gml/data/A16/A16-00/A16-00_14_GML.zip"}, {"filename": "A16-95_14_GML.zip", "url": "https://nlftp.mlit.go.jp/ksj/gml/data/A16/A16-95/A16-95_14_GML.zip"}, {"filename": "A16-90_14_GML.zip", "url": "https://nlftp.mlit.go.jp/ksj/gml/data/A16/A16-90/A16-90_14_GML.zip"}, {"filename": "A16-85_14_GML.zip", "url": "https://nlftp.mlit.go.jp/ksj/gml/data/A16/A16-85/A16-85_14_GML.zip"}, {"filename": "A16-80_14_GML.zip", "url": "https://nlftp.mlit.go.jp/ksj/gml/data/A16/A16-80/A16-80_14_GML.zip"}, {"filename": "A16-75_14_GML.zip", "url": "https://nlftp.mlit.go.jp/ksj/gml/data/A16/A16-75/A16-75_14_GML.zip"}, {"filename": "A16-70_14_GML.zip", "url": "https://nlftp.mlit.go.jp/ksj/gml/data/A16/A16-70/A16-70_14_GML.zip"}, {"filename": "A16-65_14_GML.zip", "url": "https://nlftp.mlit.go.jp/ksj/gml/data/A16/A16-65/A16-65_14_GML.zip"}, {"filename": "A16-60_14_GML.zip", "url": "https://nlftp.mlit.go.jp/ksj/gml/data/A16/A16-60/A16-60_14_GML.zip"}, {"filename": "A16-20_54_GML.zip", "url": "https://nlftp.mlit.go.jp/ksj/gml/data/A16/A16-20/A16-20_54_GML.zip"}, {"filename": "A16-20_15_GML.zip", "url": "https://nlftp.mlit.go.jp/ksj/gml/data/A16/A16-20/A16-20_15_GML.zip"}, {"filename": "A16-15_15_GML.zip", "url": "https://nlftp.mlit.go.jp/ksj/gml/data/A16/A16-15/A16-15_15_GML.zip"}, {"filename": "A16-10_15_GML.zip", "url": "https://nlftp.mlit.go.jp/ksj/gml/data/A16/A16-10/A16-10_15_GML.zip"}, {"filename": "A16-05_15_GML.zip", "url": "https://nlftp.mlit.go.jp/ksj/gml/data/A16/A16-05/A16-05_15_GML.zip"}, {"filename": "A16-00_15_GML.zip", "url": "https://nlftp.mlit.go.jp/ksj/gml/data/A16/A16-00/A16-00_15_GML.zip"}, {"filename": "A16-95_15_GML.zip", "url": "https://nlftp.mlit.go.jp/ksj/gml/data/A16/A16-95/A16-95_15_GML.zip"}, {"filename": "A16-90_15_GML.zip", "url": "https://nlftp.mlit.go.jp/ksj/gml/data/A16/A16-90/A16-90_15_GML.zip"}, {"filename": "A16-85_15_GML.zip", "url": "https://nlftp.mlit.go.jp/ksj/gml/data/A16/A16-85/A16-85_15_GML.zip"}, {"filename": "A16-80_15_GML.zip", "url": "https://nlftp.mlit.go.jp/ksj/gml/data/A16/A16-80/A16-80_15_GML.zip"}, {"filename": "A16-75_15_GML.zip", "url": "https://nlftp.mlit.go.jp/ksj/gml/data/A16/A16-75/A16-75_15_GML.zip"}, {"filename": "A16-70_15_GML.zip", "url": "https://nlftp.mlit.go.jp/ksj/gml/data/A16/A16-70/A16-70_15_GML.zip"}, {"filename": "A16-65_15_GML.zip", "url": "https://nlftp.mlit.go.jp/ksj/gml/data/A16/A16-65/A16-65_15_GML.zip"}, {"filename": "A16-60_15_GML.zip", "url": "https://nlftp.mlit.go.jp/ksj/gml/data/A16/A16-60/A16-60_15_GML.zip"}, {"filename": "A16-20_16_GML.zip", "url": "https://nlftp.mlit.go.jp/ksj/gml/data/A16/A16-20/A16-20_16_GML.zip"}, {"filename": "A16-15_16_GML.zip", "url": "https://nlftp.mlit.go.jp/ksj/gml/data/A16/A16-15/A16-15_16_GML.zip"}, {"filename": "A16-10_16_GML.zip", "url": "https://nlftp.mlit.go.jp/ksj/gml/data/A16/A16-10/A16-10_16_GML.zip"}, {"filename": "A16-05_16_GML.zip", "url": "https://nlftp.mlit.go.jp/ksj/gml/data/A16/A16-05/A16-05_16_GML.zip"}, {"filename": "A16-00_16_GML.zip", "url": "https://nlftp.mlit.go.jp/ksj/gml/data/A16/A16-00/A16-00_16_GML.zip"}, {"filename": "A16-95_16_GML.zip", "url": "https://nlftp.mlit.go.jp/ksj/gml/data/A16/A16-95/A16-95_16_GML.zip"}, {"filename": "A16-90_16_GML.zip", "url": "https://nlftp.mlit.go.jp/ksj/gml/data/A16/A16-90/A16-90_16_GML.zip"}, {"filename": "A16-85_16_GML.zip", "url": "https://nlftp.mlit.go.jp/ksj/gml/data/A16/A16-85/A16-85_16_GML.zip"}, {"filename": "A16-80_16_GML.zip", "url": "https://nlftp.mlit.go.jp/ksj/gml/data/A16/A16-80/A16-80_16_GML.zip"}, {"filename": "A16-75_16_GML.zip", "url": "https://nlftp.mlit.go.jp/ksj/gml/data/A16/A16-75/A16-75_16_GML.zip"}, {"filename": "A16-70_16_GML.zip", "url": "https://nlftp.mlit.go.jp/ksj/gml/data/A16/A16-70/A16-70_16_GML.zip"}, {"filename": "A16-65_16_GML.zip", "url": "https://nlftp.mlit.go.jp/ksj/gml/data/A16/A16-65/A16-65_16_GML.zip"}, {"filename": "A16-60_16_GML.zip", "url": "https://nlftp.mlit.go.jp/ksj/gml/data/A16/A16-60/A16-60_16_GML.zip"}, {"filename": "A16-20_17_GML.zip", "url": "https://nlftp.mlit.go.jp/ksj/gml/data/A16/A16-20/A16-20_17_GML.zip"}, {"filename": "A16-15_17_GML.zip", "url": "https://nlftp.mlit.go.jp/ksj/gml/data/A16/A16-15/A16-15_17_GML.zip"}, {"filename": "A16-10_17_GML.zip", "url": "https://nlftp.mlit.go.jp/ksj/gml/data/A16/A16-10/A16-10_17_GML.zip"}, {"filename": "A16-05_17_GML.zip", "url": "https://nlftp.mlit.go.jp/ksj/gml/data/A16/A16-05/A16-05_17_GML.zip"}, {"filename": "A16-00_17_GML.zip", "url": "https://nlftp.mlit.go.jp/ksj/gml/data/A16/A16-00/A16-00_17_GML.zip"}, {"filename": "A16-95_17_GML.zip", "url": "https://nlftp.mlit.go.jp/ksj/gml/data/A16/A16-95/A16-95_17_GML.zip"}, {"filename": "A16-90_17_GML.zip", "url": "https://nlftp.mlit.go.jp/ksj/gml/data/A16/A16-90/A16-90_17_GML.zip"}, {"filename": "A16-85_17_GML.zip", "url": "https://nlftp.mlit.go.jp/ksj/gml/data/A16/A16-85/A16-85_17_GML.zip"}, {"filename": "A16-80_17_GML.zip", "url": "https://nlftp.mlit.go.jp/ksj/gml/data/A16/A16-80/A16-80_17_GML.zip"}, {"filename": "A16-75_17_GML.zip", "url": "https://nlftp.mlit.go.jp/ksj/gml/data/A16/A16-75/A16-75_17_GML.zip"}, {"filename": "A16-70_17_GML.zip", "url": "https://nlftp.mlit.go.jp/ksj/gml/data/A16/A16-70/A16-70_17_GML.zip"}, {"filename": "A16-65_17_GML.zip", "url": "https://nlftp.mlit.go.jp/ksj/gml/data/A16/A16-65/A16-65_17_GML.zip"}, {"filename": "A16-60_17_GML.zip", "url": "https://nlftp.mlit.go.jp/ksj/gml/data/A16/A16-60/A16-60_17_GML.zip"}, {"filename": "A16-20_18_GML.zip", "url": "https://nlftp.mlit.go.jp/ksj/gml/data/A16/A16-20/A16-20_18_GML.zip"}, {"filename": "A16-15_18_GML.zip", "url": "https://nlftp.mlit.go.jp/ksj/gml/data/A16/A16-15/A16-15_18_GML.zip"}, {"filename": "A16-10_18_GML.zip", "url": "https://nlftp.mlit.go.jp/ksj/gml/data/A16/A16-10/A16-10_18_GML.zip"}, {"filename": "A16-05_18_GML.zip", "url": "https://nlftp.mlit.go.jp/ksj/gml/data/A16/A16-05/A16-05_18_GML.zip"}, {"filename": "A16-00_18_GML.zip", "url": "https://nlftp.mlit.go.jp/ksj/gml/data/A16/A16-00/A16-00_18_GML.zip"}, {"filename": "A16-95_18_GML.zip", "url": "https://nlftp.mlit.go.jp/ksj/gml/data/A16/A16-95/A16-95_18_GML.zip"}, {"filename": "A16-90_18_GML.zip", "url": "https://nlftp.mlit.go.jp/ksj/gml/data/A16/A16-90/A16-90_18_GML.zip"}, {"filename": "A16-85_18_GML.zip", "url": "https://nlftp.mlit.go.jp/ksj/gml/data/A16/A16-85/A16-85_18_GML.zip"}, {"filename": "A16-80_18_GML.zip", "url": "https://nlftp.mlit.go.jp/ksj/gml/data/A16/A16-80/A16-80_18_GML.zip"}, {"filename": "A16-75_18_GML.zip", "url": "https://nlftp.mlit.go.jp/ksj/gml/data/A16/A16-75/A16-75_18_GML.zip"}, {"filename": "A16-70_18_GML.zip", "url": "https://nlftp.mlit.go.jp/ksj/gml/data/A16/A16-70/A16-70_18_GML.zip"}, {"filename": "A16-65_18_GML.zip", "url": "https://nlftp.mlit.go.jp/ksj/gml/data/A16/A16-65/A16-65_18_GML.zip"}, {"filename": "A16-60_18_GML.zip", "url": "https://nlftp.mlit.go.jp/ksj/gml/data/A16/A16-60/A16-60_18_GML.zip"}, {"filename": "A16-20_19_GML.zip", "url": "https://nlftp.mlit.go.jp/ksj/gml/data/A16/A16-20/A16-20_19_GML.zip"}, {"filename": "A16-15_19_GML.zip", "url": "https://nlftp.mlit.go.jp/ksj/gml/data/A16/A16-15/A16-15_19_GML.zip"}, {"filename": "A16-10_19_GML.zip", "url": "https://nlftp.mlit.go.jp/ksj/gml/data/A16/A16-10/A16-10_19_GML.zip"}, {"filename": "A16-05_19_GML.zip", "url": "https://nlftp.mlit.go.jp/ksj/gml/data/A16/A16-05/A16-05_19_GML.zip"}, {"filename": "A16-00_19_GML.zip", "url": "https://nlftp.mlit.go.jp/ksj/gml/data/A16/A16-00/A16-00_19_GML.zip"}, {"filename": "A16-95_19_GML.zip", "url": "https://nlftp.mlit.go.jp/ksj/gml/data/A16/A16-95/A16-95_19_GML.zip"}, {"filename": "A16-90_19_GML.zip", "url": "https://nlftp.mlit.go.jp/ksj/gml/data/A16/A16-90/A16-90_19_GML.zip"}, {"filename": "A16-85_19_GML.zip", "url": "https://nlftp.mlit.go.jp/ksj/gml/data/A16/A16-85/A16-85_19_GML.zip"}, {"filename": "A16-80_19_GML.zip", "url": "https://nlftp.mlit.go.jp/ksj/gml/data/A16/A16-80/A16-80_19_GML.zip"}, {"filename": "A16-75_19_GML.zip", "url": "https://nlftp.mlit.go.jp/ksj/gml/data/A16/A16-75/A16-75_19_GML.zip"}, {"filename": "A16-70_19_GML.zip", "url": "https://nlftp.mlit.go.jp/ksj/gml/data/A16/A16-70/A16-70_19_GML.zip"}, {"filename": "A16-65_19_GML.zip", "url": "https://nlftp.mlit.go.jp/ksj/gml/data/A16/A16-65/A16-65_19_GML.zip"}, {"filename": "A16-60_19_GML.zip", "url": "https://nlftp.mlit.go.jp/ksj/gml/data/A16/A16-60/A16-60_19_GML.zip"}, {"filename": "A16-20_20_GML.zip", "url": "https://nlftp.mlit.go.jp/ksj/gml/data/A16/A16-20/A16-20_20_GML.zip"}, {"filename": "A16-15_20_GML.zip", "url": "https://nlftp.mlit.go.jp/ksj/gml/data/A16/A16-15/A16-15_20_GML.zip"}, {"filename": "A16-10_20_GML.zip", "url": "https://nlftp.mlit.go.jp/ksj/gml/data/A16/A16-10/A16-10_20_GML.zip"}, {"filename": "A16-05_20_GML.zip", "url": "https://nlftp.mlit.go.jp/ksj/gml/data/A16/A16-05/A16-05_20_GML.zip"}, {"filename": "A16-00_20_GML.zip", "url": "https://nlftp.mlit.go.jp/ksj/gml/data/A16/A16-00/A16-00_20_GML.zip"}, {"filename": "A16-95_20_GML.zip", "url": "https://nlftp.mlit.go.jp/ksj/gml/data/A16/A16-95/A16-95_20_GML.zip"}, {"filename": "A16-90_20_GML.zip", "url": "https://nlftp.mlit.go.jp/ksj/gml/data/A16/A16-90/A16-90_20_GML.zip"}, {"filename": "A16-85_20_GML.zip", "url": "https://nlftp.mlit.go.jp/ksj/gml/data/A16/A16-85/A16-85_20_GML.zip"}, {"filename": "A16-80_20_GML.zip", "url": "https://nlftp.mlit.go.jp/ksj/gml/data/A16/A16-80/A16-80_20_GML.zip"}, {"filename": "A16-75_20_GML.zip", "url": "https://nlftp.mlit.go.jp/ksj/gml/data/A16/A16-75/A16-75_20_GML.zip"}, {"filename": "A16-70_20_GML.zip", "url": "https://nlftp.mlit.go.jp/ksj/gml/data/A16/A16-70/A16-70_20_GML.zip"}, {"filename": "A16-65_20_GML.zip", "url": "https://nlftp.mlit.go.jp/ksj/gml/data/A16/A16-65/A16-65_20_GML.zip"}, {"filename": "A16-60_20_GML.zip", "url": "https://nlftp.mlit.go.jp/ksj/gml/data/A16/A16-60/A16-60_20_GML.zip"}, {"filename": "A16-20_55_GML.zip", "url": "https://nlftp.mlit.go.jp/ksj/gml/data/A16/A16-20/A16-20_55_GML.zip"}, {"filename": "A16-20_21_GML.zip", "url": "https://nlftp.mlit.go.jp/ksj/gml/data/A16/A16-20/A16-20_21_GML.zip"}, {"filename": "A16-15_21_GML.zip", "url": "https://nlftp.mlit.go.jp/ksj/gml/data/A16/A16-15/A16-15_21_GML.zip"}, {"filename": "A16-10_21_GML.zip", "url": "https://nlftp.mlit.go.jp/ksj/gml/data/A16/A16-10/A16-10_21_GML.zip"}, {"filename": "A16-05_21_GML.zip", "url": "https://nlftp.mlit.go.jp/ksj/gml/data/A16/A16-05/A16-05_21_GML.zip"}, {"filename": "A16-00_21_GML.zip", "url": "https://nlftp.mlit.go.jp/ksj/gml/data/A16/A16-00/A16-00_21_GML.zip"}, {"filename": "A16-95_21_GML.zip", "url": "https://nlftp.mlit.go.jp/ksj/gml/data/A16/A16-95/A16-95_21_GML.zip"}, {"filename": "A16-90_21_GML.zip", "url": "https://nlftp.mlit.go.jp/ksj/gml/data/A16/A16-90/A16-90_21_GML.zip"}, {"filename": "A16-85_21_GML.zip", "url": "https://nlftp.mlit.go.jp/ksj/gml/data/A16/A16-85/A16-85_21_GML.zip"}, {"filename": "A16-80_21_GML.zip", "url": "https://nlftp.mlit.go.jp/ksj/gml/data/A16/A16-80/A16-80_21_GML.zip"}, {"filename": "A16-75_21_GML.zip", "url": "https://nlftp.mlit.go.jp/ksj/gml/data/A16/A16-75/A16-75_21_GML.zip"}, {"filename": "A16-70_21_GML.zip", "url": "https://nlftp.mlit.go.jp/ksj/gml/data/A16/A16-70/A16-70_21_GML.zip"}, {"filename": "A16-65_21_GML.zip", "url": "https://nlftp.mlit.go.jp/ksj/gml/data/A16/A16-65/A16-65_21_GML.zip"}, {"filename": "A16-60_21_GML.zip", "url": "https://nlftp.mlit.go.jp/ksj/gml/data/A16/A16-60/A16-60_21_GML.zip"}, {"filename": "A16-20_22_GML.zip", "url": "https://nlftp.mlit.go.jp/ksj/gml/data/A16/A16-20/A16-20_22_GML.zip"}, {"filename": "A16-15_22_GML.zip", "url": "https://nlftp.mlit.go.jp/ksj/gml/data/A16/A16-15/A16-15_22_GML.zip"}, {"filename": "A16-10_22_GML.zip", "url": "https://nlftp.mlit.go.jp/ksj/gml/data/A16/A16-10/A16-10_22_GML.zip"}, {"filename": "A16-05_22_GML.zip", "url": "https://nlftp.mlit.go.jp/ksj/gml/data/A16/A16-05/A16-05_22_GML.zip"}, {"filename": "A16-00_22_GML.zip", "url": "https://nlftp.mlit.go.jp/ksj/gml/data/A16/A16-00/A16-00_22_GML.zip"}, {"filename": "A16-95_22_GML.zip", "url": "https://nlftp.mlit.go.jp/ksj/gml/data/A16/A16-95/A16-95_22_GML.zip"}, {"filename": "A16-90_22_GML.zip", "url": "https://nlftp.mlit.go.jp/ksj/gml/data/A16/A16-90/A16-90_22_GML.zip"}, {"filename": "A16-85_22_GML.zip", "url": "https://nlftp.mlit.go.jp/ksj/gml/data/A16/A16-85/A16-85_22_GML.zip"}, {"filename": "A16-80_22_GML.zip", "url": "https://nlftp.mlit.go.jp/ksj/gml/data/A16/A16-80/A16-80_22_GML.zip"}, {"filename": "A16-75_22_GML.zip", "url": "https://nlftp.mlit.go.jp/ksj/gml/data/A16/A16-75/A16-75_22_GML.zip"}, {"filename": "A16-70_22_GML.zip", "url": "https://nlftp.mlit.go.jp/ksj/gml/data/A16/A16-70/A16-70_22_GML.zip"}, {"filename": "A16-65_22_GML.zip", "url": "https://nlftp.mlit.go.jp/ksj/gml/data/A16/A16-65/A16-65_22_GML.zip"}, {"filename": "A16-60_22_GML.zip", "url": "https://nlftp.mlit.go.jp/ksj/gml/data/A16/A16-60/A16-60_22_GML.zip"}, {"filename": "A16-20_23_GML.zip", "url": "https://nlftp.mlit.go.jp/ksj/gml/data/A16/A16-20/A16-20_23_GML.zip"}, {"filename": "A16-15_23_GML.zip", "url": "https://nlftp.mlit.go.jp/ksj/gml/data/A16/A16-15/A16-15_23_GML.zip"}, {"filename": "A16-10_23_GML.zip", "url": "https://nlftp.mlit.go.jp/ksj/gml/data/A16/A16-10/A16-10_23_GML.zip"}, {"filename": "A16-05_23_GML.zip", "url": "https://nlftp.mlit.go.jp/ksj/gml/data/A16/A16-05/A16-05_23_GML.zip"}, {"filename": "A16-00_23_GML.zip", "url": "https://nlftp.mlit.go.jp/ksj/gml/data/A16/A16-00/A16-00_23_GML.zip"}, {"filename": "A16-95_23_GML.zip", "url": "https://nlftp.mlit.go.jp/ksj/gml/data/A16/A16-95/A16-95_23_GML.zip"}, {"filename": "A16-90_23_GML.zip", "url": "https://nlftp.mlit.go.jp/ksj/gml/data/A16/A16-90/A16-90_23_GML.zip"}, {"filename": "A16-85_23_GML.zip", "url": "https://nlftp.mlit.go.jp/ksj/gml/data/A16/A16-85/A16-85_23_GML.zip"}, {"filename": "A16-80_23_GML.zip", "url": "https://nlftp.mlit.go.jp/ksj/gml/data/A16/A16-80/A16-80_23_GML.zip"}, {"filename": "A16-75_23_GML.zip", "url": "https://nlftp.mlit.go.jp/ksj/gml/data/A16/A16-75/A16-75_23_GML.zip"}, {"filename": "A16-70_23_GML.zip", "url": "https://nlftp.mlit.go.jp/ksj/gml/data/A16/A16-70/A16-70_23_GML.zip"}, {"filename": "A16-65_23_GML.zip", "url": "https://nlftp.mlit.go.jp/ksj/gml/data/A16/A16-65/A16-65_23_GML.zip"}, {"filename": "A16-60_23_GML.zip", "url": "https://nlftp.mlit.go.jp/ksj/gml/data/A16/A16-60/A16-60_23_GML.zip"}, {"filename": "A16-20_24_GML.zip", "url": "https://nlftp.mlit.go.jp/ksj/gml/data/A16/A16-20/A16-20_24_GML.zip"}, {"filename": "A16-15_24_GML.zip", "url": "https://nlftp.mlit.go.jp/ksj/gml/data/A16/A16-15/A16-15_24_GML.zip"}, {"filename": "A16-10_24_GML.zip", "url": "https://nlftp.mlit.go.jp/ksj/gml/data/A16/A16-10/A16-10_24_GML.zip"}, {"filename": "A16-05_24_GML.zip", "url": "https://nlftp.mlit.go.jp/ksj/gml/data/A16/A16-05/A16-05_24_GML.zip"}, {"filename": "A16-00_24_GML.zip", "url": "https://nlftp.mlit.go.jp/ksj/gml/data/A16/A16-00/A16-00_24_GML.zip"}, {"filename": "A16-95_24_GML.zip", "url": "https://nlftp.mlit.go.jp/ksj/gml/data/A16/A16-95/A16-95_24_GML.zip"}, {"filename": "A16-90_24_GML.zip", "url": "https://nlftp.mlit.go.jp/ksj/gml/data/A16/A16-90/A16-90_24_GML.zip"}, {"filename": "A16-85_24_GML.zip", "url": "https://nlftp.mlit.go.jp/ksj/gml/data/A16/A16-85/A16-85_24_GML.zip"}, {"filename": "A16-80_24_GML.zip", "url": "https://nlftp.mlit.go.jp/ksj/gml/data/A16/A16-80/A16-80_24_GML.zip"}, {"filename": "A16-75_24_GML.zip", "url": "https://nlftp.mlit.go.jp/ksj/gml/data/A16/A16-75/A16-75_24_GML.zip"}, {"filename": "A16-70_24_GML.zip", "url": "https://nlftp.mlit.go.jp/ksj/gml/data/A16/A16-70/A16-70_24_GML.zip"}, {"filename": "A16-65_24_GML.zip", "url": "https://nlftp.mlit.go.jp/ksj/gml/data/A16/A16-65/A16-65_24_GML.zip"}, {"filename": "A16-60_24_GML.zip", "url": "https://nlftp.mlit.go.jp/ksj/gml/data/A16/A16-60/A16-60_24_GML.zip"}, {"filename": "A16-20_56_GML.zip", "url": "https://nlftp.mlit.go.jp/ksj/gml/data/A16/A16-20/A16-20_56_GML.zip"}, {"filename": "A16-20_25_GML.zip", "url": "https://nlftp.mlit.go.jp/ksj/gml/data/A16/A16-20/A16-20_25_GML.zip"}, {"filename": "A16-15_25_GML.zip", "url": "https://nlftp.mlit.go.jp/ksj/gml/data/A16/A16-15/A16-15_25_GML.zip"}, {"filename": "A16-10_25_GML.zip", "url": "https://nlftp.mlit.go.jp/ksj/gml/data/A16/A16-10/A16-10_25_GML.zip"}, {"filename": "A16-05_25_GML.zip", "url": "https://nlftp.mlit.go.jp/ksj/gml/data/A16/A16-05/A16-05_25_GML.zip"}, {"filename": "A16-00_25_GML.zip", "url": "https://nlftp.mlit.go.jp/ksj/gml/data/A16/A16-00/A16-00_25_GML.zip"}, {"filename": "A16-95_25_GML.zip", "url": "https://nlftp.mlit.go.jp/ksj/gml/data/A16/A16-95/A16-95_25_GML.zip"}, {"filename": "A16-90_25_GML.zip", "url": "https://nlftp.mlit.go.jp/ksj/gml/data/A16/A16-90/A16-90_25_GML.zip"}, {"filename": "A16-85_25_GML.zip", "url": "https://nlftp.mlit.go.jp/ksj/gml/data/A16/A16-85/A16-85_25_GML.zip"}, {"filename": "A16-80_25_GML.zip", "url": "https://nlftp.mlit.go.jp/ksj/gml/data/A16/A16-80/A16-80_25_GML.zip"}, {"filename": "A16-75_25_GML.zip", "url": "https://nlftp.mlit.go.jp/ksj/gml/data/A16/A16-75/A16-75_25_GML.zip"}, {"filename": "A16-70_25_GML.zip", "url": "https://nlftp.mlit.go.jp/ksj/gml/data/A16/A16-70/A16-70_25_GML.zip"}, {"filename": "A16-65_25_GML.zip", "url": "https://nlftp.mlit.go.jp/ksj/gml/data/A16/A16-65/A16-65_25_GML.zip"}, {"filename": "A16-60_25_GML.zip", "url": "https://nlftp.mlit.go.jp/ksj/gml/data/A16/A16-60/A16-60_25_GML.zip"}, {"filename": "A16-20_26_GML.zip", "url": "https://nlftp.mlit.go.jp/ksj/gml/data/A16/A16-20/A16-20_26_GML.zip"}, {"filename": "A16-15_26_GML.zip", "url": "https://nlftp.mlit.go.jp/ksj/gml/data/A16/A16-15/A16-15_26_GML.zip"}, {"filename": "A16-10_26_GML.zip", "url": "https://nlftp.mlit.go.jp/ksj/gml/data/A16/A16-10/A16-10_26_GML.zip"}, {"filename": "A16-05_26_GML.zip", "url": "https://nlftp.mlit.go.jp/ksj/gml/data/A16/A16-05/A16-05_26_GML.zip"}, {"filename": "A16-00_26_GML.zip", "url": "https://nlftp.mlit.go.jp/ksj/gml/data/A16/A16-00/A16-00_26_GML.zip"}, {"filename": "A16-95_26_GML.zip", "url": "https://nlftp.mlit.go.jp/ksj/gml/data/A16/A16-95/A16-95_26_GML.zip"}, {"filename": "A16-90_26_GML.zip", "url": "https://nlftp.mlit.go.jp/ksj/gml/data/A16/A16-90/A16-90_26_GML.zip"}, {"filename": "A16-85_26_GML.zip", "url": "https://nlftp.mlit.go.jp/ksj/gml/data/A16/A16-85/A16-85_26_GML.zip"}, {"filename": "A16-80_26_GML.zip", "url": "https://nlftp.mlit.go.jp/ksj/gml/data/A16/A16-80/A16-80_26_GML.zip"}, {"filename": "A16-75_26_GML.zip", "url": "https://nlftp.mlit.go.jp/ksj/gml/data/A16/A16-75/A16-75_26_GML.zip"}, {"filename": "A16-70_26_GML.zip", "url": "https://nlftp.mlit.go.jp/ksj/gml/data/A16/A16-70/A16-70_26_GML.zip"}, {"filename": "A16-65_26_GML.zip", "url": "https://nlftp.mlit.go.jp/ksj/gml/data/A16/A16-65/A16-65_26_GML.zip"}, {"filename": "A16-60_26_GML.zip", "url": "https://nlftp.mlit.go.jp/ksj/gml/data/A16/A16-60/A16-60_26_GML.zip"}, {"filename": "A16-20_27_GML.zip", "url": "https://nlftp.mlit.go.jp/ksj/gml/data/A16/A16-20/A16-20_27_GML.zip"}, {"filename": "A16-15_27_GML.zip", "url": "https://nlftp.mlit.go.jp/ksj/gml/data/A16/A16-15/A16-15_27_GML.zip"}, {"filename": "A16-10_27_GML.zip", "url": "https://nlftp.mlit.go.jp/ksj/gml/data/A16/A16-10/A16-10_27_GML.zip"}, {"filename": "A16-05_27_GML.zip", "url": "https://nlftp.mlit.go.jp/ksj/gml/data/A16/A16-05/A16-05_27_GML.zip"}, {"filename": "A16-00_27_GML.zip", "url": "https://nlftp.mlit.go.jp/ksj/gml/data/A16/A16-00/A16-00_27_GML.zip"}, {"filename": "A16-95_27_GML.zip", "url": "https://nlftp.mlit.go.jp/ksj/gml/data/A16/A16-95/A16-95_27_GML.zip"}, {"filename": "A16-90_27_GML.zip", "url": "https://nlftp.mlit.go.jp/ksj/gml/data/A16/A16-90/A16-90_27_GML.zip"}, {"filename": "A16-85_27_GML.zip", "url": "https://nlftp.mlit.go.jp/ksj/gml/data/A16/A16-85/A16-85_27_GML.zip"}, {"filename": "A16-80_27_GML.zip", "url": "https://nlftp.mlit.go.jp/ksj/gml/data/A16/A16-80/A16-80_27_GML.zip"}, {"filename": "A16-75_27_GML.zip", "url": "https://nlftp.mlit.go.jp/ksj/gml/data/A16/A16-75/A16-75_27_GML.zip"}, {"filename": "A16-70_27_GML.zip", "url": "https://nlftp.mlit.go.jp/ksj/gml/data/A16/A16-70/A16-70_27_GML.zip"}, {"filename": "A16-65_27_GML.zip", "url": "https://nlftp.mlit.go.jp/ksj/gml/data/A16/A16-65/A16-65_27_GML.zip"}, {"filename": "A16-60_27_GML.zip", "url": "https://nlftp.mlit.go.jp/ksj/gml/data/A16/A16-60/A16-60_27_GML.zip"}, {"filename": "A16-20_28_GML.zip", "url": "https://nlftp.mlit.go.jp/ksj/gml/data/A16/A16-20/A16-20_28_GML.zip"}, {"filename": "A16-15_28_GML.zip", "url": "https://nlftp.mlit.go.jp/ksj/gml/data/A16/A16-15/A16-15_28_GML.zip"}, {"filename": "A16-10_28_GML.zip", "url": "https://nlftp.mlit.go.jp/ksj/gml/data/A16/A16-10/A16-10_28_GML.zip"}, {"filename": "A16-05_28_GML.zip", "url": "https://nlftp.mlit.go.jp/ksj/gml/data/A16/A16-05/A16-05_28_GML.zip"}, {"filename": "A16-00_28_GML.zip", "url": "https://nlftp.mlit.go.jp/ksj/gml/data/A16/A16-00/A16-00_28_GML.zip"}, {"filename": "A16-95_28_GML.zip", "url": "https://nlftp.mlit.go.jp/ksj/gml/data/A16/A16-95/A16-95_28_GML.zip"}, {"filename": "A16-90_28_GML.zip", "url": "https://nlftp.mlit.go.jp/ksj/gml/data/A16/A16-90/A16-90_28_GML.zip"}, {"filename": "A16-85_28_GML.zip", "url": "https://nlftp.mlit.go.jp/ksj/gml/data/A16/A16-85/A16-85_28_GML.zip"}, {"filename": "A16-80_28_GML.zip", "url": "https://nlftp.mlit.go.jp/ksj/gml/data/A16/A16-80/A16-80_28_GML.zip"}, {"filename": "A16-75_28_GML.zip", "url": "https://nlftp.mlit.go.jp/ksj/gml/data/A16/A16-75/A16-75_28_GML.zip"}, {"filename": "A16-70_28_GML.zip", "url": "https://nlftp.mlit.go.jp/ksj/gml/data/A16/A16-70/A16-70_28_GML.zip"}, {"filename": "A16-65_28_GML.zip", "url": "https://nlftp.mlit.go.jp/ksj/gml/data/A16/A16-65/A16-65_28_GML.zip"}, {"filename": "A16-60_28_GML.zip", "url": "https://nlftp.mlit.go.jp/ksj/gml/data/A16/A16-60/A16-60_28_GML.zip"}, {"filename": "A16-20_29_GML.zip", "url": "https://nlftp.mlit.go.jp/ksj/gml/data/A16/A16-20/A16-20_29_GML.zip"}, {"filename": "A16-15_29_GML.zip", "url": "https://nlftp.mlit.go.jp/ksj/gml/data/A16/A16-15/A16-15_29_GML.zip"}, {"filename": "A16-10_29_GML.zip", "url": "https://nlftp.mlit.go.jp/ksj/gml/data/A16/A16-10/A16-10_29_GML.zip"}, {"filename": "A16-05_29_GML.zip", "url": "https://nlftp.mlit.go.jp/ksj/gml/data/A16/A16-05/A16-05_29_GML.zip"}, {"filename": "A16-00_29_GML.zip", "url": "https://nlftp.mlit.go.jp/ksj/gml/data/A16/A16-00/A16-00_29_GML.zip"}, {"filename": "A16-95_29_GML.zip", "url": "https://nlftp.mlit.go.jp/ksj/gml/data/A16/A16-95/A16-95_29_GML.zip"}, {"filename": "A16-90_29_GML.zip", "url": "https://nlftp.mlit.go.jp/ksj/gml/data/A16/A16-90/A16-90_29_GML.zip"}, {"filename": "A16-85_29_GML.zip", "url": "https://nlftp.mlit.go.jp/ksj/gml/data/A16/A16-85/A16-85_29_GML.zip"}, {"filename": "A16-80_29_GML.zip", "url": "https://nlftp.mlit.go.jp/ksj/gml/data/A16/A16-80/A16-80_29_GML.zip"}, {"filename": "A16-75_29_GML.zip", "url": "https://nlftp.mlit.go.jp/ksj/gml/data/A16/A16-75/A16-75_29_GML.zip"}, {"filename": "A16-70_29_GML.zip", "url": "https://nlftp.mlit.go.jp/ksj/gml/data/A16/A16-70/A16-70_29_GML.zip"}, {"filename": "A16-65_29_GML.zip", "url": "https://nlftp.mlit.go.jp/ksj/gml/data/A16/A16-65/A16-65_29_GML.zip"}, {"filename": "A16-60_29_GML.zip", "url": "https://nlftp.mlit.go.jp/ksj/gml/data/A16/A16-60/A16-60_29_GML.zip"}, {"filename": "A16-20_30_GML.zip", "url": "https://nlftp.mlit.go.jp/ksj/gml/data/A16/A16-20/A16-20_30_GML.zip"}, {"filename": "A16-15_30_GML.zip", "url": "https://nlftp.mlit.go.jp/ksj/gml/data/A16/A16-15/A16-15_30_GML.zip"}, {"filename": "A16-10_30_GML.zip", "url": "https://nlftp.mlit.go.jp/ksj/gml/data/A16/A16-10/A16-10_30_GML.zip"}, {"filename": "A16-05_30_GML.zip", "url": "https://nlftp.mlit.go.jp/ksj/gml/data/A16/A16-05/A16-05_30_GML.zip"}, {"filename": "A16-00_30_GML.zip", "url": "https://nlftp.mlit.go.jp/ksj/gml/data/A16/A16-00/A16-00_30_GML.zip"}, {"filename": "A16-95_30_GML.zip", "url": "https://nlftp.mlit.go.jp/ksj/gml/data/A16/A16-95/A16-95_30_GML.zip"}, {"filename": "A16-90_30_GML.zip", "url": "https://nlftp.mlit.go.jp/ksj/gml/data/A16/A16-90/A16-90_30_GML.zip"}, {"filename": "A16-85_30_GML.zip", "url": "https://nlftp.mlit.go.jp/ksj/gml/data/A16/A16-85/A16-85_30_GML.zip"}, {"filename": "A16-80_30_GML.zip", "url": "https://nlftp.mlit.go.jp/ksj/gml/data/A16/A16-80/A16-80_30_GML.zip"}, {"filename": "A16-75_30_GML.zip", "url": "https://nlftp.mlit.go.jp/ksj/gml/data/A16/A16-75/A16-75_30_GML.zip"}, {"filename": "A16-70_30_GML.zip", "url": "https://nlftp.mlit.go.jp/ksj/gml/data/A16/A16-70/A16-70_30_GML.zip"}, {"filename": "A16-65_30_GML.zip", "url": "https://nlftp.mlit.go.jp/ksj/gml/data/A16/A16-65/A16-65_30_GML.zip"}, {"filename": "A16-60_30_GML.zip", "url": "https://nlftp.mlit.go.jp/ksj/gml/data/A16/A16-60/A16-60_30_GML.zip"}, {"filename": "A16-20_57_GML.zip", "url": "https://nlftp.mlit.go.jp/ksj/gml/data/A16/A16-20/A16-20_57_GML.zip"}, {"filename": "A16-20_31_GML.zip", "url": "https://nlftp.mlit.go.jp/ksj/gml/data/A16/A16-20/A16-20_31_GML.zip"}, {"filename": "A16-15_31_GML.zip", "url": "https://nlftp.mlit.go.jp/ksj/gml/data/A16/A16-15/A16-15_31_GML.zip"}, {"filename": "A16-10_31_GML.zip", "url": "https://nlftp.mlit.go.jp/ksj/gml/data/A16/A16-10/A16-10_31_GML.zip"}, {"filename": "A16-05_31_GML.zip", "url": "https://nlftp.mlit.go.jp/ksj/gml/data/A16/A16-05/A16-05_31_GML.zip"}, {"filename": "A16-00_31_GML.zip", "url": "https://nlftp.mlit.go.jp/ksj/gml/data/A16/A16-00/A16-00_31_GML.zip"}, {"filename": "A16-95_31_GML.zip", "url": "https://nlftp.mlit.go.jp/ksj/gml/data/A16/A16-95/A16-95_31_GML.zip"}, {"filename": "A16-90_31_GML.zip", "url": "https://nlftp.mlit.go.jp/ksj/gml/data/A16/A16-90/A16-90_31_GML.zip"}, {"filename": "A16-85_31_GML.zip", "url": "https://nlftp.mlit.go.jp/ksj/gml/data/A16/A16-85/A16-85_31_GML.zip"}, {"filename": "A16-80_31_GML.zip", "url": "https://nlftp.mlit.go.jp/ksj/gml/data/A16/A16-80/A16-80_31_GML.zip"}, {"filename": "A16-75_31_GML.zip", "url": "https://nlftp.mlit.go.jp/ksj/gml/data/A16/A16-75/A16-75_31_GML.zip"}, {"filename": "A16-70_31_GML.zip", "url": "https://nlftp.mlit.go.jp/ksj/gml/data/A16/A16-70/A16-70_31_GML.zip"}, {"filename": "A16-65_31_GML.zip", "url": "https://nlftp.mlit.go.jp/ksj/gml/data/A16/A16-65/A16-65_31_GML.zip"}, {"filename": "A16-60_31_GML.zip", "url": "https://nlftp.mlit.go.jp/ksj/gml/data/A16/A16-60/A16-60_31_GML.zip"}, {"filename": "A16-20_32_GML.zip", "url": "https://nlftp.mlit.go.jp/ksj/gml/data/A16/A16-20/A16-20_32_GML.zip"}, {"filename": "A16-15_32_GML.zip", "url": "https://nlftp.mlit.go.jp/ksj/gml/data/A16/A16-15/A16-15_32_GML.zip"}, {"filename": "A16-10_32_GML.zip", "url": "https://nlftp.mlit.go.jp/ksj/gml/data/A16/A16-10/A16-10_32_GML.zip"}, {"filename": "A16-05_32_GML.zip", "url": "https://nlftp.mlit.go.jp/ksj/gml/data/A16/A16-05/A16-05_32_GML.zip"}, {"filename": "A16-00_32_GML.zip", "url": "https://nlftp.mlit.go.jp/ksj/gml/data/A16/A16-00/A16-00_32_GML.zip"}, {"filename": "A16-95_32_GML.zip", "url": "https://nlftp.mlit.go.jp/ksj/gml/data/A16/A16-95/A16-95_32_GML.zip"}, {"filename": "A16-90_32_GML.zip", "url": "https://nlftp.mlit.go.jp/ksj/gml/data/A16/A16-90/A16-90_32_GML.zip"}, {"filename": "A16-85_32_GML.zip", "url": "https://nlftp.mlit.go.jp/ksj/gml/data/A16/A16-85/A16-85_32_GML.zip"}, {"filename": "A16-80_32_GML.zip", "url": "https://nlftp.mlit.go.jp/ksj/gml/data/A16/A16-80/A16-80_32_GML.zip"}, {"filename": "A16-75_32_GML.zip", "url": "https://nlftp.mlit.go.jp/ksj/gml/data/A16/A16-75/A16-75_32_GML.zip"}, {"filename": "A16-70_32_GML.zip", "url": "https://nlftp.mlit.go.jp/ksj/gml/data/A16/A16-70/A16-70_32_GML.zip"}, {"filename": "A16-65_32_GML.zip", "url": "https://nlftp.mlit.go.jp/ksj/gml/data/A16/A16-65/A16-65_32_GML.zip"}, {"filename": "A16-60_32_GML.zip", "url": "https://nlftp.mlit.go.jp/ksj/gml/data/A16/A16-60/A16-60_32_GML.zip"}, {"filename": "A16-20_33_GML.zip", "url": "https://nlftp.mlit.go.jp/ksj/gml/data/A16/A16-20/A16-20_33_GML.zip"}, {"filename": "A16-15_33_GML.zip", "url": "https://nlftp.mlit.go.jp/ksj/gml/data/A16/A16-15/A16-15_33_GML.zip"}, {"filename": "A16-10_33_GML.zip", "url": "https://nlftp.mlit.go.jp/ksj/gml/data/A16/A16-10/A16-10_33_GML.zip"}, {"filename": "A16-05_33_GML.zip", "url": "https://nlftp.mlit.go.jp/ksj/gml/data/A16/A16-05/A16-05_33_GML.zip"}, {"filename": "A16-00_33_GML.zip", "url": "https://nlftp.mlit.go.jp/ksj/gml/data/A16/A16-00/A16-00_33_GML.zip"}, {"filename": "A16-95_33_GML.zip", "url": "https://nlftp.mlit.go.jp/ksj/gml/data/A16/A16-95/A16-95_33_GML.zip"}, {"filename": "A16-90_33_GML.zip", "url": "https://nlftp.mlit.go.jp/ksj/gml/data/A16/A16-90/A16-90_33_GML.zip"}, {"filename": "A16-85_33_GML.zip", "url": "https://nlftp.mlit.go.jp/ksj/gml/data/A16/A16-85/A16-85_33_GML.zip"}, {"filename": "A16-80_33_GML.zip", "url": "https://nlftp.mlit.go.jp/ksj/gml/data/A16/A16-80/A16-80_33_GML.zip"}, {"filename": "A16-75_33_GML.zip", "url": "https://nlftp.mlit.go.jp/ksj/gml/data/A16/A16-75/A16-75_33_GML.zip"}, {"filename": "A16-70_33_GML.zip", "url": "https://nlftp.mlit.go.jp/ksj/gml/data/A16/A16-70/A16-70_33_GML.zip"}, {"filename": "A16-65_33_GML.zip", "url": "https://nlftp.mlit.go.jp/ksj/gml/data/A16/A16-65/A16-65_33_GML.zip"}, {"filename": "A16-60_33_GML.zip", "url": "https://nlftp.mlit.go.jp/ksj/gml/data/A16/A16-60/A16-60_33_GML.zip"}, {"filename": "A16-20_34_GML.zip", "url": "https://nlftp.mlit.go.jp/ksj/gml/data/A16/A16-20/A16-20_34_GML.zip"}, {"filename": "A16-15_34_GML.zip", "url": "https://nlftp.mlit.go.jp/ksj/gml/data/A16/A16-15/A16-15_34_GML.zip"}, {"filename": "A16-10_34_GML.zip", "url": "https://nlftp.mlit.go.jp/ksj/gml/data/A16/A16-10/A16-10_34_GML.zip"}, {"filename": "A16-05_34_GML.zip", "url": "https://nlftp.mlit.go.jp/ksj/gml/data/A16/A16-05/A16-05_34_GML.zip"}, {"filename": "A16-00_34_GML.zip", "url": "https://nlftp.mlit.go.jp/ksj/gml/data/A16/A16-00/A16-00_34_GML.zip"}, {"filename": "A16-95_34_GML.zip", "url": "https://nlftp.mlit.go.jp/ksj/gml/data/A16/A16-95/A16-95_34_GML.zip"}, {"filename": "A16-90_34_GML.zip", "url": "https://nlftp.mlit.go.jp/ksj/gml/data/A16/A16-90/A16-90_34_GML.zip"}, {"filename": "A16-85_34_GML.zip", "url": "https://nlftp.mlit.go.jp/ksj/gml/data/A16/A16-85/A16-85_34_GML.zip"}, {"filename": "A16-80_34_GML.zip", "url": "https://nlftp.mlit.go.jp/ksj/gml/data/A16/A16-80/A16-80_34_GML.zip"}, {"filename": "A16-75_34_GML.zip", "url": "https://nlftp.mlit.go.jp/ksj/gml/data/A16/A16-75/A16-75_34_GML.zip"}, {"filename": "A16-70_34_GML.zip", "url": "https://nlftp.mlit.go.jp/ksj/gml/data/A16/A16-70/A16-70_34_GML.zip"}, {"filename": "A16-65_34_GML.zip", "url": "https://nlftp.mlit.go.jp/ksj/gml/data/A16/A16-65/A16-65_34_GML.zip"}, {"filename": "A16-60_34_GML.zip", "url": "https://nlftp.mlit.go.jp/ksj/gml/data/A16/A16-60/A16-60_34_GML.zip"}, {"filename": "A16-20_35_GML.zip", "url": "https://nlftp.mlit.go.jp/ksj/gml/data/A16/A16-20/A16-20_35_GML.zip"}, {"filename": "A16-15_35_GML.zip", "url": "https://nlftp.mlit.go.jp/ksj/gml/data/A16/A16-15/A16-15_35_GML.zip"}, {"filename": "A16-10_35_GML.zip", "url": "https://nlftp.mlit.go.jp/ksj/gml/data/A16/A16-10/A16-10_35_GML.zip"}, {"filename": "A16-05_35_GML.zip", "url": "https://nlftp.mlit.go.jp/ksj/gml/data/A16/A16-05/A16-05_35_GML.zip"}, {"filename": "A16-00_35_GML.zip", "url": "https://nlftp.mlit.go.jp/ksj/gml/data/A16/A16-00/A16-00_35_GML.zip"}, {"filename": "A16-95_35_GML.zip", "url": "https://nlftp.mlit.go.jp/ksj/gml/data/A16/A16-95/A16-95_35_GML.zip"}, {"filename": "A16-90_35_GML.zip", "url": "https://nlftp.mlit.go.jp/ksj/gml/data/A16/A16-90/A16-90_35_GML.zip"}, {"filename": "A16-85_35_GML.zip", "url": "https://nlftp.mlit.go.jp/ksj/gml/data/A16/A16-85/A16-85_35_GML.zip"}, {"filename": "A16-80_35_GML.zip", "url": "https://nlftp.mlit.go.jp/ksj/gml/data/A16/A16-80/A16-80_35_GML.zip"}, {"filename": "A16-75_35_GML.zip", "url": "https://nlftp.mlit.go.jp/ksj/gml/data/A16/A16-75/A16-75_35_GML.zip"}, {"filename": "A16-70_35_GML.zip", "url": "https://nlftp.mlit.go.jp/ksj/gml/data/A16/A16-70/A16-70_35_GML.zip"}, {"filename": "A16-65_35_GML.zip", "url": "https://nlftp.mlit.go.jp/ksj/gml/data/A16/A16-65/A16-65_35_GML.zip"}, {"filename": "A16-60_35_GML.zip", "url": "https://nlftp.mlit.go.jp/ksj/gml/data/A16/A16-60/A16-60_35_GML.zip"}, {"filename": "A16-20_58_GML.zip", "url": "https://nlftp.mlit.go.jp/ksj/gml/data/A16/A16-20/A16-20_58_GML.zip"}, {"filename": "A16-20_36_GML.zip", "url": "https://nlftp.mlit.go.jp/ksj/gml/data/A16/A16-20/A16-20_36_GML.zip"}, {"filename": "A16-15_36_GML.zip", "url": "https://nlftp.mlit.go.jp/ksj/gml/data/A16/A16-15/A16-15_36_GML.zip"}, {"filename": "A16-10_36_GML.zip", "url": "https://nlftp.mlit.go.jp/ksj/gml/data/A16/A16-10/A16-10_36_GML.zip"}, {"filename": "A16-05_36_GML.zip", "url": "https://nlftp.mlit.go.jp/ksj/gml/data/A16/A16-05/A16-05_36_GML.zip"}, {"filename": "A16-00_36_GML.zip", "url": "https://nlftp.mlit.go.jp/ksj/gml/data/A16/A16-00/A16-00_36_GML.zip"}, {"filename": "A16-95_36_GML.zip", "url": "https://nlftp.mlit.go.jp/ksj/gml/data/A16/A16-95/A16-95_36_GML.zip"}, {"filename": "A16-90_36_GML.zip", "url": "https://nlftp.mlit.go.jp/ksj/gml/data/A16/A16-90/A16-90_36_GML.zip"}, {"filename": "A16-85_36_GML.zip", "url": "https://nlftp.mlit.go.jp/ksj/gml/data/A16/A16-85/A16-85_36_GML.zip"}, {"filename": "A16-80_36_GML.zip", "url": "https://nlftp.mlit.go.jp/ksj/gml/data/A16/A16-80/A16-80_36_GML.zip"}, {"filename": "A16-75_36_GML.zip", "url": "https://nlftp.mlit.go.jp/ksj/gml/data/A16/A16-75/A16-75_36_GML.zip"}, {"filename": "A16-70_36_GML.zip", "url": "https://nlftp.mlit.go.jp/ksj/gml/data/A16/A16-70/A16-70_36_GML.zip"}, {"filename": "A16-65_36_GML.zip", "url": "https://nlftp.mlit.go.jp/ksj/gml/data/A16/A16-65/A16-65_36_GML.zip"}, {"filename": "A16-60_36_GML.zip", "url": "https://nlftp.mlit.go.jp/ksj/gml/data/A16/A16-60/A16-60_36_GML.zip"}, {"filename": "A16-20_37_GML.zip", "url": "https://nlftp.mlit.go.jp/ksj/gml/data/A16/A16-20/A16-20_37_GML.zip"}, {"filename": "A16-15_37_GML.zip", "url": "https://nlftp.mlit.go.jp/ksj/gml/data/A16/A16-15/A16-15_37_GML.zip"}, {"filename": "A16-10_37_GML.zip", "url": "https://nlftp.mlit.go.jp/ksj/gml/data/A16/A16-10/A16-10_37_GML.zip"}, {"filename": "A16-05_37_GML.zip", "url": "https://nlftp.mlit.go.jp/ksj/gml/data/A16/A16-05/A16-05_37_GML.zip"}, {"filename": "A16-00_37_GML.zip", "url": "https://nlftp.mlit.go.jp/ksj/gml/data/A16/A16-00/A16-00_37_GML.zip"}, {"filename": "A16-95_37_GML.zip", "url": "https://nlftp.mlit.go.jp/ksj/gml/data/A16/A16-95/A16-95_37_GML.zip"}, {"filename": "A16-90_37_GML.zip", "url": "https://nlftp.mlit.go.jp/ksj/gml/data/A16/A16-90/A16-90_37_GML.zip"}, {"filename": "A16-85_37_GML.zip", "url": "https://nlftp.mlit.go.jp/ksj/gml/data/A16/A16-85/A16-85_37_GML.zip"}, {"filename": "A16-80_37_GML.zip", "url": "https://nlftp.mlit.go.jp/ksj/gml/data/A16/A16-80/A16-80_37_GML.zip"}, {"filename": "A16-75_37_GML.zip", "url": "https://nlftp.mlit.go.jp/ksj/gml/data/A16/A16-75/A16-75_37_GML.zip"}, {"filename": "A16-70_37_GML.zip", "url": "https://nlftp.mlit.go.jp/ksj/gml/data/A16/A16-70/A16-70_37_GML.zip"}, {"filename": "A16-65_37_GML.zip", "url": "https://nlftp.mlit.go.jp/ksj/gml/data/A16/A16-65/A16-65_37_GML.zip"}, {"filename": "A16-60_37_GML.zip", "url": "https://nlftp.mlit.go.jp/ksj/gml/data/A16/A16-60/A16-60_37_GML.zip"}, {"filename": "A16-20_38_GML.zip", "url": "https://nlftp.mlit.go.jp/ksj/gml/data/A16/A16-20/A16-20_38_GML.zip"}, {"filename": "A16-15_38_GML.zip", "url": "https://nlftp.mlit.go.jp/ksj/gml/data/A16/A16-15/A16-15_38_GML.zip"}, {"filename": "A16-10_38_GML.zip", "url": "https://nlftp.mlit.go.jp/ksj/gml/data/A16/A16-10/A16-10_38_GML.zip"}, {"filename": "A16-05_38_GML.zip", "url": "https://nlftp.mlit.go.jp/ksj/gml/data/A16/A16-05/A16-05_38_GML.zip"}, {"filename": "A16-00_38_GML.zip", "url": "https://nlftp.mlit.go.jp/ksj/gml/data/A16/A16-00/A16-00_38_GML.zip"}, {"filename": "A16-95_38_GML.zip", "url": "https://nlftp.mlit.go.jp/ksj/gml/data/A16/A16-95/A16-95_38_GML.zip"}, {"filename": "A16-90_38_GML.zip", "url": "https://nlftp.mlit.go.jp/ksj/gml/data/A16/A16-90/A16-90_38_GML.zip"}, {"filename": "A16-85_38_GML.zip", "url": "https://nlftp.mlit.go.jp/ksj/gml/data/A16/A16-85/A16-85_38_GML.zip"}, {"filename": "A16-80_38_GML.zip", "url": "https://nlftp.mlit.go.jp/ksj/gml/data/A16/A16-80/A16-80_38_GML.zip"}, {"filename": "A16-75_38_GML.zip", "url": "https://nlftp.mlit.go.jp/ksj/gml/data/A16/A16-75/A16-75_38_GML.zip"}, {"filename": "A16-70_38_GML.zip", "url": "https://nlftp.mlit.go.jp/ksj/gml/data/A16/A16-70/A16-70_38_GML.zip"}, {"filename": "A16-65_38_GML.zip", "url": "https://nlftp.mlit.go.jp/ksj/gml/data/A16/A16-65/A16-65_38_GML.zip"}, {"filename": "A16-60_38_GML.zip", "url": "https://nlftp.mlit.go.jp/ksj/gml/data/A16/A16-60/A16-60_38_GML.zip"}, {"filename": "A16-20_39_GML.zip", "url": "https://nlftp.mlit.go.jp/ksj/gml/data/A16/A16-20/A16-20_39_GML.zip"}, {"filename": "A16-15_39_GML.zip", "url": "https://nlftp.mlit.go.jp/ksj/gml/data/A16/A16-15/A16-15_39_GML.zip"}, {"filename": "A16-10_39_GML.zip", "url": "https://nlftp.mlit.go.jp/ksj/gml/data/A16/A16-10/A16-10_39_GML.zip"}, {"filename": "A16-05_39_GML.zip", "url": "https://nlftp.mlit.go.jp/ksj/gml/data/A16/A16-05/A16-05_39_GML.zip"}, {"filename": "A16-00_39_GML.zip", "url": "https://nlftp.mlit.go.jp/ksj/gml/data/A16/A16-00/A16-00_39_GML.zip"}, {"filename": "A16-95_39_GML.zip", "url": "https://nlftp.mlit.go.jp/ksj/gml/data/A16/A16-95/A16-95_39_GML.zip"}, {"filename": "A16-90_39_GML.zip", "url": "https://nlftp.mlit.go.jp/ksj/gml/data/A16/A16-90/A16-90_39_GML.zip"}, {"filename": "A16-85_39_GML.zip", "url": "https://nlftp.mlit.go.jp/ksj/gml/data/A16/A16-85/A16-85_39_GML.zip"}, {"filename": "A16-80_39_GML.zip", "url": "https://nlftp.mlit.go.jp/ksj/gml/data/A16/A16-80/A16-80_39_GML.zip"}, {"filename": "A16-75_39_GML.zip", "url": "https://nlftp.mlit.go.jp/ksj/gml/data/A16/A16-75/A16-75_39_GML.zip"}, {"filename": "A16-70_39_GML.zip", "url": "https://nlftp.mlit.go.jp/ksj/gml/data/A16/A16-70/A16-70_39_GML.zip"}, {"filename": "A16-65_39_GML.zip", "url": "https://nlftp.mlit.go.jp/ksj/gml/data/A16/A16-65/A16-65_39_GML.zip"}, {"filename": "A16-60_39_GML.zip", "url": "https://nlftp.mlit.go.jp/ksj/gml/data/A16/A16-60/A16-60_39_GML.zip"}, {"filename": "A16-20_59_GML.zip", "url": "https://nlftp.mlit.go.jp/ksj/gml/data/A16/A16-20/A16-20_59_GML.zip"}, {"filename": "A16-20_40_GML.zip", "url": "https://nlftp.mlit.go.jp/ksj/gml/data/A16/A16-20/A16-20_40_GML.zip"}, {"filename": "A16-15_40_GML.zip", "url": "https://nlftp.mlit.go.jp/ksj/gml/data/A16/A16-15/A16-15_40_GML.zip"}, {"filename": "A16-10_40_GML.zip", "url": "https://nlftp.mlit.go.jp/ksj/gml/data/A16/A16-10/A16-10_40_GML.zip"}, {"filename": "A16-05_40_GML.zip", "url": "https://nlftp.mlit.go.jp/ksj/gml/data/A16/A16-05/A16-05_40_GML.zip"}, {"filename": "A16-00_40_GML.zip", "url": "https://nlftp.mlit.go.jp/ksj/gml/data/A16/A16-00/A16-00_40_GML.zip"}, {"filename": "A16-95_40_GML.zip", "url": "https://nlftp.mlit.go.jp/ksj/gml/data/A16/A16-95/A16-95_40_GML.zip"}, {"filename": "A16-90_40_GML.zip", "url": "https://nlftp.mlit.go.jp/ksj/gml/data/A16/A16-90/A16-90_40_GML.zip"}, {"filename": "A16-85_40_GML.zip", "url": "https://nlftp.mlit.go.jp/ksj/gml/data/A16/A16-85/A16-85_40_GML.zip"}, {"filename": "A16-80_40_GML.zip", "url": "https://nlftp.mlit.go.jp/ksj/gml/data/A16/A16-80/A16-80_40_GML.zip"}, {"filename": "A16-75_40_GML.zip", "url": "https://nlftp.mlit.go.jp/ksj/gml/data/A16/A16-75/A16-75_40_GML.zip"}, {"filename": "A16-70_40_GML.zip", "url": "https://nlftp.mlit.go.jp/ksj/gml/data/A16/A16-70/A16-70_40_GML.zip"}, {"filename": "A16-65_40_GML.zip", "url": "https://nlftp.mlit.go.jp/ksj/gml/data/A16/A16-65/A16-65_40_GML.zip"}, {"filename": "A16-60_40_GML.zip", "url": "https://nlftp.mlit.go.jp/ksj/gml/data/A16/A16-60/A16-60_40_GML.zip"}, {"filename": "A16-20_41_GML.zip", "url": "https://nlftp.mlit.go.jp/ksj/gml/data/A16/A16-20/A16-20_41_GML.zip"}, {"filename": "A16-15_41_GML.zip", "url": "https://nlftp.mlit.go.jp/ksj/gml/data/A16/A16-15/A16-15_41_GML.zip"}, {"filename": "A16-10_41_GML.zip", "url": "https://nlftp.mlit.go.jp/ksj/gml/data/A16/A16-10/A16-10_41_GML.zip"}, {"filename": "A16-05_41_GML.zip", "url": "https://nlftp.mlit.go.jp/ksj/gml/data/A16/A16-05/A16-05_41_GML.zip"}, {"filename": "A16-00_41_GML.zip", "url": "https://nlftp.mlit.go.jp/ksj/gml/data/A16/A16-00/A16-00_41_GML.zip"}, {"filename": "A16-95_41_GML.zip", "url": "https://nlftp.mlit.go.jp/ksj/gml/data/A16/A16-95/A16-95_41_GML.zip"}, {"filename": "A16-90_41_GML.zip", "url": "https://nlftp.mlit.go.jp/ksj/gml/data/A16/A16-90/A16-90_41_GML.zip"}, {"filename": "A16-85_41_GML.zip", "url": "https://nlftp.mlit.go.jp/ksj/gml/data/A16/A16-85/A16-85_41_GML.zip"}, {"filename": "A16-80_41_GML.zip", "url": "https://nlftp.mlit.go.jp/ksj/gml/data/A16/A16-80/A16-80_41_GML.zip"}, {"filename": "A16-75_41_GML.zip", "url": "https://nlftp.mlit.go.jp/ksj/gml/data/A16/A16-75/A16-75_41_GML.zip"}, {"filename": "A16-70_41_GML.zip", "url": "https://nlftp.mlit.go.jp/ksj/gml/data/A16/A16-70/A16-70_41_GML.zip"}, {"filename": "A16-65_41_GML.zip", "url": "https://nlftp.mlit.go.jp/ksj/gml/data/A16/A16-65/A16-65_41_GML.zip"}, {"filename": "A16-60_41_GML.zip", "url": "https://nlftp.mlit.go.jp/ksj/gml/data/A16/A16-60/A16-60_41_GML.zip"}, {"filename": "A16-20_42_GML.zip", "url": "https://nlftp.mlit.go.jp/ksj/gml/data/A16/A16-20/A16-20_42_GML.zip"}, {"filename": "A16-15_42_GML.zip", "url": "https://nlftp.mlit.go.jp/ksj/gml/data/A16/A16-15/A16-15_42_GML.zip"}, {"filename": "A16-10_42_GML.zip", "url": "https://nlftp.mlit.go.jp/ksj/gml/data/A16/A16-10/A16-10_42_GML.zip"}, {"filename": "A16-05_42_GML.zip", "url": "https://nlftp.mlit.go.jp/ksj/gml/data/A16/A16-05/A16-05_42_GML.zip"}, {"filename": "A16-00_42_GML.zip", "url": "https://nlftp.mlit.go.jp/ksj/gml/data/A16/A16-00/A16-00_42_GML.zip"}, {"filename": "A16-95_42_GML.zip", "url": "https://nlftp.mlit.go.jp/ksj/gml/data/A16/A16-95/A16-95_42_GML.zip"}, {"filename": "A16-90_42_GML.zip", "url": "https://nlftp.mlit.go.jp/ksj/gml/data/A16/A16-90/A16-90_42_GML.zip"}, {"filename": "A16-85_42_GML.zip", "url": "https://nlftp.mlit.go.jp/ksj/gml/data/A16/A16-85/A16-85_42_GML.zip"}, {"filename": "A16-80_42_GML.zip", "url": "https://nlftp.mlit.go.jp/ksj/gml/data/A16/A16-80/A16-80_42_GML.zip"}, {"filename": "A16-75_42_GML.zip", "url": "https://nlftp.mlit.go.jp/ksj/gml/data/A16/A16-75/A16-75_42_GML.zip"}, {"filename": "A16-70_42_GML.zip", "url": "https://nlftp.mlit.go.jp/ksj/gml/data/A16/A16-70/A16-70_42_GML.zip"}, {"filename": "A16-65_42_GML.zip", "url": "https://nlftp.mlit.go.jp/ksj/gml/data/A16/A16-65/A16-65_42_GML.zip"}, {"filename": "A16-60_42_GML.zip", "url": "https://nlftp.mlit.go.jp/ksj/gml/data/A16/A16-60/A16-60_42_GML.zip"}, {"filename": "A16-20_43_GML.zip", "url": "https://nlftp.mlit.go.jp/ksj/gml/data/A16/A16-20/A16-20_43_GML.zip"}, {"filename": "A16-15_43_GML.zip", "url": "https://nlftp.mlit.go.jp/ksj/gml/data/A16/A16-15/A16-15_43_GML.zip"}, {"filename": "A16-10_43_GML.zip", "url": "https://nlftp.mlit.go.jp/ksj/gml/data/A16/A16-10/A16-10_43_GML.zip"}, {"filename": "A16-05_43_GML.zip", "url": "https://nlftp.mlit.go.jp/ksj/gml/data/A16/A16-05/A16-05_43_GML.zip"}, {"filename": "A16-00_43_GML.zip", "url": "https://nlftp.mlit.go.jp/ksj/gml/data/A16/A16-00/A16-00_43_GML.zip"}, {"filename": "A16-95_43_GML.zip", "url": "https://nlftp.mlit.go.jp/ksj/gml/data/A16/A16-95/A16-95_43_GML.zip"}, {"filename": "A16-90_43_GML.zip", "url": "https://nlftp.mlit.go.jp/ksj/gml/data/A16/A16-90/A16-90_43_GML.zip"}, {"filename": "A16-85_43_GML.zip", "url": "https://nlftp.mlit.go.jp/ksj/gml/data/A16/A16-85/A16-85_43_GML.zip"}, {"filename": "A16-80_43_GML.zip", "url": "https://nlftp.mlit.go.jp/ksj/gml/data/A16/A16-80/A16-80_43_GML.zip"}, {"filename": "A16-75_43_GML.zip", "url": "https://nlftp.mlit.go.jp/ksj/gml/data/A16/A16-75/A16-75_43_GML.zip"}, {"filename": "A16-70_43_GML.zip", "url": "https://nlftp.mlit.go.jp/ksj/gml/data/A16/A16-70/A16-70_43_GML.zip"}, {"filename": "A16-65_43_GML.zip", "url": "https://nlftp.mlit.go.jp/ksj/gml/data/A16/A16-65/A16-65_43_GML.zip"}, {"filename": "A16-60_43_GML.zip", "url": "https://nlftp.mlit.go.jp/ksj/gml/data/A16/A16-60/A16-60_43_GML.zip"}, {"filename": "A16-20_44_GML.zip", "url": "https://nlftp.mlit.go.jp/ksj/gml/data/A16/A16-20/A16-20_44_GML.zip"}, {"filename": "A16-15_44_GML.zip", "url": "https://nlftp.mlit.go.jp/ksj/gml/data/A16/A16-15/A16-15_44_GML.zip"}, {"filename": "A16-10_44_GML.zip", "url": "https://nlftp.mlit.go.jp/ksj/gml/data/A16/A16-10/A16-10_44_GML.zip"}, {"filename": "A16-05_44_GML.zip", "url": "https://nlftp.mlit.go.jp/ksj/gml/data/A16/A16-05/A16-05_44_GML.zip"}, {"filename": "A16-00_44_GML.zip", "url": "https://nlftp.mlit.go.jp/ksj/gml/data/A16/A16-00/A16-00_44_GML.zip"}, {"filename": "A16-95_44_GML.zip", "url": "https://nlftp.mlit.go.jp/ksj/gml/data/A16/A16-95/A16-95_44_GML.zip"}, {"filename": "A16-90_44_GML.zip", "url": "https://nlftp.mlit.go.jp/ksj/gml/data/A16/A16-90/A16-90_44_GML.zip"}, {"filename": "A16-85_44_GML.zip", "url": "https://nlftp.mlit.go.jp/ksj/gml/data/A16/A16-85/A16-85_44_GML.zip"}, {"filename": "A16-80_44_GML.zip", "url": "https://nlftp.mlit.go.jp/ksj/gml/data/A16/A16-80/A16-80_44_GML.zip"}, {"filename": "A16-75_44_GML.zip", "url": "https://nlftp.mlit.go.jp/ksj/gml/data/A16/A16-75/A16-75_44_GML.zip"}, {"filename": "A16-70_44_GML.zip", "url": "https://nlftp.mlit.go.jp/ksj/gml/data/A16/A16-70/A16-70_44_GML.zip"}, {"filename": "A16-65_44_GML.zip", "url": "https://nlftp.mlit.go.jp/ksj/gml/data/A16/A16-65/A16-65_44_GML.zip"}, {"filename": "A16-60_44_GML.zip", "url": "https://nlftp.mlit.go.jp/ksj/gml/data/A16/A16-60/A16-60_44_GML.zip"}, {"filename": "A16-20_45_GML.zip", "url": "https://nlftp.mlit.go.jp/ksj/gml/data/A16/A16-20/A16-20_45_GML.zip"}, {"filename": "A16-15_45_GML.zip", "url": "https://nlftp.mlit.go.jp/ksj/gml/data/A16/A16-15/A16-15_45_GML.zip"}, {"filename": "A16-10_45_GML.zip", "url": "https://nlftp.mlit.go.jp/ksj/gml/data/A16/A16-10/A16-10_45_GML.zip"}, {"filename": "A16-05_45_GML.zip", "url": "https://nlftp.mlit.go.jp/ksj/gml/data/A16/A16-05/A16-05_45_GML.zip"}, {"filename": "A16-00_45_GML.zip", "url": "https://nlftp.mlit.go.jp/ksj/gml/data/A16/A16-00/A16-00_45_GML.zip"}, {"filename": "A16-95_45_GML.zip", "url": "https://nlftp.mlit.go.jp/ksj/gml/data/A16/A16-95/A16-95_45_GML.zip"}, {"filename": "A16-90_45_GML.zip", "url": "https://nlftp.mlit.go.jp/ksj/gml/data/A16/A16-90/A16-90_45_GML.zip"}, {"filename": "A16-85_45_GML.zip", "url": "https://nlftp.mlit.go.jp/ksj/gml/data/A16/A16-85/A16-85_45_GML.zip"}, {"filename": "A16-80_45_GML.zip", "url": "https://nlftp.mlit.go.jp/ksj/gml/data/A16/A16-80/A16-80_45_GML.zip"}, {"filename": "A16-75_45_GML.zip", "url": "https://nlftp.mlit.go.jp/ksj/gml/data/A16/A16-75/A16-75_45_GML.zip"}, {"filename": "A16-70_45_GML.zip", "url": "https://nlftp.mlit.go.jp/ksj/gml/data/A16/A16-70/A16-70_45_GML.zip"}, {"filename": "A16-65_45_GML.zip", "url": "https://nlftp.mlit.go.jp/ksj/gml/data/A16/A16-65/A16-65_45_GML.zip"}, {"filename": "A16-60_45_GML.zip", "url": "https://nlftp.mlit.go.jp/ksj/gml/data/A16/A16-60/A16-60_45_GML.zip"}, {"filename": "A16-20_46_GML.zip", "url": "https://nlftp.mlit.go.jp/ksj/gml/data/A16/A16-20/A16-20_46_GML.zip"}, {"filename": "A16-15_46_GML.zip", "url": "https://nlftp.mlit.go.jp/ksj/gml/data/A16/A16-15/A16-15_46_GML.zip"}, {"filename": "A16-10_46_GML.zip", "url": "https://nlftp.mlit.go.jp/ksj/gml/data/A16/A16-10/A16-10_46_GML.zip"}, {"filename": "A16-05_46_GML.zip", "url": "https://nlftp.mlit.go.jp/ksj/gml/data/A16/A16-05/A16-05_46_GML.zip"}, {"filename": "A16-00_46_GML.zip", "url": "https://nlftp.mlit.go.jp/ksj/gml/data/A16/A16-00/A16-00_46_GML.zip"}, {"filename": "A16-95_46_GML.zip", "url": "https://nlftp.mlit.go.jp/ksj/gml/data/A16/A16-95/A16-95_46_GML.zip"}, {"filename": "A16-90_46_GML.zip", "url": "https://nlftp.mlit.go.jp/ksj/gml/data/A16/A16-90/A16-90_46_GML.zip"}, {"filename": "A16-85_46_GML.zip", "url": "https://nlftp.mlit.go.jp/ksj/gml/data/A16/A16-85/A16-85_46_GML.zip"}, {"filename": "A16-80_46_GML.zip", "url": "https://nlftp.mlit.go.jp/ksj/gml/data/A16/A16-80/A16-80_46_GML.zip"}, {"filename": "A16-75_46_GML.zip", "url": "https://nlftp.mlit.go.jp/ksj/gml/data/A16/A16-75/A16-75_46_GML.zip"}, {"filename": "A16-70_46_GML.zip", "url": "https://nlftp.mlit.go.jp/ksj/gml/data/A16/A16-70/A16-70_46_GML.zip"}, {"filename": "A16-65_46_GML.zip", "url": "https://nlftp.mlit.go.jp/ksj/gml/data/A16/A16-65/A16-65_46_GML.zip"}, {"filename": "A16-60_46_GML.zip", "url": "https://nlftp.mlit.go.jp/ksj/gml/data/A16/A16-60/A16-60_46_GML.zip"}, {"filename": "A16-20_47_GML.zip", "url": "https://nlftp.mlit.go.jp/ksj/gml/data/A16/A16-20/A16-20_47_GML.zip"}, {"filename": "A16-15_47_GML.zip", "url": "https://nlftp.mlit.go.jp/ksj/gml/data/A16/A16-15/A16-15_47_GML.zip"}, {"filename": "A16-10_47_GML.zip", "url": "https://nlftp.mlit.go.jp/ksj/gml/data/A16/A16-10/A16-10_47_GML.zip"}, {"filename": "A16-05_47_GML.zip", "url": "https://nlftp.mlit.go.jp/ksj/gml/data/A16/A16-05/A16-05_47_GML.zip"}, {"filename": "A16-00_47_GML.zip", "url": "https://nlftp.mlit.go.jp/ksj/gml/data/A16/A16-00/A16-00_47_GML.zip"}, {"filename": "A16-95_47_GML.zip", "url": "https://nlftp.mlit.go.jp/ksj/gml/data/A16/A16-95/A16-95_47_GML.zip"}, {"filename": "A16-90_47_GML.zip", "url": "https://nlftp.mlit.go.jp/ksj/gml/data/A16/A16-90/A16-90_47_GML.zip"}, {"filename": "A16-85_47_GML.zip", "url": "https://nlftp.mlit.go.jp/ksj/gml/data/A16/A16-85/A16-85_47_GML.zip"}, {"filename": "A16-80_47_GML.zip", "url": "https://nlftp.mlit.go.jp/ksj/gml/data/A16/A16-80/A16-80_47_GML.zip"}, {"filename": "A16-75_47_GML.zip", "url": "https://nlftp.mlit.go.jp/ksj/gml/data/A16/A16-75/A16-75_47_GML.zip"}, {"filename": "A16-70_47_GML.zip", "url": "https://nlftp.mlit.go.jp/ksj/gml/data/A16/A16-70/A16-70_47_GML.zip"}]