[{"filename": "A17-700501_01_GML.zip", "url": "https://nlftp.mlit.go.jp/ksj/gml/data/A17/A17-70/A17-700501_01_GML.zip"}, {"filename": "A17-701001_01_GML.zip", "url": "https://nlftp.mlit.go.jp/ksj/gml/data/A17/A17-70/A17-701001_01_GML.zip"}, {"filename": "A17-751001_01_GML.zip", "url": "https://nlftp.mlit.go.jp/ksj/gml/data/A17/A17-75/A17-751001_01_GML.zip"}, {"filename": "A17-801001_01_GML.zip", "url": "https://nlftp.mlit.go.jp/ksj/gml/data/A17/A17-80/A17-801001_01_GML.zip"}, {"filename": "A17-851001_01_GML.zip", "url": "https://nlftp.mlit.go.jp/ksj/gml/data/A17/A17-85/A17-851001_01_GML.zip"}, {"filename": "A17-901001_01_GML.zip", "url": "https://nlftp.mlit.go.jp/ksj/gml/data/A17/A17-90/A17-901001_01_GML.zip"}, {"filename": "A17-951001_01_GML.zip", "url": "https://nlftp.mlit.go.jp/ksj/gml/data/A17/A17-95/A17-951001_01_GML.zip"}, {"filename": "A17-001001_01_GML.zip", "url": "https://nlftp.mlit.go.jp/ksj/gml/data/A17/A17-00/A17-001001_01_GML.zip"}, {"filename": "A17-051001_01_GML.zip", "url": "https://nlftp.mlit.go.jp/ksj/gml/data/A17/A17-05/A17-051001_01_GML.zip"}, {"filename": "A17-070402_01_GML.zip", "url": "https://nlftp.mlit.go.jp/ksj/gml/data/A17/A17-07/A17-070402_01_GML.zip"}, {"filename": "A17-16_01_GML.zip", "url": "https://nlftp.mlit.go.jp/ksj/gml/data/A17/A17-16/A17-16_01_GML.zip"}, {"filename": "A17-17_01_GML.zip", "url": "https://nlftp.mlit.go.jp/ksj/gml/data/A17/A17-17/A17-17_01_GML.zip"}, {"filename": "A17-700501_02_GML.zip", "url": "https://nlftp.mlit.go.jp/ksj/gml/data/A17/A17-70/A17-700501_02_GML.zip"}, {"filename": "A17-701001_02_GML.zip", "url": "https://nlftp.mlit.go.jp/ksj/gml/data/A17/A17-70/A17-701001_02_GML.zip"}, {"filename": "A17-751001_02_GML.zip", "url": "https://nlftp.mlit.go.jp/ksj/gml/data/A17/A17-75/A17-751001_02_GML.zip"}, {"filename": "A17-801001_02_GML.zip", "url": "https://nlftp.mlit.go.jp/ksj/gml/data/A17/A17-80/A17-801001_02_GML.zip"}, {"filename": "A17-851001_02_GML.zip", "url": "https://nlftp.mlit.go.jp/ksj/gml/data/A17/A17-85/A17-851001_02_GML.zip"}, {"filename": "A17-901001_02_GML.zip", "url": "https://nlftp.mlit.go.jp/ksj/gml/data/A17/A17-90/A17-901001_02_GML.zip"}, {"filename": "A17-951001_02_GML.zip", "url": "https://nlftp.mlit.go.jp/ksj/gml/data/A17/A17-95/A17-951001_02_GML.zip"}, {"filename": "A17-001001_02_GML.zip", "url": "https://nlftp.mlit.go.jp/ksj/gml/data/A17/A17-00/A17-001001_02_GML.zip"}, {"filename": "A17-051001_02_GML.zip", "url": "https://nlftp.mlit.go.jp/ksj/gml/data/A17/A17-05/A17-051001_02_GML.zip"}, {"filename": "A17-070402_02_GML.zip", "url": "https://nlftp.mlit.go.jp/ksj/gml/data/A17/A17-07/A17-070402_02_GML.zip"}, {"filename": "A17-16_02_GML.zip", "url": "https://nlftp.mlit.go.jp/ksj/gml/data/A17/A17-16/A17-16_02_GML.zip"}, {"filename": "A17-17_02_GML.zip", "url": "https://nlftp.mlit.go.jp/ksj/gml/data/A17/A17-17/A17-17_02_GML.zip"}, {"filename": "A17-700501_03_GML.zip", "url": "https://nlftp.mlit.go.jp/ksj/gml/data/A17/A17-70/A17-700501_03_GML.zip"}, {"filename": "A17-701001_03_GML.zip", "url": "https://nlftp.mlit.go.jp/ksj/gml/data/A17/A17-70/A17-701001_03_GML.zip"}, {"filename": "A17-751001_03_GML.zip", "url": "https://nlftp.mlit.go.jp/ksj/gml/data/A17/A17-75/A17-751001_03_GML.zip"}, {"filename": "A17-801001_03_GML.zip", "url": "https://nlftp.mlit.go.jp/ksj/gml/data/A17/A17-80/A17-801001_03_GML.zip"}, {"filename": "A17-851001_03_GML.zip", "url": "https://nlftp.mlit.go.jp/ksj/gml/data/A17/A17-85/A17-851001_03_GML.zip"}, {"filename": "A17-901001_03_GML.zip", "url": "https://nlftp.mlit.go.jp/ksj/gml/data/A17/A17-90/A17-901001_03_GML.zip"}, {"filename": "A17-951001_03_GML.zip", "url": "https://nlftp.mlit.go.jp/ksj/gml/data/A17/A17-95/A17-951001_03_GML.zip"}, {"filename": "A17-001001_03_GML.zip", "url": "https://nlftp.mlit.go.jp/ksj/gml/data/A17/A17-00/A17-001001_03_GML.zip"}, {"filename": "A17-051001_03_GML.zip", "url": "https://nlftp.mlit.go.jp/ksj/gml/data/A17/A17-05/A17-051001_03_GML.zip"}, {"filename": "A17-070402_03_GML.zip", "url": "https://nlftp.mlit.go.jp/ksj/gml/data/A17/A17-07/A17-070402_03_GML.zip"}, {"filename": "A17-16_03_GML.zip", "url": "https://nlftp.mlit.go.jp/ksj/gml/data/A17/A17-16/A17-16_03_GML.zip"}, {"filename": "A17-17_03_GML.zip", "url": "https://nlftp.mlit.go.jp/ksj/gml/data/A17/A17-17/A17-17_03_GML.zip"}, {"filename": "A17-700501_04_GML.zip", "url": "https://nlftp.mlit.go.jp/ksj/gml/data/A17/A17-70/A17-700501_04_GML.zip"}, {"filename": "A17-701001_04_GML.zip", "url": "https://nlftp.mlit.go.jp/ksj/gml/data/A17/A17-70/A17-701001_04_GML.zip"}, {"filename": "A17-751001_04_GML.zip", "url": "https://nlftp.mlit.go.jp/ksj/gml/data/A17/A17-75/A17-751001_04_GML.zip"}, {"filename": "A17-801001_04_GML.zip", "url": "https://nlftp.mlit.go.jp/ksj/gml/data/A17/A17-80/A17-801001_04_GML.zip"}, {"filename": "A17-851001_04_GML.zip", "url": "https://nlftp.mlit.go.jp/ksj/gml/data/A17/A17-85/A17-851001_04_GML.zip"}, {"filename": "A17-901001_04_GML.zip", "url": "https://nlftp.mlit.go.jp/ksj/gml/data/A17/A17-90/A17-901001_04_GML.zip"}, {"filename": "A17-951001_04_GML.zip", "url": "https://nlftp.mlit.go.jp/ksj/gml/data/A17/A17-95/A17-951001_04_GML.zip"}, {"filename": "A17-001001_04_GML.zip", "url": "https://nlftp.mlit.go.jp/ksj/gml/data/A17/A17-00/A17-001001_04_GML.zip"}, {"filename": "A17-051001_04_GML.zip", "url": "https://nlftp.mlit.go.jp/ksj/gml/data/A17/A17-05/A17-051001_04_GML.zip"}, {"filename": "A17-070402_04_GML.zip", "url": "https://nlftp.mlit.go.jp/ksj/gml/data/A17/A17-07/A17-070402_04_GML.zip"}, {"filename": "A17-16_04_GML.zip", "url": "https://nlftp.mlit.go.jp/ksj/gml/data/A17/A17-16/A17-16_04_GML.zip"}, {"filename": "A17-17_04_GML.zip", "url": "https://nlftp.mlit.go.jp/ksj/gml/data/A17/A17-17/A17-17_04_GML.zip"}, {"filename": "A17-700501_05_GML.zip", "url": "https://nlftp.mlit.go.jp/ksj/gml/data/A17/A17-70/A17-700501_05_GML.zip"}, {"filename": "A17-701001_05_GML.zip", "url": "https://nlftp.mlit.go.jp/ksj/gml/data/A17/A17-70/A17-701001_05_GML.zip"}, {"filename": "A17-751001_05_GML.zip", "url": "https://nlftp.mlit.go.jp/ksj/gml/data/A17/A17-75/A17-751001_05_GML.zip"}, {"filename": "A17-801001_05_GML.zip", "url": "https://nlftp.mlit.go.jp/ksj/gml/data/A17/A17-80/A17-801001_05_GML.zip"}, {"filename": "A17-851001_05_GML.zip", "url": "https://nlftp.mlit.go.jp/ksj/gml/data/A17/A17-85/A17-851001_05_GML.zip"}, {"filename": "A17-901001_05_GML.zip", "url": "https://nlftp.mlit.go.jp/ksj/gml/data/A17/A17-90/A17-901001_05_GML.zip"}, {"filename": "A17-951001_05_GML.zip", "url": "https://nlftp.mlit.go.jp/ksj/gml/data/A17/A17-95/A17-951001_05_GML.zip"}, {"filename": "A17-001001_05_GML.zip", "url": "https://nlftp.mlit.go.jp/ksj/gml/data/A17/A17-00/A17-001001_05_GML.zip"}, {"filename": "A17-051001_05_GML.zip", "url": "https://nlftp.mlit.go.jp/ksj/gml/data/A17/A17-05/A17-051001_05_GML.zip"}, {"filename": "A17-070402_05_GML.zip", "url": "https://nlftp.mlit.go.jp/ksj/gml/data/A17/A17-07/A17-070402_05_GML.zip"}, {"filename": "A17-16_05_GML.zip", "url": "https://nlftp.mlit.go.jp/ksj/gml/data/A17/A17-16/A17-16_05_GML.zip"}, {"filename": "A17-17_05_GML.zip", "url": "https://nlftp.mlit.go.jp/ksj/gml/data/A17/A17-17/A17-17_05_GML.zip"}, {"filename": "A17-700501_06_GML.zip", "url": "https://nlftp.mlit.go.jp/ksj/gml/data/A17/A17-70/A17-700501_06_GML.zip"}, {"filename": "A17-701001_06_GML.zip", "url": "https://nlftp.mlit.go.jp/ksj/gml/data/A17/A17-70/A17-701001_06_GML.zip"}, {"filename": "A17-751001_06_GML.zip", "url": "https://nlftp.mlit.go.jp/ksj/gml/data/A17/A17-75/A17-751001_06_GML.zip"}, {"filename": "A17-801001_06_GML.zip", "url": "https://nlftp.mlit.go.jp/ksj/gml/data/A17/A17-80/A17-801001_06_GML.zip"}, {"filename": "A17-851001_06_GML.zip", "url": "https://nlftp.mlit.go.jp/ksj/gml/data/A17/A17-85/A17-851001_06_GML.zip"}, {"filename": "A17-901001_06_GML.zip", "url": "https://nlftp.mlit.go.jp/ksj/gml/data/A17/A17-90/A17-901001_06_GML.zip"}, {"filename": "A17-951001_06_GML.zip", "url": "https://nlftp.mlit.go.jp/ksj/gml/data/A17/A17-95/A17-951001_06_GML.zip"}, {"filename": "A17-001001_06_GML.zip", "url": "https://nlftp.mlit.go.jp/ksj/gml/data/A17/A17-00/A17-001001_06_GML.zip"}, {"filename": "A17-051001_06_GML.zip", "url": "https://nlftp.mlit.go.jp/ksj/gml/data/A17/A17-05/A17-051001_06_GML.zip"}, {"filename": "A17-070402_06_GML.zip", "url": "https://nlftp.mlit.go.jp/ksj/gml/data/A17/A17-07/A17-070402_06_GML.zip"}, {"filename": "A17-16_06_GML.zip", "url": "https://nlftp.mlit.go.jp/ksj/gml/data/A17/A17-16/A17-16_06_GML.zip"}, {"filename": "A17-17_06_GML.zip", "url": "https://nlftp.mlit.go.jp/ksj/gml/data/A17/A17-17/A17-17_06_GML.zip"}, {"filename": "A17-700501_07_GML.zip", "url": "https://nlftp.mlit.go.jp/ksj/gml/data/A17/A17-70/A17-700501_07_GML.zip"}, {"filename": "A17-701001_07_GML.zip", "url": "https://nlftp.mlit.go.jp/ksj/gml/data/A17/A17-70/A17-701001_07_GML.zip"}, {"filename": "A17-751001_07_GML.zip", "url": "https://nlftp.mlit.go.jp/ksj/gml/data/A17/A17-75/A17-751001_07_GML.zip"}, {"filename": "A17-801001_07_GML.zip", "url": "https://nlftp.mlit.go.jp/ksj/gml/data/A17/A17-80/A17-801001_07_GML.zip"}, {"filename": "A17-851001_07_GML.zip", "url": "https://nlftp.mlit.go.jp/ksj/gml/data/A17/A17-85/A17-851001_07_GML.zip"}, {"filename": "A17-901001_07_GML.zip", "url": "https://nlftp.mlit.go.jp/ksj/gml/data/A17/A17-90/A17-901001_07_GML.zip"}, {"filename": "A17-951001_07_GML.zip", "url": "https://nlftp.mlit.go.jp/ksj/gml/data/A17/A17-95/A17-951001_07_GML.zip"}, {"filename": "A17-001001_07_GML.zip", "url": "https://nlftp.mlit.go.jp/ksj/gml/data/A17/A17-00/A17-001001_07_GML.zip"}, {"filename": "A17-051001_07_GML.zip", "url": "https://nlftp.mlit.go.jp/ksj/gml/data/A17/A17-05/A17-051001_07_GML.zip"}, {"filename": "A17-070402_07_GML.zip", "url": "https://nlftp.mlit.go.jp/ksj/gml/data/A17/A17-07/A17-070402_07_GML.zip"}, {"filename": "A17-16_07_GML.zip", "url": "https://nlftp.mlit.go.jp/ksj/gml/data/A17/A17-16/A17-16_07_GML.zip"}, {"filename": "A17-17_07_GML.zip", "url": "https://nlftp.mlit.go.jp/ksj/gml/data/A17/A17-17/A17-17_07_GML.zip"}, {"filename": "A17-700501_08_GML.zip", "url": "https://nlftp.mlit.go.jp/ksj/gml/data/A17/A17-70/A17-700501_08_GML.zip"}, {"filename": "A17-701001_08_GML.zip", "url": "https://nlftp.mlit.go.jp/ksj/gml/data/A17/A17-70/A17-701001_08_GML.zip"}, {"filename": "A17-751001_08_GML.zip", "url": "https://nlftp.mlit.go.jp/ksj/gml/data/A17/A17-75/A17-751001_08_GML.zip"}, {"filename": "A17-801001_08_GML.zip", "url": "https://nlftp.mlit.go.jp/ksj/gml/data/A17/A17-80/A17-801001_08_GML.zip"}, {"filename": "A17-851001_08_GML.zip", "url": "https://nlftp.mlit.go.jp/ksj/gml/data/A17/A17-85/A17-851001_08_GML.zip"}, {"filename": "A17-901001_08_GML.zip", "url": "https://nlftp.mlit.go.jp/ksj/gml/data/A17/A17-90/A17-901001_08_GML.zip"}, {"filename": "A17-951001_08_GML.zip", "url": "https://nlftp.mlit.go.jp/ksj/gml/data/A17/A17-95/A17-951001_08_GML.zip"}, {"filename": "A17-001001_08_GML.zip", "url": "https://nlftp.mlit.go.jp/ksj/gml/data/A17/A17-00/A17-001001_08_GML.zip"}, {"filename": "A17-051001_08_GML.zip", "url": "https://nlftp.mlit.go.jp/ksj/gml/data/A17/A17-05/A17-051001_08_GML.zip"}, {"filename": "A17-070402_08_GML.zip", "url": "https://nlftp.mlit.go.jp/ksj/gml/data/A17/A17-07/A17-070402_08_GML.zip"}, {"filename": "A17-16_08_GML.zip", "url": "https://nlftp.mlit.go.jp/ksj/gml/data/A17/A17-16/A17-16_08_GML.zip"}, {"filename": "A17-17_08_GML.zip", "url": "https://nlftp.mlit.go.jp/ksj/gml/data/A17/A17-17/A17-17_08_GML.zip"}, {"filename": "A17-700501_09_GML.zip", "url": "https://nlftp.mlit.go.jp/ksj/gml/data/A17/A17-70/A17-700501_09_GML.zip"}, {"filename": "A17-701001_09_GML.zip", "url": "https://nlftp.mlit.go.jp/ksj/gml/data/A17/A17-70/A17-701001_09_GML.zip"}, {"filename": "A17-751001_09_GML.zip", "url": "https://nlftp.mlit.go.jp/ksj/gml/data/A17/A17-75/A17-751001_09_GML.zip"}, {"filename": "A17-801001_09_GML.zip", "url": "https://nlftp.mlit.go.jp/ksj/gml/data/A17/A17-80/A17-801001_09_GML.zip"}, {"filename": "A17-851001_09_GML.zip", "url": "https://nlftp.mlit.go.jp/ksj/gml/data/A17/A17-85/A17-851001_09_GML.zip"}, {"filename": "A17-901001_09_GML.zip", "url": "https://nlftp.mlit.go.jp/ksj/gml/data/A17/A17-90/A17-901001_09_GML.zip"}, {"filename": "A17-951001_09_GML.zip", "url": "https://nlftp.mlit.go.jp/ksj/gml/data/A17/A17-95/A17-951001_09_GML.zip"}, {"filename": "A17-001001_09_GML.zip", "url": "https://nlftp.mlit.go.jp/ksj/gml/data/A17/A17-00/A17-001001_09_GML.zip"}, {"filename": "A17-051001_09_GML.zip", "url": "https://nlftp.mlit.go.jp/ksj/gml/data/A17/A17-05/A17-051001_09_GML.zip"}, {"filename": "A17-070402_09_GML.zip", "url": "https://nlftp.mlit.go.jp/ksj/gml/data/A17/A17-07/A17-070402_09_GML.zip"}, {"filename": "A17-16_09_GML.zip", "url": "https://nlftp.mlit.go.jp/ksj/gml/data/A17/A17-16/A17-16_09_GML.zip"}, {"filename": "A17-17_09_GML.zip", "url": "https://nlftp.mlit.go.jp/ksj/gml/data/A17/A17-17/A17-17_09_GML.zip"}, {"filename": "A17-700501_10_GML.zip", "url": "https://nlftp.mlit.go.jp/ksj/gml/data/A17/A17-70/A17-700501_10_GML.zip"}, {"filename": "A17-701001_10_GML.zip", "url": "https://nlftp.mlit.go.jp/ksj/gml/data/A17/A17-70/A17-701001_10_GML.zip"}, {"filename": "A17-751001_10_GML.zip", "url": "https://nlftp.mlit.go.jp/ksj/gml/data/A17/A17-75/A17-751001_10_GML.zip"}, {"filename": "A17-801001_10_GML.zip", "url": "https://nlftp.mlit.go.jp/ksj/gml/data/A17/A17-80/A17-801001_10_GML.zip"}, {"filename": "A17-851001_10_GML.zip", "url": "https://nlftp.mlit.go.jp/ksj/gml/data/A17/A17-85/A17-851001_10_GML.zip"}, {"filename": "A17-901001_10_GML.zip", "url": "https://nlftp.mlit.go.jp/ksj/gml/data/A17/A17-90/A17-901001_10_GML.zip"}, {"filename": "A17-951001_10_GML.zip", "url": "https://nlftp.mlit.go.jp/ksj/gml/data/A17/A17-95/A17-951001_10_GML.zip"}, {"filename": "A17-001001_10_GML.zip", "url": "https://nlftp.mlit.go.jp/ksj/gml/data/A17/A17-00/A17-001001_10_GML.zip"}, {"filename": "A17-051001_10_GML.zip", "url": "https://nlftp.mlit.go.jp/ksj/gml/data/A17/A17-05/A17-051001_10_GML.zip"}, {"filename": "A17-070402_10_GML.zip", "url": "https://nlftp.mlit.go.jp/ksj/gml/data/A17/A17-07/A17-070402_10_GML.zip"}, {"filename": "A17-16_10_GML.zip", "url": "https://nlftp.mlit.go.jp/ksj/gml/data/A17/A17-16/A17-16_10_GML.zip"}, {"filename": "A17-17_10_GML.zip", "url": "https://nlftp.mlit.go.jp/ksj/gml/data/A17/A17-17/A17-17_10_GML.zip"}, {"filename": "A17-700501_11_GML.zip", "url": "https://nlftp.mlit.go.jp/ksj/gml/data/A17/A17-70/A17-700501_11_GML.zip"}, {"filename": "A17-701001_11_GML.zip", "url": "https://nlftp.mlit.go.jp/ksj/gml/data/A17/A17-70/A17-701001_11_GML.zip"}, {"filename": "A17-751001_11_GML.zip", "url": "https://nlftp.mlit.go.jp/ksj/gml/data/A17/A17-75/A17-751001_11_GML.zip"}, {"filename": "A17-801001_11_GML.zip", "url": "https://nlftp.mlit.go.jp/ksj/gml/data/A17/A17-80/A17-801001_11_GML.zip"}, {"filename": "A17-851001_11_GML.zip", "url": "https://nlftp.mlit.go.jp/ksj/gml/data/A17/A17-85/A17-851001_11_GML.zip"}, {"filename": "A17-901001_11_GML.zip", "url": "https://nlftp.mlit.go.jp/ksj/gml/data/A17/A17-90/A17-901001_11_GML.zip"}, {"filename": "A17-951001_11_GML.zip", "url": "https://nlftp.mlit.go.jp/ksj/gml/data/A17/A17-95/A17-951001_11_GML.zip"}, {"filename": "A17-001001_11_GML.zip", "url": "https://nlftp.mlit.go.jp/ksj/gml/data/A17/A17-00/A17-001001_11_GML.zip"}, {"filename": "A17-051001_11_GML.zip", "url": "https://nlftp.mlit.go.jp/ksj/gml/data/A17/A17-05/A17-051001_11_GML.zip"}, {"filename": "A17-070402_11_GML.zip", "url": "https://nlftp.mlit.go.jp/ksj/gml/data/A17/A17-07/A17-070402_11_GML.zip"}, {"filename": "A17-16_11_GML.zip", "url": "https://nlftp.mlit.go.jp/ksj/gml/data/A17/A17-16/A17-16_11_GML.zip"}, {"filename": "A17-17_11_GML.zip", "url": "https://nlftp.mlit.go.jp/ksj/gml/data/A17/A17-17/A17-17_11_GML.zip"}, {"filename": "A17-700501_12_GML.zip", "url": "https://nlftp.mlit.go.jp/ksj/gml/data/A17/A17-70/A17-700501_12_GML.zip"}, {"filename": "A17-701001_12_GML.zip", "url": "https://nlftp.mlit.go.jp/ksj/gml/data/A17/A17-70/A17-701001_12_GML.zip"}, {"filename": "A17-751001_12_GML.zip", "url": "https://nlftp.mlit.go.jp/ksj/gml/data/A17/A17-75/A17-751001_12_GML.zip"}, {"filename": "A17-801001_12_GML.zip", "url": "https://nlftp.mlit.go.jp/ksj/gml/data/A17/A17-80/A17-801001_12_GML.zip"}, {"filename": "A17-851001_12_GML.zip", "url": "https://nlftp.mlit.go.jp/ksj/gml/data/A17/A17-85/A17-851001_12_GML.zip"}, {"filename": "A17-901001_12_GML.zip", "url": "https://nlftp.mlit.go.jp/ksj/gml/data/A17/A17-90/A17-901001_12_GML.zip"}, {"filename": "A17-951001_12_GML.zip", "url": "https://nlftp.mlit.go.jp/ksj/gml/data/A17/A17-95/A17-951001_12_GML.zip"}, {"filename": "A17-001001_12_GML.zip", "url": "https://nlftp.mlit.go.jp/ksj/gml/data/A17/A17-00/A17-001001_12_GML.zip"}, {"filename": "A17-051001_12_GML.zip", "url": "https://nlftp.mlit.go.jp/ksj/gml/data/A17/A17-05/A17-051001_12_GML.zip"}, {"filename": "A17-070402_12_GML.zip", "url": "https://nlftp.mlit.go.jp/ksj/gml/data/A17/A17-07/A17-070402_12_GML.zip"}, {"filename": "A17-16_12_GML.zip", "url": "https://nlftp.mlit.go.jp/ksj/gml/data/A17/A17-16/A17-16_12_GML.zip"}, {"filename": "A17-17_12_GML.zip", "url": "https://nlftp.mlit.go.jp/ksj/gml/data/A17/A17-17/A17-17_12_GML.zip"}, {"filename": "A17-700501_13_GML.zip", "url": "https://nlftp.mlit.go.jp/ksj/gml/data/A17/A17-70/A17-700501_13_GML.zip"}, {"filename": "A17-701001_13_GML.zip", "url": "https://nlftp.mlit.go.jp/ksj/gml/data/A17/A17-70/A17-701001_13_GML.zip"}, {"filename": "A17-751001_13_GML.zip", "url": "https://nlftp.mlit.go.jp/ksj/gml/data/A17/A17-75/A17-751001_13_GML.zip"}, {"filename": "A17-801001_13_GML.zip", "url": "https://nlftp.mlit.go.jp/ksj/gml/data/A17/A17-80/A17-801001_13_GML.zip"}, {"filename": "A17-851001_13_GML.zip", "url": "https://nlftp.mlit.go.jp/ksj/gml/data/A17/A17-85/A17-851001_13_GML.zip"}, {"filename": "A17-901001_13_GML.zip", "url": "https://nlftp.mlit.go.jp/ksj/gml/data/A17/A17-90/A17-901001_13_GML.zip"}, {"filename": "A17-951001_13_GML.zip", "url": "https://nlftp.mlit.go.jp/ksj/gml/data/A17/A17-95/A17-951001_13_GML.zip"}, {"filename": "A17-001001_13_GML.zip", "url": "https://nlftp.mlit.go.jp/ksj/gml/data/A17/A17-00/A17-001001_13_GML.zip"}, {"filename": "A17-051001_13_GML.zip", "url": "https://nlftp.mlit.go.jp/ksj/gml/data/A17/A17-05/A17-051001_13_GML.zip"}, {"filename": "A17-070402_13_GML.zip", "url": "https://nlftp.mlit.go.jp/ksj/gml/data/A17/A17-07/A17-070402_13_GML.zip"}, {"filename": "A17-16_13_GML.zip", "url": "https://nlftp.mlit.go.jp/ksj/gml/data/A17/A17-16/A17-16_13_GML.zip"}, {"filename": "A17-17_13_GML.zip", "url": "https://nlftp.mlit.go.jp/ksj/gml/data/A17/A17-17/A17-17_13_GML.zip"}, {"filename": "A17-700501_15_GML.zip", "url": "https://nlftp.mlit.go.jp/ksj/gml/data/A17/A17-70/A17-700501_15_GML.zip"}, {"filename": "A17-701001_15_GML.zip", "url": "https://nlftp.mlit.go.jp/ksj/gml/data/A17/A17-70/A17-701001_15_GML.zip"}, {"filename": "A17-751001_15_GML.zip", "url": "https://nlftp.mlit.go.jp/ksj/gml/data/A17/A17-75/A17-751001_15_GML.zip"}, {"filename": "A17-801001_15_GML.zip", "url": "https://nlftp.mlit.go.jp/ksj/gml/data/A17/A17-80/A17-801001_15_GML.zip"}, {"filename": "A17-851001_15_GML.zip", "url": "https://nlftp.mlit.go.jp/ksj/gml/data/A17/A17-85/A17-851001_15_GML.zip"}, {"filename": "A17-901001_15_GML.zip", "url": "https://nlftp.mlit.go.jp/ksj/gml/data/A17/A17-90/A17-901001_15_GML.zip"}, {"filename": "A17-951001_15_GML.zip", "url": "https://nlftp.mlit.go.jp/ksj/gml/data/A17/A17-95/A17-951001_15_GML.zip"}, {"filename": "A17-001001_15_GML.zip", "url": "https://nlftp.mlit.go.jp/ksj/gml/data/A17/A17-00/A17-001001_15_GML.zip"}, {"filename": "A17-051001_15_GML.zip", "url": "https://nlftp.mlit.go.jp/ksj/gml/data/A17/A17-05/A17-051001_15_GML.zip"}, {"filename": "A17-070402_15_GML.zip", "url": "https://nlftp.mlit.go.jp/ksj/gml/data/A17/A17-07/A17-070402_15_GML.zip"}, {"filename": "A17-16_15_GML.zip", "url": "https://nlftp.mlit.go.jp/ksj/gml/data/A17/A17-16/A17-16_15_GML.zip"}, {"filename": "A17-17_15_GML.zip", "url": "https://nlftp.mlit.go.jp/ksj/gml/data/A17/A17-17/A17-17_15_GML.zip"}, {"filename": "A17-700501_16_GML.zip", "url": "https://nlftp.mlit.go.jp/ksj/gml/data/A17/A17-70/A17-700501_16_GML.zip"}, {"filename": "A17-701001_16_GML.zip", "url": "https://nlftp.mlit.go.jp/ksj/gml/data/A17/A17-70/A17-701001_16_GML.zip"}, {"filename": "A17-751001_16_GML.zip", "url": "https://nlftp.mlit.go.jp/ksj/gml/data/A17/A17-75/A17-751001_16_GML.zip"}, {"filename": "A17-801001_16_GML.zip", "url": "https://nlftp.mlit.go.jp/ksj/gml/data/A17/A17-80/A17-801001_16_GML.zip"}, {"filename": "A17-851001_16_GML.zip", "url": "https://nlftp.mlit.go.jp/ksj/gml/data/A17/A17-85/A17-851001_16_GML.zip"}, {"filename": "A17-901001_16_GML.zip", "url": "https://nlftp.mlit.go.jp/ksj/gml/data/A17/A17-90/A17-901001_16_GML.zip"}, {"filename": "A17-951001_16_GML.zip", "url": "https://nlftp.mlit.go.jp/ksj/gml/data/A17/A17-95/A17-951001_16_GML.zip"}, {"filename": "A17-001001_16_GML.zip", "url": "https://nlftp.mlit.go.jp/ksj/gml/data/A17/A17-00/A17-001001_16_GML.zip"}, {"filename": "A17-051001_16_GML.zip", "url": "https://nlftp.mlit.go.jp/ksj/gml/data/A17/A17-05/A17-051001_16_GML.zip"}, {"filename": "A17-070402_16_GML.zip", "url": "https://nlftp.mlit.go.jp/ksj/gml/data/A17/A17-07/A17-070402_16_GML.zip"}, {"filename": "A17-16_16_GML.zip", "url": "https://nlftp.mlit.go.jp/ksj/gml/data/A17/A17-16/A17-16_16_GML.zip"}, {"filename": "A17-17_16_GML.zip", "url": "https://nlftp.mlit.go.jp/ksj/gml/data/A17/A17-17/A17-17_16_GML.zip"}, {"filename": "A17-700501_17_GML.zip", "url": "https://nlftp.mlit.go.jp/ksj/gml/data/A17/A17-70/A17-700501_17_GML.zip"}, {"filename": "A17-701001_17_GML.zip", "url": "https://nlftp.mlit.go.jp/ksj/gml/data/A17/A17-70/A17-701001_17_GML.zip"}, {"filename": "A17-751001_17_GML.zip", "url": "https://nlftp.mlit.go.jp/ksj/gml/data/A17/A17-75/A17-751001_17_GML.zip"}, {"filename": "A17-801001_17_GML.zip", "url": "https://nlftp.mlit.go.jp/ksj/gml/data/A17/A17-80/A17-801001_17_GML.zip"}, {"filename": "A17-851001_17_GML.zip", "url": "https://nlftp.mlit.go.jp/ksj/gml/data/A17/A17-85/A17-851001_17_GML.zip"}, {"filename": "A17-901001_17_GML.zip", "url": "https://nlftp.mlit.go.jp/ksj/gml/data/A17/A17-90/A17-901001_17_GML.zip"}, {"filename": "A17-951001_17_GML.zip", "url": "https://nlftp.mlit.go.jp/ksj/gml/data/A17/A17-95/A17-951001_17_GML.zip"}, {"filename": "A17-001001_17_GML.zip", "url": "https://nlftp.mlit.go.jp/ksj/gml/data/A17/A17-00/A17-001001_17_GML.zip"}, {"filename": "A17-051001_17_GML.zip", "url": "https://nlftp.mlit.go.jp/ksj/gml/data/A17/A17-05/A17-051001_17_GML.zip"}, {"filename": "A17-070402_17_GML.zip", "url": "https://nlftp.mlit.go.jp/ksj/gml/data/A17/A17-07/A17-070402_17_GML.zip"}, {"filename": "A17-16_17_GML.zip", "url": "https://nlftp.mlit.go.jp/ksj/gml/data/A17/A17-16/A17-16_17_GML.zip"}, {"filename": "A17-17_17_GML.zip", "url": "https://nlftp.mlit.go.jp/ksj/gml/data/A17/A17-17/A17-17_17_GML.zip"}, {"filename": "A17-700501_18_GML.zip", "url": "https://nlftp.mlit.go.jp/ksj/gml/data/A17/A17-70/A17-700501_18_GML.zip"}, {"filename": "A17-701001_18_GML.zip", "url": "https://nlftp.mlit.go.jp/ksj/gml/data/A17/A17-70/A17-701001_18_GML.zip"}, {"filename": "A17-751001_18_GML.zip", "url": "https://nlftp.mlit.go.jp/ksj/gml/data/A17/A17-75/A17-751001_18_GML.zip"}, {"filename": "A17-801001_18_GML.zip", "url": "https://nlftp.mlit.go.jp/ksj/gml/data/A17/A17-80/A17-801001_18_GML.zip"}, {"filename": "A17-851001_18_GML.zip", "url": "https://nlftp.mlit.go.jp/ksj/gml/data/A17/A17-85/A17-851001_18_GML.zip"}, {"filename": "A17-901001_18_GML.zip", "url": "https://nlftp.mlit.go.jp/ksj/gml/data/A17/A17-90/A17-901001_18_GML.zip"}, {"filename": "A17-951001_18_GML.zip", "url": "https://nlftp.mlit.go.jp/ksj/gml/data/A17/A17-95/A17-951001_18_GML.zip"}, {"filename": "A17-001001_18_GML.zip", "url": "https://nlftp.mlit.go.jp/ksj/gml/data/A17/A17-00/A17-001001_18_GML.zip"}, {"filename": "A17-051001_18_GML.zip", "url": "https://nlftp.mlit.go.jp/ksj/gml/data/A17/A17-05/A17-051001_18_GML.zip"}, {"filename": "A17-070402_18_GML.zip", "url": "https://nlftp.mlit.go.jp/ksj/gml/data/A17/A17-07/A17-070402_18_GML.zip"}, {"filename": "A17-16_18_GML.zip", "url": "https://nlftp.mlit.go.jp/ksj/gml/data/A17/A17-16/A17-16_18_GML.zip"}, {"filename": "A17-17_18_GML.zip", "url": "https://nlftp.mlit.go.jp/ksj/gml/data/A17/A17-17/A17-17_18_GML.zip"}, {"filename": "A17-700501_19_GML.zip", "url": "https://nlftp.mlit.go.jp/ksj/gml/data/A17/A17-70/A17-700501_19_GML.zip"}, {"filename": "A17-701001_19_GML.zip", "url": "https://nlftp.mlit.go.jp/ksj/gml/data/A17/A17-70/A17-701001_19_GML.zip"}, {"filename": "A17-751001_19_GML.zip", "url": "https://nlftp.mlit.go.jp/ksj/gml/data/A17/A17-75/A17-751001_19_GML.zip"}, {"filename": "A17-801001_19_GML.zip", "url": "https://nlftp.mlit.go.jp/ksj/gml/data/A17/A17-80/A17-801001_19_GML.zip"}, {"filename": "A17-851001_19_GML.zip", "url": "https://nlftp.mlit.go.jp/ksj/gml/data/A17/A17-85/A17-851001_19_GML.zip"}, {"filename": "A17-901001_19_GML.zip", "url": "https://nlftp.mlit.go.jp/ksj/gml/data/A17/A17-90/A17-901001_19_GML.zip"}, {"filename": "A17-951001_19_GML.zip", "url": "https://nlftp.mlit.go.jp/ksj/gml/data/A17/A17-95/A17-951001_19_GML.zip"}, {"filename": "A17-001001_19_GML.zip", "url": "https://nlftp.mlit.go.jp/ksj/gml/data/A17/A17-00/A17-001001_19_GML.zip"}, {"filename": "A17-051001_19_GML.zip", "url": "https://nlftp.mlit.go.jp/ksj/gml/data/A17/A17-05/A17-051001_19_GML.zip"}, {"filename": "A17-070402_19_GML.zip", "url": "https://nlftp.mlit.go.jp/ksj/gml/data/A17/A17-07/A17-070402_19_GML.zip"}, {"filename": "A17-16_19_GML.zip", "url": "https://nlftp.mlit.go.jp/ksj/gml/data/A17/A17-16/A17-16_19_GML.zip"}, {"filename": "A17-17_19_GML.zip", "url": "https://nlftp.mlit.go.jp/ksj/gml/data/A17/A17-17/A17-17_19_GML.zip"}, {"filename": "A17-700501_20_GML.zip", "url": "https://nlftp.mlit.go.jp/ksj/gml/data/A17/A17-70/A17-700501_20_GML.zip"}, {"filename": "A17-701001_20_GML.zip", "url": "https://nlftp.mlit.go.jp/ksj/gml/data/A17/A17-70/A17-701001_20_GML.zip"}, {"filename": "A17-751001_20_GML.zip", "url": "https://nlftp.mlit.go.jp/ksj/gml/data/A17/A17-75/A17-751001_20_GML.zip"}, {"filename": "A17-801001_20_GML.zip", "url": "https://nlftp.mlit.go.jp/ksj/gml/data/A17/A17-80/A17-801001_20_GML.zip"}, {"filename": "A17-851001_20_GML.zip", "url": "https://nlftp.mlit.go.jp/ksj/gml/data/A17/A17-85/A17-851001_20_GML.zip"}, {"filename": "A17-901001_20_GML.zip", "url": "https://nlftp.mlit.go.jp/ksj/gml/data/A17/A17-90/A17-901001_20_GML.zip"}, {"filename": "A17-951001_20_GML.zip", "url": "https://nlftp.mlit.go.jp/ksj/gml/data/A17/A17-95/A17-951001_20_GML.zip"}, {"filename": "A17-001001_20_GML.zip", "url": "https://nlftp.mlit.go.jp/ksj/gml/data/A17/A17-00/A17-001001_20_GML.zip"}, {"filename": "A17-051001_20_GML.zip", "url": "https://nlftp.mlit.go.jp/ksj/gml/data/A17/A17-05/A17-051001_20_GML.zip"}, {"filename": "A17-070402_20_GML.zip", "url": "https://nlftp.mlit.go.jp/ksj/gml/data/A17/A17-07/A17-070402_20_GML.zip"}, {"filename": "A17-16_20_GML.zip", "url": "https://nlftp.mlit.go.jp/ksj/gml/data/A17/A17-16/A17-16_20_GML.zip"}, {"filename": "A17-17_20_GML.zip", "url": "https://nlftp.mlit.go.jp/ksj/gml/data/A17/A17-17/A17-17_20_GML.zip"}, {"filename": "A17-700501_21_GML.zip", "url": "https://nlftp.mlit.go.jp/ksj/gml/data/A17/A17-70/A17-700501_21_GML.zip"}, {"filename": "A17-701001_21_GML.zip", "url": "https://nlftp.mlit.go.jp/ksj/gml/data/A17/A17-70/A17-701001_21_GML.zip"}, {"filename": "A17-751001_21_GML.zip", "url": "https://nlftp.mlit.go.jp/ksj/gml/data/A17/A17-75/A17-751001_21_GML.zip"}, {"filename": "A17-801001_21_GML.zip", "url": "https://nlftp.mlit.go.jp/ksj/gml/data/A17/A17-80/A17-801001_21_GML.zip"}, {"filename": "A17-851001_21_GML.zip", "url": "https://nlftp.mlit.go.jp/ksj/gml/data/A17/A17-85/A17-851001_21_GML.zip"}, {"filename": "A17-901001_21_GML.zip", "url": "https://nlftp.mlit.go.jp/ksj/gml/data/A17/A17-90/A17-901001_21_GML.zip"}, {"filename": "A17-951001_21_GML.zip", "url": "https://nlftp.mlit.go.jp/ksj/gml/data/A17/A17-95/A17-951001_21_GML.zip"}, {"filename": "A17-001001_21_GML.zip", "url": "https://nlftp.mlit.go.jp/ksj/gml/data/A17/A17-00/A17-001001_21_GML.zip"}, {"filename": "A17-051001_21_GML.zip", "url": "https://nlftp.mlit.go.jp/ksj/gml/data/A17/A17-05/A17-051001_21_GML.zip"}, {"filename": "A17-070402_21_GML.zip", "url": "https://nlftp.mlit.go.jp/ksj/gml/data/A17/A17-07/A17-070402_21_GML.zip"}, {"filename": "A17-16_21_GML.zip", "url": "https://nlftp.mlit.go.jp/ksj/gml/data/A17/A17-16/A17-16_21_GML.zip"}, {"filename": "A17-17_21_GML.zip", "url": "https://nlftp.mlit.go.jp/ksj/gml/data/A17/A17-17/A17-17_21_GML.zip"}, {"filename": "A17-700501_22_GML.zip", "url": "https://nlftp.mlit.go.jp/ksj/gml/data/A17/A17-70/A17-700501_22_GML.zip"}, {"filename": "A17-701001_22_GML.zip", "url": "https://nlftp.mlit.go.jp/ksj/gml/data/A17/A17-70/A17-701001_22_GML.zip"}, {"filename": "A17-751001_22_GML.zip", "url": "https://nlftp.mlit.go.jp/ksj/gml/data/A17/A17-75/A17-751001_22_GML.zip"}, {"filename": "A17-801001_22_GML.zip", "url": "https://nlftp.mlit.go.jp/ksj/gml/data/A17/A17-80/A17-801001_22_GML.zip"}, {"filename": "A17-851001_22_GML.zip", "url": "https://nlftp.mlit.go.jp/ksj/gml/data/A17/A17-85/A17-851001_22_GML.zip"}, {"filename": "A17-901001_22_GML.zip", "url": "https://nlftp.mlit.go.jp/ksj/gml/data/A17/A17-90/A17-901001_22_GML.zip"}, {"filename": "A17-951001_22_GML.zip", "url": "https://nlftp.mlit.go.jp/ksj/gml/data/A17/A17-95/A17-951001_22_GML.zip"}, {"filename": "A17-001001_22_GML.zip", "url": "https://nlftp.mlit.go.jp/ksj/gml/data/A17/A17-00/A17-001001_22_GML.zip"}, {"filename": "A17-051001_22_GML.zip", "url": "https://nlftp.mlit.go.jp/ksj/gml/data/A17/A17-05/A17-051001_22_GML.zip"}, {"filename": "A17-070402_22_GML.zip", "url": "https://nlftp.mlit.go.jp/ksj/gml/data/A17/A17-07/A17-070402_22_GML.zip"}, {"filename": "A17-16_22_GML.zip", "url": "https://nlftp.mlit.go.jp/ksj/gml/data/A17/A17-16/A17-16_22_GML.zip"}, {"filename": "A17-17_22_GML.zip", "url": "https://nlftp.mlit.go.jp/ksj/gml/data/A17/A17-17/A17-17_22_GML.zip"}, {"filename": "A17-700501_23_GML.zip", "url": "https://nlftp.mlit.go.jp/ksj/gml/data/A17/A17-70/A17-700501_23_GML.zip"}, {"filename": "A17-701001_23_GML.zip", "url": "https://nlftp.mlit.go.jp/ksj/gml/data/A17/A17-70/A17-701001_23_GML.zip"}, {"filename": "A17-751001_23_GML.zip", "url": "https://nlftp.mlit.go.jp/ksj/gml/data/A17/A17-75/A17-751001_23_GML.zip"}, {"filename": "A17-801001_23_GML.zip", "url": "https://nlftp.mlit.go.jp/ksj/gml/data/A17/A17-80/A17-801001_23_GML.zip"}, {"filename": "A17-851001_23_GML.zip", "url": "https://nlftp.mlit.go.jp/ksj/gml/data/A17/A17-85/A17-851001_23_GML.zip"}, {"filename": "A17-901001_23_GML.zip", "url": "https://nlftp.mlit.go.jp/ksj/gml/data/A17/A17-90/A17-901001_23_GML.zip"}, {"filename": "A17-951001_23_GML.zip", "url": "https://nlftp.mlit.go.jp/ksj/gml/data/A17/A17-95/A17-951001_23_GML.zip"}, {"filename": "A17-001001_23_GML.zip", "url": "https://nlftp.mlit.go.jp/ksj/gml/data/A17/A17-00/A17-001001_23_GML.zip"}, {"filename": "A17-051001_23_GML.zip", "url": "https://nlftp.mlit.go.jp/ksj/gml/data/A17/A17-05/A17-051001_23_GML.zip"}, {"filename": "A17-070402_23_GML.zip", "url": "https://nlftp.mlit.go.jp/ksj/gml/data/A17/A17-07/A17-070402_23_GML.zip"}, {"filename": "A17-16_23_GML.zip", "url": "https://nlftp.mlit.go.jp/ksj/gml/data/A17/A17-16/A17-16_23_GML.zip"}, {"filename": "A17-17_23_GML.zip", "url": "https://nlftp.mlit.go.jp/ksj/gml/data/A17/A17-17/A17-17_23_GML.zip"}, {"filename": "A17-700501_24_GML.zip", "url": "https://nlftp.mlit.go.jp/ksj/gml/data/A17/A17-70/A17-700501_24_GML.zip"}, {"filename": "A17-701001_24_GML.zip", "url": "https://nlftp.mlit.go.jp/ksj/gml/data/A17/A17-70/A17-701001_24_GML.zip"}, {"filename": "A17-751001_24_GML.zip", "url": "https://nlftp.mlit.go.jp/ksj/gml/data/A17/A17-75/A17-751001_24_GML.zip"}, {"filename": "A17-801001_24_GML.zip", "url": "https://nlftp.mlit.go.jp/ksj/gml/data/A17/A17-80/A17-801001_24_GML.zip"}, {"filename": "A17-851001_24_GML.zip", "url": "https://nlftp.mlit.go.jp/ksj/gml/data/A17/A17-85/A17-851001_24_GML.zip"}, {"filename": "A17-901001_24_GML.zip", "url": "https://nlftp.mlit.go.jp/ksj/gml/data/A17/A17-90/A17-901001_24_GML.zip"}, {"filename": "A17-951001_24_GML.zip", "url": "https://nlftp.mlit.go.jp/ksj/gml/data/A17/A17-95/A17-951001_24_GML.zip"}, {"filename": "A17-001001_24_GML.zip", "url": "https://nlftp.mlit.go.jp/ksj/gml/data/A17/A17-00/A17-001001_24_GML.zip"}, {"filename": "A17-051001_24_GML.zip", "url": "https://nlftp.mlit.go.jp/ksj/gml/data/A17/A17-05/A17-051001_24_GML.zip"}, {"filename": "A17-070402_24_GML.zip", "url": "https://nlftp.mlit.go.jp/ksj/gml/data/A17/A17-07/A17-070402_24_GML.zip"}, {"filename": "A17-16_24_GML.zip", "url": "https://nlftp.mlit.go.jp/ksj/gml/data/A17/A17-16/A17-16_24_GML.zip"}, {"filename": "A17-17_24_GML.zip", "url": "https://nlftp.mlit.go.jp/ksj/gml/data/A17/A17-17/A17-17_24_GML.zip"}, {"filename": "A17-700501_25_GML.zip", "url": "https://nlftp.mlit.go.jp/ksj/gml/data/A17/A17-70/A17-700501_25_GML.zip"}, {"filename": "A17-701001_25_GML.zip", "url": "https://nlftp.mlit.go.jp/ksj/gml/data/A17/A17-70/A17-701001_25_GML.zip"}, {"filename": "A17-751001_25_GML.zip", "url": "https://nlftp.mlit.go.jp/ksj/gml/data/A17/A17-75/A17-751001_25_GML.zip"}, {"filename": "A17-801001_25_GML.zip", "url": "https://nlftp.mlit.go.jp/ksj/gml/data/A17/A17-80/A17-801001_25_GML.zip"}, {"filename": "A17-851001_25_GML.zip", "url": "https://nlftp.mlit.go.jp/ksj/gml/data/A17/A17-85/A17-851001_25_GML.zip"}, {"filename": "A17-901001_25_GML.zip", "url": "https://nlftp.mlit.go.jp/ksj/gml/data/A17/A17-90/A17-901001_25_GML.zip"}, {"filename": "A17-951001_25_GML.zip", "url": "https://nlftp.mlit.go.jp/ksj/gml/data/A17/A17-95/A17-951001_25_GML.zip"}, {"filename": "A17-001001_25_GML.zip", "url": "https://nlftp.mlit.go.jp/ksj/gml/data/A17/A17-00/A17-001001_25_GML.zip"}, {"filename": "A17-051001_25_GML.zip", "url": "https://nlftp.mlit.go.jp/ksj/gml/data/A17/A17-05/A17-051001_25_GML.zip"}, {"filename": "A17-070402_25_GML.zip", "url": "https://nlftp.mlit.go.jp/ksj/gml/data/A17/A17-07/A17-070402_25_GML.zip"}, {"filename": "A17-16_25_GML.zip", "url": "https://nlftp.mlit.go.jp/ksj/gml/data/A17/A17-16/A17-16_25_GML.zip"}, {"filename": "A17-17_25_GML.zip", "url": "https://nlftp.mlit.go.jp/ksj/gml/data/A17/A17-17/A17-17_25_GML.zip"}, {"filename": "A17-700501_26_GML.zip", "url": "https://nlftp.mlit.go.jp/ksj/gml/data/A17/A17-70/A17-700501_26_GML.zip"}, {"filename": "A17-701001_26_GML.zip", "url": "https://nlftp.mlit.go.jp/ksj/gml/data/A17/A17-70/A17-701001_26_GML.zip"}, {"filename": "A17-751001_26_GML.zip", "url": "https://nlftp.mlit.go.jp/ksj/gml/data/A17/A17-75/A17-751001_26_GML.zip"}, {"filename": "A17-801001_26_GML.zip", "url": "https://nlftp.mlit.go.jp/ksj/gml/data/A17/A17-80/A17-801001_26_GML.zip"}, {"filename": "A17-851001_26_GML.zip", "url": "https://nlftp.mlit.go.jp/ksj/gml/data/A17/A17-85/A17-851001_26_GML.zip"}, {"filename": "A17-901001_26_GML.zip", "url": "https://nlftp.mlit.go.jp/ksj/gml/data/A17/A17-90/A17-901001_26_GML.zip"}, {"filename": "A17-951001_26_GML.zip", "url": "https://nlftp.mlit.go.jp/ksj/gml/data/A17/A17-95/A17-951001_26_GML.zip"}, {"filename": "A17-001001_26_GML.zip", "url": "https://nlftp.mlit.go.jp/ksj/gml/data/A17/A17-00/A17-001001_26_GML.zip"}, {"filename": "A17-051001_26_GML.zip", "url": "https://nlftp.mlit.go.jp/ksj/gml/data/A17/A17-05/A17-051001_26_GML.zip"}, {"filename": "A17-070402_26_GML.zip", "url": "https://nlftp.mlit.go.jp/ksj/gml/data/A17/A17-07/A17-070402_26_GML.zip"}, {"filename": "A17-16_26_GML.zip", "url": "https://nlftp.mlit.go.jp/ksj/gml/data/A17/A17-16/A17-16_26_GML.zip"}, {"filename": "A17-17_26_GML.zip", "url": "https://nlftp.mlit.go.jp/ksj/gml/data/A17/A17-17/A17-17_26_GML.zip"}, {"filename": "A17-16_27_GML.zip", "url": "https://nlftp.mlit.go.jp/ksj/gml/data/A17/A17-16/A17-16_27_GML.zip"}, {"filename": "A17-17_27_GML.zip", "url": "https://nlftp.mlit.go.jp/ksj/gml/data/A17/A17-17/A17-17_27_GML.zip"}, {"filename": "A17-700501_28_GML.zip", "url": "https://nlftp.mlit.go.jp/ksj/gml/data/A17/A17-70/A17-700501_28_GML.zip"}, {"filename": "A17-701001_28_GML.zip", "url": "https://nlftp.mlit.go.jp/ksj/gml/data/A17/A17-70/A17-701001_28_GML.zip"}, {"filename": "A17-751001_28_GML.zip", "url": "https://nlftp.mlit.go.jp/ksj/gml/data/A17/A17-75/A17-751001_28_GML.zip"}, {"filename": "A17-801001_28_GML.zip", "url": "https://nlftp.mlit.go.jp/ksj/gml/data/A17/A17-80/A17-801001_28_GML.zip"}, {"filename": "A17-851001_28_GML.zip", "url": "https://nlftp.mlit.go.jp/ksj/gml/data/A17/A17-85/A17-851001_28_GML.zip"}, {"filename": "A17-901001_28_GML.zip", "url": "https://nlftp.mlit.go.jp/ksj/gml/data/A17/A17-90/A17-901001_28_GML.zip"}, {"filename": "A17-951001_28_GML.zip", "url": "https://nlftp.mlit.go.jp/ksj/gml/data/A17/A17-95/A17-951001_28_GML.zip"}, {"filename": "A17-001001_28_GML.zip", "url": "https://nlftp.mlit.go.jp/ksj/gml/data/A17/A17-00/A17-001001_28_GML.zip"}, {"filename": "A17-051001_28_GML.zip", "url": "https://nlftp.mlit.go.jp/ksj/gml/data/A17/A17-05/A17-051001_28_GML.zip"}, {"filename": "A17-070402_28_GML.zip", "url": "https://nlftp.mlit.go.jp/ksj/gml/data/A17/A17-07/A17-070402_28_GML.zip"}, {"filename": "A17-16_28_GML.zip", "url": "https://nlftp.mlit.go.jp/ksj/gml/data/A17/A17-16/A17-16_28_GML.zip"}, {"filename": "A17-17_28_GML.zip", "url": "https://nlftp.mlit.go.jp/ksj/gml/data/A17/A17-17/A17-17_28_GML.zip"}, {"filename": "A17-700501_29_GML.zip", "url": "https://nlftp.mlit.go.jp/ksj/gml/data/A17/A17-70/A17-700501_29_GML.zip"}, {"filename": "A17-701001_29_GML.zip", "url": "https://nlftp.mlit.go.jp/ksj/gml/data/A17/A17-70/A17-701001_29_GML.zip"}, {"filename": "A17-751001_29_GML.zip", "url": "https://nlftp.mlit.go.jp/ksj/gml/data/A17/A17-75/A17-751001_29_GML.zip"}, {"filename": "A17-801001_29_GML.zip", "url": "https://nlftp.mlit.go.jp/ksj/gml/data/A17/A17-80/A17-801001_29_GML.zip"}, {"filename": "A17-851001_29_GML.zip", "url": "https://nlftp.mlit.go.jp/ksj/gml/data/A17/A17-85/A17-851001_29_GML.zip"}, {"filename": "A17-901001_29_GML.zip", "url": "https://nlftp.mlit.go.jp/ksj/gml/data/A17/A17-90/A17-901001_29_GML.zip"}, {"filename": "A17-951001_29_GML.zip", "url": "https://nlftp.mlit.go.jp/ksj/gml/data/A17/A17-95/A17-951001_29_GML.zip"}, {"filename": "A17-001001_29_GML.zip", "url": "https://nlftp.mlit.go.jp/ksj/gml/data/A17/A17-00/A17-001001_29_GML.zip"}, {"filename": "A17-051001_29_GML.zip", "url": "https://nlftp.mlit.go.jp/ksj/gml/data/A17/A17-05/A17-051001_29_GML.zip"}, {"filename": "A17-070402_29_GML.zip", "url": "https://nlftp.mlit.go.jp/ksj/gml/data/A17/A17-07/A17-070402_29_GML.zip"}, {"filename": "A17-16_29_GML.zip", "url": "https://nlftp.mlit.go.jp/ksj/gml/data/A17/A17-16/A17-16_29_GML.zip"}, {"filename": "A17-17_29_GML.zip", "url": "https://nlftp.mlit.go.jp/ksj/gml/data/A17/A17-17/A17-17_29_GML.zip"}, {"filename": "A17-700501_30_GML.zip", "url": "https://nlftp.mlit.go.jp/ksj/gml/data/A17/A17-70/A17-700501_30_GML.zip"}, {"filename": "A17-701001_30_GML.zip", "url": "https://nlftp.mlit.go.jp/ksj/gml/data/A17/A17-70/A17-701001_30_GML.zip"}, {"filename": "A17-751001_30_GML.zip", "url": "https://nlftp.mlit.go.jp/ksj/gml/data/A17/A17-75/A17-751001_30_GML.zip"}, {"filename": "A17-801001_30_GML.zip", "url": "https://nlftp.mlit.go.jp/ksj/gml/data/A17/A17-80/A17-801001_30_GML.zip"}, {"filename": "A17-851001_30_GML.zip", "url": "https://nlftp.mlit.go.jp/ksj/gml/data/A17/A17-85/A17-851001_30_GML.zip"}, {"filename": "A17-901001_30_GML.zip", "url": "https://nlftp.mlit.go.jp/ksj/gml/data/A17/A17-90/A17-901001_30_GML.zip"}, {"filename": "A17-951001_30_GML.zip", "url": "https://nlftp.mlit.go.jp/ksj/gml/data/A17/A17-95/A17-951001_30_GML.zip"}, {"filename": "A17-001001_30_GML.zip", "url": "https://nlftp.mlit.go.jp/ksj/gml/data/A17/A17-00/A17-001001_30_GML.zip"}, {"filename": "A17-051001_30_GML.zip", "url": "https://nlftp.mlit.go.jp/ksj/gml/data/A17/A17-05/A17-051001_30_GML.zip"}, {"filename": "A17-070402_30_GML.zip", "url": "https://nlftp.mlit.go.jp/ksj/gml/data/A17/A17-07/A17-070402_30_GML.zip"}, {"filename": "A17-16_30_GML.zip", "url": "https://nlftp.mlit.go.jp/ksj/gml/data/A17/A17-16/A17-16_30_GML.zip"}, {"filename": "A17-17_30_GML.zip", "url": "https://nlftp.mlit.go.jp/ksj/gml/data/A17/A17-17/A17-17_30_GML.zip"}, {"filename": "A17-700501_31_GML.zip", "url": "https://nlftp.mlit.go.jp/ksj/gml/data/A17/A17-70/A17-700501_31_GML.zip"}, {"filename": "A17-701001_31_GML.zip", "url": "https://nlftp.mlit.go.jp/ksj/gml/data/A17/A17-70/A17-701001_31_GML.zip"}, {"filename": "A17-751001_31_GML.zip", "url": "https://nlftp.mlit.go.jp/ksj/gml/data/A17/A17-75/A17-751001_31_GML.zip"}, {"filename": "A17-801001_31_GML.zip", "url": "https://nlftp.mlit.go.jp/ksj/gml/data/A17/A17-80/A17-801001_31_GML.zip"}, {"filename": "A17-851001_31_GML.zip", "url": "https://nlftp.mlit.go.jp/ksj/gml/data/A17/A17-85/A17-851001_31_GML.zip"}, {"filename": "A17-901001_31_GML.zip", "url": "https://nlftp.mlit.go.jp/ksj/gml/data/A17/A17-90/A17-901001_31_GML.zip"}, {"filename": "A17-951001_31_GML.zip", "url": "https://nlftp.mlit.go.jp/ksj/gml/data/A17/A17-95/A17-951001_31_GML.zip"}, {"filename": "A17-001001_31_GML.zip", "url": "https://nlftp.mlit.go.jp/ksj/gml/data/A17/A17-00/A17-001001_31_GML.zip"}, {"filename": "A17-051001_31_GML.zip", "url": "https://nlftp.mlit.go.jp/ksj/gml/data/A17/A17-05/A17-051001_31_GML.zip"}, {"filename": "A17-070402_31_GML.zip", "url": "https://nlftp.mlit.go.jp/ksj/gml/data/A17/A17-07/A17-070402_31_GML.zip"}, {"filename": "A17-16_31_GML.zip", "url": "https://nlftp.mlit.go.jp/ksj/gml/data/A17/A17-16/A17-16_31_GML.zip"}, {"filename": "A17-17_31_GML.zip", "url": "https://nlftp.mlit.go.jp/ksj/gml/data/A17/A17-17/A17-17_31_GML.zip"}, {"filename": "A17-700501_32_GML.zip", "url": "https://nlftp.mlit.go.jp/ksj/gml/data/A17/A17-70/A17-700501_32_GML.zip"}, {"filename": "A17-701001_32_GML.zip", "url": "https://nlftp.mlit.go.jp/ksj/gml/data/A17/A17-70/A17-701001_32_GML.zip"}, {"filename": "A17-751001_32_GML.zip", "url": "https://nlftp.mlit.go.jp/ksj/gml/data/A17/A17-75/A17-751001_32_GML.zip"}, {"filename": "A17-801001_32_GML.zip", "url": "https://nlftp.mlit.go.jp/ksj/gml/data/A17/A17-80/A17-801001_32_GML.zip"}, {"filename": "A17-851001_32_GML.zip", "url": "https://nlftp.mlit.go.jp/ksj/gml/data/A17/A17-85/A17-851001_32_GML.zip"}, {"filename": "A17-901001_32_GML.zip", "url": "https://nlftp.mlit.go.jp/ksj/gml/data/A17/A17-90/A17-901001_32_GML.zip"}, {"filename": "A17-951001_32_GML.zip", "url": "https://nlftp.mlit.go.jp/ksj/gml/data/A17/A17-95/A17-951001_32_GML.zip"}, {"filename": "A17-001001_32_GML.zip", "url": "https://nlftp.mlit.go.jp/ksj/gml/data/A17/A17-00/A17-001001_32_GML.zip"}, {"filename": "A17-051001_32_GML.zip", "url": "https://nlftp.mlit.go.jp/ksj/gml/data/A17/A17-05/A17-051001_32_GML.zip"}, {"filename": "A17-070402_32_GML.zip", "url": "https://nlftp.mlit.go.jp/ksj/gml/data/A17/A17-07/A17-070402_32_GML.zip"}, {"filename": "A17-16_32_GML.zip", "url": "https://nlftp.mlit.go.jp/ksj/gml/data/A17/A17-16/A17-16_32_GML.zip"}, {"filename": "A17-17_32_GML.zip", "url": "https://nlftp.mlit.go.jp/ksj/gml/data/A17/A17-17/A17-17_32_GML.zip"}, {"filename": "A17-700501_33_GML.zip", "url": "https://nlftp.mlit.go.jp/ksj/gml/data/A17/A17-70/A17-700501_33_GML.zip"}, {"filename": "A17-701001_33_GML.zip", "url": "https://nlftp.mlit.go.jp/ksj/gml/data/A17/A17-70/A17-701001_33_GML.zip"}, {"filename": "A17-751001_33_GML.zip", "url": "https://nlftp.mlit.go.jp/ksj/gml/data/A17/A17-75/A17-751001_33_GML.zip"}, {"filename": "A17-801001_33_GML.zip", "url": "https://nlftp.mlit.go.jp/ksj/gml/data/A17/A17-80/A17-801001_33_GML.zip"}, {"filename": "A17-851001_33_GML.zip", "url": "https://nlftp.mlit.go.jp/ksj/gml/data/A17/A17-85/A17-851001_33_GML.zip"}, {"filename": "A17-901001_33_GML.zip", "url": "https://nlftp.mlit.go.jp/ksj/gml/data/A17/A17-90/A17-901001_33_GML.zip"}, {"filename": "A17-951001_33_GML.zip", "url": "https://nlftp.mlit.go.jp/ksj/gml/data/A17/A17-95/A17-951001_33_GML.zip"}, {"filename": "A17-001001_33_GML.zip", "url": "https://nlftp.mlit.go.jp/ksj/gml/data/A17/A17-00/A17-001001_33_GML.zip"}, {"filename": "A17-051001_33_GML.zip", "url": "https://nlftp.mlit.go.jp/ksj/gml/data/A17/A17-05/A17-051001_33_GML.zip"}, {"filename": "A17-070402_33_GML.zip", "url": "https://nlftp.mlit.go.jp/ksj/gml/data/A17/A17-07/A17-070402_33_GML.zip"}, {"filename": "A17-16_33_GML.zip", "url": "https://nlftp.mlit.go.jp/ksj/gml/data/A17/A17-16/A17-16_33_GML.zip"}, {"filename": "A17-17_33_GML.zip", "url": "https://nlftp.mlit.go.jp/ksj/gml/data/A17/A17-17/A17-17_33_GML.zip"}, {"filename": "A17-700501_34_GML.zip", "url": "https://nlftp.mlit.go.jp/ksj/gml/data/A17/A17-70/A17-700501_34_GML.zip"}, {"filename": "A17-701001_34_GML.zip", "url": "https://nlftp.mlit.go.jp/ksj/gml/data/A17/A17-70/A17-701001_34_GML.zip"}, {"filename": "A17-751001_34_GML.zip", "url": "https://nlftp.mlit.go.jp/ksj/gml/data/A17/A17-75/A17-751001_34_GML.zip"}, {"filename": "A17-801001_34_GML.zip", "url": "https://nlftp.mlit.go.jp/ksj/gml/data/A17/A17-80/A17-801001_34_GML.zip"}, {"filename": "A17-851001_34_GML.zip", "url": "https://nlftp.mlit.go.jp/ksj/gml/data/A17/A17-85/A17-851001_34_GML.zip"}, {"filename": "A17-901001_34_GML.zip", "url": "https://nlftp.mlit.go.jp/ksj/gml/data/A17/A17-90/A17-901001_34_GML.zip"}, {"filename": "A17-951001_34_GML.zip", "url": "https://nlftp.mlit.go.jp/ksj/gml/data/A17/A17-95/A17-951001_34_GML.zip"}, {"filename": "A17-001001_34_GML.zip", "url": "https://nlftp.mlit.go.jp/ksj/gml/data/A17/A17-00/A17-001001_34_GML.zip"}, {"filename": "A17-051001_34_GML.zip", "url": "https://nlftp.mlit.go.jp/ksj/gml/data/A17/A17-05/A17-051001_34_GML.zip"}, {"filename": "A17-070402_34_GML.zip", "url": "https://nlftp.mlit.go.jp/ksj/gml/data/A17/A17-07/A17-070402_34_GML.zip"}, {"filename": "A17-16_34_GML.zip", "url": "https://nlftp.mlit.go.jp/ksj/gml/data/A17/A17-16/A17-16_34_GML.zip"}, {"filename": "A17-17_34_GML.zip", "url": "https://nlftp.mlit.go.jp/ksj/gml/data/A17/A17-17/A17-17_34_GML.zip"}, {"filename": "A17-700501_35_GML.zip", "url": "https://nlftp.mlit.go.jp/ksj/gml/data/A17/A17-70/A17-700501_35_GML.zip"}, {"filename": "A17-701001_35_GML.zip", "url": "https://nlftp.mlit.go.jp/ksj/gml/data/A17/A17-70/A17-701001_35_GML.zip"}, {"filename": "A17-751001_35_GML.zip", "url": "https://nlftp.mlit.go.jp/ksj/gml/data/A17/A17-75/A17-751001_35_GML.zip"}, {"filename": "A17-801001_35_GML.zip", "url": "https://nlftp.mlit.go.jp/ksj/gml/data/A17/A17-80/A17-801001_35_GML.zip"}, {"filename": "A17-851001_35_GML.zip", "url": "https://nlftp.mlit.go.jp/ksj/gml/data/A17/A17-85/A17-851001_35_GML.zip"}, {"filename": "A17-901001_35_GML.zip", "url": "https://nlftp.mlit.go.jp/ksj/gml/data/A17/A17-90/A17-901001_35_GML.zip"}, {"filename": "A17-951001_35_GML.zip", "url": "https://nlftp.mlit.go.jp/ksj/gml/data/A17/A17-95/A17-951001_35_GML.zip"}, {"filename": "A17-001001_35_GML.zip", "url": "https://nlftp.mlit.go.jp/ksj/gml/data/A17/A17-00/A17-001001_35_GML.zip"}, {"filename": "A17-051001_35_GML.zip", "url": "https://nlftp.mlit.go.jp/ksj/gml/data/A17/A17-05/A17-051001_35_GML.zip"}, {"filename": "A17-070402_35_GML.zip", "url": "https://nlftp.mlit.go.jp/ksj/gml/data/A17/A17-07/A17-070402_35_GML.zip"}, {"filename": "A17-16_35_GML.zip", "url": "https://nlftp.mlit.go.jp/ksj/gml/data/A17/A17-16/A17-16_35_GML.zip"}, {"filename": "A17-17_35_GML.zip", "url": "https://nlftp.mlit.go.jp/ksj/gml/data/A17/A17-17/A17-17_35_GML.zip"}, {"filename": "A17-700501_36_GML.zip", "url": "https://nlftp.mlit.go.jp/ksj/gml/data/A17/A17-70/A17-700501_36_GML.zip"}, {"filename": "A17-701001_36_GML.zip", "url": "https://nlftp.mlit.go.jp/ksj/gml/data/A17/A17-70/A17-701001_36_GML.zip"}, {"filename": "A17-751001_36_GML.zip", "url": "https://nlftp.mlit.go.jp/ksj/gml/data/A17/A17-75/A17-751001_36_GML.zip"}, {"filename": "A17-801001_36_GML.zip", "url": "https://nlftp.mlit.go.jp/ksj/gml/data/A17/A17-80/A17-801001_36_GML.zip"}, {"filename": "A17-851001_36_GML.zip", "url": "https://nlftp.mlit.go.jp/ksj/gml/data/A17/A17-85/A17-851001_36_GML.zip"}, {"filename": "A17-901001_36_GML.zip", "url": "https://nlftp.mlit.go.jp/ksj/gml/data/A17/A17-90/A17-901001_36_GML.zip"}, {"filename": "A17-951001_36_GML.zip", "url": "https://nlftp.mlit.go.jp/ksj/gml/data/A17/A17-95/A17-951001_36_GML.zip"}, {"filename": "A17-001001_36_GML.zip", "url": "https://nlftp.mlit.go.jp/ksj/gml/data/A17/A17-00/A17-001001_36_GML.zip"}, {"filename": "A17-051001_36_GML.zip", "url": "https://nlftp.mlit.go.jp/ksj/gml/data/A17/A17-05/A17-051001_36_GML.zip"}, {"filename": "A17-070402_36_GML.zip", "url": "https://nlftp.mlit.go.jp/ksj/gml/data/A17/A17-07/A17-070402_36_GML.zip"}, {"filename": "A17-16_36_GML.zip", "url": "https://nlftp.mlit.go.jp/ksj/gml/data/A17/A17-16/A17-16_36_GML.zip"}, {"filename": "A17-17_36_GML.zip", "url": "https://nlftp.mlit.go.jp/ksj/gml/data/A17/A17-17/A17-17_36_GML.zip"}, {"filename": "A17-700501_37_GML.zip", "url": "https://nlftp.mlit.go.jp/ksj/gml/data/A17/A17-70/A17-700501_37_GML.zip"}, {"filename": "A17-701001_37_GML.zip", "url": "https://nlftp.mlit.go.jp/ksj/gml/data/A17/A17-70/A17-701001_37_GML.zip"}, {"filename": "A17-751001_37_GML.zip", "url": "https://nlftp.mlit.go.jp/ksj/gml/data/A17/A17-75/A17-751001_37_GML.zip"}, {"filename": "A17-801001_37_GML.zip", "url": "https://nlftp.mlit.go.jp/ksj/gml/data/A17/A17-80/A17-801001_37_GML.zip"}, {"filename": "A17-851001_37_GML.zip", "url": "https://nlftp.mlit.go.jp/ksj/gml/data/A17/A17-85/A17-851001_37_GML.zip"}, {"filename": "A17-901001_37_GML.zip", "url": "https://nlftp.mlit.go.jp/ksj/gml/data/A17/A17-90/A17-901001_37_GML.zip"}, {"filename": "A17-951001_37_GML.zip", "url": "https://nlftp.mlit.go.jp/ksj/gml/data/A17/A17-95/A17-951001_37_GML.zip"}, {"filename": "A17-001001_37_GML.zip", "url": "https://nlftp.mlit.go.jp/ksj/gml/data/A17/A17-00/A17-001001_37_GML.zip"}, {"filename": "A17-051001_37_GML.zip", "url": "https://nlftp.mlit.go.jp/ksj/gml/data/A17/A17-05/A17-051001_37_GML.zip"}, {"filename": "A17-070402_37_GML.zip", "url": "https://nlftp.mlit.go.jp/ksj/gml/data/A17/A17-07/A17-070402_37_GML.zip"}, {"filename": "A17-16_37_GML.zip", "url": "https://nlftp.mlit.go.jp/ksj/gml/data/A17/A17-16/A17-16_37_GML.zip"}, {"filename": "A17-17_37_GML.zip", "url": "https://nlftp.mlit.go.jp/ksj/gml/data/A17/A17-17/A17-17_37_GML.zip"}, {"filename": "A17-700501_38_GML.zip", "url": "https://nlftp.mlit.go.jp/ksj/gml/data/A17/A17-70/A17-700501_38_GML.zip"}, {"filename": "A17-701001_38_GML.zip", "url": "https://nlftp.mlit.go.jp/ksj/gml/data/A17/A17-70/A17-701001_38_GML.zip"}, {"filename": "A17-751001_38_GML.zip", "url": "https://nlftp.mlit.go.jp/ksj/gml/data/A17/A17-75/A17-751001_38_GML.zip"}, {"filename": "A17-801001_38_GML.zip", "url": "https://nlftp.mlit.go.jp/ksj/gml/data/A17/A17-80/A17-801001_38_GML.zip"}, {"filename": "A17-851001_38_GML.zip", "url": "https://nlftp.mlit.go.jp/ksj/gml/data/A17/A17-85/A17-851001_38_GML.zip"}, {"filename": "A17-901001_38_GML.zip", "url": "https://nlftp.mlit.go.jp/ksj/gml/data/A17/A17-90/A17-901001_38_GML.zip"}, {"filename": "A17-951001_38_GML.zip", "url": "https://nlftp.mlit.go.jp/ksj/gml/data/A17/A17-95/A17-951001_38_GML.zip"}, {"filename": "A17-001001_38_GML.zip", "url": "https://nlftp.mlit.go.jp/ksj/gml/data/A17/A17-00/A17-001001_38_GML.zip"}, {"filename": "A17-051001_38_GML.zip", "url": "https://nlftp.mlit.go.jp/ksj/gml/data/A17/A17-05/A17-051001_38_GML.zip"}, {"filename": "A17-070402_38_GML.zip", "url": "https://nlftp.mlit.go.jp/ksj/gml/data/A17/A17-07/A17-070402_38_GML.zip"}, {"filename": "A17-16_38_GML.zip", "url": "https://nlftp.mlit.go.jp/ksj/gml/data/A17/A17-16/A17-16_38_GML.zip"}, {"filename": "A17-17_38_GML.zip", "url": "https://nlftp.mlit.go.jp/ksj/gml/data/A17/A17-17/A17-17_38_GML.zip"}, {"filename": "A17-700501_39_GML.zip", "url": "https://nlftp.mlit.go.jp/ksj/gml/data/A17/A17-70/A17-700501_39_GML.zip"}, {"filename": "A17-701001_39_GML.zip", "url": "https://nlftp.mlit.go.jp/ksj/gml/data/A17/A17-70/A17-701001_39_GML.zip"}, {"filename": "A17-751001_39_GML.zip", "url": "https://nlftp.mlit.go.jp/ksj/gml/data/A17/A17-75/A17-751001_39_GML.zip"}, {"filename": "A17-801001_39_GML.zip", "url": "https://nlftp.mlit.go.jp/ksj/gml/data/A17/A17-80/A17-801001_39_GML.zip"}, {"filename": "A17-851001_39_GML.zip", "url": "https://nlftp.mlit.go.jp/ksj/gml/data/A17/A17-85/A17-851001_39_GML.zip"}, {"filename": "A17-901001_39_GML.zip", "url": "https://nlftp.mlit.go.jp/ksj/gml/data/A17/A17-90/A17-901001_39_GML.zip"}, {"filename": "A17-951001_39_GML.zip", "url": "https://nlftp.mlit.go.jp/ksj/gml/data/A17/A17-95/A17-951001_39_GML.zip"}, {"filename": "A17-001001_39_GML.zip", "url": "https://nlftp.mlit.go.jp/ksj/gml/data/A17/A17-00/A17-001001_39_GML.zip"}, {"filename": "A17-051001_39_GML.zip", "url": "https://nlftp.mlit.go.jp/ksj/gml/data/A17/A17-05/A17-051001_39_GML.zip"}, {"filename": "A17-070402_39_GML.zip", "url": "https://nlftp.mlit.go.jp/ksj/gml/data/A17/A17-07/A17-070402_39_GML.zip"}, {"filename": "A17-16_39_GML.zip", "url": "https://nlftp.mlit.go.jp/ksj/gml/data/A17/A17-16/A17-16_39_GML.zip"}, {"filename": "A17-17_39_GML.zip", "url": "https://nlftp.mlit.go.jp/ksj/gml/data/A17/A17-17/A17-17_39_GML.zip"}, {"filename": "A17-700501_40_GML.zip", "url": "https://nlftp.mlit.go.jp/ksj/gml/data/A17/A17-70/A17-700501_40_GML.zip"}, {"filename": "A17-701001_40_GML.zip", "url": "https://nlftp.mlit.go.jp/ksj/gml/data/A17/A17-70/A17-701001_40_GML.zip"}, {"filename": "A17-751001_40_GML.zip", "url": "https://nlftp.mlit.go.jp/ksj/gml/data/A17/A17-75/A17-751001_40_GML.zip"}, {"filename": "A17-801001_40_GML.zip", "url": "https://nlftp.mlit.go.jp/ksj/gml/data/A17/A17-80/A17-801001_40_GML.zip"}, {"filename": "A17-851001_40_GML.zip", "url": "https://nlftp.mlit.go.jp/ksj/gml/data/A17/A17-85/A17-851001_40_GML.zip"}, {"filename": "A17-901001_40_GML.zip", "url": "https://nlftp.mlit.go.jp/ksj/gml/data/A17/A17-90/A17-901001_40_GML.zip"}, {"filename": "A17-951001_40_GML.zip", "url": "https://nlftp.mlit.go.jp/ksj/gml/data/A17/A17-95/A17-951001_40_GML.zip"}, {"filename": "A17-001001_40_GML.zip", "url": "https://nlftp.mlit.go.jp/ksj/gml/data/A17/A17-00/A17-001001_40_GML.zip"}, {"filename": "A17-051001_40_GML.zip", "url": "https://nlftp.mlit.go.jp/ksj/gml/data/A17/A17-05/A17-051001_40_GML.zip"}, {"filename": "A17-070402_40_GML.zip", "url": "https://nlftp.mlit.go.jp/ksj/gml/data/A17/A17-07/A17-070402_40_GML.zip"}, {"filename": "A17-16_40_GML.zip", "url": "https://nlftp.mlit.go.jp/ksj/gml/data/A17/A17-16/A17-16_40_GML.zip"}, {"filename": "A17-17_40_GML.zip", "url": "https://nlftp.mlit.go.jp/ksj/gml/data/A17/A17-17/A17-17_40_GML.zip"}, {"filename": "A17-700501_41_GML.zip", "url": "https://nlftp.mlit.go.jp/ksj/gml/data/A17/A17-70/A17-700501_41_GML.zip"}, {"filename": "A17-701001_41_GML.zip", "url": "https://nlftp.mlit.go.jp/ksj/gml/data/A17/A17-70/A17-701001_41_GML.zip"}, {"filename": "A17-751001_41_GML.zip", "url": "https://nlftp.mlit.go.jp/ksj/gml/data/A17/A17-75/A17-751001_41_GML.zip"}, {"filename": "A17-801001_41_GML.zip", "url": "https://nlftp.mlit.go.jp/ksj/gml/data/A17/A17-80/A17-801001_41_GML.zip"}, {"filename": "A17-851001_41_GML.zip", "url": "https://nlftp.mlit.go.jp/ksj/gml/data/A17/A17-85/A17-851001_41_GML.zip"}, {"filename": "A17-901001_41_GML.zip", "url": "https://nlftp.mlit.go.jp/ksj/gml/data/A17/A17-90/A17-901001_41_GML.zip"}, {"filename": "A17-951001_41_GML.zip", "url": "https://nlftp.mlit.go.jp/ksj/gml/data/A17/A17-95/A17-951001_41_GML.zip"}, {"filename": "A17-001001_41_GML.zip", "url": "https://nlftp.mlit.go.jp/ksj/gml/data/A17/A17-00/A17-001001_41_GML.zip"}, {"filename": "A17-051001_41_GML.zip", "url": "https://nlftp.mlit.go.jp/ksj/gml/data/A17/A17-05/A17-051001_41_GML.zip"}, {"filename": "A17-070402_41_GML.zip", "url": "https://nlftp.mlit.go.jp/ksj/gml/data/A17/A17-07/A17-070402_41_GML.zip"}, {"filename": "A17-16_41_GML.zip", "url": "https://nlftp.mlit.go.jp/ksj/gml/data/A17/A17-16/A17-16_41_GML.zip"}, {"filename": "A17-17_41_GML.zip", "url": "https://nlftp.mlit.go.jp/ksj/gml/data/A17/A17-17/A17-17_41_GML.zip"}, {"filename": "A17-700501_42_GML.zip", "url": "https://nlftp.mlit.go.jp/ksj/gml/data/A17/A17-70/A17-700501_42_GML.zip"}, {"filename": "A17-701001_42_GML.zip", "url": "https://nlftp.mlit.go.jp/ksj/gml/data/A17/A17-70/A17-701001_42_GML.zip"}, {"filename": "A17-751001_42_GML.zip", "url": "https://nlftp.mlit.go.jp/ksj/gml/data/A17/A17-75/A17-751001_42_GML.zip"}, {"filename": "A17-801001_42_GML.zip", "url": "https://nlftp.mlit.go.jp/ksj/gml/data/A17/A17-80/A17-801001_42_GML.zip"}, {"filename": "A17-851001_42_GML.zip", "url": "https://nlftp.mlit.go.jp/ksj/gml/data/A17/A17-85/A17-851001_42_GML.zip"}, {"filename": "A17-901001_42_GML.zip", "url": "https://nlftp.mlit.go.jp/ksj/gml/data/A17/A17-90/A17-901001_42_GML.zip"}, {"filename": "A17-951001_42_GML.zip", "url": "https://nlftp.mlit.go.jp/ksj/gml/data/A17/A17-95/A17-951001_42_GML.zip"}, {"filename": "A17-001001_42_GML.zip", "url": "https://nlftp.mlit.go.jp/ksj/gml/data/A17/A17-00/A17-001001_42_GML.zip"}, {"filename": "A17-051001_42_GML.zip", "url": "https://nlftp.mlit.go.jp/ksj/gml/data/A17/A17-05/A17-051001_42_GML.zip"}, {"filename": "A17-070402_42_GML.zip", "url": "https://nlftp.mlit.go.jp/ksj/gml/data/A17/A17-07/A17-070402_42_GML.zip"}, {"filename": "A17-16_42_GML.zip", "url": "https://nlftp.mlit.go.jp/ksj/gml/data/A17/A17-16/A17-16_42_GML.zip"}, {"filename": "A17-17_42_GML.zip", "url": "https://nlftp.mlit.go.jp/ksj/gml/data/A17/A17-17/A17-17_42_GML.zip"}, {"filename": "A17-700501_43_GML.zip", "url": "https://nlftp.mlit.go.jp/ksj/gml/data/A17/A17-70/A17-700501_43_GML.zip"}, {"filename": "A17-701001_43_GML.zip", "url": "https://nlftp.mlit.go.jp/ksj/gml/data/A17/A17-70/A17-701001_43_GML.zip"}, {"filename": "A17-751001_43_GML.zip", "url": "https://nlftp.mlit.go.jp/ksj/gml/data/A17/A17-75/A17-751001_43_GML.zip"}, {"filename": "A17-801001_43_GML.zip", "url": "https://nlftp.mlit.go.jp/ksj/gml/data/A17/A17-80/A17-801001_43_GML.zip"}, {"filename": "A17-851001_43_GML.zip", "url": "https://nlftp.mlit.go.jp/ksj/gml/data/A17/A17-85/A17-851001_43_GML.zip"}, {"filename": "A17-901001_43_GML.zip", "url": "https://nlftp.mlit.go.jp/ksj/gml/data/A17/A17-90/A17-901001_43_GML.zip"}, {"filename": "A17-951001_43_GML.zip", "url": "https://nlftp.mlit.go.jp/ksj/gml/data/A17/A17-95/A17-951001_43_GML.zip"}, {"filename": "A17-001001_43_GML.zip", "url": "https://nlftp.mlit.go.jp/ksj/gml/data/A17/A17-00/A17-001001_43_GML.zip"}, {"filename": "A17-051001_43_GML.zip", "url": "https://nlftp.mlit.go.jp/ksj/gml/data/A17/A17-05/A17-051001_43_GML.zip"}, {"filename": "A17-070402_43_GML.zip", "url": "https://nlftp.mlit.go.jp/ksj/gml/data/A17/A17-07/A17-070402_43_GML.zip"}, {"filename": "A17-16_43_GML.zip", "url": "https://nlftp.mlit.go.jp/ksj/gml/data/A17/A17-16/A17-16_43_GML.zip"}, {"filename": "A17-17_43_GML.zip", "url": "https://nlftp.mlit.go.jp/ksj/gml/data/A17/A17-17/A17-17_43_GML.zip"}, {"filename": "A17-700501_44_GML.zip", "url": "https://nlftp.mlit.go.jp/ksj/gml/data/A17/A17-70/A17-700501_44_GML.zip"}, {"filename": "A17-701001_44_GML.zip", "url": "https://nlftp.mlit.go.jp/ksj/gml/data/A17/A17-70/A17-701001_44_GML.zip"}, {"filename": "A17-751001_44_GML.zip", "url": "https://nlftp.mlit.go.jp/ksj/gml/data/A17/A17-75/A17-751001_44_GML.zip"}, {"filename": "A17-801001_44_GML.zip", "url": "https://nlftp.mlit.go.jp/ksj/gml/data/A17/A17-80/A17-801001_44_GML.zip"}, {"filename": "A17-851001_44_GML.zip", "url": "https://nlftp.mlit.go.jp/ksj/gml/data/A17/A17-85/A17-851001_44_GML.zip"}, {"filename": "A17-901001_44_GML.zip", "url": "https://nlftp.mlit.go.jp/ksj/gml/data/A17/A17-90/A17-901001_44_GML.zip"}, {"filename": "A17-951001_44_GML.zip", "url": "https://nlftp.mlit.go.jp/ksj/gml/data/A17/A17-95/A17-951001_44_GML.zip"}, {"filename": "A17-001001_44_GML.zip", "url": "https://nlftp.mlit.go.jp/ksj/gml/data/A17/A17-00/A17-001001_44_GML.zip"}, {"filename": "A17-051001_44_GML.zip", "url": "https://nlftp.mlit.go.jp/ksj/gml/data/A17/A17-05/A17-051001_44_GML.zip"}, {"filename": "A17-070402_44_GML.zip", "url": "https://nlftp.mlit.go.jp/ksj/gml/data/A17/A17-07/A17-070402_44_GML.zip"}, {"filename": "A17-16_44_GML.zip", "url": "https://nlftp.mlit.go.jp/ksj/gml/data/A17/A17-16/A17-16_44_GML.zip"}, {"filename": "A17-17_44_GML.zip", "url": "https://nlftp.mlit.go.jp/ksj/gml/data/A17/A17-17/A17-17_44_GML.zip"}, {"filename": "A17-700501_45_GML.zip", "url": "https://nlftp.mlit.go.jp/ksj/gml/data/A17/A17-70/A17-700501_45_GML.zip"}, {"filename": "A17-701001_45_GML.zip", "url": "https://nlftp.mlit.go.jp/ksj/gml/data/A17/A17-70/A17-701001_45_GML.zip"}, {"filename": "A17-751001_45_GML.zip", "url": "https://nlftp.mlit.go.jp/ksj/gml/data/A17/A17-75/A17-751001_45_GML.zip"}, {"filename": "A17-801001_45_GML.zip", "url": "https://nlftp.mlit.go.jp/ksj/gml/data/A17/A17-80/A17-801001_45_GML.zip"}, {"filename": "A17-851001_45_GML.zip", "url": "https://nlftp.mlit.go.jp/ksj/gml/data/A17/A17-85/A17-851001_45_GML.zip"}, {"filename": "A17-901001_45_GML.zip", "url": "https://nlftp.mlit.go.jp/ksj/gml/data/A17/A17-90/A17-901001_45_GML.zip"}, {"filename": "A17-951001_45_GML.zip", "url": "https://nlftp.mlit.go.jp/ksj/gml/data/A17/A17-95/A17-951001_45_GML.zip"}, {"filename": "A17-001001_45_GML.zip", "url": "https://nlftp.mlit.go.jp/ksj/gml/data/A17/A17-00/A17-001001_45_GML.zip"}, {"filename": "A17-051001_45_GML.zip", "url": "https://nlftp.mlit.go.jp/ksj/gml/data/A17/A17-05/A17-051001_45_GML.zip"}, {"filename": "A17-070402_45_GML.zip", "url": "https://nlftp.mlit.go.jp/ksj/gml/data/A17/A17-07/A17-070402_45_GML.zip"}, {"filename": "A17-16_45_GML.zip", "url": "https://nlftp.mlit.go.jp/ksj/gml/data/A17/A17-16/A17-16_45_GML.zip"}, {"filename": "A17-17_45_GML.zip", "url": "https://nlftp.mlit.go.jp/ksj/gml/data/A17/A17-17/A17-17_45_GML.zip"}, {"filename": "A17-700501_46_GML.zip", "url": "https://nlftp.mlit.go.jp/ksj/gml/data/A17/A17-70/A17-700501_46_GML.zip"}, {"filename": "A17-701001_46_GML.zip", "url": "https://nlftp.mlit.go.jp/ksj/gml/data/A17/A17-70/A17-701001_46_GML.zip"}, {"filename": "A17-751001_46_GML.zip", "url": "https://nlftp.mlit.go.jp/ksj/gml/data/A17/A17-75/A17-751001_46_GML.zip"}, {"filename": "A17-801001_46_GML.zip", "url": "https://nlftp.mlit.go.jp/ksj/gml/data/A17/A17-80/A17-801001_46_GML.zip"}, {"filename": "A17-851001_46_GML.zip", "url": "https://nlftp.mlit.go.jp/ksj/gml/data/A17/A17-85/A17-851001_46_GML.zip"}, {"filename": "A17-901001_46_GML.zip", "url": "https://nlftp.mlit.go.jp/ksj/gml/data/A17/A17-90/A17-901001_46_GML.zip"}, {"filename": "A17-951001_46_GML.zip", "url": "https://nlftp.mlit.go.jp/ksj/gml/data/A17/A17-95/A17-951001_46_GML.zip"}, {"filename": "A17-001001_46_GML.zip", "url": "https://nlftp.mlit.go.jp/ksj/gml/data/A17/A17-00/A17-001001_46_GML.zip"}, {"filename": "A17-051001_46_GML.zip", "url": "https://nlftp.mlit.go.jp/ksj/gml/data/A17/A17-05/A17-051001_46_GML.zip"}, {"filename": "A17-070402_46_GML.zip", "url": "https://nlftp.mlit.go.jp/ksj/gml/data/A17/A17-07/A17-070402_46_GML.zip"}, {"filename": "A17-16_46_GML.zip", "url": "https://nlftp.mlit.go.jp/ksj/gml/data/A17/A17-16/A17-16_46_GML.zip"}, {"filename": "A17-17_46_GML.zip", "url": "https://nlftp.mlit.go.jp/ksj/gml/data/A17/A17-17/A17-17_46_GML.zip"}, {"filename": "A17-801001_47_GML.zip", "url": "https://nlftp.mlit.go.jp/ksj/gml/data/A17/A17-80/A17-801001_47_GML.zip"}, {"filename": "A17-851001_47_GML.zip", "url": "https://nlftp.mlit.go.jp/ksj/gml/data/A17/A17-85/A17-851001_47_GML.zip"}, {"filename": "A17-901001_47_GML.zip", "url": "https://nlftp.mlit.go.jp/ksj/gml/data/A17/A17-90/A17-901001_47_GML.zip"}, {"filename": "A17-951001_47_GML.zip", "url": "https://nlftp.mlit.go.jp/ksj/gml/data/A17/A17-95/A17-951001_47_GML.zip"}, {"filename": "A17-001001_47_GML.zip", "url": "https://nlftp.mlit.go.jp/ksj/gml/data/A17/A17-00/A17-001001_47_GML.zip"}, {"filename": "A17-051001_47_GML.zip", "url": "https://nlftp.mlit.go.jp/ksj/gml/data/A17/A17-05/A17-051001_47_GML.zip"}, {"filename": "A17-070402_47_GML.zip", "url": "https://nlftp.mlit.go.jp/ksj/gml/data/A17/A17-07/A17-070402_47_GML.zip"}, {"filename": "A17-16_47_GML.zip", "url": "https://nlftp.mlit.go.jp/ksj/gml/data/A17/A17-16/A17-16_47_GML.zip"}, {"filename": "A17-17_47_GML.zip", "url": "https://nlftp.mlit.go.jp/ksj/gml/data/A17/A17-17/A17-17_47_GML.zip"}]