北海道,世界測地系,1970年（昭和45年）,8.46MB,A17-700501_01_GML.zip
北海道,世界測地系,1970年（昭和45年）,8.46MB,A17-701001_01_GML.zip
北海道,世界測地系,1975年（昭和50年）,16.17MB,A17-751001_01_GML.zip
北海道,世界測地系,1980年（昭和55年）,15.39MB,A17-801001_01_GML.zip
北海道,世界測地系,1985年（昭和60年）,16.05MB,A17-851001_01_GML.zip
北海道,世界測地系,1990年（平成2年）,15.33MB,A17-901001_01_GML.zip
北海道,世界測地系,1995年（平成7年）,16.82MB,A17-951001_01_GML.zip
北海道,世界測地系,2000年（平成12年）,13.29MB,A17-001001_01_GML.zip
北海道,世界測地系,2005年（平成17年）,14.23MB,A17-051001_01_GML.zip
北海道,世界測地系,2007年（平成19年）,13.94MB,A17-070402_01_GML.zip
北海道,世界測地系,2016年（平成28年）,27.24MB,A17-16_01_GML.zip
北海道,世界測地系,2017年（平成29年）,28.18MB,A17-17_01_GML.zip
青森,世界測地系,1970年（昭和45年）,0.31MB,A17-700501_02_GML.zip
青森,世界測地系,1970年（昭和45年）,0.31MB,A17-701001_02_GML.zip
青森,世界測地系,1975年（昭和50年）,1.00MB,A17-751001_02_GML.zip
青森,世界測地系,1980年（昭和55年）,0.68MB,A17-801001_02_GML.zip
青森,世界測地系,1985年（昭和60年）,1.21MB,A17-851001_02_GML.zip
青森,世界測地系,1990年（平成2年）,1.76MB,A17-901001_02_GML.zip
青森,世界測地系,1995年（平成7年）,2.18MB,A17-951001_02_GML.zip
青森,世界測地系,2000年（平成12年）,2.07MB,A17-001001_02_GML.zip
青森,世界測地系,2005年（平成17年）,2.22MB,A17-051001_02_GML.zip
青森,世界測地系,2007年（平成19年）,2.26MB,A17-070402_02_GML.zip
青森,世界測地系,2016年（平成28年）,3.96MB,A17-16_02_GML.zip
青森,世界測地系,2017年（平成29年）,4.11MB,A17-17_02_GML.zip
岩手,世界測地系,1970年（昭和45年）,1.20MB,A17-700501_03_GML.zip
岩手,世界測地系,1970年（昭和45年）,1.20MB,A17-701001_03_GML.zip
岩手,世界測地系,1975年（昭和50年）,1.91MB,A17-751001_03_GML.zip
岩手,世界測地系,1980年（昭和55年）,1.77MB,A17-801001_03_GML.zip
岩手,世界測地系,1985年（昭和60年）,1.86MB,A17-851001_03_GML.zip
岩手,世界測地系,1990年（平成2年）,1.87MB,A17-901001_03_GML.zip
岩手,世界測地系,1995年（平成7年）,1.91MB,A17-951001_03_GML.zip
岩手,世界測地系,2000年（平成12年）,1.27MB,A17-001001_03_GML.zip
岩手,世界測地系,2005年（平成17年）,1.89MB,A17-051001_03_GML.zip
岩手,世界測地系,2007年（平成19年）,1.88MB,A17-070402_03_GML.zip
岩手,世界測地系,2016年（平成28年）,12.26MB,A17-16_03_GML.zip
岩手,世界測地系,2017年（平成29年）,13.49MB,A17-17_03_GML.zip
宮城,世界測地系,1970年（昭和45年）,1.31MB,A17-700501_04_GML.zip
宮城,世界測地系,1970年（昭和45年）,1.31MB,A17-701001_04_GML.zip
宮城,世界測地系,1975年（昭和50年）,1.48MB,A17-751001_04_GML.zip
宮城,世界測地系,1980年（昭和55年）,1.48MB,A17-801001_04_GML.zip
宮城,世界測地系,1985年（昭和60年）,1.48MB,A17-851001_04_GML.zip
宮城,世界測地系,1990年（平成2年）,1.32MB,A17-901001_04_GML.zip
宮城,世界測地系,1995年（平成7年）,1.35MB,A17-951001_04_GML.zip
宮城,世界測地系,2000年（平成12年）,1.10MB,A17-001001_04_GML.zip
宮城,世界測地系,2005年（平成17年）,1.37MB,A17-051001_04_GML.zip
宮城,世界測地系,2007年（平成19年）,1.36MB,A17-070402_04_GML.zip
宮城,世界測地系,2016年（平成28年）,9.12MB,A17-16_04_GML.zip
宮城,世界測地系,2017年（平成29年）,9.21MB,A17-17_04_GML.zip
秋田,世界測地系,1970年（昭和45年）,0.73MB,A17-700501_05_GML.zip
秋田,世界測地系,1970年（昭和45年）,0.73MB,A17-701001_05_GML.zip
秋田,世界測地系,1975年（昭和50年）,1.39MB,A17-751001_05_GML.zip
秋田,世界測地系,1980年（昭和55年）,1.71MB,A17-801001_05_GML.zip
秋田,世界測地系,1985年（昭和60年）,1.71MB,A17-851001_05_GML.zip
秋田,世界測地系,1990年（平成2年）,1.94MB,A17-901001_05_GML.zip
秋田,世界測地系,1995年（平成7年）,2.21MB,A17-951001_05_GML.zip
秋田,世界測地系,2000年（平成12年）,1.32MB,A17-001001_05_GML.zip
秋田,世界測地系,2005年（平成17年）,1.85MB,A17-051001_05_GML.zip
秋田,世界測地系,2007年（平成19年）,1.78MB,A17-070402_05_GML.zip
秋田,世界測地系,2016年（平成28年）,5.17MB,A17-16_05_GML.zip
秋田,世界測地系,2017年（平成29年）,5.42MB,A17-17_05_GML.zip
山形,世界測地系,1970年（昭和45年）,0.93MB,A17-700501_06_GML.zip
山形,世界測地系,1970年（昭和45年）,0.93MB,A17-701001_06_GML.zip
山形,世界測地系,1975年（昭和50年）,1.23MB,A17-751001_06_GML.zip
山形,世界測地系,1980年（昭和55年）,1.72MB,A17-801001_06_GML.zip
山形,世界測地系,1985年（昭和60年）,1.72MB,A17-851001_06_GML.zip
山形,世界測地系,1990年（平成2年）,1.50MB,A17-901001_06_GML.zip
山形,世界測地系,1995年（平成7年）,1.55MB,A17-951001_06_GML.zip
山形,世界測地系,2000年（平成12年）,1.08MB,A17-001001_06_GML.zip
山形,世界測地系,2005年（平成17年）,1.29MB,A17-051001_06_GML.zip
山形,世界測地系,2007年（平成19年）,1.20MB,A17-070402_06_GML.zip
山形,世界測地系,2016年（平成28年）,2.64MB,A17-16_06_GML.zip
山形,世界測地系,2017年（平成29年）,2.65MB,A17-17_06_GML.zip
福島,世界測地系,1970年（昭和45年）,2.12MB,A17-700501_07_GML.zip
福島,世界測地系,1970年（昭和45年）,2.12MB,A17-701001_07_GML.zip
福島,世界測地系,1975年（昭和50年）,3.58MB,A17-751001_07_GML.zip
福島,世界測地系,1980年（昭和55年）,4.56MB,A17-801001_07_GML.zip
福島,世界測地系,1985年（昭和60年）,4.62MB,A17-851001_07_GML.zip
福島,世界測地系,1990年（平成2年）,3.98MB,A17-901001_07_GML.zip
福島,世界測地系,1995年（平成7年）,4.49MB,A17-951001_07_GML.zip
福島,世界測地系,2000年（平成12年）,2.24MB,A17-001001_07_GML.zip
福島,世界測地系,2005年（平成17年）,2.50MB,A17-051001_07_GML.zip
福島,世界測地系,2007年（平成19年）,2.26MB,A17-070402_07_GML.zip
福島,世界測地系,2016年（平成28年）,4.06MB,A17-16_07_GML.zip
福島,世界測地系,2017年（平成29年）,4.41MB,A17-17_07_GML.zip
茨城,世界測地系,1970年（昭和45年）,0.07MB,A17-700501_08_GML.zip
茨城,世界測地系,1970年（昭和45年）,0.07MB,A17-701001_08_GML.zip
茨城,世界測地系,1975年（昭和50年）,0.49MB,A17-751001_08_GML.zip
茨城,世界測地系,1980年（昭和55年）,0.52MB,A17-801001_08_GML.zip
茨城,世界測地系,1985年（昭和60年）,0.52MB,A17-851001_08_GML.zip
茨城,世界測地系,1990年（平成2年）,0.40MB,A17-901001_08_GML.zip
茨城,世界測地系,1995年（平成7年）,0.40MB,A17-951001_08_GML.zip
茨城,世界測地系,2000年（平成12年）,0.27MB,A17-001001_08_GML.zip
茨城,世界測地系,2005年（平成17年）,0.25MB,A17-051001_08_GML.zip
茨城,世界測地系,2007年（平成19年）,0.25MB,A17-070402_08_GML.zip
茨城,世界測地系,2016年（平成28年）,0.43MB,A17-16_08_GML.zip
茨城,世界測地系,2017年（平成29年）,0.44MB,A17-17_08_GML.zip
栃木,世界測地系,1970年（昭和45年）,0.23MB,A17-700501_09_GML.zip
栃木,世界測地系,1970年（昭和45年）,0.23MB,A17-701001_09_GML.zip
栃木,世界測地系,1975年（昭和50年）,0.37MB,A17-751001_09_GML.zip
栃木,世界測地系,1980年（昭和55年）,0.48MB,A17-801001_09_GML.zip
栃木,世界測地系,1985年（昭和60年）,0.48MB,A17-851001_09_GML.zip
栃木,世界測地系,1990年（平成2年）,0.37MB,A17-901001_09_GML.zip
栃木,世界測地系,1995年（平成7年）,0.37MB,A17-951001_09_GML.zip
栃木,世界測地系,2000年（平成12年）,0.24MB,A17-001001_09_GML.zip
栃木,世界測地系,2005年（平成17年）,0.30MB,A17-051001_09_GML.zip
栃木,世界測地系,2007年（平成19年）,0.27MB,A17-070402_09_GML.zip
栃木,世界測地系,2016年（平成28年）,0.44MB,A17-16_09_GML.zip
栃木,世界測地系,2017年（平成29年）,0.55MB,A17-17_09_GML.zip
群馬,世界測地系,1970年（昭和45年）,0.53MB,A17-700501_10_GML.zip
群馬,世界測地系,1970年（昭和45年）,0.53MB,A17-701001_10_GML.zip
群馬,世界測地系,1975年（昭和50年）,0.91MB,A17-751001_10_GML.zip
群馬,世界測地系,1980年（昭和55年）,0.99MB,A17-801001_10_GML.zip
群馬,世界測地系,1985年（昭和60年）,0.99MB,A17-851001_10_GML.zip
群馬,世界測地系,1990年（平成2年）,1.08MB,A17-901001_10_GML.zip
群馬,世界測地系,1995年（平成7年）,1.12MB,A17-951001_10_GML.zip
群馬,世界測地系,2000年（平成12年）,0.63MB,A17-001001_10_GML.zip
群馬,世界測地系,2005年（平成17年）,0.63MB,A17-051001_10_GML.zip
群馬,世界測地系,2007年（平成19年）,0.62MB,A17-070402_10_GML.zip
群馬,世界測地系,2016年（平成28年）,1.65MB,A17-16_10_GML.zip
群馬,世界測地系,2017年（平成29年）,1.66MB,A17-17_10_GML.zip
埼玉,世界測地系,1970年（昭和45年）,0.03MB,A17-700501_11_GML.zip
埼玉,世界測地系,1970年（昭和45年）,0.03MB,A17-701001_11_GML.zip
埼玉,世界測地系,1975年（昭和50年）,0.17MB,A17-751001_11_GML.zip
埼玉,世界測地系,1980年（昭和55年）,0.21MB,A17-801001_11_GML.zip
埼玉,世界測地系,1985年（昭和60年）,0.21MB,A17-851001_11_GML.zip
埼玉,世界測地系,1990年（平成2年）,0.25MB,A17-901001_11_GML.zip
埼玉,世界測地系,1995年（平成7年）,0.25MB,A17-951001_11_GML.zip
埼玉,世界測地系,2000年（平成12年）,0.11MB,A17-001001_11_GML.zip
埼玉,世界測地系,2005年（平成17年）,0.21MB,A17-051001_11_GML.zip
埼玉,世界測地系,2007年（平成19年）,0.20MB,A17-070402_11_GML.zip
埼玉,世界測地系,2016年（平成28年）,0.21MB,A17-16_11_GML.zip
埼玉,世界測地系,2017年（平成29年）,0.27MB,A17-17_11_GML.zip
千葉,世界測地系,1970年（昭和45年）,0.43MB,A17-700501_12_GML.zip
千葉,世界測地系,1970年（昭和45年）,0.38MB,A17-701001_12_GML.zip
千葉,世界測地系,1975年（昭和50年）,0.32MB,A17-751001_12_GML.zip
千葉,世界測地系,1980年（昭和55年）,0.17MB,A17-801001_12_GML.zip
千葉,世界測地系,1985年（昭和60年）,0.17MB,A17-851001_12_GML.zip
千葉,世界測地系,1990年（平成2年）,0.19MB,A17-901001_12_GML.zip
千葉,世界測地系,1995年（平成7年）,0.19MB,A17-951001_12_GML.zip
千葉,世界測地系,2000年（平成12年）,0.41MB,A17-001001_12_GML.zip
千葉,世界測地系,2005年（平成17年）,0.41MB,A17-051001_12_GML.zip
千葉,世界測地系,2007年（平成19年）,0.38MB,A17-070402_12_GML.zip
千葉,世界測地系,2016年（平成28年）,0.96MB,A17-16_12_GML.zip
千葉,世界測地系,2017年（平成29年）,0.99MB,A17-17_12_GML.zip
東京,世界測地系,1970年（昭和45年）,0.69MB,A17-700501_13_GML.zip
東京,世界測地系,1970年（昭和45年）,0.69MB,A17-701001_13_GML.zip
東京,世界測地系,1975年（昭和50年）,0.69MB,A17-751001_13_GML.zip
東京,世界測地系,1980年（昭和55年）,0.44MB,A17-801001_13_GML.zip
東京,世界測地系,1985年（昭和60年）,0.50MB,A17-851001_13_GML.zip
東京,世界測地系,1990年（平成2年）,0.28MB,A17-901001_13_GML.zip
東京,世界測地系,1995年（平成7年）,0.28MB,A17-951001_13_GML.zip
東京,世界測地系,2000年（平成12年）,0.55MB,A17-001001_13_GML.zip
東京,世界測地系,2005年（平成17年）,0.55MB,A17-051001_13_GML.zip
東京,世界測地系,2007年（平成19年）,0.55MB,A17-070402_13_GML.zip
東京,世界測地系,2016年（平成28年）,2.37MB,A17-16_13_GML.zip
東京,世界測地系,2017年（平成29年）,2.37MB,A17-17_13_GML.zip
新潟,世界測地系,1970年（昭和45年）,0.84MB,A17-700501_15_GML.zip
新潟,世界測地系,1970年（昭和45年）,0.84MB,A17-701001_15_GML.zip
新潟,世界測地系,1975年（昭和50年）,1.90MB,A17-751001_15_GML.zip
新潟,世界測地系,1980年（昭和55年）,2.62MB,A17-801001_15_GML.zip
新潟,世界測地系,1985年（昭和60年）,2.79MB,A17-851001_15_GML.zip
新潟,世界測地系,1990年（平成2年）,2.73MB,A17-901001_15_GML.zip
新潟,世界測地系,1995年（平成7年）,2.85MB,A17-951001_15_GML.zip
新潟,世界測地系,2000年（平成12年）,2.13MB,A17-001001_15_GML.zip
新潟,世界測地系,2005年（平成17年）,2.36MB,A17-051001_15_GML.zip
新潟,世界測地系,2007年（平成19年）,2.36MB,A17-070402_15_GML.zip
新潟,世界測地系,2016年（平成28年）,4.09MB,A17-16_15_GML.zip
新潟,世界測地系,2017年（平成29年）,4.11MB,A17-17_15_GML.zip
富山,世界測地系,1970年（昭和45年）,0.09MB,A17-700501_16_GML.zip
富山,世界測地系,1970年（昭和45年）,0.09MB,A17-701001_16_GML.zip
富山,世界測地系,1975年（昭和50年）,0.09MB,A17-751001_16_GML.zip
富山,世界測地系,1980年（昭和55年）,0.14MB,A17-801001_16_GML.zip
富山,世界測地系,1985年（昭和60年）,0.14MB,A17-851001_16_GML.zip
富山,世界測地系,1990年（平成2年）,0.11MB,A17-901001_16_GML.zip
富山,世界測地系,1995年（平成7年）,0.16MB,A17-951001_16_GML.zip
富山,世界測地系,2000年（平成12年）,0.11MB,A17-001001_16_GML.zip
富山,世界測地系,2005年（平成17年）,0.17MB,A17-051001_16_GML.zip
富山,世界測地系,2007年（平成19年）,0.17MB,A17-070402_16_GML.zip
富山,世界測地系,2016年（平成28年）,0.29MB,A17-16_16_GML.zip
富山,世界測地系,2017年（平成29年）,0.42MB,A17-17_16_GML.zip
石川,世界測地系,1970年（昭和45年）,0.63MB,A17-700501_17_GML.zip
石川,世界測地系,1970年（昭和45年）,0.63MB,A17-701001_17_GML.zip
石川,世界測地系,1975年（昭和50年）,0.73MB,A17-751001_17_GML.zip
石川,世界測地系,1980年（昭和55年）,0.80MB,A17-801001_17_GML.zip
石川,世界測地系,1985年（昭和60年）,0.80MB,A17-851001_17_GML.zip
石川,世界測地系,1990年（平成2年）,1.21MB,A17-901001_17_GML.zip
石川,世界測地系,1995年（平成7年）,1.21MB,A17-951001_17_GML.zip
石川,世界測地系,2000年（平成12年）,1.34MB,A17-001001_17_GML.zip
石川,世界測地系,2005年（平成17年）,1.51MB,A17-051001_17_GML.zip
石川,世界測地系,2007年（平成19年）,1.45MB,A17-070402_17_GML.zip
石川,世界測地系,2016年（平成28年）,2.50MB,A17-16_17_GML.zip
石川,世界測地系,2017年（平成29年）,2.55MB,A17-17_17_GML.zip
福井,世界測地系,1970年（昭和45年）,0.45MB,A17-700501_18_GML.zip
福井,世界測地系,1970年（昭和45年）,0.45MB,A17-701001_18_GML.zip
福井,世界測地系,1975年（昭和50年）,0.68MB,A17-751001_18_GML.zip
福井,世界測地系,1980年（昭和55年）,0.40MB,A17-801001_18_GML.zip
福井,世界測地系,1985年（昭和60年）,0.40MB,A17-851001_18_GML.zip
福井,世界測地系,1990年（平成2年）,0.55MB,A17-901001_18_GML.zip
福井,世界測地系,1995年（平成7年）,0.68MB,A17-951001_18_GML.zip
福井,世界測地系,2000年（平成12年）,0.49MB,A17-001001_18_GML.zip
福井,世界測地系,2005年（平成17年）,0.50MB,A17-051001_18_GML.zip
福井,世界測地系,2007年（平成19年）,0.50MB,A17-070402_18_GML.zip
福井,世界測地系,2016年（平成28年）,0.90MB,A17-16_18_GML.zip
福井,世界測地系,2017年（平成29年）,0.96MB,A17-17_18_GML.zip
山梨,世界測地系,1970年（昭和45年）,0.91MB,A17-700501_19_GML.zip
山梨,世界測地系,1970年（昭和45年）,0.91MB,A17-701001_19_GML.zip
山梨,世界測地系,1975年（昭和50年）,1.18MB,A17-751001_19_GML.zip
山梨,世界測地系,1980年（昭和55年）,1.40MB,A17-801001_19_GML.zip
山梨,世界測地系,1985年（昭和60年）,1.46MB,A17-851001_19_GML.zip
山梨,世界測地系,1990年（平成2年）,1.70MB,A17-901001_19_GML.zip
山梨,世界測地系,1995年（平成7年）,1.70MB,A17-951001_19_GML.zip
山梨,世界測地系,2000年（平成12年）,0.99MB,A17-001001_19_GML.zip
山梨,世界測地系,2005年（平成17年）,1.17MB,A17-051001_19_GML.zip
山梨,世界測地系,2007年（平成19年）,1.15MB,A17-070402_19_GML.zip
山梨,世界測地系,2016年（平成28年）,1.46MB,A17-16_19_GML.zip
山梨,世界測地系,2017年（平成29年）,1.47MB,A17-17_19_GML.zip
長野,世界測地系,1970年（昭和45年）,1.62MB,A17-700501_20_GML.zip
長野,世界測地系,1970年（昭和45年）,1.62MB,A17-701001_20_GML.zip
長野,世界測地系,1975年（昭和50年）,2.12MB,A17-751001_20_GML.zip
長野,世界測地系,1980年（昭和55年）,2.44MB,A17-801001_20_GML.zip
長野,世界測地系,1985年（昭和60年）,2.51MB,A17-851001_20_GML.zip
長野,世界測地系,1990年（平成2年）,2.60MB,A17-901001_20_GML.zip
長野,世界測地系,1995年（平成7年）,2.78MB,A17-951001_20_GML.zip
長野,世界測地系,2000年（平成12年）,1.55MB,A17-001001_20_GML.zip
長野,世界測地系,2005年（平成17年）,1.73MB,A17-051001_20_GML.zip
長野,世界測地系,2007年（平成19年）,1.63MB,A17-070402_20_GML.zip
長野,世界測地系,2016年（平成28年）,3.10MB,A17-16_20_GML.zip
長野,世界測地系,2017年（平成29年）,3.13MB,A17-17_20_GML.zip
岐阜,世界測地系,1970年（昭和45年）,0.67MB,A17-700501_21_GML.zip
岐阜,世界測地系,1970年（昭和45年）,0.67MB,A17-701001_21_GML.zip
岐阜,世界測地系,1975年（昭和50年）,1.02MB,A17-751001_21_GML.zip
岐阜,世界測地系,1980年（昭和55年）,1.10MB,A17-801001_21_GML.zip
岐阜,世界測地系,1985年（昭和60年）,1.32MB,A17-851001_21_GML.zip
岐阜,世界測地系,1990年（平成2年）,1.80MB,A17-901001_21_GML.zip
岐阜,世界測地系,1995年（平成7年）,1.81MB,A17-951001_21_GML.zip
岐阜,世界測地系,2000年（平成12年）,1.16MB,A17-001001_21_GML.zip
岐阜,世界測地系,2005年（平成17年）,1.28MB,A17-051001_21_GML.zip
岐阜,世界測地系,2007年（平成19年）,1.28MB,A17-070402_21_GML.zip
岐阜,世界測地系,2016年（平成28年）,1.55MB,A17-16_21_GML.zip
岐阜,世界測地系,2017年（平成29年）,1.56MB,A17-17_21_GML.zip
静岡,世界測地系,1970年（昭和45年）,0.43MB,A17-700501_22_GML.zip
静岡,世界測地系,1970年（昭和45年）,0.43MB,A17-701001_22_GML.zip
静岡,世界測地系,1975年（昭和50年）,0.43MB,A17-751001_22_GML.zip
静岡,世界測地系,1980年（昭和55年）,0.32MB,A17-801001_22_GML.zip
静岡,世界測地系,1985年（昭和60年）,0.57MB,A17-851001_22_GML.zip
静岡,世界測地系,1990年（平成2年）,0.92MB,A17-901001_22_GML.zip
静岡,世界測地系,1995年（平成7年）,1.03MB,A17-951001_22_GML.zip
静岡,世界測地系,2000年（平成12年）,0.88MB,A17-001001_22_GML.zip
静岡,世界測地系,2005年（平成17年）,0.87MB,A17-051001_22_GML.zip
静岡,世界測地系,2007年（平成19年）,0.87MB,A17-070402_22_GML.zip
静岡,世界測地系,2016年（平成28年）,3.82MB,A17-16_22_GML.zip
静岡,世界測地系,2017年（平成29年）,5.82MB,A17-17_22_GML.zip
愛知,世界測地系,1970年（昭和45年）,0.72MB,A17-700501_23_GML.zip
愛知,世界測地系,1970年（昭和45年）,0.72MB,A17-701001_23_GML.zip
愛知,世界測地系,1975年（昭和50年）,0.85MB,A17-751001_23_GML.zip
愛知,世界測地系,1980年（昭和55年）,0.89MB,A17-801001_23_GML.zip
愛知,世界測地系,1985年（昭和60年）,0.89MB,A17-851001_23_GML.zip
愛知,世界測地系,1990年（平成2年）,0.83MB,A17-901001_23_GML.zip
愛知,世界測地系,1995年（平成7年）,0.95MB,A17-951001_23_GML.zip
愛知,世界測地系,2000年（平成12年）,0.54MB,A17-001001_23_GML.zip
愛知,世界測地系,2005年（平成17年）,0.84MB,A17-051001_23_GML.zip
愛知,世界測地系,2007年（平成19年）,0.61MB,A17-070402_23_GML.zip
愛知,世界測地系,2016年（平成28年）,0.98MB,A17-16_23_GML.zip
愛知,世界測地系,2017年（平成29年）,0.99MB,A17-17_23_GML.zip
三重,世界測地系,1970年（昭和45年）,0.19MB,A17-700501_24_GML.zip
三重,世界測地系,1970年（昭和45年）,0.19MB,A17-701001_24_GML.zip
三重,世界測地系,1975年（昭和50年）,0.86MB,A17-751001_24_GML.zip
三重,世界測地系,1980年（昭和55年）,0.81MB,A17-801001_24_GML.zip
三重,世界測地系,1985年（昭和60年）,1.14MB,A17-851001_24_GML.zip
三重,世界測地系,1990年（平成2年）,1.41MB,A17-901001_24_GML.zip
三重,世界測地系,1995年（平成7年）,1.62MB,A17-951001_24_GML.zip
三重,世界測地系,2000年（平成12年）,1.65MB,A17-001001_24_GML.zip
三重,世界測地系,2005年（平成17年）,2.12MB,A17-051001_24_GML.zip
三重,世界測地系,2007年（平成19年）,1.67MB,A17-070402_24_GML.zip
三重,世界測地系,2016年（平成28年）,9.41MB,A17-16_24_GML.zip
三重,世界測地系,2017年（平成29年）,9.44MB,A17-17_24_GML.zip
滋賀,世界測地系,1970年（昭和45年）,0.13MB,A17-700501_25_GML.zip
滋賀,世界測地系,1970年（昭和45年）,0.13MB,A17-701001_25_GML.zip
滋賀,世界測地系,1975年（昭和50年）,0.13MB,A17-751001_25_GML.zip
滋賀,世界測地系,1980年（昭和55年）,0.04MB,A17-801001_25_GML.zip
滋賀,世界測地系,1985年（昭和60年）,0.04MB,A17-851001_25_GML.zip
滋賀,世界測地系,1990年（平成2年）,0.15MB,A17-901001_25_GML.zip
滋賀,世界測地系,1995年（平成7年）,0.15MB,A17-951001_25_GML.zip
滋賀,世界測地系,2000年（平成12年）,0.10MB,A17-001001_25_GML.zip
滋賀,世界測地系,2005年（平成17年）,0.10MB,A17-051001_25_GML.zip
滋賀,世界測地系,2007年（平成19年）,0.10MB,A17-070402_25_GML.zip
滋賀,世界測地系,2016年（平成28年）,0.12MB,A17-16_25_GML.zip
滋賀,世界測地系,2017年（平成29年）,0.12MB,A17-17_25_GML.zip
京都,世界測地系,1970年（昭和45年）,0.66MB,A17-700501_26_GML.zip
京都,世界測地系,1970年（昭和45年）,0.66MB,A17-701001_26_GML.zip
京都,世界測地系,1975年（昭和50年）,0.79MB,A17-751001_26_GML.zip
京都,世界測地系,1980年（昭和55年）,0.86MB,A17-801001_26_GML.zip
京都,世界測地系,1985年（昭和60年）,0.86MB,A17-851001_26_GML.zip
京都,世界測地系,1990年（平成2年）,1.00MB,A17-901001_26_GML.zip
京都,世界測地系,1995年（平成7年）,1.08MB,A17-951001_26_GML.zip
京都,世界測地系,2000年（平成12年）,0.69MB,A17-001001_26_GML.zip
京都,世界測地系,2005年（平成17年）,0.73MB,A17-051001_26_GML.zip
京都,世界測地系,2007年（平成19年）,0.80MB,A17-070402_26_GML.zip
京都,世界測地系,2016年（平成28年）,2.07MB,A17-16_26_GML.zip
京都,世界測地系,2017年（平成29年）,2.34MB,A17-17_26_GML.zip
大阪,世界測地系,2016年（平成28年）,0.05MB,A17-16_27_GML.zip
大阪,世界測地系,2017年（平成29年）,0.05MB,A17-17_27_GML.zip
兵庫,世界測地系,1970年（昭和45年）,0.48MB,A17-700501_28_GML.zip
兵庫,世界測地系,1970年（昭和45年）,0.48MB,A17-701001_28_GML.zip
兵庫,世界測地系,1975年（昭和50年）,0.60MB,A17-751001_28_GML.zip
兵庫,世界測地系,1980年（昭和55年）,0.52MB,A17-801001_28_GML.zip
兵庫,世界測地系,1985年（昭和60年）,0.52MB,A17-851001_28_GML.zip
兵庫,世界測地系,1990年（平成2年）,0.84MB,A17-901001_28_GML.zip
兵庫,世界測地系,1995年（平成7年）,0.85MB,A17-951001_28_GML.zip
兵庫,世界測地系,2000年（平成12年）,0.56MB,A17-001001_28_GML.zip
兵庫,世界測地系,2005年（平成17年）,1.16MB,A17-051001_28_GML.zip
兵庫,世界測地系,2007年（平成19年）,1.08MB,A17-070402_28_GML.zip
兵庫,世界測地系,2016年（平成28年）,2.95MB,A17-16_28_GML.zip
兵庫,世界測地系,2017年（平成29年）,3.18MB,A17-17_28_GML.zip
奈良,世界測地系,1970年（昭和45年）,0.47MB,A17-700501_29_GML.zip
奈良,世界測地系,1970年（昭和45年）,0.47MB,A17-701001_29_GML.zip
奈良,世界測地系,1975年（昭和50年）,0.57MB,A17-751001_29_GML.zip
奈良,世界測地系,1980年（昭和55年）,0.81MB,A17-801001_29_GML.zip
奈良,世界測地系,1985年（昭和60年）,0.81MB,A17-851001_29_GML.zip
奈良,世界測地系,1990年（平成2年）,1.04MB,A17-901001_29_GML.zip
奈良,世界測地系,1995年（平成7年）,1.04MB,A17-951001_29_GML.zip
奈良,世界測地系,2000年（平成12年）,0.56MB,A17-001001_29_GML.zip
奈良,世界測地系,2005年（平成17年）,0.58MB,A17-051001_29_GML.zip
奈良,世界測地系,2007年（平成19年）,0.58MB,A17-070402_29_GML.zip
奈良,世界測地系,2016年（平成28年）,1.30MB,A17-16_29_GML.zip
奈良,世界測地系,2017年（平成29年）,1.46MB,A17-17_29_GML.zip
和歌山,世界測地系,1970年（昭和45年）,0.82MB,A17-700501_30_GML.zip
和歌山,世界測地系,1970年（昭和45年）,0.82MB,A17-701001_30_GML.zip
和歌山,世界測地系,1975年（昭和50年）,0.93MB,A17-751001_30_GML.zip
和歌山,世界測地系,1980年（昭和55年）,1.03MB,A17-801001_30_GML.zip
和歌山,世界測地系,1985年（昭和60年）,1.10MB,A17-851001_30_GML.zip
和歌山,世界測地系,1990年（平成2年）,1.07MB,A17-901001_30_GML.zip
和歌山,世界測地系,1995年（平成7年）,1.14MB,A17-951001_30_GML.zip
和歌山,世界測地系,2000年（平成12年）,1.25MB,A17-001001_30_GML.zip
和歌山,世界測地系,2005年（平成17年）,1.42MB,A17-051001_30_GML.zip
和歌山,世界測地系,2007年（平成19年）,1.49MB,A17-070402_30_GML.zip
和歌山,世界測地系,2016年（平成28年）,5.87MB,A17-16_30_GML.zip
和歌山,世界測地系,2017年（平成29年）,5.89MB,A17-17_30_GML.zip
鳥取,世界測地系,1970年（昭和45年）,0.41MB,A17-700501_31_GML.zip
鳥取,世界測地系,1970年（昭和45年）,0.41MB,A17-701001_31_GML.zip
鳥取,世界測地系,1975年（昭和50年）,0.58MB,A17-751001_31_GML.zip
鳥取,世界測地系,1980年（昭和55年）,0.68MB,A17-801001_31_GML.zip
鳥取,世界測地系,1985年（昭和60年）,0.68MB,A17-851001_31_GML.zip
鳥取,世界測地系,1990年（平成2年）,0.69MB,A17-901001_31_GML.zip
鳥取,世界測地系,1995年（平成7年）,0.69MB,A17-951001_31_GML.zip
鳥取,世界測地系,2000年（平成12年）,0.45MB,A17-001001_31_GML.zip
鳥取,世界測地系,2005年（平成17年）,0.45MB,A17-051001_31_GML.zip
鳥取,世界測地系,2007年（平成19年）,0.45MB,A17-070402_31_GML.zip
鳥取,世界測地系,2016年（平成28年）,1.43MB,A17-16_31_GML.zip
鳥取,世界測地系,2017年（平成29年）,1.44MB,A17-17_31_GML.zip
島根,世界測地系,1970年（昭和45年）,2.45MB,A17-700501_32_GML.zip
島根,世界測地系,1970年（昭和45年）,2.45MB,A17-701001_32_GML.zip
島根,世界測地系,1975年（昭和50年）,2.72MB,A17-751001_32_GML.zip
島根,世界測地系,1980年（昭和55年）,2.75MB,A17-801001_32_GML.zip
島根,世界測地系,1985年（昭和60年）,2.75MB,A17-851001_32_GML.zip
島根,世界測地系,1990年（平成2年）,2.65MB,A17-901001_32_GML.zip
島根,世界測地系,1995年（平成7年）,2.65MB,A17-951001_32_GML.zip
島根,世界測地系,2000年（平成12年）,2.20MB,A17-001001_32_GML.zip
島根,世界測地系,2005年（平成17年）,3.15MB,A17-051001_32_GML.zip
島根,世界測地系,2007年（平成19年）,2.79MB,A17-070402_32_GML.zip
島根,世界測地系,2016年（平成28年）,6.05MB,A17-16_32_GML.zip
島根,世界測地系,2017年（平成29年）,6.06MB,A17-17_32_GML.zip
岡山,世界測地系,1970年（昭和45年）,1.61MB,A17-700501_33_GML.zip
岡山,世界測地系,1970年（昭和45年）,1.61MB,A17-701001_33_GML.zip
岡山,世界測地系,1975年（昭和50年）,1.77MB,A17-751001_33_GML.zip
岡山,世界測地系,1980年（昭和55年）,2.05MB,A17-801001_33_GML.zip
岡山,世界測地系,1985年（昭和60年）,2.05MB,A17-851001_33_GML.zip
岡山,世界測地系,1990年（平成2年）,1.89MB,A17-901001_33_GML.zip
岡山,世界測地系,1995年（平成7年）,1.95MB,A17-951001_33_GML.zip
岡山,世界測地系,2000年（平成12年）,1.50MB,A17-001001_33_GML.zip
岡山,世界測地系,2005年（平成17年）,1.60MB,A17-051001_33_GML.zip
岡山,世界測地系,2007年（平成19年）,1.60MB,A17-070402_33_GML.zip
岡山,世界測地系,2016年（平成28年）,2.29MB,A17-16_33_GML.zip
岡山,世界測地系,2017年（平成29年）,2.33MB,A17-17_33_GML.zip
広島,世界測地系,1970年（昭和45年）,2.07MB,A17-700501_34_GML.zip
広島,世界測地系,1970年（昭和45年）,2.07MB,A17-701001_34_GML.zip
広島,世界測地系,1975年（昭和50年）,2.06MB,A17-751001_34_GML.zip
広島,世界測地系,1980年（昭和55年）,2.10MB,A17-801001_34_GML.zip
広島,世界測地系,1985年（昭和60年）,2.10MB,A17-851001_34_GML.zip
広島,世界測地系,1990年（平成2年）,2.15MB,A17-901001_34_GML.zip
広島,世界測地系,1995年（平成7年）,2.24MB,A17-951001_34_GML.zip
広島,世界測地系,2000年（平成12年）,1.68MB,A17-001001_34_GML.zip
広島,世界測地系,2005年（平成17年）,1.72MB,A17-051001_34_GML.zip
広島,世界測地系,2007年（平成19年）,1.72MB,A17-070402_34_GML.zip
広島,世界測地系,2016年（平成28年）,2.97MB,A17-16_34_GML.zip
広島,世界測地系,2017年（平成29年）,2.98MB,A17-17_34_GML.zip
山口,世界測地系,1970年（昭和45年）,2.10MB,A17-700501_35_GML.zip
山口,世界測地系,1970年（昭和45年）,2.10MB,A17-701001_35_GML.zip
山口,世界測地系,1975年（昭和50年）,2.28MB,A17-751001_35_GML.zip
山口,世界測地系,1980年（昭和55年）,2.19MB,A17-801001_35_GML.zip
山口,世界測地系,1985年（昭和60年）,2.19MB,A17-851001_35_GML.zip
山口,世界測地系,1990年（平成2年）,2.19MB,A17-901001_35_GML.zip
山口,世界測地系,1995年（平成7年）,2.19MB,A17-951001_35_GML.zip
山口,世界測地系,2000年（平成12年）,1.88MB,A17-001001_35_GML.zip
山口,世界測地系,2005年（平成17年）,2.47MB,A17-051001_35_GML.zip
山口,世界測地系,2007年（平成19年）,2.46MB,A17-070402_35_GML.zip
山口,世界測地系,2016年（平成28年）,3.77MB,A17-16_35_GML.zip
山口,世界測地系,2017年（平成29年）,3.80MB,A17-17_35_GML.zip
徳島,世界測地系,1970年（昭和45年）,0.61MB,A17-700501_36_GML.zip
徳島,世界測地系,1970年（昭和45年）,0.61MB,A17-701001_36_GML.zip
徳島,世界測地系,1975年（昭和50年）,1.11MB,A17-751001_36_GML.zip
徳島,世界測地系,1980年（昭和55年）,1.11MB,A17-801001_36_GML.zip
徳島,世界測地系,1985年（昭和60年）,1.11MB,A17-851001_36_GML.zip
徳島,世界測地系,1990年（平成2年）,1.22MB,A17-901001_36_GML.zip
徳島,世界測地系,1995年（平成7年）,1.27MB,A17-951001_36_GML.zip
徳島,世界測地系,2000年（平成12年）,1.01MB,A17-001001_36_GML.zip
徳島,世界測地系,2005年（平成17年）,1.03MB,A17-051001_36_GML.zip
徳島,世界測地系,2007年（平成19年）,0.92MB,A17-070402_36_GML.zip
徳島,世界測地系,2016年（平成28年）,3.74MB,A17-16_36_GML.zip
徳島,世界測地系,2017年（平成29年）,3.75MB,A17-17_36_GML.zip
香川,世界測地系,1970年（昭和45年）,0.25MB,A17-700501_37_GML.zip
香川,世界測地系,1970年（昭和45年）,0.25MB,A17-701001_37_GML.zip
香川,世界測地系,1975年（昭和50年）,0.25MB,A17-751001_37_GML.zip
香川,世界測地系,1980年（昭和55年）,0.25MB,A17-801001_37_GML.zip
香川,世界測地系,1985年（昭和60年）,0.25MB,A17-851001_37_GML.zip
香川,世界測地系,1990年（平成2年）,0.25MB,A17-901001_37_GML.zip
香川,世界測地系,1995年（平成7年）,0.35MB,A17-951001_37_GML.zip
香川,世界測地系,2000年（平成12年）,0.19MB,A17-001001_37_GML.zip
香川,世界測地系,2005年（平成17年）,0.44MB,A17-051001_37_GML.zip
香川,世界測地系,2007年（平成19年）,0.43MB,A17-070402_37_GML.zip
香川,世界測地系,2016年（平成28年）,1.28MB,A17-16_37_GML.zip
香川,世界測地系,2017年（平成29年）,1.29MB,A17-17_37_GML.zip
愛媛,世界測地系,1970年（昭和45年）,2.54MB,A17-700501_38_GML.zip
愛媛,世界測地系,1970年（昭和45年）,2.54MB,A17-701001_38_GML.zip
愛媛,世界測地系,1975年（昭和50年）,2.73MB,A17-751001_38_GML.zip
愛媛,世界測地系,1980年（昭和55年）,2.28MB,A17-801001_38_GML.zip
愛媛,世界測地系,1985年（昭和60年）,2.28MB,A17-851001_38_GML.zip
愛媛,世界測地系,1990年（平成2年）,2.29MB,A17-901001_38_GML.zip
愛媛,世界測地系,1995年（平成7年）,2.46MB,A17-951001_38_GML.zip
愛媛,世界測地系,2000年（平成12年）,2.24MB,A17-001001_38_GML.zip
愛媛,世界測地系,2005年（平成17年）,2.99MB,A17-051001_38_GML.zip
愛媛,世界測地系,2007年（平成19年）,2.99MB,A17-070402_38_GML.zip
愛媛,世界測地系,2016年（平成28年）,8.31MB,A17-16_38_GML.zip
愛媛,世界測地系,2017年（平成29年）,8.50MB,A17-17_38_GML.zip
高知,世界測地系,1970年（昭和45年）,3.03MB,A17-700501_39_GML.zip
高知,世界測地系,1970年（昭和45年）,3.03MB,A17-701001_39_GML.zip
高知,世界測地系,1975年（昭和50年）,3.15MB,A17-751001_39_GML.zip
高知,世界測地系,1980年（昭和55年）,2.29MB,A17-801001_39_GML.zip
高知,世界測地系,1985年（昭和60年）,2.36MB,A17-851001_39_GML.zip
高知,世界測地系,1990年（平成2年）,2.92MB,A17-901001_39_GML.zip
高知,世界測地系,1995年（平成7年）,2.92MB,A17-951001_39_GML.zip
高知,世界測地系,2000年（平成12年）,2.75MB,A17-001001_39_GML.zip
高知,世界測地系,2005年（平成17年）,2.76MB,A17-051001_39_GML.zip
高知,世界測地系,2007年（平成19年）,2.70MB,A17-070402_39_GML.zip
高知,世界測地系,2016年（平成28年）,5.25MB,A17-16_39_GML.zip
高知,世界測地系,2017年（平成29年）,5.28MB,A17-17_39_GML.zip
福岡,世界測地系,1970年（昭和45年）,0.92MB,A17-700501_40_GML.zip
福岡,世界測地系,1970年（昭和45年）,0.92MB,A17-701001_40_GML.zip
福岡,世界測地系,1975年（昭和50年）,1.14MB,A17-751001_40_GML.zip
福岡,世界測地系,1980年（昭和55年）,1.07MB,A17-801001_40_GML.zip
福岡,世界測地系,1985年（昭和60年）,1.07MB,A17-851001_40_GML.zip
福岡,世界測地系,1990年（平成2年）,0.96MB,A17-901001_40_GML.zip
福岡,世界測地系,1995年（平成7年）,0.99MB,A17-951001_40_GML.zip
福岡,世界測地系,2000年（平成12年）,0.58MB,A17-001001_40_GML.zip
福岡,世界測地系,2005年（平成17年）,0.65MB,A17-051001_40_GML.zip
福岡,世界測地系,2007年（平成19年）,0.69MB,A17-070402_40_GML.zip
福岡,世界測地系,2016年（平成28年）,1.24MB,A17-16_40_GML.zip
福岡,世界測地系,2017年（平成29年）,1.24MB,A17-17_40_GML.zip
佐賀,世界測地系,1970年（昭和45年）,0.65MB,A17-700501_41_GML.zip
佐賀,世界測地系,1970年（昭和45年）,0.65MB,A17-701001_41_GML.zip
佐賀,世界測地系,1975年（昭和50年）,0.81MB,A17-751001_41_GML.zip
佐賀,世界測地系,1980年（昭和55年）,0.73MB,A17-801001_41_GML.zip
佐賀,世界測地系,1985年（昭和60年）,0.73MB,A17-851001_41_GML.zip
佐賀,世界測地系,1990年（平成2年）,0.67MB,A17-901001_41_GML.zip
佐賀,世界測地系,1995年（平成7年）,0.67MB,A17-951001_41_GML.zip
佐賀,世界測地系,2000年（平成12年）,0.50MB,A17-001001_41_GML.zip
佐賀,世界測地系,2005年（平成17年）,0.52MB,A17-051001_41_GML.zip
佐賀,世界測地系,2007年（平成19年）,0.51MB,A17-070402_41_GML.zip
佐賀,世界測地系,2016年（平成28年）,0.98MB,A17-16_41_GML.zip
佐賀,世界測地系,2017年（平成29年）,0.98MB,A17-17_41_GML.zip
長崎,世界測地系,1970年（昭和45年）,4.06MB,A17-700501_42_GML.zip
長崎,世界測地系,1970年（昭和45年）,4.06MB,A17-701001_42_GML.zip
長崎,世界測地系,1975年（昭和50年）,6.66MB,A17-751001_42_GML.zip
長崎,世界測地系,1980年（昭和55年）,6.84MB,A17-801001_42_GML.zip
長崎,世界測地系,1985年（昭和60年）,6.84MB,A17-851001_42_GML.zip
長崎,世界測地系,1990年（平成2年）,6.69MB,A17-901001_42_GML.zip
長崎,世界測地系,1995年（平成7年）,7.02MB,A17-951001_42_GML.zip
長崎,世界測地系,2000年（平成12年）,8.35MB,A17-001001_42_GML.zip
長崎,世界測地系,2005年（平成17年）,9.19MB,A17-051001_42_GML.zip
長崎,世界測地系,2007年（平成19年）,8.81MB,A17-070402_42_GML.zip
長崎,世界測地系,2016年（平成28年）,17.80MB,A17-16_42_GML.zip
長崎,世界測地系,2017年（平成29年）,17.88MB,A17-17_42_GML.zip
熊本,世界測地系,1970年（昭和45年）,2.78MB,A17-700501_43_GML.zip
熊本,世界測地系,1970年（昭和45年）,2.78MB,A17-701001_43_GML.zip
熊本,世界測地系,1975年（昭和50年）,3.61MB,A17-751001_43_GML.zip
熊本,世界測地系,1980年（昭和55年）,3.43MB,A17-801001_43_GML.zip
熊本,世界測地系,1985年（昭和60年）,3.43MB,A17-851001_43_GML.zip
熊本,世界測地系,1990年（平成2年）,3.61MB,A17-901001_43_GML.zip
熊本,世界測地系,1995年（平成7年）,3.61MB,A17-951001_43_GML.zip
熊本,世界測地系,2000年（平成12年）,2.99MB,A17-001001_43_GML.zip
熊本,世界測地系,2005年（平成17年）,3.28MB,A17-051001_43_GML.zip
熊本,世界測地系,2007年（平成19年）,3.13MB,A17-070402_43_GML.zip
熊本,世界測地系,2016年（平成28年）,4.30MB,A17-16_43_GML.zip
熊本,世界測地系,2017年（平成29年）,4.30MB,A17-17_43_GML.zip
大分,世界測地系,1970年（昭和45年）,1.40MB,A17-700501_44_GML.zip
大分,世界測地系,1970年（昭和45年）,1.40MB,A17-701001_44_GML.zip
大分,世界測地系,1975年（昭和50年）,1.95MB,A17-751001_44_GML.zip
大分,世界測地系,1980年（昭和55年）,2.08MB,A17-801001_44_GML.zip
大分,世界測地系,1985年（昭和60年）,2.08MB,A17-851001_44_GML.zip
大分,世界測地系,1990年（平成2年）,1.99MB,A17-901001_44_GML.zip
大分,世界測地系,1995年（平成7年）,2.37MB,A17-951001_44_GML.zip
大分,世界測地系,2000年（平成12年）,2.02MB,A17-001001_44_GML.zip
大分,世界測地系,2005年（平成17年）,2.27MB,A17-051001_44_GML.zip
大分,世界測地系,2007年（平成19年）,2.19MB,A17-070402_44_GML.zip
大分,世界測地系,2016年（平成28年）,4.37MB,A17-16_44_GML.zip
大分,世界測地系,2017年（平成29年）,4.39MB,A17-17_44_GML.zip
宮崎,世界測地系,1970年（昭和45年）,2.04MB,A17-700501_45_GML.zip
宮崎,世界測地系,1970年（昭和45年）,2.04MB,A17-701001_45_GML.zip
宮崎,世界測地系,1975年（昭和50年）,2.19MB,A17-751001_45_GML.zip
宮崎,世界測地系,1980年（昭和55年）,2.21MB,A17-801001_45_GML.zip
宮崎,世界測地系,1985年（昭和60年）,2.21MB,A17-851001_45_GML.zip
宮崎,世界測地系,1990年（平成2年）,1.90MB,A17-901001_45_GML.zip
宮崎,世界測地系,1995年（平成7年）,1.90MB,A17-951001_45_GML.zip
宮崎,世界測地系,2000年（平成12年）,1.32MB,A17-001001_45_GML.zip
宮崎,世界測地系,2005年（平成17年）,1.32MB,A17-051001_45_GML.zip
宮崎,世界測地系,2007年（平成19年）,1.60MB,A17-070402_45_GML.zip
宮崎,世界測地系,2016年（平成28年）,2.65MB,A17-16_45_GML.zip
宮崎,世界測地系,2017年（平成29年）,2.63MB,A17-17_45_GML.zip
鹿児島,世界測地系,1970年（昭和45年）,5.68MB,A17-700501_46_GML.zip
鹿児島,世界測地系,1970年（昭和45年）,5.68MB,A17-701001_46_GML.zip
鹿児島,世界測地系,1975年（昭和50年）,8.87MB,A17-751001_46_GML.zip
鹿児島,世界測地系,1980年（昭和55年）,8.93MB,A17-801001_46_GML.zip
鹿児島,世界測地系,1985年（昭和60年）,8.93MB,A17-851001_46_GML.zip
鹿児島,世界測地系,1990年（平成2年）,9.06MB,A17-901001_46_GML.zip
鹿児島,世界測地系,1995年（平成7年）,9.06MB,A17-951001_46_GML.zip
鹿児島,世界測地系,2000年（平成12年）,8.54MB,A17-001001_46_GML.zip
鹿児島,世界測地系,2005年（平成17年）,8.56MB,A17-051001_46_GML.zip
鹿児島,世界測地系,2007年（平成19年）,8.81MB,A17-070402_46_GML.zip
鹿児島,世界測地系,2016年（平成28年）,15.07MB,A17-16_46_GML.zip
鹿児島,世界測地系,2017年（平成29年）,15.21MB,A17-17_46_GML.zip
沖縄,世界測地系,1980年（昭和55年）,1.98MB,A17-801001_47_GML.zip
沖縄,世界測地系,1985年（昭和60年）,2.11MB,A17-851001_47_GML.zip
沖縄,世界測地系,1990年（平成2年）,2.11MB,A17-901001_47_GML.zip
沖縄,世界測地系,1995年（平成7年）,2.11MB,A17-951001_47_GML.zip
沖縄,世界測地系,2000年（平成12年）,1.99MB,A17-001001_47_GML.zip
沖縄,世界測地系,2005年（平成17年）,2.41MB,A17-051001_47_GML.zip
沖縄,世界測地系,2007年（平成19年）,2.25MB,A17-070402_47_GML.zip
沖縄,世界測地系,2016年（平成28年）,4.50MB,A17-16_47_GML.zip
沖縄,世界測地系,2017年（平成29年）,4.62MB,A17-17_47_GML.zip