北海道,世界測地系,1986年（昭和61年）,2.71MB,A18-860331_01_GML.zip
北海道,世界測地系,1990年（平成2年）,3.71MB,A18-901001_01_GML.zip
北海道,世界測地系,1995年（平成7年）,3.71MB,A18-951001_01_GML.zip
北海道,世界測地系,2000年（平成12年）,3.70MB,A18-001001_01_GML.zip
北海道,世界測地系,2005年（平成17年）,3.71MB,A18-051001_01_GML.zip
北海道,世界測地系,2007年（平成19年）,3.71MB,A18-070402_01_GML.zip
北海道,世界測地系,2016年（平成28年）,4.82MB,A18-16_01_GML.zip
青森,世界測地系,1986年（昭和61年）,1.91MB,A18-860331_02_GML.zip
青森,世界測地系,1990年（平成2年）,1.91MB,A18-901001_02_GML.zip
青森,世界測地系,1995年（平成7年）,1.91MB,A18-951001_02_GML.zip
青森,世界測地系,2000年（平成12年）,1.91MB,A18-001001_02_GML.zip
青森,世界測地系,2005年（平成17年）,1.91MB,A18-051001_02_GML.zip
青森,世界測地系,2007年（平成19年）,1.91MB,A18-070402_02_GML.zip
青森,世界測地系,2016年（平成28年）,2.78MB,A18-16_02_GML.zip
秋田,世界測地系,1990年（平成2年）,0.35MB,A18-901001_05_GML.zip
秋田,世界測地系,1995年（平成7年）,0.35MB,A18-951001_05_GML.zip
秋田,世界測地系,2000年（平成12年）,0.35MB,A18-001001_05_GML.zip
秋田,世界測地系,2005年（平成17年）,0.35MB,A18-051001_05_GML.zip
秋田,世界測地系,2007年（平成19年）,0.35MB,A18-070402_05_GML.zip
秋田,世界測地系,2016年（平成28年）,2.35MB,A18-16_05_GML.zip
千葉,世界測地系,1986年（昭和61年）,1.25MB,A18-860331_12_GML.zip
千葉,世界測地系,1990年（平成2年）,1.25MB,A18-901001_12_GML.zip
千葉,世界測地系,1995年（平成7年）,1.25MB,A18-951001_12_GML.zip
千葉,世界測地系,2000年（平成12年）,1.25MB,A18-001001_12_GML.zip
千葉,世界測地系,2005年（平成17年）,1.25MB,A18-051001_12_GML.zip
千葉,世界測地系,2007年（平成19年）,1.25MB,A18-070402_12_GML.zip
千葉,世界測地系,2016年（平成28年）,1.87MB,A18-16_12_GML.zip
富山,世界測地系,1986年（昭和61年）,0.12MB,A18-860331_16_GML.zip
富山,世界測地系,1990年（平成2年）,0.12MB,A18-901001_16_GML.zip
富山,世界測地系,1995年（平成7年）,0.12MB,A18-951001_16_GML.zip
富山,世界測地系,2000年（平成12年）,0.12MB,A18-001001_16_GML.zip
富山,世界測地系,2005年（平成17年）,0.12MB,A18-051001_16_GML.zip
富山,世界測地系,2007年（平成19年）,0.12MB,A18-070402_16_GML.zip
富山,世界測地系,2016年（平成28年）,0.14MB,A18-16_16_GML.zip
石川,世界測地系,1986年（昭和61年）,1.93MB,A18-860331_17_GML.zip
石川,世界測地系,1990年（平成2年）,1.93MB,A18-901001_17_GML.zip
石川,世界測地系,1995年（平成7年）,1.93MB,A18-951001_17_GML.zip
石川,世界測地系,2000年（平成12年）,1.93MB,A18-001001_17_GML.zip
石川,世界測地系,2005年（平成17年）,1.93MB,A18-051001_17_GML.zip
石川,世界測地系,2007年（平成19年）,1.93MB,A18-070402_17_GML.zip
石川,世界測地系,2016年（平成28年）,3.07MB,A18-16_17_GML.zip
静岡,世界測地系,1986年（昭和61年）,0.95MB,A18-860331_22_GML.zip
静岡,世界測地系,1990年（平成2年）,0.95MB,A18-901001_22_GML.zip
静岡,世界測地系,1995年（平成7年）,0.95MB,A18-951001_22_GML.zip
静岡,世界測地系,2000年（平成12年）,0.95MB,A18-001001_22_GML.zip
静岡,世界測地系,2005年（平成17年）,0.95MB,A18-051001_22_GML.zip
静岡,世界測地系,2007年（平成19年）,0.95MB,A18-070402_22_GML.zip
静岡,世界測地系,2016年（平成28年）,6.17MB,A18-16_22_GML.zip
三重,世界測地系,1986年（昭和61年）,3.71MB,A18-860331_24_GML.zip
三重,世界測地系,1990年（平成2年）,3.71MB,A18-901001_24_GML.zip
三重,世界測地系,1995年（平成7年）,3.71MB,A18-951001_24_GML.zip
三重,世界測地系,2000年（平成12年）,3.71MB,A18-001001_24_GML.zip
三重,世界測地系,2005年（平成17年）,3.71MB,A18-051001_24_GML.zip
三重,世界測地系,2007年（平成19年）,3.71MB,A18-070402_24_GML.zip
三重,世界測地系,2016年（平成28年）,13.08MB,A18-16_24_GML.zip
京都,世界測地系,1986年（昭和61年）,0.89MB,A18-860331_26_GML.zip
京都,世界測地系,1990年（平成2年）,0.89MB,A18-901001_26_GML.zip
京都,世界測地系,1995年（平成7年）,0.89MB,A18-951001_26_GML.zip
京都,世界測地系,2000年（平成12年）,0.89MB,A18-001001_26_GML.zip
京都,世界測地系,2005年（平成17年）,0.89MB,A18-051001_26_GML.zip
京都,世界測地系,2007年（平成19年）,0.89MB,A18-070402_26_GML.zip
京都,世界測地系,2016年（平成28年）,1.59MB,A18-16_26_GML.zip
奈良,世界測地系,1986年（昭和61年）,0.98MB,A18-860331_29_GML.zip
奈良,世界測地系,1990年（平成2年）,0.98MB,A18-901001_29_GML.zip
奈良,世界測地系,1995年（平成7年）,0.98MB,A18-951001_29_GML.zip
奈良,世界測地系,2000年（平成12年）,0.98MB,A18-001001_29_GML.zip
奈良,世界測地系,2005年（平成17年）,0.98MB,A18-051001_29_GML.zip
奈良,世界測地系,2007年（平成19年）,0.98MB,A18-070402_29_GML.zip
奈良,世界測地系,2016年（平成28年）,1.10MB,A18-16_29_GML.zip
和歌山,世界測地系,1986年（昭和61年）,3.08MB,A18-860331_30_GML.zip
和歌山,世界測地系,1990年（平成2年）,3.08MB,A18-901001_30_GML.zip
和歌山,世界測地系,1995年（平成7年）,3.08MB,A18-951001_30_GML.zip
和歌山,世界測地系,2000年（平成12年）,3.08MB,A18-001001_30_GML.zip
和歌山,世界測地系,2005年（平成17年）,3.08MB,A18-051001_30_GML.zip
和歌山,世界測地系,2007年（平成19年）,3.08MB,A18-070402_30_GML.zip
和歌山,世界測地系,2016年（平成28年）,7.18MB,A18-16_30_GML.zip
島根,世界測地系,1986年（昭和61年）,0.69MB,A18-860331_32_GML.zip
島根,世界測地系,1990年（平成2年）,0.69MB,A18-901001_32_GML.zip
島根,世界測地系,1995年（平成7年）,0.69MB,A18-951001_32_GML.zip
島根,世界測地系,2000年（平成12年）,0.69MB,A18-001001_32_GML.zip
島根,世界測地系,2005年（平成17年）,0.69MB,A18-051001_32_GML.zip
島根,世界測地系,2007年（平成19年）,0.69MB,A18-070402_32_GML.zip
島根,世界測地系,2016年（平成28年）,1.04MB,A18-16_32_GML.zip
広島,世界測地系,1986年（昭和61年）,0.37MB,A18-860331_34_GML.zip
広島,世界測地系,1990年（平成2年）,0.37MB,A18-901001_34_GML.zip
広島,世界測地系,1995年（平成7年）,0.37MB,A18-951001_34_GML.zip
広島,世界測地系,2000年（平成12年）,0.37MB,A18-001001_34_GML.zip
広島,世界測地系,2005年（平成17年）,0.37MB,A18-051001_34_GML.zip
広島,世界測地系,2007年（平成19年）,0.37MB,A18-070402_34_GML.zip
広島,世界測地系,2016年（平成28年）,0.65MB,A18-16_34_GML.zip
山口,世界測地系,1986年（昭和61年）,0.63MB,A18-860331_35_GML.zip
山口,世界測地系,1990年（平成2年）,0.63MB,A18-901001_35_GML.zip
山口,世界測地系,1995年（平成7年）,0.63MB,A18-951001_35_GML.zip
山口,世界測地系,2000年（平成12年）,0.63MB,A18-001001_35_GML.zip
山口,世界測地系,2005年（平成17年）,0.63MB,A18-051001_35_GML.zip
山口,世界測地系,2007年（平成19年）,0.63MB,A18-070402_35_GML.zip
山口,世界測地系,2016年（平成28年）,1.15MB,A18-16_35_GML.zip
愛媛,世界測地系,1986年（昭和61年）,0.60MB,A18-860331_38_GML.zip
愛媛,世界測地系,1990年（平成2年）,0.60MB,A18-901001_38_GML.zip
愛媛,世界測地系,1995年（平成7年）,0.60MB,A18-951001_38_GML.zip
愛媛,世界測地系,2000年（平成12年）,0.60MB,A18-001001_38_GML.zip
愛媛,世界測地系,2005年（平成17年）,0.60MB,A18-051001_38_GML.zip
愛媛,世界測地系,2007年（平成19年）,0.60MB,A18-070402_38_GML.zip
愛媛,世界測地系,2016年（平成28年）,1.25MB,A18-16_38_GML.zip
高知,世界測地系,1990年（平成2年）,1.45MB,A18-901001_39_GML.zip
高知,世界測地系,1995年（平成7年）,1.45MB,A18-951001_39_GML.zip
高知,世界測地系,2000年（平成12年）,1.45MB,A18-001001_39_GML.zip
高知,世界測地系,2005年（平成17年）,1.45MB,A18-051001_39_GML.zip
高知,世界測地系,2007年（平成19年）,1.45MB,A18-070402_39_GML.zip
高知,世界測地系,2016年（平成28年）,2.09MB,A18-16_39_GML.zip
佐賀,世界測地系,1990年（平成2年）,0.62MB,A18-901001_41_GML.zip
佐賀,世界測地系,1995年（平成7年）,0.62MB,A18-951001_41_GML.zip
佐賀,世界測地系,2000年（平成12年）,0.62MB,A18-001001_41_GML.zip
佐賀,世界測地系,2005年（平成17年）,0.62MB,A18-051001_41_GML.zip
佐賀,世界測地系,2007年（平成19年）,0.62MB,A18-070402_41_GML.zip
佐賀,世界測地系,2016年（平成28年）,1.14MB,A18-16_41_GML.zip
長崎,世界測地系,1986年（昭和61年）,2.09MB,A18-860331_42_GML.zip
長崎,世界測地系,1990年（平成2年）,2.75MB,A18-901001_42_GML.zip
長崎,世界測地系,1995年（平成7年）,2.80MB,A18-951001_42_GML.zip
長崎,世界測地系,2000年（平成12年）,2.80MB,A18-001001_42_GML.zip
長崎,世界測地系,2005年（平成17年）,3.13MB,A18-051001_42_GML.zip
長崎,世界測地系,2007年（平成19年）,3.13MB,A18-070402_42_GML.zip
長崎,世界測地系,2016年（平成28年）,7.09MB,A18-16_42_GML.zip
熊本,世界測地系,1986年（昭和61年）,1.95MB,A18-860331_43_GML.zip
熊本,世界測地系,1990年（平成2年）,1.95MB,A18-901001_43_GML.zip
熊本,世界測地系,1995年（平成7年）,1.95MB,A18-951001_43_GML.zip
熊本,世界測地系,2000年（平成12年）,1.95MB,A18-001001_43_GML.zip
熊本,世界測地系,2005年（平成17年）,1.95MB,A18-051001_43_GML.zip
熊本,世界測地系,2007年（平成19年）,1.95MB,A18-070402_43_GML.zip
熊本,世界測地系,2016年（平成28年）,2.24MB,A18-16_43_GML.zip
大分,世界測地系,1986年（昭和61年）,0.44MB,A18-860331_44_GML.zip
大分,世界測地系,1990年（平成2年）,0.44MB,A18-901001_44_GML.zip
大分,世界測地系,1995年（平成7年）,0.44MB,A18-951001_44_GML.zip
大分,世界測地系,2000年（平成12年）,0.44MB,A18-001001_44_GML.zip
大分,世界測地系,2005年（平成17年）,0.44MB,A18-051001_44_GML.zip
大分,世界測地系,2007年（平成19年）,0.44MB,A18-070402_44_GML.zip
大分,世界測地系,2016年（平成28年）,0.60MB,A18-16_44_GML.zip
宮崎,世界測地系,1986年（昭和61年）,0.47MB,A18-860331_45_GML.zip
宮崎,世界測地系,1990年（平成2年）,0.47MB,A18-901001_45_GML.zip
宮崎,世界測地系,1995年（平成7年）,0.47MB,A18-951001_45_GML.zip
宮崎,世界測地系,2000年（平成12年）,0.47MB,A18-001001_45_GML.zip
宮崎,世界測地系,2005年（平成17年）,0.47MB,A18-051001_45_GML.zip
宮崎,世界測地系,2007年（平成19年）,0.47MB,A18-070402_45_GML.zip
宮崎,世界測地系,2016年（平成28年）,0.69MB,A18-16_45_GML.zip
鹿児島,世界測地系,1986年（昭和61年）,2.98MB,A18-860331_46_GML.zip
鹿児島,世界測地系,1990年（平成2年）,3.12MB,A18-901001_46_GML.zip
鹿児島,世界測地系,1995年（平成7年）,3.12MB,A18-951001_46_GML.zip
鹿児島,世界測地系,2000年（平成12年）,3.12MB,A18-001001_46_GML.zip
鹿児島,世界測地系,2005年（平成17年）,3.12MB,A18-051001_46_GML.zip
鹿児島,世界測地系,2007年（平成19年）,3.12MB,A18-070402_46_GML.zip
鹿児島,世界測地系,2016年（平成28年）,4.60MB,A18-16_46_GML.zip