[{"filename": "A18-860331_01_GML.zip", "url": "https://nlftp.mlit.go.jp/ksj/gml/data/A18/A18-86/A18-860331_01_GML.zip"}, {"filename": "A18-901001_01_GML.zip", "url": "https://nlftp.mlit.go.jp/ksj/gml/data/A18/A18-90/A18-901001_01_GML.zip"}, {"filename": "A18-951001_01_GML.zip", "url": "https://nlftp.mlit.go.jp/ksj/gml/data/A18/A18-95/A18-951001_01_GML.zip"}, {"filename": "A18-001001_01_GML.zip", "url": "https://nlftp.mlit.go.jp/ksj/gml/data/A18/A18-00/A18-001001_01_GML.zip"}, {"filename": "A18-051001_01_GML.zip", "url": "https://nlftp.mlit.go.jp/ksj/gml/data/A18/A18-05/A18-051001_01_GML.zip"}, {"filename": "A18-070402_01_GML.zip", "url": "https://nlftp.mlit.go.jp/ksj/gml/data/A18/A18-07/A18-070402_01_GML.zip"}, {"filename": "A18-16_01_GML.zip", "url": "https://nlftp.mlit.go.jp/ksj/gml/data/A18/A18-16/A18-16_01_GML.zip"}, {"filename": "A18-860331_02_GML.zip", "url": "https://nlftp.mlit.go.jp/ksj/gml/data/A18/A18-86/A18-860331_02_GML.zip"}, {"filename": "A18-901001_02_GML.zip", "url": "https://nlftp.mlit.go.jp/ksj/gml/data/A18/A18-90/A18-901001_02_GML.zip"}, {"filename": "A18-951001_02_GML.zip", "url": "https://nlftp.mlit.go.jp/ksj/gml/data/A18/A18-95/A18-951001_02_GML.zip"}, {"filename": "A18-001001_02_GML.zip", "url": "https://nlftp.mlit.go.jp/ksj/gml/data/A18/A18-00/A18-001001_02_GML.zip"}, {"filename": "A18-051001_02_GML.zip", "url": "https://nlftp.mlit.go.jp/ksj/gml/data/A18/A18-05/A18-051001_02_GML.zip"}, {"filename": "A18-070402_02_GML.zip", "url": "https://nlftp.mlit.go.jp/ksj/gml/data/A18/A18-07/A18-070402_02_GML.zip"}, {"filename": "A18-16_02_GML.zip", "url": "https://nlftp.mlit.go.jp/ksj/gml/data/A18/A18-16/A18-16_02_GML.zip"}, {"filename": "A18-901001_05_GML.zip", "url": "https://nlftp.mlit.go.jp/ksj/gml/data/A18/A18-90/A18-901001_05_GML.zip"}, {"filename": "A18-951001_05_GML.zip", "url": "https://nlftp.mlit.go.jp/ksj/gml/data/A18/A18-95/A18-951001_05_GML.zip"}, {"filename": "A18-001001_05_GML.zip", "url": "https://nlftp.mlit.go.jp/ksj/gml/data/A18/A18-00/A18-001001_05_GML.zip"}, {"filename": "A18-051001_05_GML.zip", "url": "https://nlftp.mlit.go.jp/ksj/gml/data/A18/A18-05/A18-051001_05_GML.zip"}, {"filename": "A18-070402_05_GML.zip", "url": "https://nlftp.mlit.go.jp/ksj/gml/data/A18/A18-07/A18-070402_05_GML.zip"}, {"filename": "A18-16_05_GML.zip", "url": "https://nlftp.mlit.go.jp/ksj/gml/data/A18/A18-16/A18-16_05_GML.zip"}, {"filename": "A18-860331_12_GML.zip", "url": "https://nlftp.mlit.go.jp/ksj/gml/data/A18/A18-86/A18-860331_12_GML.zip"}, {"filename": "A18-901001_12_GML.zip", "url": "https://nlftp.mlit.go.jp/ksj/gml/data/A18/A18-90/A18-901001_12_GML.zip"}, {"filename": "A18-951001_12_GML.zip", "url": "https://nlftp.mlit.go.jp/ksj/gml/data/A18/A18-95/A18-951001_12_GML.zip"}, {"filename": "A18-001001_12_GML.zip", "url": "https://nlftp.mlit.go.jp/ksj/gml/data/A18/A18-00/A18-001001_12_GML.zip"}, {"filename": "A18-051001_12_GML.zip", "url": "https://nlftp.mlit.go.jp/ksj/gml/data/A18/A18-05/A18-051001_12_GML.zip"}, {"filename": "A18-070402_12_GML.zip", "url": "https://nlftp.mlit.go.jp/ksj/gml/data/A18/A18-07/A18-070402_12_GML.zip"}, {"filename": "A18-16_12_GML.zip", "url": "https://nlftp.mlit.go.jp/ksj/gml/data/A18/A18-16/A18-16_12_GML.zip"}, {"filename": "A18-860331_16_GML.zip", "url": "https://nlftp.mlit.go.jp/ksj/gml/data/A18/A18-86/A18-860331_16_GML.zip"}, {"filename": "A18-901001_16_GML.zip", "url": "https://nlftp.mlit.go.jp/ksj/gml/data/A18/A18-90/A18-901001_16_GML.zip"}, {"filename": "A18-951001_16_GML.zip", "url": "https://nlftp.mlit.go.jp/ksj/gml/data/A18/A18-95/A18-951001_16_GML.zip"}, {"filename": "A18-001001_16_GML.zip", "url": "https://nlftp.mlit.go.jp/ksj/gml/data/A18/A18-00/A18-001001_16_GML.zip"}, {"filename": "A18-051001_16_GML.zip", "url": "https://nlftp.mlit.go.jp/ksj/gml/data/A18/A18-05/A18-051001_16_GML.zip"}, {"filename": "A18-070402_16_GML.zip", "url": "https://nlftp.mlit.go.jp/ksj/gml/data/A18/A18-07/A18-070402_16_GML.zip"}, {"filename": "A18-16_16_GML.zip", "url": "https://nlftp.mlit.go.jp/ksj/gml/data/A18/A18-16/A18-16_16_GML.zip"}, {"filename": "A18-860331_17_GML.zip", "url": "https://nlftp.mlit.go.jp/ksj/gml/data/A18/A18-86/A18-860331_17_GML.zip"}, {"filename": "A18-901001_17_GML.zip", "url": "https://nlftp.mlit.go.jp/ksj/gml/data/A18/A18-90/A18-901001_17_GML.zip"}, {"filename": "A18-951001_17_GML.zip", "url": "https://nlftp.mlit.go.jp/ksj/gml/data/A18/A18-95/A18-951001_17_GML.zip"}, {"filename": "A18-001001_17_GML.zip", "url": "https://nlftp.mlit.go.jp/ksj/gml/data/A18/A18-00/A18-001001_17_GML.zip"}, {"filename": "A18-051001_17_GML.zip", "url": "https://nlftp.mlit.go.jp/ksj/gml/data/A18/A18-05/A18-051001_17_GML.zip"}, {"filename": "A18-070402_17_GML.zip", "url": "https://nlftp.mlit.go.jp/ksj/gml/data/A18/A18-07/A18-070402_17_GML.zip"}, {"filename": "A18-16_17_GML.zip", "url": "https://nlftp.mlit.go.jp/ksj/gml/data/A18/A18-16/A18-16_17_GML.zip"}, {"filename": "A18-860331_22_GML.zip", "url": "https://nlftp.mlit.go.jp/ksj/gml/data/A18/A18-86/A18-860331_22_GML.zip"}, {"filename": "A18-901001_22_GML.zip", "url": "https://nlftp.mlit.go.jp/ksj/gml/data/A18/A18-90/A18-901001_22_GML.zip"}, {"filename": "A18-951001_22_GML.zip", "url": "https://nlftp.mlit.go.jp/ksj/gml/data/A18/A18-95/A18-951001_22_GML.zip"}, {"filename": "A18-001001_22_GML.zip", "url": "https://nlftp.mlit.go.jp/ksj/gml/data/A18/A18-00/A18-001001_22_GML.zip"}, {"filename": "A18-051001_22_GML.zip", "url": "https://nlftp.mlit.go.jp/ksj/gml/data/A18/A18-05/A18-051001_22_GML.zip"}, {"filename": "A18-070402_22_GML.zip", "url": "https://nlftp.mlit.go.jp/ksj/gml/data/A18/A18-07/A18-070402_22_GML.zip"}, {"filename": "A18-16_22_GML.zip", "url": "https://nlftp.mlit.go.jp/ksj/gml/data/A18/A18-16/A18-16_22_GML.zip"}, {"filename": "A18-860331_24_GML.zip", "url": "https://nlftp.mlit.go.jp/ksj/gml/data/A18/A18-86/A18-860331_24_GML.zip"}, {"filename": "A18-901001_24_GML.zip", "url": "https://nlftp.mlit.go.jp/ksj/gml/data/A18/A18-90/A18-901001_24_GML.zip"}, {"filename": "A18-951001_24_GML.zip", "url": "https://nlftp.mlit.go.jp/ksj/gml/data/A18/A18-95/A18-951001_24_GML.zip"}, {"filename": "A18-001001_24_GML.zip", "url": "https://nlftp.mlit.go.jp/ksj/gml/data/A18/A18-00/A18-001001_24_GML.zip"}, {"filename": "A18-051001_24_GML.zip", "url": "https://nlftp.mlit.go.jp/ksj/gml/data/A18/A18-05/A18-051001_24_GML.zip"}, {"filename": "A18-070402_24_GML.zip", "url": "https://nlftp.mlit.go.jp/ksj/gml/data/A18/A18-07/A18-070402_24_GML.zip"}, {"filename": "A18-16_24_GML.zip", "url": "https://nlftp.mlit.go.jp/ksj/gml/data/A18/A18-16/A18-16_24_GML.zip"}, {"filename": "A18-860331_26_GML.zip", "url": "https://nlftp.mlit.go.jp/ksj/gml/data/A18/A18-86/A18-860331_26_GML.zip"}, {"filename": "A18-901001_26_GML.zip", "url": "https://nlftp.mlit.go.jp/ksj/gml/data/A18/A18-90/A18-901001_26_GML.zip"}, {"filename": "A18-951001_26_GML.zip", "url": "https://nlftp.mlit.go.jp/ksj/gml/data/A18/A18-95/A18-951001_26_GML.zip"}, {"filename": "A18-001001_26_GML.zip", "url": "https://nlftp.mlit.go.jp/ksj/gml/data/A18/A18-00/A18-001001_26_GML.zip"}, {"filename": "A18-051001_26_GML.zip", "url": "https://nlftp.mlit.go.jp/ksj/gml/data/A18/A18-05/A18-051001_26_GML.zip"}, {"filename": "A18-070402_26_GML.zip", "url": "https://nlftp.mlit.go.jp/ksj/gml/data/A18/A18-07/A18-070402_26_GML.zip"}, {"filename": "A18-16_26_GML.zip", "url": "https://nlftp.mlit.go.jp/ksj/gml/data/A18/A18-16/A18-16_26_GML.zip"}, {"filename": "A18-860331_29_GML.zip", "url": "https://nlftp.mlit.go.jp/ksj/gml/data/A18/A18-86/A18-860331_29_GML.zip"}, {"filename": "A18-901001_29_GML.zip", "url": "https://nlftp.mlit.go.jp/ksj/gml/data/A18/A18-90/A18-901001_29_GML.zip"}, {"filename": "A18-951001_29_GML.zip", "url": "https://nlftp.mlit.go.jp/ksj/gml/data/A18/A18-95/A18-951001_29_GML.zip"}, {"filename": "A18-001001_29_GML.zip", "url": "https://nlftp.mlit.go.jp/ksj/gml/data/A18/A18-00/A18-001001_29_GML.zip"}, {"filename": "A18-051001_29_GML.zip", "url": "https://nlftp.mlit.go.jp/ksj/gml/data/A18/A18-05/A18-051001_29_GML.zip"}, {"filename": "A18-070402_29_GML.zip", "url": "https://nlftp.mlit.go.jp/ksj/gml/data/A18/A18-07/A18-070402_29_GML.zip"}, {"filename": "A18-16_29_GML.zip", "url": "https://nlftp.mlit.go.jp/ksj/gml/data/A18/A18-16/A18-16_29_GML.zip"}, {"filename": "A18-860331_30_GML.zip", "url": "https://nlftp.mlit.go.jp/ksj/gml/data/A18/A18-86/A18-860331_30_GML.zip"}, {"filename": "A18-901001_30_GML.zip", "url": "https://nlftp.mlit.go.jp/ksj/gml/data/A18/A18-90/A18-901001_30_GML.zip"}, {"filename": "A18-951001_30_GML.zip", "url": "https://nlftp.mlit.go.jp/ksj/gml/data/A18/A18-95/A18-951001_30_GML.zip"}, {"filename": "A18-001001_30_GML.zip", "url": "https://nlftp.mlit.go.jp/ksj/gml/data/A18/A18-00/A18-001001_30_GML.zip"}, {"filename": "A18-051001_30_GML.zip", "url": "https://nlftp.mlit.go.jp/ksj/gml/data/A18/A18-05/A18-051001_30_GML.zip"}, {"filename": "A18-070402_30_GML.zip", "url": "https://nlftp.mlit.go.jp/ksj/gml/data/A18/A18-07/A18-070402_30_GML.zip"}, {"filename": "A18-16_30_GML.zip", "url": "https://nlftp.mlit.go.jp/ksj/gml/data/A18/A18-16/A18-16_30_GML.zip"}, {"filename": "A18-860331_32_GML.zip", "url": "https://nlftp.mlit.go.jp/ksj/gml/data/A18/A18-86/A18-860331_32_GML.zip"}, {"filename": "A18-901001_32_GML.zip", "url": "https://nlftp.mlit.go.jp/ksj/gml/data/A18/A18-90/A18-901001_32_GML.zip"}, {"filename": "A18-951001_32_GML.zip", "url": "https://nlftp.mlit.go.jp/ksj/gml/data/A18/A18-95/A18-951001_32_GML.zip"}, {"filename": "A18-001001_32_GML.zip", "url": "https://nlftp.mlit.go.jp/ksj/gml/data/A18/A18-00/A18-001001_32_GML.zip"}, {"filename": "A18-051001_32_GML.zip", "url": "https://nlftp.mlit.go.jp/ksj/gml/data/A18/A18-05/A18-051001_32_GML.zip"}, {"filename": "A18-070402_32_GML.zip", "url": "https://nlftp.mlit.go.jp/ksj/gml/data/A18/A18-07/A18-070402_32_GML.zip"}, {"filename": "A18-16_32_GML.zip", "url": "https://nlftp.mlit.go.jp/ksj/gml/data/A18/A18-16/A18-16_32_GML.zip"}, {"filename": "A18-860331_34_GML.zip", "url": "https://nlftp.mlit.go.jp/ksj/gml/data/A18/A18-86/A18-860331_34_GML.zip"}, {"filename": "A18-901001_34_GML.zip", "url": "https://nlftp.mlit.go.jp/ksj/gml/data/A18/A18-90/A18-901001_34_GML.zip"}, {"filename": "A18-951001_34_GML.zip", "url": "https://nlftp.mlit.go.jp/ksj/gml/data/A18/A18-95/A18-951001_34_GML.zip"}, {"filename": "A18-001001_34_GML.zip", "url": "https://nlftp.mlit.go.jp/ksj/gml/data/A18/A18-00/A18-001001_34_GML.zip"}, {"filename": "A18-051001_34_GML.zip", "url": "https://nlftp.mlit.go.jp/ksj/gml/data/A18/A18-05/A18-051001_34_GML.zip"}, {"filename": "A18-070402_34_GML.zip", "url": "https://nlftp.mlit.go.jp/ksj/gml/data/A18/A18-07/A18-070402_34_GML.zip"}, {"filename": "A18-16_34_GML.zip", "url": "https://nlftp.mlit.go.jp/ksj/gml/data/A18/A18-16/A18-16_34_GML.zip"}, {"filename": "A18-860331_35_GML.zip", "url": "https://nlftp.mlit.go.jp/ksj/gml/data/A18/A18-86/A18-860331_35_GML.zip"}, {"filename": "A18-901001_35_GML.zip", "url": "https://nlftp.mlit.go.jp/ksj/gml/data/A18/A18-90/A18-901001_35_GML.zip"}, {"filename": "A18-951001_35_GML.zip", "url": "https://nlftp.mlit.go.jp/ksj/gml/data/A18/A18-95/A18-951001_35_GML.zip"}, {"filename": "A18-001001_35_GML.zip", "url": "https://nlftp.mlit.go.jp/ksj/gml/data/A18/A18-00/A18-001001_35_GML.zip"}, {"filename": "A18-051001_35_GML.zip", "url": "https://nlftp.mlit.go.jp/ksj/gml/data/A18/A18-05/A18-051001_35_GML.zip"}, {"filename": "A18-070402_35_GML.zip", "url": "https://nlftp.mlit.go.jp/ksj/gml/data/A18/A18-07/A18-070402_35_GML.zip"}, {"filename": "A18-16_35_GML.zip", "url": "https://nlftp.mlit.go.jp/ksj/gml/data/A18/A18-16/A18-16_35_GML.zip"}, {"filename": "A18-860331_38_GML.zip", "url": "https://nlftp.mlit.go.jp/ksj/gml/data/A18/A18-86/A18-860331_38_GML.zip"}, {"filename": "A18-901001_38_GML.zip", "url": "https://nlftp.mlit.go.jp/ksj/gml/data/A18/A18-90/A18-901001_38_GML.zip"}, {"filename": "A18-951001_38_GML.zip", "url": "https://nlftp.mlit.go.jp/ksj/gml/data/A18/A18-95/A18-951001_38_GML.zip"}, {"filename": "A18-001001_38_GML.zip", "url": "https://nlftp.mlit.go.jp/ksj/gml/data/A18/A18-00/A18-001001_38_GML.zip"}, {"filename": "A18-051001_38_GML.zip", "url": "https://nlftp.mlit.go.jp/ksj/gml/data/A18/A18-05/A18-051001_38_GML.zip"}, {"filename": "A18-070402_38_GML.zip", "url": "https://nlftp.mlit.go.jp/ksj/gml/data/A18/A18-07/A18-070402_38_GML.zip"}, {"filename": "A18-16_38_GML.zip", "url": "https://nlftp.mlit.go.jp/ksj/gml/data/A18/A18-16/A18-16_38_GML.zip"}, {"filename": "A18-901001_39_GML.zip", "url": "https://nlftp.mlit.go.jp/ksj/gml/data/A18/A18-90/A18-901001_39_GML.zip"}, {"filename": "A18-951001_39_GML.zip", "url": "https://nlftp.mlit.go.jp/ksj/gml/data/A18/A18-95/A18-951001_39_GML.zip"}, {"filename": "A18-001001_39_GML.zip", "url": "https://nlftp.mlit.go.jp/ksj/gml/data/A18/A18-00/A18-001001_39_GML.zip"}, {"filename": "A18-051001_39_GML.zip", "url": "https://nlftp.mlit.go.jp/ksj/gml/data/A18/A18-05/A18-051001_39_GML.zip"}, {"filename": "A18-070402_39_GML.zip", "url": "https://nlftp.mlit.go.jp/ksj/gml/data/A18/A18-07/A18-070402_39_GML.zip"}, {"filename": "A18-16_39_GML.zip", "url": "https://nlftp.mlit.go.jp/ksj/gml/data/A18/A18-16/A18-16_39_GML.zip"}, {"filename": "A18-901001_41_GML.zip", "url": "https://nlftp.mlit.go.jp/ksj/gml/data/A18/A18-90/A18-901001_41_GML.zip"}, {"filename": "A18-951001_41_GML.zip", "url": "https://nlftp.mlit.go.jp/ksj/gml/data/A18/A18-95/A18-951001_41_GML.zip"}, {"filename": "A18-001001_41_GML.zip", "url": "https://nlftp.mlit.go.jp/ksj/gml/data/A18/A18-00/A18-001001_41_GML.zip"}, {"filename": "A18-051001_41_GML.zip", "url": "https://nlftp.mlit.go.jp/ksj/gml/data/A18/A18-05/A18-051001_41_GML.zip"}, {"filename": "A18-070402_41_GML.zip", "url": "https://nlftp.mlit.go.jp/ksj/gml/data/A18/A18-07/A18-070402_41_GML.zip"}, {"filename": "A18-16_41_GML.zip", "url": "https://nlftp.mlit.go.jp/ksj/gml/data/A18/A18-16/A18-16_41_GML.zip"}, {"filename": "A18-860331_42_GML.zip", "url": "https://nlftp.mlit.go.jp/ksj/gml/data/A18/A18-86/A18-860331_42_GML.zip"}, {"filename": "A18-901001_42_GML.zip", "url": "https://nlftp.mlit.go.jp/ksj/gml/data/A18/A18-90/A18-901001_42_GML.zip"}, {"filename": "A18-951001_42_GML.zip", "url": "https://nlftp.mlit.go.jp/ksj/gml/data/A18/A18-95/A18-951001_42_GML.zip"}, {"filename": "A18-001001_42_GML.zip", "url": "https://nlftp.mlit.go.jp/ksj/gml/data/A18/A18-00/A18-001001_42_GML.zip"}, {"filename": "A18-051001_42_GML.zip", "url": "https://nlftp.mlit.go.jp/ksj/gml/data/A18/A18-05/A18-051001_42_GML.zip"}, {"filename": "A18-070402_42_GML.zip", "url": "https://nlftp.mlit.go.jp/ksj/gml/data/A18/A18-07/A18-070402_42_GML.zip"}, {"filename": "A18-16_42_GML.zip", "url": "https://nlftp.mlit.go.jp/ksj/gml/data/A18/A18-16/A18-16_42_GML.zip"}, {"filename": "A18-860331_43_GML.zip", "url": "https://nlftp.mlit.go.jp/ksj/gml/data/A18/A18-86/A18-860331_43_GML.zip"}, {"filename": "A18-901001_43_GML.zip", "url": "https://nlftp.mlit.go.jp/ksj/gml/data/A18/A18-90/A18-901001_43_GML.zip"}, {"filename": "A18-951001_43_GML.zip", "url": "https://nlftp.mlit.go.jp/ksj/gml/data/A18/A18-95/A18-951001_43_GML.zip"}, {"filename": "A18-001001_43_GML.zip", "url": "https://nlftp.mlit.go.jp/ksj/gml/data/A18/A18-00/A18-001001_43_GML.zip"}, {"filename": "A18-051001_43_GML.zip", "url": "https://nlftp.mlit.go.jp/ksj/gml/data/A18/A18-05/A18-051001_43_GML.zip"}, {"filename": "A18-070402_43_GML.zip", "url": "https://nlftp.mlit.go.jp/ksj/gml/data/A18/A18-07/A18-070402_43_GML.zip"}, {"filename": "A18-16_43_GML.zip", "url": "https://nlftp.mlit.go.jp/ksj/gml/data/A18/A18-16/A18-16_43_GML.zip"}, {"filename": "A18-860331_44_GML.zip", "url": "https://nlftp.mlit.go.jp/ksj/gml/data/A18/A18-86/A18-860331_44_GML.zip"}, {"filename": "A18-901001_44_GML.zip", "url": "https://nlftp.mlit.go.jp/ksj/gml/data/A18/A18-90/A18-901001_44_GML.zip"}, {"filename": "A18-951001_44_GML.zip", "url": "https://nlftp.mlit.go.jp/ksj/gml/data/A18/A18-95/A18-951001_44_GML.zip"}, {"filename": "A18-001001_44_GML.zip", "url": "https://nlftp.mlit.go.jp/ksj/gml/data/A18/A18-00/A18-001001_44_GML.zip"}, {"filename": "A18-051001_44_GML.zip", "url": "https://nlftp.mlit.go.jp/ksj/gml/data/A18/A18-05/A18-051001_44_GML.zip"}, {"filename": "A18-070402_44_GML.zip", "url": "https://nlftp.mlit.go.jp/ksj/gml/data/A18/A18-07/A18-070402_44_GML.zip"}, {"filename": "A18-16_44_GML.zip", "url": "https://nlftp.mlit.go.jp/ksj/gml/data/A18/A18-16/A18-16_44_GML.zip"}, {"filename": "A18-860331_45_GML.zip", "url": "https://nlftp.mlit.go.jp/ksj/gml/data/A18/A18-86/A18-860331_45_GML.zip"}, {"filename": "A18-901001_45_GML.zip", "url": "https://nlftp.mlit.go.jp/ksj/gml/data/A18/A18-90/A18-901001_45_GML.zip"}, {"filename": "A18-951001_45_GML.zip", "url": "https://nlftp.mlit.go.jp/ksj/gml/data/A18/A18-95/A18-951001_45_GML.zip"}, {"filename": "A18-001001_45_GML.zip", "url": "https://nlftp.mlit.go.jp/ksj/gml/data/A18/A18-00/A18-001001_45_GML.zip"}, {"filename": "A18-051001_45_GML.zip", "url": "https://nlftp.mlit.go.jp/ksj/gml/data/A18/A18-05/A18-051001_45_GML.zip"}, {"filename": "A18-070402_45_GML.zip", "url": "https://nlftp.mlit.go.jp/ksj/gml/data/A18/A18-07/A18-070402_45_GML.zip"}, {"filename": "A18-16_45_GML.zip", "url": "https://nlftp.mlit.go.jp/ksj/gml/data/A18/A18-16/A18-16_45_GML.zip"}, {"filename": "A18-860331_46_GML.zip", "url": "https://nlftp.mlit.go.jp/ksj/gml/data/A18/A18-86/A18-860331_46_GML.zip"}, {"filename": "A18-901001_46_GML.zip", "url": "https://nlftp.mlit.go.jp/ksj/gml/data/A18/A18-90/A18-901001_46_GML.zip"}, {"filename": "A18-951001_46_GML.zip", "url": "https://nlftp.mlit.go.jp/ksj/gml/data/A18/A18-95/A18-951001_46_GML.zip"}, {"filename": "A18-001001_46_GML.zip", "url": "https://nlftp.mlit.go.jp/ksj/gml/data/A18/A18-00/A18-001001_46_GML.zip"}, {"filename": "A18-051001_46_GML.zip", "url": "https://nlftp.mlit.go.jp/ksj/gml/data/A18/A18-05/A18-051001_46_GML.zip"}, {"filename": "A18-070402_46_GML.zip", "url": "https://nlftp.mlit.go.jp/ksj/gml/data/A18/A18-07/A18-070402_46_GML.zip"}, {"filename": "A18-16_46_GML.zip", "url": "https://nlftp.mlit.go.jp/ksj/gml/data/A18/A18-16/A18-16_46_GML.zip"}]