[{"filename": "A19-551001_01_GML.zip", "url": "https://nlftp.mlit.go.jp/ksj/gml/data/A19/A19-55/A19-551001_01_GML.zip"}, {"filename": "A19-601001_01_GML.zip", "url": "https://nlftp.mlit.go.jp/ksj/gml/data/A19/A19-60/A19-601001_01_GML.zip"}, {"filename": "A19-651001_01_GML.zip", "url": "https://nlftp.mlit.go.jp/ksj/gml/data/A19/A19-65/A19-651001_01_GML.zip"}, {"filename": "A19-701001_01_GML.zip", "url": "https://nlftp.mlit.go.jp/ksj/gml/data/A19/A19-70/A19-701001_01_GML.zip"}, {"filename": "A19-751001_01_GML.zip", "url": "https://nlftp.mlit.go.jp/ksj/gml/data/A19/A19-75/A19-751001_01_GML.zip"}, {"filename": "A19-801001_01_GML.zip", "url": "https://nlftp.mlit.go.jp/ksj/gml/data/A19/A19-80/A19-801001_01_GML.zip"}, {"filename": "A19-851001_01_GML.zip", "url": "https://nlftp.mlit.go.jp/ksj/gml/data/A19/A19-85/A19-851001_01_GML.zip"}, {"filename": "A19-901001_01_GML.zip", "url": "https://nlftp.mlit.go.jp/ksj/gml/data/A19/A19-90/A19-901001_01_GML.zip"}, {"filename": "A19-951001_01_GML.zip", "url": "https://nlftp.mlit.go.jp/ksj/gml/data/A19/A19-95/A19-951001_01_GML.zip"}, {"filename": "A19-001001_01_GML.zip", "url": "https://nlftp.mlit.go.jp/ksj/gml/data/A19/A19-00/A19-001001_01_GML.zip"}, {"filename": "A19-051001_01_GML.zip", "url": "https://nlftp.mlit.go.jp/ksj/gml/data/A19/A19-05/A19-051001_01_GML.zip"}, {"filename": "A19-070402_01_GML.zip", "url": "https://nlftp.mlit.go.jp/ksj/gml/data/A19/A19-07/A19-070402_01_GML.zip"}, {"filename": "A19-17_01_GML.zip", "url": "https://nlftp.mlit.go.jp/ksj/gml/data/A19/A19-17/A19-17_01_GML.zip"}, {"filename": "A19-551001_04_GML.zip", "url": "https://nlftp.mlit.go.jp/ksj/gml/data/A19/A19-55/A19-551001_04_GML.zip"}, {"filename": "A19-601001_04_GML.zip", "url": "https://nlftp.mlit.go.jp/ksj/gml/data/A19/A19-60/A19-601001_04_GML.zip"}, {"filename": "A19-651001_04_GML.zip", "url": "https://nlftp.mlit.go.jp/ksj/gml/data/A19/A19-65/A19-651001_04_GML.zip"}, {"filename": "A19-701001_04_GML.zip", "url": "https://nlftp.mlit.go.jp/ksj/gml/data/A19/A19-70/A19-701001_04_GML.zip"}, {"filename": "A19-751001_04_GML.zip", "url": "https://nlftp.mlit.go.jp/ksj/gml/data/A19/A19-75/A19-751001_04_GML.zip"}, {"filename": "A19-801001_04_GML.zip", "url": "https://nlftp.mlit.go.jp/ksj/gml/data/A19/A19-80/A19-801001_04_GML.zip"}, {"filename": "A19-851001_04_GML.zip", "url": "https://nlftp.mlit.go.jp/ksj/gml/data/A19/A19-85/A19-851001_04_GML.zip"}, {"filename": "A19-901001_04_GML.zip", "url": "https://nlftp.mlit.go.jp/ksj/gml/data/A19/A19-90/A19-901001_04_GML.zip"}, {"filename": "A19-951001_04_GML.zip", "url": "https://nlftp.mlit.go.jp/ksj/gml/data/A19/A19-95/A19-951001_04_GML.zip"}, {"filename": "A19-001001_04_GML.zip", "url": "https://nlftp.mlit.go.jp/ksj/gml/data/A19/A19-00/A19-001001_04_GML.zip"}, {"filename": "A19-051001_04_GML.zip", "url": "https://nlftp.mlit.go.jp/ksj/gml/data/A19/A19-05/A19-051001_04_GML.zip"}, {"filename": "A19-070402_04_GML.zip", "url": "https://nlftp.mlit.go.jp/ksj/gml/data/A19/A19-07/A19-070402_04_GML.zip"}, {"filename": "A19-17_04_GML.zip", "url": "https://nlftp.mlit.go.jp/ksj/gml/data/A19/A19-17/A19-17_04_GML.zip"}, {"filename": "A19-551001_06_GML.zip", "url": "https://nlftp.mlit.go.jp/ksj/gml/data/A19/A19-55/A19-551001_06_GML.zip"}, {"filename": "A19-601001_06_GML.zip", "url": "https://nlftp.mlit.go.jp/ksj/gml/data/A19/A19-60/A19-601001_06_GML.zip"}, {"filename": "A19-651001_06_GML.zip", "url": "https://nlftp.mlit.go.jp/ksj/gml/data/A19/A19-65/A19-651001_06_GML.zip"}, {"filename": "A19-701001_06_GML.zip", "url": "https://nlftp.mlit.go.jp/ksj/gml/data/A19/A19-70/A19-701001_06_GML.zip"}, {"filename": "A19-751001_06_GML.zip", "url": "https://nlftp.mlit.go.jp/ksj/gml/data/A19/A19-75/A19-751001_06_GML.zip"}, {"filename": "A19-801001_06_GML.zip", "url": "https://nlftp.mlit.go.jp/ksj/gml/data/A19/A19-80/A19-801001_06_GML.zip"}, {"filename": "A19-851001_06_GML.zip", "url": "https://nlftp.mlit.go.jp/ksj/gml/data/A19/A19-85/A19-851001_06_GML.zip"}, {"filename": "A19-901001_06_GML.zip", "url": "https://nlftp.mlit.go.jp/ksj/gml/data/A19/A19-90/A19-901001_06_GML.zip"}, {"filename": "A19-951001_06_GML.zip", "url": "https://nlftp.mlit.go.jp/ksj/gml/data/A19/A19-95/A19-951001_06_GML.zip"}, {"filename": "A19-001001_06_GML.zip", "url": "https://nlftp.mlit.go.jp/ksj/gml/data/A19/A19-00/A19-001001_06_GML.zip"}, {"filename": "A19-051001_06_GML.zip", "url": "https://nlftp.mlit.go.jp/ksj/gml/data/A19/A19-05/A19-051001_06_GML.zip"}, {"filename": "A19-070402_06_GML.zip", "url": "https://nlftp.mlit.go.jp/ksj/gml/data/A19/A19-07/A19-070402_06_GML.zip"}, {"filename": "A19-17_06_GML.zip", "url": "https://nlftp.mlit.go.jp/ksj/gml/data/A19/A19-17/A19-17_06_GML.zip"}, {"filename": "A19-531026_13_GML.zip", "url": "https://nlftp.mlit.go.jp/ksj/gml/data/A19/A19-53/A19-531026_13_GML.zip"}, {"filename": "A19-551001_13_GML.zip", "url": "https://nlftp.mlit.go.jp/ksj/gml/data/A19/A19-55/A19-551001_13_GML.zip"}, {"filename": "A19-601001_13_GML.zip", "url": "https://nlftp.mlit.go.jp/ksj/gml/data/A19/A19-60/A19-601001_13_GML.zip"}, {"filename": "A19-651001_13_GML.zip", "url": "https://nlftp.mlit.go.jp/ksj/gml/data/A19/A19-65/A19-651001_13_GML.zip"}, {"filename": "A19-701001_13_GML.zip", "url": "https://nlftp.mlit.go.jp/ksj/gml/data/A19/A19-70/A19-701001_13_GML.zip"}, {"filename": "A19-751001_13_GML.zip", "url": "https://nlftp.mlit.go.jp/ksj/gml/data/A19/A19-75/A19-751001_13_GML.zip"}, {"filename": "A19-801001_13_GML.zip", "url": "https://nlftp.mlit.go.jp/ksj/gml/data/A19/A19-80/A19-801001_13_GML.zip"}, {"filename": "A19-851001_13_GML.zip", "url": "https://nlftp.mlit.go.jp/ksj/gml/data/A19/A19-85/A19-851001_13_GML.zip"}, {"filename": "A19-901001_13_GML.zip", "url": "https://nlftp.mlit.go.jp/ksj/gml/data/A19/A19-90/A19-901001_13_GML.zip"}, {"filename": "A19-951001_13_GML.zip", "url": "https://nlftp.mlit.go.jp/ksj/gml/data/A19/A19-95/A19-951001_13_GML.zip"}, {"filename": "A19-001001_13_GML.zip", "url": "https://nlftp.mlit.go.jp/ksj/gml/data/A19/A19-00/A19-001001_13_GML.zip"}, {"filename": "A19-051001_13_GML.zip", "url": "https://nlftp.mlit.go.jp/ksj/gml/data/A19/A19-05/A19-051001_13_GML.zip"}, {"filename": "A19-070402_13_GML.zip", "url": "https://nlftp.mlit.go.jp/ksj/gml/data/A19/A19-07/A19-070402_13_GML.zip"}, {"filename": "A19-17_13_GML.zip", "url": "https://nlftp.mlit.go.jp/ksj/gml/data/A19/A19-17/A19-17_13_GML.zip"}, {"filename": "A19-531026_15_GML.zip", "url": "https://nlftp.mlit.go.jp/ksj/gml/data/A19/A19-53/A19-531026_15_GML.zip"}, {"filename": "A19-551001_15_GML.zip", "url": "https://nlftp.mlit.go.jp/ksj/gml/data/A19/A19-55/A19-551001_15_GML.zip"}, {"filename": "A19-601001_15_GML.zip", "url": "https://nlftp.mlit.go.jp/ksj/gml/data/A19/A19-60/A19-601001_15_GML.zip"}, {"filename": "A19-651001_15_GML.zip", "url": "https://nlftp.mlit.go.jp/ksj/gml/data/A19/A19-65/A19-651001_15_GML.zip"}, {"filename": "A19-701001_15_GML.zip", "url": "https://nlftp.mlit.go.jp/ksj/gml/data/A19/A19-70/A19-701001_15_GML.zip"}, {"filename": "A19-751001_15_GML.zip", "url": "https://nlftp.mlit.go.jp/ksj/gml/data/A19/A19-75/A19-751001_15_GML.zip"}, {"filename": "A19-801001_15_GML.zip", "url": "https://nlftp.mlit.go.jp/ksj/gml/data/A19/A19-80/A19-801001_15_GML.zip"}, {"filename": "A19-851001_15_GML.zip", "url": "https://nlftp.mlit.go.jp/ksj/gml/data/A19/A19-85/A19-851001_15_GML.zip"}, {"filename": "A19-901001_15_GML.zip", "url": "https://nlftp.mlit.go.jp/ksj/gml/data/A19/A19-90/A19-901001_15_GML.zip"}, {"filename": "A19-951001_15_GML.zip", "url": "https://nlftp.mlit.go.jp/ksj/gml/data/A19/A19-95/A19-951001_15_GML.zip"}, {"filename": "A19-001001_15_GML.zip", "url": "https://nlftp.mlit.go.jp/ksj/gml/data/A19/A19-00/A19-001001_15_GML.zip"}, {"filename": "A19-051001_15_GML.zip", "url": "https://nlftp.mlit.go.jp/ksj/gml/data/A19/A19-05/A19-051001_15_GML.zip"}, {"filename": "A19-070402_15_GML.zip", "url": "https://nlftp.mlit.go.jp/ksj/gml/data/A19/A19-07/A19-070402_15_GML.zip"}, {"filename": "A19-17_15_GML.zip", "url": "https://nlftp.mlit.go.jp/ksj/gml/data/A19/A19-17/A19-17_15_GML.zip"}, {"filename": "A19-551001_17_GML.zip", "url": "https://nlftp.mlit.go.jp/ksj/gml/data/A19/A19-55/A19-551001_17_GML.zip"}, {"filename": "A19-601001_17_GML.zip", "url": "https://nlftp.mlit.go.jp/ksj/gml/data/A19/A19-60/A19-601001_17_GML.zip"}, {"filename": "A19-651001_17_GML.zip", "url": "https://nlftp.mlit.go.jp/ksj/gml/data/A19/A19-65/A19-651001_17_GML.zip"}, {"filename": "A19-701001_17_GML.zip", "url": "https://nlftp.mlit.go.jp/ksj/gml/data/A19/A19-70/A19-701001_17_GML.zip"}, {"filename": "A19-751001_17_GML.zip", "url": "https://nlftp.mlit.go.jp/ksj/gml/data/A19/A19-75/A19-751001_17_GML.zip"}, {"filename": "A19-801001_17_GML.zip", "url": "https://nlftp.mlit.go.jp/ksj/gml/data/A19/A19-80/A19-801001_17_GML.zip"}, {"filename": "A19-851001_17_GML.zip", "url": "https://nlftp.mlit.go.jp/ksj/gml/data/A19/A19-85/A19-851001_17_GML.zip"}, {"filename": "A19-901001_17_GML.zip", "url": "https://nlftp.mlit.go.jp/ksj/gml/data/A19/A19-90/A19-901001_17_GML.zip"}, {"filename": "A19-951001_17_GML.zip", "url": "https://nlftp.mlit.go.jp/ksj/gml/data/A19/A19-95/A19-951001_17_GML.zip"}, {"filename": "A19-001001_17_GML.zip", "url": "https://nlftp.mlit.go.jp/ksj/gml/data/A19/A19-00/A19-001001_17_GML.zip"}, {"filename": "A19-051001_17_GML.zip", "url": "https://nlftp.mlit.go.jp/ksj/gml/data/A19/A19-05/A19-051001_17_GML.zip"}, {"filename": "A19-070402_17_GML.zip", "url": "https://nlftp.mlit.go.jp/ksj/gml/data/A19/A19-07/A19-070402_17_GML.zip"}, {"filename": "A19-17_17_GML.zip", "url": "https://nlftp.mlit.go.jp/ksj/gml/data/A19/A19-17/A19-17_17_GML.zip"}, {"filename": "A19-651001_22_GML.zip", "url": "https://nlftp.mlit.go.jp/ksj/gml/data/A19/A19-65/A19-651001_22_GML.zip"}, {"filename": "A19-701001_22_GML.zip", "url": "https://nlftp.mlit.go.jp/ksj/gml/data/A19/A19-70/A19-701001_22_GML.zip"}, {"filename": "A19-751001_22_GML.zip", "url": "https://nlftp.mlit.go.jp/ksj/gml/data/A19/A19-75/A19-751001_22_GML.zip"}, {"filename": "A19-801001_22_GML.zip", "url": "https://nlftp.mlit.go.jp/ksj/gml/data/A19/A19-80/A19-801001_22_GML.zip"}, {"filename": "A19-851001_22_GML.zip", "url": "https://nlftp.mlit.go.jp/ksj/gml/data/A19/A19-85/A19-851001_22_GML.zip"}, {"filename": "A19-901001_22_GML.zip", "url": "https://nlftp.mlit.go.jp/ksj/gml/data/A19/A19-90/A19-901001_22_GML.zip"}, {"filename": "A19-951001_22_GML.zip", "url": "https://nlftp.mlit.go.jp/ksj/gml/data/A19/A19-95/A19-951001_22_GML.zip"}, {"filename": "A19-001001_22_GML.zip", "url": "https://nlftp.mlit.go.jp/ksj/gml/data/A19/A19-00/A19-001001_22_GML.zip"}, {"filename": "A19-051001_22_GML.zip", "url": "https://nlftp.mlit.go.jp/ksj/gml/data/A19/A19-05/A19-051001_22_GML.zip"}, {"filename": "A19-070402_22_GML.zip", "url": "https://nlftp.mlit.go.jp/ksj/gml/data/A19/A19-07/A19-070402_22_GML.zip"}, {"filename": "A19-17_22_GML.zip", "url": "https://nlftp.mlit.go.jp/ksj/gml/data/A19/A19-17/A19-17_22_GML.zip"}, {"filename": "A19-601001_23_GML.zip", "url": "https://nlftp.mlit.go.jp/ksj/gml/data/A19/A19-60/A19-601001_23_GML.zip"}, {"filename": "A19-651001_23_GML.zip", "url": "https://nlftp.mlit.go.jp/ksj/gml/data/A19/A19-65/A19-651001_23_GML.zip"}, {"filename": "A19-701001_23_GML.zip", "url": "https://nlftp.mlit.go.jp/ksj/gml/data/A19/A19-70/A19-701001_23_GML.zip"}, {"filename": "A19-751001_23_GML.zip", "url": "https://nlftp.mlit.go.jp/ksj/gml/data/A19/A19-75/A19-751001_23_GML.zip"}, {"filename": "A19-801001_23_GML.zip", "url": "https://nlftp.mlit.go.jp/ksj/gml/data/A19/A19-80/A19-801001_23_GML.zip"}, {"filename": "A19-851001_23_GML.zip", "url": "https://nlftp.mlit.go.jp/ksj/gml/data/A19/A19-85/A19-851001_23_GML.zip"}, {"filename": "A19-901001_23_GML.zip", "url": "https://nlftp.mlit.go.jp/ksj/gml/data/A19/A19-90/A19-901001_23_GML.zip"}, {"filename": "A19-951001_23_GML.zip", "url": "https://nlftp.mlit.go.jp/ksj/gml/data/A19/A19-95/A19-951001_23_GML.zip"}, {"filename": "A19-001001_23_GML.zip", "url": "https://nlftp.mlit.go.jp/ksj/gml/data/A19/A19-00/A19-001001_23_GML.zip"}, {"filename": "A19-051001_23_GML.zip", "url": "https://nlftp.mlit.go.jp/ksj/gml/data/A19/A19-05/A19-051001_23_GML.zip"}, {"filename": "A19-070402_23_GML.zip", "url": "https://nlftp.mlit.go.jp/ksj/gml/data/A19/A19-07/A19-070402_23_GML.zip"}, {"filename": "A19-17_23_GML.zip", "url": "https://nlftp.mlit.go.jp/ksj/gml/data/A19/A19-17/A19-17_23_GML.zip"}, {"filename": "A19-551001_24_GML.zip", "url": "https://nlftp.mlit.go.jp/ksj/gml/data/A19/A19-55/A19-551001_24_GML.zip"}, {"filename": "A19-601001_24_GML.zip", "url": "https://nlftp.mlit.go.jp/ksj/gml/data/A19/A19-60/A19-601001_24_GML.zip"}, {"filename": "A19-651001_24_GML.zip", "url": "https://nlftp.mlit.go.jp/ksj/gml/data/A19/A19-65/A19-651001_24_GML.zip"}, {"filename": "A19-701001_24_GML.zip", "url": "https://nlftp.mlit.go.jp/ksj/gml/data/A19/A19-70/A19-701001_24_GML.zip"}, {"filename": "A19-751001_24_GML.zip", "url": "https://nlftp.mlit.go.jp/ksj/gml/data/A19/A19-75/A19-751001_24_GML.zip"}, {"filename": "A19-801001_24_GML.zip", "url": "https://nlftp.mlit.go.jp/ksj/gml/data/A19/A19-80/A19-801001_24_GML.zip"}, {"filename": "A19-851001_24_GML.zip", "url": "https://nlftp.mlit.go.jp/ksj/gml/data/A19/A19-85/A19-851001_24_GML.zip"}, {"filename": "A19-901001_24_GML.zip", "url": "https://nlftp.mlit.go.jp/ksj/gml/data/A19/A19-90/A19-901001_24_GML.zip"}, {"filename": "A19-951001_24_GML.zip", "url": "https://nlftp.mlit.go.jp/ksj/gml/data/A19/A19-95/A19-951001_24_GML.zip"}, {"filename": "A19-001001_24_GML.zip", "url": "https://nlftp.mlit.go.jp/ksj/gml/data/A19/A19-00/A19-001001_24_GML.zip"}, {"filename": "A19-051001_24_GML.zip", "url": "https://nlftp.mlit.go.jp/ksj/gml/data/A19/A19-05/A19-051001_24_GML.zip"}, {"filename": "A19-070402_24_GML.zip", "url": "https://nlftp.mlit.go.jp/ksj/gml/data/A19/A19-07/A19-070402_24_GML.zip"}, {"filename": "A19-17_24_GML.zip", "url": "https://nlftp.mlit.go.jp/ksj/gml/data/A19/A19-17/A19-17_24_GML.zip"}, {"filename": "A19-551001_28_GML.zip", "url": "https://nlftp.mlit.go.jp/ksj/gml/data/A19/A19-55/A19-551001_28_GML.zip"}, {"filename": "A19-601001_28_GML.zip", "url": "https://nlftp.mlit.go.jp/ksj/gml/data/A19/A19-60/A19-601001_28_GML.zip"}, {"filename": "A19-651001_28_GML.zip", "url": "https://nlftp.mlit.go.jp/ksj/gml/data/A19/A19-65/A19-651001_28_GML.zip"}, {"filename": "A19-701001_28_GML.zip", "url": "https://nlftp.mlit.go.jp/ksj/gml/data/A19/A19-70/A19-701001_28_GML.zip"}, {"filename": "A19-751001_28_GML.zip", "url": "https://nlftp.mlit.go.jp/ksj/gml/data/A19/A19-75/A19-751001_28_GML.zip"}, {"filename": "A19-801001_28_GML.zip", "url": "https://nlftp.mlit.go.jp/ksj/gml/data/A19/A19-80/A19-801001_28_GML.zip"}, {"filename": "A19-851001_28_GML.zip", "url": "https://nlftp.mlit.go.jp/ksj/gml/data/A19/A19-85/A19-851001_28_GML.zip"}, {"filename": "A19-901001_28_GML.zip", "url": "https://nlftp.mlit.go.jp/ksj/gml/data/A19/A19-90/A19-901001_28_GML.zip"}, {"filename": "A19-951001_28_GML.zip", "url": "https://nlftp.mlit.go.jp/ksj/gml/data/A19/A19-95/A19-951001_28_GML.zip"}, {"filename": "A19-001001_28_GML.zip", "url": "https://nlftp.mlit.go.jp/ksj/gml/data/A19/A19-00/A19-001001_28_GML.zip"}, {"filename": "A19-051001_28_GML.zip", "url": "https://nlftp.mlit.go.jp/ksj/gml/data/A19/A19-05/A19-051001_28_GML.zip"}, {"filename": "A19-070402_28_GML.zip", "url": "https://nlftp.mlit.go.jp/ksj/gml/data/A19/A19-07/A19-070402_28_GML.zip"}, {"filename": "A19-17_28_GML.zip", "url": "https://nlftp.mlit.go.jp/ksj/gml/data/A19/A19-17/A19-17_28_GML.zip"}, {"filename": "A19-551001_30_GML.zip", "url": "https://nlftp.mlit.go.jp/ksj/gml/data/A19/A19-55/A19-551001_30_GML.zip"}, {"filename": "A19-601001_30_GML.zip", "url": "https://nlftp.mlit.go.jp/ksj/gml/data/A19/A19-60/A19-601001_30_GML.zip"}, {"filename": "A19-651001_30_GML.zip", "url": "https://nlftp.mlit.go.jp/ksj/gml/data/A19/A19-65/A19-651001_30_GML.zip"}, {"filename": "A19-701001_30_GML.zip", "url": "https://nlftp.mlit.go.jp/ksj/gml/data/A19/A19-70/A19-701001_30_GML.zip"}, {"filename": "A19-751001_30_GML.zip", "url": "https://nlftp.mlit.go.jp/ksj/gml/data/A19/A19-75/A19-751001_30_GML.zip"}, {"filename": "A19-801001_30_GML.zip", "url": "https://nlftp.mlit.go.jp/ksj/gml/data/A19/A19-80/A19-801001_30_GML.zip"}, {"filename": "A19-851001_30_GML.zip", "url": "https://nlftp.mlit.go.jp/ksj/gml/data/A19/A19-85/A19-851001_30_GML.zip"}, {"filename": "A19-901001_30_GML.zip", "url": "https://nlftp.mlit.go.jp/ksj/gml/data/A19/A19-90/A19-901001_30_GML.zip"}, {"filename": "A19-951001_30_GML.zip", "url": "https://nlftp.mlit.go.jp/ksj/gml/data/A19/A19-95/A19-951001_30_GML.zip"}, {"filename": "A19-001001_30_GML.zip", "url": "https://nlftp.mlit.go.jp/ksj/gml/data/A19/A19-00/A19-001001_30_GML.zip"}, {"filename": "A19-531026_32_GML.zip", "url": "https://nlftp.mlit.go.jp/ksj/gml/data/A19/A19-53/A19-531026_32_GML.zip"}, {"filename": "A19-551001_32_GML.zip", "url": "https://nlftp.mlit.go.jp/ksj/gml/data/A19/A19-55/A19-551001_32_GML.zip"}, {"filename": "A19-601001_32_GML.zip", "url": "https://nlftp.mlit.go.jp/ksj/gml/data/A19/A19-60/A19-601001_32_GML.zip"}, {"filename": "A19-651001_32_GML.zip", "url": "https://nlftp.mlit.go.jp/ksj/gml/data/A19/A19-65/A19-651001_32_GML.zip"}, {"filename": "A19-701001_32_GML.zip", "url": "https://nlftp.mlit.go.jp/ksj/gml/data/A19/A19-70/A19-701001_32_GML.zip"}, {"filename": "A19-751001_32_GML.zip", "url": "https://nlftp.mlit.go.jp/ksj/gml/data/A19/A19-75/A19-751001_32_GML.zip"}, {"filename": "A19-801001_32_GML.zip", "url": "https://nlftp.mlit.go.jp/ksj/gml/data/A19/A19-80/A19-801001_32_GML.zip"}, {"filename": "A19-851001_32_GML.zip", "url": "https://nlftp.mlit.go.jp/ksj/gml/data/A19/A19-85/A19-851001_32_GML.zip"}, {"filename": "A19-901001_32_GML.zip", "url": "https://nlftp.mlit.go.jp/ksj/gml/data/A19/A19-90/A19-901001_32_GML.zip"}, {"filename": "A19-951001_32_GML.zip", "url": "https://nlftp.mlit.go.jp/ksj/gml/data/A19/A19-95/A19-951001_32_GML.zip"}, {"filename": "A19-001001_32_GML.zip", "url": "https://nlftp.mlit.go.jp/ksj/gml/data/A19/A19-00/A19-001001_32_GML.zip"}, {"filename": "A19-051001_32_GML.zip", "url": "https://nlftp.mlit.go.jp/ksj/gml/data/A19/A19-05/A19-051001_32_GML.zip"}, {"filename": "A19-070402_32_GML.zip", "url": "https://nlftp.mlit.go.jp/ksj/gml/data/A19/A19-07/A19-070402_32_GML.zip"}, {"filename": "A19-17_32_GML.zip", "url": "https://nlftp.mlit.go.jp/ksj/gml/data/A19/A19-17/A19-17_32_GML.zip"}, {"filename": "A19-601001_33_GML.zip", "url": "https://nlftp.mlit.go.jp/ksj/gml/data/A19/A19-60/A19-601001_33_GML.zip"}, {"filename": "A19-651001_33_GML.zip", "url": "https://nlftp.mlit.go.jp/ksj/gml/data/A19/A19-65/A19-651001_33_GML.zip"}, {"filename": "A19-701001_33_GML.zip", "url": "https://nlftp.mlit.go.jp/ksj/gml/data/A19/A19-70/A19-701001_33_GML.zip"}, {"filename": "A19-751001_33_GML.zip", "url": "https://nlftp.mlit.go.jp/ksj/gml/data/A19/A19-75/A19-751001_33_GML.zip"}, {"filename": "A19-801001_33_GML.zip", "url": "https://nlftp.mlit.go.jp/ksj/gml/data/A19/A19-80/A19-801001_33_GML.zip"}, {"filename": "A19-851001_33_GML.zip", "url": "https://nlftp.mlit.go.jp/ksj/gml/data/A19/A19-85/A19-851001_33_GML.zip"}, {"filename": "A19-901001_33_GML.zip", "url": "https://nlftp.mlit.go.jp/ksj/gml/data/A19/A19-90/A19-901001_33_GML.zip"}, {"filename": "A19-951001_33_GML.zip", "url": "https://nlftp.mlit.go.jp/ksj/gml/data/A19/A19-95/A19-951001_33_GML.zip"}, {"filename": "A19-001001_33_GML.zip", "url": "https://nlftp.mlit.go.jp/ksj/gml/data/A19/A19-00/A19-001001_33_GML.zip"}, {"filename": "A19-051001_33_GML.zip", "url": "https://nlftp.mlit.go.jp/ksj/gml/data/A19/A19-05/A19-051001_33_GML.zip"}, {"filename": "A19-070402_33_GML.zip", "url": "https://nlftp.mlit.go.jp/ksj/gml/data/A19/A19-07/A19-070402_33_GML.zip"}, {"filename": "A19-17_33_GML.zip", "url": "https://nlftp.mlit.go.jp/ksj/gml/data/A19/A19-17/A19-17_33_GML.zip"}, {"filename": "A19-601001_34_GML.zip", "url": "https://nlftp.mlit.go.jp/ksj/gml/data/A19/A19-60/A19-601001_34_GML.zip"}, {"filename": "A19-651001_34_GML.zip", "url": "https://nlftp.mlit.go.jp/ksj/gml/data/A19/A19-65/A19-651001_34_GML.zip"}, {"filename": "A19-701001_34_GML.zip", "url": "https://nlftp.mlit.go.jp/ksj/gml/data/A19/A19-70/A19-701001_34_GML.zip"}, {"filename": "A19-751001_34_GML.zip", "url": "https://nlftp.mlit.go.jp/ksj/gml/data/A19/A19-75/A19-751001_34_GML.zip"}, {"filename": "A19-801001_34_GML.zip", "url": "https://nlftp.mlit.go.jp/ksj/gml/data/A19/A19-80/A19-801001_34_GML.zip"}, {"filename": "A19-851001_34_GML.zip", "url": "https://nlftp.mlit.go.jp/ksj/gml/data/A19/A19-85/A19-851001_34_GML.zip"}, {"filename": "A19-901001_34_GML.zip", "url": "https://nlftp.mlit.go.jp/ksj/gml/data/A19/A19-90/A19-901001_34_GML.zip"}, {"filename": "A19-951001_34_GML.zip", "url": "https://nlftp.mlit.go.jp/ksj/gml/data/A19/A19-95/A19-951001_34_GML.zip"}, {"filename": "A19-001001_34_GML.zip", "url": "https://nlftp.mlit.go.jp/ksj/gml/data/A19/A19-00/A19-001001_34_GML.zip"}, {"filename": "A19-051001_34_GML.zip", "url": "https://nlftp.mlit.go.jp/ksj/gml/data/A19/A19-05/A19-051001_34_GML.zip"}, {"filename": "A19-070402_34_GML.zip", "url": "https://nlftp.mlit.go.jp/ksj/gml/data/A19/A19-07/A19-070402_34_GML.zip"}, {"filename": "A19-17_34_GML.zip", "url": "https://nlftp.mlit.go.jp/ksj/gml/data/A19/A19-17/A19-17_34_GML.zip"}, {"filename": "A19-551001_35_GML.zip", "url": "https://nlftp.mlit.go.jp/ksj/gml/data/A19/A19-55/A19-551001_35_GML.zip"}, {"filename": "A19-601001_35_GML.zip", "url": "https://nlftp.mlit.go.jp/ksj/gml/data/A19/A19-60/A19-601001_35_GML.zip"}, {"filename": "A19-651001_35_GML.zip", "url": "https://nlftp.mlit.go.jp/ksj/gml/data/A19/A19-65/A19-651001_35_GML.zip"}, {"filename": "A19-701001_35_GML.zip", "url": "https://nlftp.mlit.go.jp/ksj/gml/data/A19/A19-70/A19-701001_35_GML.zip"}, {"filename": "A19-751001_35_GML.zip", "url": "https://nlftp.mlit.go.jp/ksj/gml/data/A19/A19-75/A19-751001_35_GML.zip"}, {"filename": "A19-801001_35_GML.zip", "url": "https://nlftp.mlit.go.jp/ksj/gml/data/A19/A19-80/A19-801001_35_GML.zip"}, {"filename": "A19-851001_35_GML.zip", "url": "https://nlftp.mlit.go.jp/ksj/gml/data/A19/A19-85/A19-851001_35_GML.zip"}, {"filename": "A19-901001_35_GML.zip", "url": "https://nlftp.mlit.go.jp/ksj/gml/data/A19/A19-90/A19-901001_35_GML.zip"}, {"filename": "A19-951001_35_GML.zip", "url": "https://nlftp.mlit.go.jp/ksj/gml/data/A19/A19-95/A19-951001_35_GML.zip"}, {"filename": "A19-001001_35_GML.zip", "url": "https://nlftp.mlit.go.jp/ksj/gml/data/A19/A19-00/A19-001001_35_GML.zip"}, {"filename": "A19-051001_35_GML.zip", "url": "https://nlftp.mlit.go.jp/ksj/gml/data/A19/A19-05/A19-051001_35_GML.zip"}, {"filename": "A19-070402_35_GML.zip", "url": "https://nlftp.mlit.go.jp/ksj/gml/data/A19/A19-07/A19-070402_35_GML.zip"}, {"filename": "A19-17_35_GML.zip", "url": "https://nlftp.mlit.go.jp/ksj/gml/data/A19/A19-17/A19-17_35_GML.zip"}, {"filename": "A19-601001_36_GML.zip", "url": "https://nlftp.mlit.go.jp/ksj/gml/data/A19/A19-60/A19-601001_36_GML.zip"}, {"filename": "A19-651001_36_GML.zip", "url": "https://nlftp.mlit.go.jp/ksj/gml/data/A19/A19-65/A19-651001_36_GML.zip"}, {"filename": "A19-701001_36_GML.zip", "url": "https://nlftp.mlit.go.jp/ksj/gml/data/A19/A19-70/A19-701001_36_GML.zip"}, {"filename": "A19-751001_36_GML.zip", "url": "https://nlftp.mlit.go.jp/ksj/gml/data/A19/A19-75/A19-751001_36_GML.zip"}, {"filename": "A19-801001_36_GML.zip", "url": "https://nlftp.mlit.go.jp/ksj/gml/data/A19/A19-80/A19-801001_36_GML.zip"}, {"filename": "A19-851001_36_GML.zip", "url": "https://nlftp.mlit.go.jp/ksj/gml/data/A19/A19-85/A19-851001_36_GML.zip"}, {"filename": "A19-901001_36_GML.zip", "url": "https://nlftp.mlit.go.jp/ksj/gml/data/A19/A19-90/A19-901001_36_GML.zip"}, {"filename": "A19-951001_36_GML.zip", "url": "https://nlftp.mlit.go.jp/ksj/gml/data/A19/A19-95/A19-951001_36_GML.zip"}, {"filename": "A19-001001_36_GML.zip", "url": "https://nlftp.mlit.go.jp/ksj/gml/data/A19/A19-00/A19-001001_36_GML.zip"}, {"filename": "A19-051001_36_GML.zip", "url": "https://nlftp.mlit.go.jp/ksj/gml/data/A19/A19-05/A19-051001_36_GML.zip"}, {"filename": "A19-070402_36_GML.zip", "url": "https://nlftp.mlit.go.jp/ksj/gml/data/A19/A19-07/A19-070402_36_GML.zip"}, {"filename": "A19-17_36_GML.zip", "url": "https://nlftp.mlit.go.jp/ksj/gml/data/A19/A19-17/A19-17_36_GML.zip"}, {"filename": "A19-601001_37_GML.zip", "url": "https://nlftp.mlit.go.jp/ksj/gml/data/A19/A19-60/A19-601001_37_GML.zip"}, {"filename": "A19-651001_37_GML.zip", "url": "https://nlftp.mlit.go.jp/ksj/gml/data/A19/A19-65/A19-651001_37_GML.zip"}, {"filename": "A19-701001_37_GML.zip", "url": "https://nlftp.mlit.go.jp/ksj/gml/data/A19/A19-70/A19-701001_37_GML.zip"}, {"filename": "A19-751001_37_GML.zip", "url": "https://nlftp.mlit.go.jp/ksj/gml/data/A19/A19-75/A19-751001_37_GML.zip"}, {"filename": "A19-801001_37_GML.zip", "url": "https://nlftp.mlit.go.jp/ksj/gml/data/A19/A19-80/A19-801001_37_GML.zip"}, {"filename": "A19-851001_37_GML.zip", "url": "https://nlftp.mlit.go.jp/ksj/gml/data/A19/A19-85/A19-851001_37_GML.zip"}, {"filename": "A19-901001_37_GML.zip", "url": "https://nlftp.mlit.go.jp/ksj/gml/data/A19/A19-90/A19-901001_37_GML.zip"}, {"filename": "A19-951001_37_GML.zip", "url": "https://nlftp.mlit.go.jp/ksj/gml/data/A19/A19-95/A19-951001_37_GML.zip"}, {"filename": "A19-001001_37_GML.zip", "url": "https://nlftp.mlit.go.jp/ksj/gml/data/A19/A19-00/A19-001001_37_GML.zip"}, {"filename": "A19-051001_37_GML.zip", "url": "https://nlftp.mlit.go.jp/ksj/gml/data/A19/A19-05/A19-051001_37_GML.zip"}, {"filename": "A19-070402_37_GML.zip", "url": "https://nlftp.mlit.go.jp/ksj/gml/data/A19/A19-07/A19-070402_37_GML.zip"}, {"filename": "A19-17_37_GML.zip", "url": "https://nlftp.mlit.go.jp/ksj/gml/data/A19/A19-17/A19-17_37_GML.zip"}, {"filename": "A19-551001_38_GML.zip", "url": "https://nlftp.mlit.go.jp/ksj/gml/data/A19/A19-55/A19-551001_38_GML.zip"}, {"filename": "A19-601001_38_GML.zip", "url": "https://nlftp.mlit.go.jp/ksj/gml/data/A19/A19-60/A19-601001_38_GML.zip"}, {"filename": "A19-651001_38_GML.zip", "url": "https://nlftp.mlit.go.jp/ksj/gml/data/A19/A19-65/A19-651001_38_GML.zip"}, {"filename": "A19-701001_38_GML.zip", "url": "https://nlftp.mlit.go.jp/ksj/gml/data/A19/A19-70/A19-701001_38_GML.zip"}, {"filename": "A19-751001_38_GML.zip", "url": "https://nlftp.mlit.go.jp/ksj/gml/data/A19/A19-75/A19-751001_38_GML.zip"}, {"filename": "A19-801001_38_GML.zip", "url": "https://nlftp.mlit.go.jp/ksj/gml/data/A19/A19-80/A19-801001_38_GML.zip"}, {"filename": "A19-851001_38_GML.zip", "url": "https://nlftp.mlit.go.jp/ksj/gml/data/A19/A19-85/A19-851001_38_GML.zip"}, {"filename": "A19-901001_38_GML.zip", "url": "https://nlftp.mlit.go.jp/ksj/gml/data/A19/A19-90/A19-901001_38_GML.zip"}, {"filename": "A19-951001_38_GML.zip", "url": "https://nlftp.mlit.go.jp/ksj/gml/data/A19/A19-95/A19-951001_38_GML.zip"}, {"filename": "A19-001001_38_GML.zip", "url": "https://nlftp.mlit.go.jp/ksj/gml/data/A19/A19-00/A19-001001_38_GML.zip"}, {"filename": "A19-051001_38_GML.zip", "url": "https://nlftp.mlit.go.jp/ksj/gml/data/A19/A19-05/A19-051001_38_GML.zip"}, {"filename": "A19-070402_38_GML.zip", "url": "https://nlftp.mlit.go.jp/ksj/gml/data/A19/A19-07/A19-070402_38_GML.zip"}, {"filename": "A19-17_38_GML.zip", "url": "https://nlftp.mlit.go.jp/ksj/gml/data/A19/A19-17/A19-17_38_GML.zip"}, {"filename": "A19-551001_39_GML.zip", "url": "https://nlftp.mlit.go.jp/ksj/gml/data/A19/A19-55/A19-551001_39_GML.zip"}, {"filename": "A19-601001_39_GML.zip", "url": "https://nlftp.mlit.go.jp/ksj/gml/data/A19/A19-60/A19-601001_39_GML.zip"}, {"filename": "A19-651001_39_GML.zip", "url": "https://nlftp.mlit.go.jp/ksj/gml/data/A19/A19-65/A19-651001_39_GML.zip"}, {"filename": "A19-701001_39_GML.zip", "url": "https://nlftp.mlit.go.jp/ksj/gml/data/A19/A19-70/A19-701001_39_GML.zip"}, {"filename": "A19-751001_39_GML.zip", "url": "https://nlftp.mlit.go.jp/ksj/gml/data/A19/A19-75/A19-751001_39_GML.zip"}, {"filename": "A19-801001_39_GML.zip", "url": "https://nlftp.mlit.go.jp/ksj/gml/data/A19/A19-80/A19-801001_39_GML.zip"}, {"filename": "A19-851001_39_GML.zip", "url": "https://nlftp.mlit.go.jp/ksj/gml/data/A19/A19-85/A19-851001_39_GML.zip"}, {"filename": "A19-901001_39_GML.zip", "url": "https://nlftp.mlit.go.jp/ksj/gml/data/A19/A19-90/A19-901001_39_GML.zip"}, {"filename": "A19-951001_39_GML.zip", "url": "https://nlftp.mlit.go.jp/ksj/gml/data/A19/A19-95/A19-951001_39_GML.zip"}, {"filename": "A19-001001_39_GML.zip", "url": "https://nlftp.mlit.go.jp/ksj/gml/data/A19/A19-00/A19-001001_39_GML.zip"}, {"filename": "A19-051001_39_GML.zip", "url": "https://nlftp.mlit.go.jp/ksj/gml/data/A19/A19-05/A19-051001_39_GML.zip"}, {"filename": "A19-070402_39_GML.zip", "url": "https://nlftp.mlit.go.jp/ksj/gml/data/A19/A19-07/A19-070402_39_GML.zip"}, {"filename": "A19-17_39_GML.zip", "url": "https://nlftp.mlit.go.jp/ksj/gml/data/A19/A19-17/A19-17_39_GML.zip"}, {"filename": "A19-551001_40_GML.zip", "url": "https://nlftp.mlit.go.jp/ksj/gml/data/A19/A19-55/A19-551001_40_GML.zip"}, {"filename": "A19-601001_40_GML.zip", "url": "https://nlftp.mlit.go.jp/ksj/gml/data/A19/A19-60/A19-601001_40_GML.zip"}, {"filename": "A19-651001_40_GML.zip", "url": "https://nlftp.mlit.go.jp/ksj/gml/data/A19/A19-65/A19-651001_40_GML.zip"}, {"filename": "A19-701001_40_GML.zip", "url": "https://nlftp.mlit.go.jp/ksj/gml/data/A19/A19-70/A19-701001_40_GML.zip"}, {"filename": "A19-751001_40_GML.zip", "url": "https://nlftp.mlit.go.jp/ksj/gml/data/A19/A19-75/A19-751001_40_GML.zip"}, {"filename": "A19-801001_40_GML.zip", "url": "https://nlftp.mlit.go.jp/ksj/gml/data/A19/A19-80/A19-801001_40_GML.zip"}, {"filename": "A19-851001_40_GML.zip", "url": "https://nlftp.mlit.go.jp/ksj/gml/data/A19/A19-85/A19-851001_40_GML.zip"}, {"filename": "A19-901001_40_GML.zip", "url": "https://nlftp.mlit.go.jp/ksj/gml/data/A19/A19-90/A19-901001_40_GML.zip"}, {"filename": "A19-951001_40_GML.zip", "url": "https://nlftp.mlit.go.jp/ksj/gml/data/A19/A19-95/A19-951001_40_GML.zip"}, {"filename": "A19-001001_40_GML.zip", "url": "https://nlftp.mlit.go.jp/ksj/gml/data/A19/A19-00/A19-001001_40_GML.zip"}, {"filename": "A19-051001_40_GML.zip", "url": "https://nlftp.mlit.go.jp/ksj/gml/data/A19/A19-05/A19-051001_40_GML.zip"}, {"filename": "A19-070402_40_GML.zip", "url": "https://nlftp.mlit.go.jp/ksj/gml/data/A19/A19-07/A19-070402_40_GML.zip"}, {"filename": "A19-17_40_GML.zip", "url": "https://nlftp.mlit.go.jp/ksj/gml/data/A19/A19-17/A19-17_40_GML.zip"}, {"filename": "A19-551001_41_GML.zip", "url": "https://nlftp.mlit.go.jp/ksj/gml/data/A19/A19-55/A19-551001_41_GML.zip"}, {"filename": "A19-601001_41_GML.zip", "url": "https://nlftp.mlit.go.jp/ksj/gml/data/A19/A19-60/A19-601001_41_GML.zip"}, {"filename": "A19-651001_41_GML.zip", "url": "https://nlftp.mlit.go.jp/ksj/gml/data/A19/A19-65/A19-651001_41_GML.zip"}, {"filename": "A19-701001_41_GML.zip", "url": "https://nlftp.mlit.go.jp/ksj/gml/data/A19/A19-70/A19-701001_41_GML.zip"}, {"filename": "A19-751001_41_GML.zip", "url": "https://nlftp.mlit.go.jp/ksj/gml/data/A19/A19-75/A19-751001_41_GML.zip"}, {"filename": "A19-801001_41_GML.zip", "url": "https://nlftp.mlit.go.jp/ksj/gml/data/A19/A19-80/A19-801001_41_GML.zip"}, {"filename": "A19-851001_41_GML.zip", "url": "https://nlftp.mlit.go.jp/ksj/gml/data/A19/A19-85/A19-851001_41_GML.zip"}, {"filename": "A19-901001_41_GML.zip", "url": "https://nlftp.mlit.go.jp/ksj/gml/data/A19/A19-90/A19-901001_41_GML.zip"}, {"filename": "A19-951001_41_GML.zip", "url": "https://nlftp.mlit.go.jp/ksj/gml/data/A19/A19-95/A19-951001_41_GML.zip"}, {"filename": "A19-001001_41_GML.zip", "url": "https://nlftp.mlit.go.jp/ksj/gml/data/A19/A19-00/A19-001001_41_GML.zip"}, {"filename": "A19-051001_41_GML.zip", "url": "https://nlftp.mlit.go.jp/ksj/gml/data/A19/A19-05/A19-051001_41_GML.zip"}, {"filename": "A19-070402_41_GML.zip", "url": "https://nlftp.mlit.go.jp/ksj/gml/data/A19/A19-07/A19-070402_41_GML.zip"}, {"filename": "A19-17_41_GML.zip", "url": "https://nlftp.mlit.go.jp/ksj/gml/data/A19/A19-17/A19-17_41_GML.zip"}, {"filename": "A19-531026_42_GML.zip", "url": "https://nlftp.mlit.go.jp/ksj/gml/data/A19/A19-53/A19-531026_42_GML.zip"}, {"filename": "A19-551001_42_GML.zip", "url": "https://nlftp.mlit.go.jp/ksj/gml/data/A19/A19-55/A19-551001_42_GML.zip"}, {"filename": "A19-601001_42_GML.zip", "url": "https://nlftp.mlit.go.jp/ksj/gml/data/A19/A19-60/A19-601001_42_GML.zip"}, {"filename": "A19-651001_42_GML.zip", "url": "https://nlftp.mlit.go.jp/ksj/gml/data/A19/A19-65/A19-651001_42_GML.zip"}, {"filename": "A19-701001_42_GML.zip", "url": "https://nlftp.mlit.go.jp/ksj/gml/data/A19/A19-70/A19-701001_42_GML.zip"}, {"filename": "A19-751001_42_GML.zip", "url": "https://nlftp.mlit.go.jp/ksj/gml/data/A19/A19-75/A19-751001_42_GML.zip"}, {"filename": "A19-801001_42_GML.zip", "url": "https://nlftp.mlit.go.jp/ksj/gml/data/A19/A19-80/A19-801001_42_GML.zip"}, {"filename": "A19-851001_42_GML.zip", "url": "https://nlftp.mlit.go.jp/ksj/gml/data/A19/A19-85/A19-851001_42_GML.zip"}, {"filename": "A19-901001_42_GML.zip", "url": "https://nlftp.mlit.go.jp/ksj/gml/data/A19/A19-90/A19-901001_42_GML.zip"}, {"filename": "A19-951001_42_GML.zip", "url": "https://nlftp.mlit.go.jp/ksj/gml/data/A19/A19-95/A19-951001_42_GML.zip"}, {"filename": "A19-001001_42_GML.zip", "url": "https://nlftp.mlit.go.jp/ksj/gml/data/A19/A19-00/A19-001001_42_GML.zip"}, {"filename": "A19-051001_42_GML.zip", "url": "https://nlftp.mlit.go.jp/ksj/gml/data/A19/A19-05/A19-051001_42_GML.zip"}, {"filename": "A19-070402_42_GML.zip", "url": "https://nlftp.mlit.go.jp/ksj/gml/data/A19/A19-07/A19-070402_42_GML.zip"}, {"filename": "A19-17_42_GML.zip", "url": "https://nlftp.mlit.go.jp/ksj/gml/data/A19/A19-17/A19-17_42_GML.zip"}, {"filename": "A19-531026_43_GML.zip", "url": "https://nlftp.mlit.go.jp/ksj/gml/data/A19/A19-53/A19-531026_43_GML.zip"}, {"filename": "A19-551001_43_GML.zip", "url": "https://nlftp.mlit.go.jp/ksj/gml/data/A19/A19-55/A19-551001_43_GML.zip"}, {"filename": "A19-601001_43_GML.zip", "url": "https://nlftp.mlit.go.jp/ksj/gml/data/A19/A19-60/A19-601001_43_GML.zip"}, {"filename": "A19-651001_43_GML.zip", "url": "https://nlftp.mlit.go.jp/ksj/gml/data/A19/A19-65/A19-651001_43_GML.zip"}, {"filename": "A19-701001_43_GML.zip", "url": "https://nlftp.mlit.go.jp/ksj/gml/data/A19/A19-70/A19-701001_43_GML.zip"}, {"filename": "A19-751001_43_GML.zip", "url": "https://nlftp.mlit.go.jp/ksj/gml/data/A19/A19-75/A19-751001_43_GML.zip"}, {"filename": "A19-801001_43_GML.zip", "url": "https://nlftp.mlit.go.jp/ksj/gml/data/A19/A19-80/A19-801001_43_GML.zip"}, {"filename": "A19-851001_43_GML.zip", "url": "https://nlftp.mlit.go.jp/ksj/gml/data/A19/A19-85/A19-851001_43_GML.zip"}, {"filename": "A19-901001_43_GML.zip", "url": "https://nlftp.mlit.go.jp/ksj/gml/data/A19/A19-90/A19-901001_43_GML.zip"}, {"filename": "A19-951001_43_GML.zip", "url": "https://nlftp.mlit.go.jp/ksj/gml/data/A19/A19-95/A19-951001_43_GML.zip"}, {"filename": "A19-001001_43_GML.zip", "url": "https://nlftp.mlit.go.jp/ksj/gml/data/A19/A19-00/A19-001001_43_GML.zip"}, {"filename": "A19-051001_43_GML.zip", "url": "https://nlftp.mlit.go.jp/ksj/gml/data/A19/A19-05/A19-051001_43_GML.zip"}, {"filename": "A19-070402_43_GML.zip", "url": "https://nlftp.mlit.go.jp/ksj/gml/data/A19/A19-07/A19-070402_43_GML.zip"}, {"filename": "A19-17_43_GML.zip", "url": "https://nlftp.mlit.go.jp/ksj/gml/data/A19/A19-17/A19-17_43_GML.zip"}, {"filename": "A19-601001_44_GML.zip", "url": "https://nlftp.mlit.go.jp/ksj/gml/data/A19/A19-60/A19-601001_44_GML.zip"}, {"filename": "A19-651001_44_GML.zip", "url": "https://nlftp.mlit.go.jp/ksj/gml/data/A19/A19-65/A19-651001_44_GML.zip"}, {"filename": "A19-701001_44_GML.zip", "url": "https://nlftp.mlit.go.jp/ksj/gml/data/A19/A19-70/A19-701001_44_GML.zip"}, {"filename": "A19-751001_44_GML.zip", "url": "https://nlftp.mlit.go.jp/ksj/gml/data/A19/A19-75/A19-751001_44_GML.zip"}, {"filename": "A19-801001_44_GML.zip", "url": "https://nlftp.mlit.go.jp/ksj/gml/data/A19/A19-80/A19-801001_44_GML.zip"}, {"filename": "A19-851001_44_GML.zip", "url": "https://nlftp.mlit.go.jp/ksj/gml/data/A19/A19-85/A19-851001_44_GML.zip"}, {"filename": "A19-901001_44_GML.zip", "url": "https://nlftp.mlit.go.jp/ksj/gml/data/A19/A19-90/A19-901001_44_GML.zip"}, {"filename": "A19-951001_44_GML.zip", "url": "https://nlftp.mlit.go.jp/ksj/gml/data/A19/A19-95/A19-951001_44_GML.zip"}, {"filename": "A19-001001_44_GML.zip", "url": "https://nlftp.mlit.go.jp/ksj/gml/data/A19/A19-00/A19-001001_44_GML.zip"}, {"filename": "A19-051001_44_GML.zip", "url": "https://nlftp.mlit.go.jp/ksj/gml/data/A19/A19-05/A19-051001_44_GML.zip"}, {"filename": "A19-070402_44_GML.zip", "url": "https://nlftp.mlit.go.jp/ksj/gml/data/A19/A19-07/A19-070402_44_GML.zip"}, {"filename": "A19-17_44_GML.zip", "url": "https://nlftp.mlit.go.jp/ksj/gml/data/A19/A19-17/A19-17_44_GML.zip"}, {"filename": "A19-601001_45_GML.zip", "url": "https://nlftp.mlit.go.jp/ksj/gml/data/A19/A19-60/A19-601001_45_GML.zip"}, {"filename": "A19-651001_45_GML.zip", "url": "https://nlftp.mlit.go.jp/ksj/gml/data/A19/A19-65/A19-651001_45_GML.zip"}, {"filename": "A19-701001_45_GML.zip", "url": "https://nlftp.mlit.go.jp/ksj/gml/data/A19/A19-70/A19-701001_45_GML.zip"}, {"filename": "A19-751001_45_GML.zip", "url": "https://nlftp.mlit.go.jp/ksj/gml/data/A19/A19-75/A19-751001_45_GML.zip"}, {"filename": "A19-801001_45_GML.zip", "url": "https://nlftp.mlit.go.jp/ksj/gml/data/A19/A19-80/A19-801001_45_GML.zip"}, {"filename": "A19-851001_45_GML.zip", "url": "https://nlftp.mlit.go.jp/ksj/gml/data/A19/A19-85/A19-851001_45_GML.zip"}, {"filename": "A19-901001_45_GML.zip", "url": "https://nlftp.mlit.go.jp/ksj/gml/data/A19/A19-90/A19-901001_45_GML.zip"}, {"filename": "A19-951001_45_GML.zip", "url": "https://nlftp.mlit.go.jp/ksj/gml/data/A19/A19-95/A19-951001_45_GML.zip"}, {"filename": "A19-001001_45_GML.zip", "url": "https://nlftp.mlit.go.jp/ksj/gml/data/A19/A19-00/A19-001001_45_GML.zip"}, {"filename": "A19-051001_45_GML.zip", "url": "https://nlftp.mlit.go.jp/ksj/gml/data/A19/A19-05/A19-051001_45_GML.zip"}, {"filename": "A19-070402_45_GML.zip", "url": "https://nlftp.mlit.go.jp/ksj/gml/data/A19/A19-07/A19-070402_45_GML.zip"}, {"filename": "A19-17_45_GML.zip", "url": "https://nlftp.mlit.go.jp/ksj/gml/data/A19/A19-17/A19-17_45_GML.zip"}, {"filename": "A19-531026_46_GML.zip", "url": "https://nlftp.mlit.go.jp/ksj/gml/data/A19/A19-53/A19-531026_46_GML.zip"}, {"filename": "A19-551001_46_GML.zip", "url": "https://nlftp.mlit.go.jp/ksj/gml/data/A19/A19-55/A19-551001_46_GML.zip"}, {"filename": "A19-601001_46_GML.zip", "url": "https://nlftp.mlit.go.jp/ksj/gml/data/A19/A19-60/A19-601001_46_GML.zip"}, {"filename": "A19-651001_46_GML.zip", "url": "https://nlftp.mlit.go.jp/ksj/gml/data/A19/A19-65/A19-651001_46_GML.zip"}, {"filename": "A19-701001_46_GML.zip", "url": "https://nlftp.mlit.go.jp/ksj/gml/data/A19/A19-70/A19-701001_46_GML.zip"}, {"filename": "A19-751001_46_GML.zip", "url": "https://nlftp.mlit.go.jp/ksj/gml/data/A19/A19-75/A19-751001_46_GML.zip"}, {"filename": "A19-801001_46_GML.zip", "url": "https://nlftp.mlit.go.jp/ksj/gml/data/A19/A19-80/A19-801001_46_GML.zip"}, {"filename": "A19-851001_46_GML.zip", "url": "https://nlftp.mlit.go.jp/ksj/gml/data/A19/A19-85/A19-851001_46_GML.zip"}, {"filename": "A19-901001_46_GML.zip", "url": "https://nlftp.mlit.go.jp/ksj/gml/data/A19/A19-90/A19-901001_46_GML.zip"}, {"filename": "A19-951001_46_GML.zip", "url": "https://nlftp.mlit.go.jp/ksj/gml/data/A19/A19-95/A19-951001_46_GML.zip"}, {"filename": "A19-001001_46_GML.zip", "url": "https://nlftp.mlit.go.jp/ksj/gml/data/A19/A19-00/A19-001001_46_GML.zip"}, {"filename": "A19-051001_46_GML.zip", "url": "https://nlftp.mlit.go.jp/ksj/gml/data/A19/A19-05/A19-051001_46_GML.zip"}, {"filename": "A19-070402_46_GML.zip", "url": "https://nlftp.mlit.go.jp/ksj/gml/data/A19/A19-07/A19-070402_46_GML.zip"}, {"filename": "A19-17_46_GML.zip", "url": "https://nlftp.mlit.go.jp/ksj/gml/data/A19/A19-17/A19-17_46_GML.zip"}]