北海道,世界測地系,1955年（昭和30年）,0.47MB,A19-551001_01_GML.zip
北海道,世界測地系,1960年（昭和35年）,0.47MB,A19-601001_01_GML.zip
北海道,世界測地系,1965年（昭和40年）,0.47MB,A19-651001_01_GML.zip
北海道,世界測地系,1970年（昭和45年）,0.47MB,A19-701001_01_GML.zip
北海道,世界測地系,1975年（昭和50年）,0.47MB,A19-751001_01_GML.zip
北海道,世界測地系,1980年（昭和55年）,0.47MB,A19-801001_01_GML.zip
北海道,世界測地系,1985年（昭和60年）,0.47MB,A19-851001_01_GML.zip
北海道,世界測地系,1990年（平成2年）,0.47MB,A19-901001_01_GML.zip
北海道,世界測地系,1995年（平成7年）,0.47MB,A19-951001_01_GML.zip
北海道,世界測地系,2000年（平成12年）,0.47MB,A19-001001_01_GML.zip
北海道,世界測地系,2005年（平成17年）,0.47MB,A19-051001_01_GML.zip
北海道,世界測地系,2007年（平成19年）,0.47MB,A19-070402_01_GML.zip
北海道,世界測地系,2017年（平成29年）,0.68MB,A19-17_01_GML.zip
宮城,世界測地系,1955年（昭和30年）,0.05MB,A19-551001_04_GML.zip
宮城,世界測地系,1960年（昭和35年）,0.19MB,A19-601001_04_GML.zip
宮城,世界測地系,1965年（昭和40年）,0.19MB,A19-651001_04_GML.zip
宮城,世界測地系,1970年（昭和45年）,0.19MB,A19-701001_04_GML.zip
宮城,世界測地系,1975年（昭和50年）,0.19MB,A19-751001_04_GML.zip
宮城,世界測地系,1980年（昭和55年）,0.19MB,A19-801001_04_GML.zip
宮城,世界測地系,1985年（昭和60年）,0.19MB,A19-851001_04_GML.zip
宮城,世界測地系,1990年（平成2年）,0.19MB,A19-901001_04_GML.zip
宮城,世界測地系,1995年（平成7年）,0.19MB,A19-951001_04_GML.zip
宮城,世界測地系,2000年（平成12年）,0.19MB,A19-001001_04_GML.zip
宮城,世界測地系,2005年（平成17年）,0.19MB,A19-051001_04_GML.zip
宮城,世界測地系,2007年（平成19年）,0.19MB,A19-070402_04_GML.zip
宮城,世界測地系,2017年（平成29年）,1.24MB,A19-17_04_GML.zip
山形,世界測地系,1955年（昭和30年）,0.02MB,A19-551001_06_GML.zip
山形,世界測地系,1960年（昭和35年）,0.02MB,A19-601001_06_GML.zip
山形,世界測地系,1965年（昭和40年）,0.02MB,A19-651001_06_GML.zip
山形,世界測地系,1970年（昭和45年）,0.02MB,A19-701001_06_GML.zip
山形,世界測地系,1975年（昭和50年）,0.02MB,A19-751001_06_GML.zip
山形,世界測地系,1980年（昭和55年）,0.02MB,A19-801001_06_GML.zip
山形,世界測地系,1985年（昭和60年）,0.02MB,A19-851001_06_GML.zip
山形,世界測地系,1990年（平成2年）,0.02MB,A19-901001_06_GML.zip
山形,世界測地系,1995年（平成7年）,0.02MB,A19-951001_06_GML.zip
山形,世界測地系,2000年（平成12年）,0.02MB,A19-001001_06_GML.zip
山形,世界測地系,2005年（平成17年）,0.02MB,A19-051001_06_GML.zip
山形,世界測地系,2007年（平成19年）,0.02MB,A19-070402_06_GML.zip
山形,世界測地系,2017年（平成29年）,0.03MB,A19-17_06_GML.zip
東京,世界測地系,1953年（昭和28年）,0.80MB,A19-531026_13_GML.zip
東京,世界測地系,1955年（昭和30年）,0.80MB,A19-551001_13_GML.zip
東京,世界測地系,1960年（昭和35年）,0.80MB,A19-601001_13_GML.zip
東京,世界測地系,1965年（昭和40年）,0.80MB,A19-651001_13_GML.zip
東京,世界測地系,1970年（昭和45年）,0.80MB,A19-701001_13_GML.zip
東京,世界測地系,1975年（昭和50年）,0.80MB,A19-751001_13_GML.zip
東京,世界測地系,1980年（昭和55年）,0.80MB,A19-801001_13_GML.zip
東京,世界測地系,1985年（昭和60年）,0.80MB,A19-851001_13_GML.zip
東京,世界測地系,1990年（平成2年）,0.80MB,A19-901001_13_GML.zip
東京,世界測地系,1995年（平成7年）,0.80MB,A19-951001_13_GML.zip
東京,世界測地系,2000年（平成12年）,0.80MB,A19-001001_13_GML.zip
東京,世界測地系,2005年（平成17年）,0.80MB,A19-051001_13_GML.zip
東京,世界測地系,2007年（平成19年）,0.80MB,A19-070402_13_GML.zip
東京,世界測地系,2017年（平成29年）,2.30MB,A19-17_13_GML.zip
新潟,世界測地系,1953年（昭和28年）,0.65MB,A19-531026_15_GML.zip
新潟,世界測地系,1955年（昭和30年）,0.70MB,A19-551001_15_GML.zip
新潟,世界測地系,1960年（昭和35年）,0.70MB,A19-601001_15_GML.zip
新潟,世界測地系,1965年（昭和40年）,0.70MB,A19-651001_15_GML.zip
新潟,世界測地系,1970年（昭和45年）,0.70MB,A19-701001_15_GML.zip
新潟,世界測地系,1975年（昭和50年）,0.70MB,A19-751001_15_GML.zip
新潟,世界測地系,1980年（昭和55年）,0.70MB,A19-801001_15_GML.zip
新潟,世界測地系,1985年（昭和60年）,0.70MB,A19-851001_15_GML.zip
新潟,世界測地系,1990年（平成2年）,0.70MB,A19-901001_15_GML.zip
新潟,世界測地系,1995年（平成7年）,0.70MB,A19-951001_15_GML.zip
新潟,世界測地系,2000年（平成12年）,0.70MB,A19-001001_15_GML.zip
新潟,世界測地系,2005年（平成17年）,0.70MB,A19-051001_15_GML.zip
新潟,世界測地系,2007年（平成19年）,0.70MB,A19-070402_15_GML.zip
新潟,世界測地系,2017年（平成29年）,1.00MB,A19-17_15_GML.zip
石川,世界測地系,1955年（昭和30年）,0.07MB,A19-551001_17_GML.zip
石川,世界測地系,1960年（昭和35年）,0.08MB,A19-601001_17_GML.zip
石川,世界測地系,1965年（昭和40年）,0.08MB,A19-651001_17_GML.zip
石川,世界測地系,1970年（昭和45年）,0.08MB,A19-701001_17_GML.zip
石川,世界測地系,1975年（昭和50年）,0.08MB,A19-751001_17_GML.zip
石川,世界測地系,1980年（昭和55年）,0.08MB,A19-801001_17_GML.zip
石川,世界測地系,1985年（昭和60年）,0.02MB,A19-851001_17_GML.zip
石川,世界測地系,1990年（平成2年）,0.02MB,A19-901001_17_GML.zip
石川,世界測地系,1995年（平成7年）,0.02MB,A19-951001_17_GML.zip
石川,世界測地系,2000年（平成12年）,0.02MB,A19-001001_17_GML.zip
石川,世界測地系,2005年（平成17年）,0.02MB,A19-051001_17_GML.zip
石川,世界測地系,2007年（平成19年）,0.02MB,A19-070402_17_GML.zip
石川,世界測地系,2017年（平成29年）,0.02MB,A19-17_17_GML.zip
静岡,世界測地系,1965年（昭和40年）,0.01MB,A19-651001_22_GML.zip
静岡,世界測地系,1970年（昭和45年）,0.01MB,A19-701001_22_GML.zip
静岡,世界測地系,1975年（昭和50年）,0.01MB,A19-751001_22_GML.zip
静岡,世界測地系,1980年（昭和55年）,0.01MB,A19-801001_22_GML.zip
静岡,世界測地系,1985年（昭和60年）,0.01MB,A19-851001_22_GML.zip
静岡,世界測地系,1990年（平成2年）,0.01MB,A19-901001_22_GML.zip
静岡,世界測地系,1995年（平成7年）,0.01MB,A19-951001_22_GML.zip
静岡,世界測地系,2000年（平成12年）,0.01MB,A19-001001_22_GML.zip
静岡,世界測地系,2005年（平成17年）,0.01MB,A19-051001_22_GML.zip
静岡,世界測地系,2007年（平成19年）,0.01MB,A19-070402_22_GML.zip
静岡,世界測地系,2017年（平成29年）,0.01MB,A19-17_22_GML.zip
愛知,世界測地系,1960年（昭和35年）,0.04MB,A19-601001_23_GML.zip
愛知,世界測地系,1965年（昭和40年）,0.04MB,A19-651001_23_GML.zip
愛知,世界測地系,1970年（昭和45年）,0.04MB,A19-701001_23_GML.zip
愛知,世界測地系,1975年（昭和50年）,0.04MB,A19-751001_23_GML.zip
愛知,世界測地系,1980年（昭和55年）,0.04MB,A19-801001_23_GML.zip
愛知,世界測地系,1985年（昭和60年）,0.04MB,A19-851001_23_GML.zip
愛知,世界測地系,1990年（平成2年）,0.04MB,A19-901001_23_GML.zip
愛知,世界測地系,1995年（平成7年）,0.04MB,A19-951001_23_GML.zip
愛知,世界測地系,2000年（平成12年）,0.04MB,A19-001001_23_GML.zip
愛知,世界測地系,2005年（平成17年）,0.04MB,A19-051001_23_GML.zip
愛知,世界測地系,2007年（平成19年）,0.04MB,A19-070402_23_GML.zip
愛知,世界測地系,2017年（平成29年）,0.13MB,A19-17_23_GML.zip
三重,世界測地系,1955年（昭和30年）,0.11MB,A19-551001_24_GML.zip
三重,世界測地系,1960年（昭和35年）,0.12MB,A19-601001_24_GML.zip
三重,世界測地系,1965年（昭和40年）,0.12MB,A19-651001_24_GML.zip
三重,世界測地系,1970年（昭和45年）,0.13MB,A19-701001_24_GML.zip
三重,世界測地系,1975年（昭和50年）,0.13MB,A19-751001_24_GML.zip
三重,世界測地系,1980年（昭和55年）,0.13MB,A19-801001_24_GML.zip
三重,世界測地系,1985年（昭和60年）,0.13MB,A19-851001_24_GML.zip
三重,世界測地系,1990年（平成2年）,0.13MB,A19-901001_24_GML.zip
三重,世界測地系,1995年（平成7年）,0.13MB,A19-951001_24_GML.zip
三重,世界測地系,2000年（平成12年）,0.13MB,A19-001001_24_GML.zip
三重,世界測地系,2005年（平成17年）,0.13MB,A19-051001_24_GML.zip
三重,世界測地系,2007年（平成19年）,0.13MB,A19-070402_24_GML.zip
三重,世界測地系,2017年（平成29年）,0.27MB,A19-17_24_GML.zip
兵庫,世界測地系,1955年（昭和30年）,0.03MB,A19-551001_28_GML.zip
兵庫,世界測地系,1960年（昭和35年）,0.13MB,A19-601001_28_GML.zip
兵庫,世界測地系,1965年（昭和40年）,0.18MB,A19-651001_28_GML.zip
兵庫,世界測地系,1970年（昭和45年）,0.18MB,A19-701001_28_GML.zip
兵庫,世界測地系,1975年（昭和50年）,0.18MB,A19-751001_28_GML.zip
兵庫,世界測地系,1980年（昭和55年）,0.18MB,A19-801001_28_GML.zip
兵庫,世界測地系,1985年（昭和60年）,0.18MB,A19-851001_28_GML.zip
兵庫,世界測地系,1990年（平成2年）,0.18MB,A19-901001_28_GML.zip
兵庫,世界測地系,1995年（平成7年）,0.18MB,A19-951001_28_GML.zip
兵庫,世界測地系,2000年（平成12年）,0.18MB,A19-001001_28_GML.zip
兵庫,世界測地系,2005年（平成17年）,0.18MB,A19-051001_28_GML.zip
兵庫,世界測地系,2007年（平成19年）,0.18MB,A19-070402_28_GML.zip
兵庫,世界測地系,2017年（平成29年）,0.21MB,A19-17_28_GML.zip
和歌山,世界測地系,1955年（昭和30年）,0.07MB,A19-551001_30_GML.zip
和歌山,世界測地系,1960年（昭和35年）,0.07MB,A19-601001_30_GML.zip
和歌山,世界測地系,1965年（昭和40年）,0.07MB,A19-651001_30_GML.zip
和歌山,世界測地系,1970年（昭和45年）,0.07MB,A19-701001_30_GML.zip
和歌山,世界測地系,1975年（昭和50年）,0.07MB,A19-751001_30_GML.zip
和歌山,世界測地系,1980年（昭和55年）,0.07MB,A19-801001_30_GML.zip
和歌山,世界測地系,1985年（昭和60年）,0.07MB,A19-851001_30_GML.zip
和歌山,世界測地系,1990年（平成2年）,0.07MB,A19-901001_30_GML.zip
和歌山,世界測地系,1995年（平成7年）,0.07MB,A19-951001_30_GML.zip
和歌山,世界測地系,2000年（平成12年）,0.07MB,A19-001001_30_GML.zip
島根,世界測地系,1953年（昭和28年）,0.57MB,A19-531026_32_GML.zip
島根,世界測地系,1955年（昭和30年）,0.57MB,A19-551001_32_GML.zip
島根,世界測地系,1960年（昭和35年）,0.57MB,A19-601001_32_GML.zip
島根,世界測地系,1965年（昭和40年）,0.59MB,A19-651001_32_GML.zip
島根,世界測地系,1970年（昭和45年）,0.59MB,A19-701001_32_GML.zip
島根,世界測地系,1975年（昭和50年）,0.59MB,A19-751001_32_GML.zip
島根,世界測地系,1980年（昭和55年）,0.59MB,A19-801001_32_GML.zip
島根,世界測地系,1985年（昭和60年）,0.57MB,A19-851001_32_GML.zip
島根,世界測地系,1990年（平成2年）,0.57MB,A19-901001_32_GML.zip
島根,世界測地系,1995年（平成7年）,0.57MB,A19-951001_32_GML.zip
島根,世界測地系,2000年（平成12年）,0.57MB,A19-001001_32_GML.zip
島根,世界測地系,2005年（平成17年）,0.57MB,A19-051001_32_GML.zip
島根,世界測地系,2007年（平成19年）,0.57MB,A19-070402_32_GML.zip
島根,世界測地系,2017年（平成29年）,0.98MB,A19-17_32_GML.zip
岡山,世界測地系,1960年（昭和35年）,0.11MB,A19-601001_33_GML.zip
岡山,世界測地系,1965年（昭和40年）,0.24MB,A19-651001_33_GML.zip
岡山,世界測地系,1970年（昭和45年）,0.25MB,A19-701001_33_GML.zip
岡山,世界測地系,1975年（昭和50年）,0.25MB,A19-751001_33_GML.zip
岡山,世界測地系,1980年（昭和55年）,0.25MB,A19-801001_33_GML.zip
岡山,世界測地系,1985年（昭和60年）,0.25MB,A19-851001_33_GML.zip
岡山,世界測地系,1990年（平成2年）,0.25MB,A19-901001_33_GML.zip
岡山,世界測地系,1995年（平成7年）,0.25MB,A19-951001_33_GML.zip
岡山,世界測地系,2000年（平成12年）,0.25MB,A19-001001_33_GML.zip
岡山,世界測地系,2005年（平成17年）,0.25MB,A19-051001_33_GML.zip
岡山,世界測地系,2007年（平成19年）,0.25MB,A19-070402_33_GML.zip
岡山,世界測地系,2017年（平成29年）,0.36MB,A19-17_33_GML.zip
広島,世界測地系,1960年（昭和35年）,0.21MB,A19-601001_34_GML.zip
広島,世界測地系,1965年（昭和40年）,0.76MB,A19-651001_34_GML.zip
広島,世界測地系,1970年（昭和45年）,0.76MB,A19-701001_34_GML.zip
広島,世界測地系,1975年（昭和50年）,0.76MB,A19-751001_34_GML.zip
広島,世界測地系,1980年（昭和55年）,0.51MB,A19-801001_34_GML.zip
広島,世界測地系,1985年（昭和60年）,0.46MB,A19-851001_34_GML.zip
広島,世界測地系,1990年（平成2年）,0.46MB,A19-901001_34_GML.zip
広島,世界測地系,1995年（平成7年）,0.37MB,A19-951001_34_GML.zip
広島,世界測地系,2000年（平成12年）,0.37MB,A19-001001_34_GML.zip
広島,世界測地系,2005年（平成17年）,0.33MB,A19-051001_34_GML.zip
広島,世界測地系,2007年（平成19年）,0.33MB,A19-070402_34_GML.zip
広島,世界測地系,2017年（平成29年）,0.43MB,A19-17_34_GML.zip
山口,世界測地系,1955年（昭和30年）,0.08MB,A19-551001_35_GML.zip
山口,世界測地系,1960年（昭和35年）,0.38MB,A19-601001_35_GML.zip
山口,世界測地系,1965年（昭和40年）,0.54MB,A19-651001_35_GML.zip
山口,世界測地系,1970年（昭和45年）,0.54MB,A19-701001_35_GML.zip
山口,世界測地系,1975年（昭和50年）,0.48MB,A19-751001_35_GML.zip
山口,世界測地系,1980年（昭和55年）,0.40MB,A19-801001_35_GML.zip
山口,世界測地系,1985年（昭和60年）,0.39MB,A19-851001_35_GML.zip
山口,世界測地系,1990年（平成2年）,0.39MB,A19-901001_35_GML.zip
山口,世界測地系,1995年（平成7年）,0.39MB,A19-951001_35_GML.zip
山口,世界測地系,2000年（平成12年）,0.39MB,A19-001001_35_GML.zip
山口,世界測地系,2005年（平成17年）,0.36MB,A19-051001_35_GML.zip
山口,世界測地系,2007年（平成19年）,0.36MB,A19-070402_35_GML.zip
山口,世界測地系,2017年（平成29年）,0.74MB,A19-17_35_GML.zip
徳島,世界測地系,1960年（昭和35年）,0.03MB,A19-601001_36_GML.zip
徳島,世界測地系,1965年（昭和40年）,0.03MB,A19-651001_36_GML.zip
徳島,世界測地系,1970年（昭和45年）,0.03MB,A19-701001_36_GML.zip
徳島,世界測地系,1975年（昭和50年）,0.03MB,A19-751001_36_GML.zip
徳島,世界測地系,1980年（昭和55年）,0.03MB,A19-801001_36_GML.zip
徳島,世界測地系,1985年（昭和60年）,0.03MB,A19-851001_36_GML.zip
徳島,世界測地系,1990年（平成2年）,0.03MB,A19-901001_36_GML.zip
徳島,世界測地系,1995年（平成7年）,0.03MB,A19-951001_36_GML.zip
徳島,世界測地系,2000年（平成12年）,0.03MB,A19-001001_36_GML.zip
徳島,世界測地系,2005年（平成17年）,0.03MB,A19-051001_36_GML.zip
徳島,世界測地系,2007年（平成19年）,0.03MB,A19-070402_36_GML.zip
徳島,世界測地系,2017年（平成29年）,0.13MB,A19-17_36_GML.zip
香川,世界測地系,1960年（昭和35年）,0.24MB,A19-601001_37_GML.zip
香川,世界測地系,1965年（昭和40年）,0.29MB,A19-651001_37_GML.zip
香川,世界測地系,1970年（昭和45年）,0.28MB,A19-701001_37_GML.zip
香川,世界測地系,1975年（昭和50年）,0.28MB,A19-751001_37_GML.zip
香川,世界測地系,1980年（昭和55年）,0.28MB,A19-801001_37_GML.zip
香川,世界測地系,1985年（昭和60年）,0.28MB,A19-851001_37_GML.zip
香川,世界測地系,1990年（平成2年）,0.28MB,A19-901001_37_GML.zip
香川,世界測地系,1995年（平成7年）,0.28MB,A19-951001_37_GML.zip
香川,世界測地系,2000年（平成12年）,0.28MB,A19-001001_37_GML.zip
香川,世界測地系,2005年（平成17年）,0.31MB,A19-051001_37_GML.zip
香川,世界測地系,2007年（平成19年）,0.31MB,A19-070402_37_GML.zip
香川,世界測地系,2017年（平成29年）,1.08MB,A19-17_37_GML.zip
愛媛,世界測地系,1955年（昭和30年）,0.08MB,A19-551001_38_GML.zip
愛媛,世界測地系,1960年（昭和35年）,0.27MB,A19-601001_38_GML.zip
愛媛,世界測地系,1965年（昭和40年）,0.65MB,A19-651001_38_GML.zip
愛媛,世界測地系,1970年（昭和45年）,0.65MB,A19-701001_38_GML.zip
愛媛,世界測地系,1975年（昭和50年）,0.65MB,A19-751001_38_GML.zip
愛媛,世界測地系,1980年（昭和55年）,0.65MB,A19-801001_38_GML.zip
愛媛,世界測地系,1985年（昭和60年）,0.65MB,A19-851001_38_GML.zip
愛媛,世界測地系,1990年（平成2年）,0.65MB,A19-901001_38_GML.zip
愛媛,世界測地系,1995年（平成7年）,0.65MB,A19-951001_38_GML.zip
愛媛,世界測地系,2000年（平成12年）,0.65MB,A19-001001_38_GML.zip
愛媛,世界測地系,2005年（平成17年）,0.44MB,A19-051001_38_GML.zip
愛媛,世界測地系,2007年（平成19年）,0.44MB,A19-070402_38_GML.zip
愛媛,世界測地系,2017年（平成29年）,1.19MB,A19-17_38_GML.zip
高知,世界測地系,1955年（昭和30年）,0.07MB,A19-551001_39_GML.zip
高知,世界測地系,1960年（昭和35年）,0.08MB,A19-601001_39_GML.zip
高知,世界測地系,1965年（昭和40年）,0.08MB,A19-651001_39_GML.zip
高知,世界測地系,1970年（昭和45年）,0.07MB,A19-701001_39_GML.zip
高知,世界測地系,1975年（昭和50年）,0.07MB,A19-751001_39_GML.zip
高知,世界測地系,1980年（昭和55年）,0.07MB,A19-801001_39_GML.zip
高知,世界測地系,1985年（昭和60年）,0.07MB,A19-851001_39_GML.zip
高知,世界測地系,1990年（平成2年）,0.07MB,A19-901001_39_GML.zip
高知,世界測地系,1995年（平成7年）,0.07MB,A19-951001_39_GML.zip
高知,世界測地系,2000年（平成12年）,0.07MB,A19-001001_39_GML.zip
高知,世界測地系,2005年（平成17年）,0.07MB,A19-051001_39_GML.zip
高知,世界測地系,2007年（平成19年）,0.07MB,A19-070402_39_GML.zip
高知,世界測地系,2017年（平成29年）,0.10MB,A19-17_39_GML.zip
福岡,世界測地系,1955年（昭和30年）,0.05MB,A19-551001_40_GML.zip
福岡,世界測地系,1960年（昭和35年）,0.13MB,A19-601001_40_GML.zip
福岡,世界測地系,1965年（昭和40年）,0.13MB,A19-651001_40_GML.zip
福岡,世界測地系,1970年（昭和45年）,0.13MB,A19-701001_40_GML.zip
福岡,世界測地系,1975年（昭和50年）,0.13MB,A19-751001_40_GML.zip
福岡,世界測地系,1980年（昭和55年）,0.13MB,A19-801001_40_GML.zip
福岡,世界測地系,1985年（昭和60年）,0.13MB,A19-851001_40_GML.zip
福岡,世界測地系,1990年（平成2年）,0.13MB,A19-901001_40_GML.zip
福岡,世界測地系,1995年（平成7年）,0.13MB,A19-951001_40_GML.zip
福岡,世界測地系,2000年（平成12年）,0.13MB,A19-001001_40_GML.zip
福岡,世界測地系,2005年（平成17年）,0.13MB,A19-051001_40_GML.zip
福岡,世界測地系,2007年（平成19年）,0.13MB,A19-070402_40_GML.zip
福岡,世界測地系,2017年（平成29年）,0.35MB,A19-17_40_GML.zip
佐賀,世界測地系,1955年（昭和30年）,0.04MB,A19-551001_41_GML.zip
佐賀,世界測地系,1960年（昭和35年）,0.11MB,A19-601001_41_GML.zip
佐賀,世界測地系,1965年（昭和40年）,0.11MB,A19-651001_41_GML.zip
佐賀,世界測地系,1970年（昭和45年）,0.11MB,A19-701001_41_GML.zip
佐賀,世界測地系,1975年（昭和50年）,0.11MB,A19-751001_41_GML.zip
佐賀,世界測地系,1980年（昭和55年）,0.11MB,A19-801001_41_GML.zip
佐賀,世界測地系,1985年（昭和60年）,0.11MB,A19-851001_41_GML.zip
佐賀,世界測地系,1990年（平成2年）,0.11MB,A19-901001_41_GML.zip
佐賀,世界測地系,1995年（平成7年）,0.10MB,A19-951001_41_GML.zip
佐賀,世界測地系,2000年（平成12年）,0.10MB,A19-001001_41_GML.zip
佐賀,世界測地系,2005年（平成17年）,0.10MB,A19-051001_41_GML.zip
佐賀,世界測地系,2007年（平成19年）,0.10MB,A19-070402_41_GML.zip
佐賀,世界測地系,2017年（平成29年）,0.19MB,A19-17_41_GML.zip
長崎,世界測地系,1953年（昭和28年）,4.20MB,A19-531026_42_GML.zip
長崎,世界測地系,1955年（昭和30年）,5.05MB,A19-551001_42_GML.zip
長崎,世界測地系,1960年（昭和35年）,4.98MB,A19-601001_42_GML.zip
長崎,世界測地系,1965年（昭和40年）,4.98MB,A19-651001_42_GML.zip
長崎,世界測地系,1970年（昭和45年）,4.90MB,A19-701001_42_GML.zip
長崎,世界測地系,1975年（昭和50年）,4.90MB,A19-751001_42_GML.zip
長崎,世界測地系,1980年（昭和55年）,4.60MB,A19-801001_42_GML.zip
長崎,世界測地系,1985年（昭和60年）,4.60MB,A19-851001_42_GML.zip
長崎,世界測地系,1990年（平成2年）,4.59MB,A19-901001_42_GML.zip
長崎,世界測地系,1995年（平成7年）,4.54MB,A19-951001_42_GML.zip
長崎,世界測地系,2000年（平成12年）,4.54MB,A19-001001_42_GML.zip
長崎,世界測地系,2005年（平成17年）,4.46MB,A19-051001_42_GML.zip
長崎,世界測地系,2007年（平成19年）,4.46MB,A19-070402_42_GML.zip
長崎,世界測地系,2017年（平成29年）,7.89MB,A19-17_42_GML.zip
熊本,世界測地系,1953年（昭和28年）,1.56MB,A19-531026_43_GML.zip
熊本,世界測地系,1955年（昭和30年）,1.59MB,A19-551001_43_GML.zip
熊本,世界測地系,1960年（昭和35年）,1.59MB,A19-601001_43_GML.zip
熊本,世界測地系,1965年（昭和40年）,1.59MB,A19-651001_43_GML.zip
熊本,世界測地系,1970年（昭和45年）,1.13MB,A19-701001_43_GML.zip
熊本,世界測地系,1975年（昭和50年）,1.10MB,A19-751001_43_GML.zip
熊本,世界測地系,1980年（昭和55年）,0.18MB,A19-801001_43_GML.zip
熊本,世界測地系,1985年（昭和60年）,0.18MB,A19-851001_43_GML.zip
熊本,世界測地系,1990年（平成2年）,0.18MB,A19-901001_43_GML.zip
熊本,世界測地系,1995年（平成7年）,0.18MB,A19-951001_43_GML.zip
熊本,世界測地系,2000年（平成12年）,0.18MB,A19-001001_43_GML.zip
熊本,世界測地系,2005年（平成17年）,0.18MB,A19-051001_43_GML.zip
熊本,世界測地系,2007年（平成19年）,0.18MB,A19-070402_43_GML.zip
熊本,世界測地系,2017年（平成29年）,0.19MB,A19-17_43_GML.zip
大分,世界測地系,1960年（昭和35年）,0.14MB,A19-601001_44_GML.zip
大分,世界測地系,1965年（昭和40年）,0.14MB,A19-651001_44_GML.zip
大分,世界測地系,1970年（昭和45年）,0.14MB,A19-701001_44_GML.zip
大分,世界測地系,1975年（昭和50年）,0.14MB,A19-751001_44_GML.zip
大分,世界測地系,1980年（昭和55年）,0.14MB,A19-801001_44_GML.zip
大分,世界測地系,1985年（昭和60年）,0.14MB,A19-851001_44_GML.zip
大分,世界測地系,1990年（平成2年）,0.14MB,A19-901001_44_GML.zip
大分,世界測地系,1995年（平成7年）,0.14MB,A19-951001_44_GML.zip
大分,世界測地系,2000年（平成12年）,0.14MB,A19-001001_44_GML.zip
大分,世界測地系,2005年（平成17年）,0.14MB,A19-051001_44_GML.zip
大分,世界測地系,2007年（平成19年）,0.14MB,A19-070402_44_GML.zip
大分,世界測地系,2017年（平成29年）,0.20MB,A19-17_44_GML.zip
宮崎,世界測地系,1960年（昭和35年）,0.06MB,A19-601001_45_GML.zip
宮崎,世界測地系,1965年（昭和40年）,0.07MB,A19-651001_45_GML.zip
宮崎,世界測地系,1970年（昭和45年）,0.07MB,A19-701001_45_GML.zip
宮崎,世界測地系,1975年（昭和50年）,0.07MB,A19-751001_45_GML.zip
宮崎,世界測地系,1980年（昭和55年）,0.07MB,A19-801001_45_GML.zip
宮崎,世界測地系,1985年（昭和60年）,0.07MB,A19-851001_45_GML.zip
宮崎,世界測地系,1990年（平成2年）,0.07MB,A19-901001_45_GML.zip
宮崎,世界測地系,1995年（平成7年）,0.07MB,A19-951001_45_GML.zip
宮崎,世界測地系,2000年（平成12年）,0.07MB,A19-001001_45_GML.zip
宮崎,世界測地系,2005年（平成17年）,0.07MB,A19-051001_45_GML.zip
宮崎,世界測地系,2007年（平成19年）,0.07MB,A19-070402_45_GML.zip
宮崎,世界測地系,2017年（平成29年）,0.10MB,A19-17_45_GML.zip
鹿児島,世界測地系,1953年（昭和28年）,2.02MB,A19-531026_46_GML.zip
鹿児島,世界測地系,1955年（昭和30年）,2.02MB,A19-551001_46_GML.zip
鹿児島,世界測地系,1960年（昭和35年）,2.02MB,A19-601001_46_GML.zip
鹿児島,世界測地系,1965年（昭和40年）,2.03MB,A19-651001_46_GML.zip
鹿児島,世界測地系,1970年（昭和45年）,2.03MB,A19-701001_46_GML.zip
鹿児島,世界測地系,1975年（昭和50年）,2.03MB,A19-751001_46_GML.zip
鹿児島,世界測地系,1980年（昭和55年）,1.80MB,A19-801001_46_GML.zip
鹿児島,世界測地系,1985年（昭和60年）,1.80MB,A19-851001_46_GML.zip
鹿児島,世界測地系,1990年（平成2年）,1.80MB,A19-901001_46_GML.zip
鹿児島,世界測地系,1995年（平成7年）,1.80MB,A19-951001_46_GML.zip
鹿児島,世界測地系,2000年（平成12年）,1.78MB,A19-001001_46_GML.zip
鹿児島,世界測地系,2005年（平成17年）,1.78MB,A19-051001_46_GML.zip
鹿児島,世界測地系,2007年（平成19年）,1.78MB,A19-070402_46_GML.zip
鹿児島,世界測地系,2017年（平成29年）,3.50MB,A19-17_46_GML.zip