[{"filename": "A19s-95_01_GML.zip", "url": "https://nlftp.mlit.go.jp/ksj/gml/data/A19s/A19s-95/A19s-95_01_GML.zip"}, {"filename": "A19s-a-95_01_GML.zip", "url": "https://nlftp.mlit.go.jp/ksj/gml/data/A19s/A19s-95/A19s-a-95_01_GML.zip"}, {"filename": "A19s-00_01_GML.zip", "url": "https://nlftp.mlit.go.jp/ksj/gml/data/A19s/A19s-00/A19s-00_01_GML.zip"}, {"filename": "A19s-a-00_01_GML.zip", "url": "https://nlftp.mlit.go.jp/ksj/gml/data/A19s/A19s-00/A19s-a-00_01_GML.zip"}, {"filename": "A19s-05_01_GML.zip", "url": "https://nlftp.mlit.go.jp/ksj/gml/data/A19s/A19s-05/A19s-05_01_GML.zip"}, {"filename": "A19s-a-05_01_GML.zip", "url": "https://nlftp.mlit.go.jp/ksj/gml/data/A19s/A19s-05/A19s-a-05_01_GML.zip"}, {"filename": "A19s-10_01_GML.zip", "url": "https://nlftp.mlit.go.jp/ksj/gml/data/A19s/A19s-10/A19s-10_01_GML.zip"}, {"filename": "A19s-a-10_01_GML.zip", "url": "https://nlftp.mlit.go.jp/ksj/gml/data/A19s/A19s-10/A19s-a-10_01_GML.zip"}, {"filename": "A19s-95_04_GML.zip", "url": "https://nlftp.mlit.go.jp/ksj/gml/data/A19s/A19s-95/A19s-95_04_GML.zip"}, {"filename": "A19s-a-95_04_GML.zip", "url": "https://nlftp.mlit.go.jp/ksj/gml/data/A19s/A19s-95/A19s-a-95_04_GML.zip"}, {"filename": "A19s-00_04_GML.zip", "url": "https://nlftp.mlit.go.jp/ksj/gml/data/A19s/A19s-00/A19s-00_04_GML.zip"}, {"filename": "A19s-a-00_04_GML.zip", "url": "https://nlftp.mlit.go.jp/ksj/gml/data/A19s/A19s-00/A19s-a-00_04_GML.zip"}, {"filename": "A19s-05_04_GML.zip", "url": "https://nlftp.mlit.go.jp/ksj/gml/data/A19s/A19s-05/A19s-05_04_GML.zip"}, {"filename": "A19s-a-05_04_GML.zip", "url": "https://nlftp.mlit.go.jp/ksj/gml/data/A19s/A19s-05/A19s-a-05_04_GML.zip"}, {"filename": "A19s-10_04_GML.zip", "url": "https://nlftp.mlit.go.jp/ksj/gml/data/A19s/A19s-10/A19s-10_04_GML.zip"}, {"filename": "A19s-a-10_04_GML.zip", "url": "https://nlftp.mlit.go.jp/ksj/gml/data/A19s/A19s-10/A19s-a-10_04_GML.zip"}, {"filename": "A19s-95_06_GML.zip", "url": "https://nlftp.mlit.go.jp/ksj/gml/data/A19s/A19s-95/A19s-95_06_GML.zip"}, {"filename": "A19s-a-95_06_GML.zip", "url": "https://nlftp.mlit.go.jp/ksj/gml/data/A19s/A19s-95/A19s-a-95_06_GML.zip"}, {"filename": "A19s-00_06_GML.zip", "url": "https://nlftp.mlit.go.jp/ksj/gml/data/A19s/A19s-00/A19s-00_06_GML.zip"}, {"filename": "A19s-a-00_06_GML.zip", "url": "https://nlftp.mlit.go.jp/ksj/gml/data/A19s/A19s-00/A19s-a-00_06_GML.zip"}, {"filename": "A19s-05_06_GML.zip", "url": "https://nlftp.mlit.go.jp/ksj/gml/data/A19s/A19s-05/A19s-05_06_GML.zip"}, {"filename": "A19s-a-05_06_GML.zip", "url": "https://nlftp.mlit.go.jp/ksj/gml/data/A19s/A19s-05/A19s-a-05_06_GML.zip"}, {"filename": "A19s-10_06_GML.zip", "url": "https://nlftp.mlit.go.jp/ksj/gml/data/A19s/A19s-10/A19s-10_06_GML.zip"}, {"filename": "A19s-a-10_06_GML.zip", "url": "https://nlftp.mlit.go.jp/ksj/gml/data/A19s/A19s-10/A19s-a-10_06_GML.zip"}, {"filename": "A19s-95_13_GML.zip", "url": "https://nlftp.mlit.go.jp/ksj/gml/data/A19s/A19s-95/A19s-95_13_GML.zip"}, {"filename": "A19s-a-95_13_GML.zip", "url": "https://nlftp.mlit.go.jp/ksj/gml/data/A19s/A19s-95/A19s-a-95_13_GML.zip"}, {"filename": "A19s-00_13_GML.zip", "url": "https://nlftp.mlit.go.jp/ksj/gml/data/A19s/A19s-00/A19s-00_13_GML.zip"}, {"filename": "A19s-a-00_13_GML.zip", "url": "https://nlftp.mlit.go.jp/ksj/gml/data/A19s/A19s-00/A19s-a-00_13_GML.zip"}, {"filename": "A19s-05_13_GML.zip", "url": "https://nlftp.mlit.go.jp/ksj/gml/data/A19s/A19s-05/A19s-05_13_GML.zip"}, {"filename": "A19s-a-05_13_GML.zip", "url": "https://nlftp.mlit.go.jp/ksj/gml/data/A19s/A19s-05/A19s-a-05_13_GML.zip"}, {"filename": "A19s-10_13_GML.zip", "url": "https://nlftp.mlit.go.jp/ksj/gml/data/A19s/A19s-10/A19s-10_13_GML.zip"}, {"filename": "A19s-a-10_13_GML.zip", "url": "https://nlftp.mlit.go.jp/ksj/gml/data/A19s/A19s-10/A19s-a-10_13_GML.zip"}, {"filename": "A19s-95_15_GML.zip", "url": "https://nlftp.mlit.go.jp/ksj/gml/data/A19s/A19s-95/A19s-95_15_GML.zip"}, {"filename": "A19s-a-95_15_GML.zip", "url": "https://nlftp.mlit.go.jp/ksj/gml/data/A19s/A19s-95/A19s-a-95_15_GML.zip"}, {"filename": "A19s-00_15_GML.zip", "url": "https://nlftp.mlit.go.jp/ksj/gml/data/A19s/A19s-00/A19s-00_15_GML.zip"}, {"filename": "A19s-a-00_15_GML.zip", "url": "https://nlftp.mlit.go.jp/ksj/gml/data/A19s/A19s-00/A19s-a-00_15_GML.zip"}, {"filename": "A19s-05_15_GML.zip", "url": "https://nlftp.mlit.go.jp/ksj/gml/data/A19s/A19s-05/A19s-05_15_GML.zip"}, {"filename": "A19s-a-05_15_GML.zip", "url": "https://nlftp.mlit.go.jp/ksj/gml/data/A19s/A19s-05/A19s-a-05_15_GML.zip"}, {"filename": "A19s-10_15_GML.zip", "url": "https://nlftp.mlit.go.jp/ksj/gml/data/A19s/A19s-10/A19s-10_15_GML.zip"}, {"filename": "A19s-a-10_15_GML.zip", "url": "https://nlftp.mlit.go.jp/ksj/gml/data/A19s/A19s-10/A19s-a-10_15_GML.zip"}, {"filename": "A19s-95_17_GML.zip", "url": "https://nlftp.mlit.go.jp/ksj/gml/data/A19s/A19s-95/A19s-95_17_GML.zip"}, {"filename": "A19s-a-95_17_GML.zip", "url": "https://nlftp.mlit.go.jp/ksj/gml/data/A19s/A19s-95/A19s-a-95_17_GML.zip"}, {"filename": "A19s-00_17_GML.zip", "url": "https://nlftp.mlit.go.jp/ksj/gml/data/A19s/A19s-00/A19s-00_17_GML.zip"}, {"filename": "A19s-a-00_17_GML.zip", "url": "https://nlftp.mlit.go.jp/ksj/gml/data/A19s/A19s-00/A19s-a-00_17_GML.zip"}, {"filename": "A19s-05_17_GML.zip", "url": "https://nlftp.mlit.go.jp/ksj/gml/data/A19s/A19s-05/A19s-05_17_GML.zip"}, {"filename": "A19s-a-05_17_GML.zip", "url": "https://nlftp.mlit.go.jp/ksj/gml/data/A19s/A19s-05/A19s-a-05_17_GML.zip"}, {"filename": "A19s-10_17_GML.zip", "url": "https://nlftp.mlit.go.jp/ksj/gml/data/A19s/A19s-10/A19s-10_17_GML.zip"}, {"filename": "A19s-a-10_17_GML.zip", "url": "https://nlftp.mlit.go.jp/ksj/gml/data/A19s/A19s-10/A19s-a-10_17_GML.zip"}, {"filename": "A19s-95_22_GML.zip", "url": "https://nlftp.mlit.go.jp/ksj/gml/data/A19s/A19s-95/A19s-95_22_GML.zip"}, {"filename": "A19s-a-95_22_GML.zip", "url": "https://nlftp.mlit.go.jp/ksj/gml/data/A19s/A19s-95/A19s-a-95_22_GML.zip"}, {"filename": "A19s-00_22_GML.zip", "url": "https://nlftp.mlit.go.jp/ksj/gml/data/A19s/A19s-00/A19s-00_22_GML.zip"}, {"filename": "A19s-a-00_22_GML.zip", "url": "https://nlftp.mlit.go.jp/ksj/gml/data/A19s/A19s-00/A19s-a-00_22_GML.zip"}, {"filename": "A19s-05_22_GML.zip", "url": "https://nlftp.mlit.go.jp/ksj/gml/data/A19s/A19s-05/A19s-05_22_GML.zip"}, {"filename": "A19s-a-05_22_GML.zip", "url": "https://nlftp.mlit.go.jp/ksj/gml/data/A19s/A19s-05/A19s-a-05_22_GML.zip"}, {"filename": "A19s-10_22_GML.zip", "url": "https://nlftp.mlit.go.jp/ksj/gml/data/A19s/A19s-10/A19s-10_22_GML.zip"}, {"filename": "A19s-a-10_22_GML.zip", "url": "https://nlftp.mlit.go.jp/ksj/gml/data/A19s/A19s-10/A19s-a-10_22_GML.zip"}, {"filename": "A19s-95_23_GML.zip", "url": "https://nlftp.mlit.go.jp/ksj/gml/data/A19s/A19s-95/A19s-95_23_GML.zip"}, {"filename": "A19s-a-95_23_GML.zip", "url": "https://nlftp.mlit.go.jp/ksj/gml/data/A19s/A19s-95/A19s-a-95_23_GML.zip"}, {"filename": "A19s-00_23_GML.zip", "url": "https://nlftp.mlit.go.jp/ksj/gml/data/A19s/A19s-00/A19s-00_23_GML.zip"}, {"filename": "A19s-a-00_23_GML.zip", "url": "https://nlftp.mlit.go.jp/ksj/gml/data/A19s/A19s-00/A19s-a-00_23_GML.zip"}, {"filename": "A19s-05_23_GML.zip", "url": "https://nlftp.mlit.go.jp/ksj/gml/data/A19s/A19s-05/A19s-05_23_GML.zip"}, {"filename": "A19s-a-05_23_GML.zip", "url": "https://nlftp.mlit.go.jp/ksj/gml/data/A19s/A19s-05/A19s-a-05_23_GML.zip"}, {"filename": "A19s-10_23_GML.zip", "url": "https://nlftp.mlit.go.jp/ksj/gml/data/A19s/A19s-10/A19s-10_23_GML.zip"}, {"filename": "A19s-a-10_23_GML.zip", "url": "https://nlftp.mlit.go.jp/ksj/gml/data/A19s/A19s-10/A19s-a-10_23_GML.zip"}, {"filename": "A19s-95_24_GML.zip", "url": "https://nlftp.mlit.go.jp/ksj/gml/data/A19s/A19s-95/A19s-95_24_GML.zip"}, {"filename": "A19s-a-95_24_GML.zip", "url": "https://nlftp.mlit.go.jp/ksj/gml/data/A19s/A19s-95/A19s-a-95_24_GML.zip"}, {"filename": "A19s-00_24_GML.zip", "url": "https://nlftp.mlit.go.jp/ksj/gml/data/A19s/A19s-00/A19s-00_24_GML.zip"}, {"filename": "A19s-a-00_24_GML.zip", "url": "https://nlftp.mlit.go.jp/ksj/gml/data/A19s/A19s-00/A19s-a-00_24_GML.zip"}, {"filename": "A19s-05_24_GML.zip", "url": "https://nlftp.mlit.go.jp/ksj/gml/data/A19s/A19s-05/A19s-05_24_GML.zip"}, {"filename": "A19s-a-05_24_GML.zip", "url": "https://nlftp.mlit.go.jp/ksj/gml/data/A19s/A19s-05/A19s-a-05_24_GML.zip"}, {"filename": "A19s-10_24_GML.zip", "url": "https://nlftp.mlit.go.jp/ksj/gml/data/A19s/A19s-10/A19s-10_24_GML.zip"}, {"filename": "A19s-a-10_24_GML.zip", "url": "https://nlftp.mlit.go.jp/ksj/gml/data/A19s/A19s-10/A19s-a-10_24_GML.zip"}, {"filename": "A19s-95_28_GML.zip", "url": "https://nlftp.mlit.go.jp/ksj/gml/data/A19s/A19s-95/A19s-95_28_GML.zip"}, {"filename": "A19s-a-95_28_GML.zip", "url": "https://nlftp.mlit.go.jp/ksj/gml/data/A19s/A19s-95/A19s-a-95_28_GML.zip"}, {"filename": "A19s-00_28_GML.zip", "url": "https://nlftp.mlit.go.jp/ksj/gml/data/A19s/A19s-00/A19s-00_28_GML.zip"}, {"filename": "A19s-a-00_28_GML.zip", "url": "https://nlftp.mlit.go.jp/ksj/gml/data/A19s/A19s-00/A19s-a-00_28_GML.zip"}, {"filename": "A19s-05_28_GML.zip", "url": "https://nlftp.mlit.go.jp/ksj/gml/data/A19s/A19s-05/A19s-05_28_GML.zip"}, {"filename": "A19s-a-05_28_GML.zip", "url": "https://nlftp.mlit.go.jp/ksj/gml/data/A19s/A19s-05/A19s-a-05_28_GML.zip"}, {"filename": "A19s-10_28_GML.zip", "url": "https://nlftp.mlit.go.jp/ksj/gml/data/A19s/A19s-10/A19s-10_28_GML.zip"}, {"filename": "A19s-a-10_28_GML.zip", "url": "https://nlftp.mlit.go.jp/ksj/gml/data/A19s/A19s-10/A19s-a-10_28_GML.zip"}, {"filename": "A19s-95_30_GML.zip", "url": "https://nlftp.mlit.go.jp/ksj/gml/data/A19s/A19s-95/A19s-95_30_GML.zip"}, {"filename": "A19s-a-95_30_GML.zip", "url": "https://nlftp.mlit.go.jp/ksj/gml/data/A19s/A19s-95/A19s-a-95_30_GML.zip"}, {"filename": "A19s-00_30_GML.zip", "url": "https://nlftp.mlit.go.jp/ksj/gml/data/A19s/A19s-00/A19s-00_30_GML.zip"}, {"filename": "A19s-a-00_30_GML.zip", "url": "https://nlftp.mlit.go.jp/ksj/gml/data/A19s/A19s-00/A19s-a-00_30_GML.zip"}, {"filename": "A19s-05_30_GML.zip", "url": "https://nlftp.mlit.go.jp/ksj/gml/data/A19s/A19s-05/A19s-05_30_GML.zip"}, {"filename": "A19s-a-05_30_GML.zip", "url": "https://nlftp.mlit.go.jp/ksj/gml/data/A19s/A19s-05/A19s-a-05_30_GML.zip"}, {"filename": "A19s-10_30_GML.zip", "url": "https://nlftp.mlit.go.jp/ksj/gml/data/A19s/A19s-10/A19s-10_30_GML.zip"}, {"filename": "A19s-a-10_30_GML.zip", "url": "https://nlftp.mlit.go.jp/ksj/gml/data/A19s/A19s-10/A19s-a-10_30_GML.zip"}, {"filename": "A19s-95_32_GML.zip", "url": "https://nlftp.mlit.go.jp/ksj/gml/data/A19s/A19s-95/A19s-95_32_GML.zip"}, {"filename": "A19s-a-95_32_GML.zip", "url": "https://nlftp.mlit.go.jp/ksj/gml/data/A19s/A19s-95/A19s-a-95_32_GML.zip"}, {"filename": "A19s-00_32_GML.zip", "url": "https://nlftp.mlit.go.jp/ksj/gml/data/A19s/A19s-00/A19s-00_32_GML.zip"}, {"filename": "A19s-a-00_32_GML.zip", "url": "https://nlftp.mlit.go.jp/ksj/gml/data/A19s/A19s-00/A19s-a-00_32_GML.zip"}, {"filename": "A19s-05_32_GML.zip", "url": "https://nlftp.mlit.go.jp/ksj/gml/data/A19s/A19s-05/A19s-05_32_GML.zip"}, {"filename": "A19s-a-05_32_GML.zip", "url": "https://nlftp.mlit.go.jp/ksj/gml/data/A19s/A19s-05/A19s-a-05_32_GML.zip"}, {"filename": "A19s-10_32_GML.zip", "url": "https://nlftp.mlit.go.jp/ksj/gml/data/A19s/A19s-10/A19s-10_32_GML.zip"}, {"filename": "A19s-a-10_32_GML.zip", "url": "https://nlftp.mlit.go.jp/ksj/gml/data/A19s/A19s-10/A19s-a-10_32_GML.zip"}, {"filename": "A19s-95_33_GML.zip", "url": "https://nlftp.mlit.go.jp/ksj/gml/data/A19s/A19s-95/A19s-95_33_GML.zip"}, {"filename": "A19s-a-95_33_GML.zip", "url": "https://nlftp.mlit.go.jp/ksj/gml/data/A19s/A19s-95/A19s-a-95_33_GML.zip"}, {"filename": "A19s-00_33_GML.zip", "url": "https://nlftp.mlit.go.jp/ksj/gml/data/A19s/A19s-00/A19s-00_33_GML.zip"}, {"filename": "A19s-a-00_33_GML.zip", "url": "https://nlftp.mlit.go.jp/ksj/gml/data/A19s/A19s-00/A19s-a-00_33_GML.zip"}, {"filename": "A19s-05_33_GML.zip", "url": "https://nlftp.mlit.go.jp/ksj/gml/data/A19s/A19s-05/A19s-05_33_GML.zip"}, {"filename": "A19s-a-05_33_GML.zip", "url": "https://nlftp.mlit.go.jp/ksj/gml/data/A19s/A19s-05/A19s-a-05_33_GML.zip"}, {"filename": "A19s-10_33_GML.zip", "url": "https://nlftp.mlit.go.jp/ksj/gml/data/A19s/A19s-10/A19s-10_33_GML.zip"}, {"filename": "A19s-a-10_33_GML.zip", "url": "https://nlftp.mlit.go.jp/ksj/gml/data/A19s/A19s-10/A19s-a-10_33_GML.zip"}, {"filename": "A19s-95_34_GML.zip", "url": "https://nlftp.mlit.go.jp/ksj/gml/data/A19s/A19s-95/A19s-95_34_GML.zip"}, {"filename": "A19s-a-95_34_GML.zip", "url": "https://nlftp.mlit.go.jp/ksj/gml/data/A19s/A19s-95/A19s-a-95_34_GML.zip"}, {"filename": "A19s-00_34_GML.zip", "url": "https://nlftp.mlit.go.jp/ksj/gml/data/A19s/A19s-00/A19s-00_34_GML.zip"}, {"filename": "A19s-a-00_34_GML.zip", "url": "https://nlftp.mlit.go.jp/ksj/gml/data/A19s/A19s-00/A19s-a-00_34_GML.zip"}, {"filename": "A19s-05_34_GML.zip", "url": "https://nlftp.mlit.go.jp/ksj/gml/data/A19s/A19s-05/A19s-05_34_GML.zip"}, {"filename": "A19s-a-05_34_GML.zip", "url": "https://nlftp.mlit.go.jp/ksj/gml/data/A19s/A19s-05/A19s-a-05_34_GML.zip"}, {"filename": "A19s-10_34_GML.zip", "url": "https://nlftp.mlit.go.jp/ksj/gml/data/A19s/A19s-10/A19s-10_34_GML.zip"}, {"filename": "A19s-a-10_34_GML.zip", "url": "https://nlftp.mlit.go.jp/ksj/gml/data/A19s/A19s-10/A19s-a-10_34_GML.zip"}, {"filename": "A19s-95_35_GML.zip", "url": "https://nlftp.mlit.go.jp/ksj/gml/data/A19s/A19s-95/A19s-95_35_GML.zip"}, {"filename": "A19s-a-95_35_GML.zip", "url": "https://nlftp.mlit.go.jp/ksj/gml/data/A19s/A19s-95/A19s-a-95_35_GML.zip"}, {"filename": "A19s-00_35_GML.zip", "url": "https://nlftp.mlit.go.jp/ksj/gml/data/A19s/A19s-00/A19s-00_35_GML.zip"}, {"filename": "A19s-a-00_35_GML.zip", "url": "https://nlftp.mlit.go.jp/ksj/gml/data/A19s/A19s-00/A19s-a-00_35_GML.zip"}, {"filename": "A19s-05_35_GML.zip", "url": "https://nlftp.mlit.go.jp/ksj/gml/data/A19s/A19s-05/A19s-05_35_GML.zip"}, {"filename": "A19s-a-05_35_GML.zip", "url": "https://nlftp.mlit.go.jp/ksj/gml/data/A19s/A19s-05/A19s-a-05_35_GML.zip"}, {"filename": "A19s-10_35_GML.zip", "url": "https://nlftp.mlit.go.jp/ksj/gml/data/A19s/A19s-10/A19s-10_35_GML.zip"}, {"filename": "A19s-a-10_35_GML.zip", "url": "https://nlftp.mlit.go.jp/ksj/gml/data/A19s/A19s-10/A19s-a-10_35_GML.zip"}, {"filename": "A19s-95_36_GML.zip", "url": "https://nlftp.mlit.go.jp/ksj/gml/data/A19s/A19s-95/A19s-95_36_GML.zip"}, {"filename": "A19s-a-95_36_GML.zip", "url": "https://nlftp.mlit.go.jp/ksj/gml/data/A19s/A19s-95/A19s-a-95_36_GML.zip"}, {"filename": "A19s-00_36_GML.zip", "url": "https://nlftp.mlit.go.jp/ksj/gml/data/A19s/A19s-00/A19s-00_36_GML.zip"}, {"filename": "A19s-a-00_36_GML.zip", "url": "https://nlftp.mlit.go.jp/ksj/gml/data/A19s/A19s-00/A19s-a-00_36_GML.zip"}, {"filename": "A19s-05_36_GML.zip", "url": "https://nlftp.mlit.go.jp/ksj/gml/data/A19s/A19s-05/A19s-05_36_GML.zip"}, {"filename": "A19s-a-05_36_GML.zip", "url": "https://nlftp.mlit.go.jp/ksj/gml/data/A19s/A19s-05/A19s-a-05_36_GML.zip"}, {"filename": "A19s-10_36_GML.zip", "url": "https://nlftp.mlit.go.jp/ksj/gml/data/A19s/A19s-10/A19s-10_36_GML.zip"}, {"filename": "A19s-a-10_36_GML.zip", "url": "https://nlftp.mlit.go.jp/ksj/gml/data/A19s/A19s-10/A19s-a-10_36_GML.zip"}, {"filename": "A19s-95_37_GML.zip", "url": "https://nlftp.mlit.go.jp/ksj/gml/data/A19s/A19s-95/A19s-95_37_GML.zip"}, {"filename": "A19s-a-95_37_GML.zip", "url": "https://nlftp.mlit.go.jp/ksj/gml/data/A19s/A19s-95/A19s-a-95_37_GML.zip"}, {"filename": "A19s-00_37_GML.zip", "url": "https://nlftp.mlit.go.jp/ksj/gml/data/A19s/A19s-00/A19s-00_37_GML.zip"}, {"filename": "A19s-a-00_37_GML.zip", "url": "https://nlftp.mlit.go.jp/ksj/gml/data/A19s/A19s-00/A19s-a-00_37_GML.zip"}, {"filename": "A19s-05_37_GML.zip", "url": "https://nlftp.mlit.go.jp/ksj/gml/data/A19s/A19s-05/A19s-05_37_GML.zip"}, {"filename": "A19s-a-05_37_GML.zip", "url": "https://nlftp.mlit.go.jp/ksj/gml/data/A19s/A19s-05/A19s-a-05_37_GML.zip"}, {"filename": "A19s-10_37_GML.zip", "url": "https://nlftp.mlit.go.jp/ksj/gml/data/A19s/A19s-10/A19s-10_37_GML.zip"}, {"filename": "A19s-a-10_37_GML.zip", "url": "https://nlftp.mlit.go.jp/ksj/gml/data/A19s/A19s-10/A19s-a-10_37_GML.zip"}, {"filename": "A19s-95_38_GML.zip", "url": "https://nlftp.mlit.go.jp/ksj/gml/data/A19s/A19s-95/A19s-95_38_GML.zip"}, {"filename": "A19s-a-95_38_GML.zip", "url": "https://nlftp.mlit.go.jp/ksj/gml/data/A19s/A19s-95/A19s-a-95_38_GML.zip"}, {"filename": "A19s-00_38_GML.zip", "url": "https://nlftp.mlit.go.jp/ksj/gml/data/A19s/A19s-00/A19s-00_38_GML.zip"}, {"filename": "A19s-a-00_38_GML.zip", "url": "https://nlftp.mlit.go.jp/ksj/gml/data/A19s/A19s-00/A19s-a-00_38_GML.zip"}, {"filename": "A19s-05_38_GML.zip", "url": "https://nlftp.mlit.go.jp/ksj/gml/data/A19s/A19s-05/A19s-05_38_GML.zip"}, {"filename": "A19s-a-05_38_GML.zip", "url": "https://nlftp.mlit.go.jp/ksj/gml/data/A19s/A19s-05/A19s-a-05_38_GML.zip"}, {"filename": "A19s-10_38_GML.zip", "url": "https://nlftp.mlit.go.jp/ksj/gml/data/A19s/A19s-10/A19s-10_38_GML.zip"}, {"filename": "A19s-a-10_38_GML.zip", "url": "https://nlftp.mlit.go.jp/ksj/gml/data/A19s/A19s-10/A19s-a-10_38_GML.zip"}, {"filename": "A19s-95_39_GML.zip", "url": "https://nlftp.mlit.go.jp/ksj/gml/data/A19s/A19s-95/A19s-95_39_GML.zip"}, {"filename": "A19s-a-95_39_GML.zip", "url": "https://nlftp.mlit.go.jp/ksj/gml/data/A19s/A19s-95/A19s-a-95_39_GML.zip"}, {"filename": "A19s-00_39_GML.zip", "url": "https://nlftp.mlit.go.jp/ksj/gml/data/A19s/A19s-00/A19s-00_39_GML.zip"}, {"filename": "A19s-a-00_39_GML.zip", "url": "https://nlftp.mlit.go.jp/ksj/gml/data/A19s/A19s-00/A19s-a-00_39_GML.zip"}, {"filename": "A19s-05_39_GML.zip", "url": "https://nlftp.mlit.go.jp/ksj/gml/data/A19s/A19s-05/A19s-05_39_GML.zip"}, {"filename": "A19s-a-05_39_GML.zip", "url": "https://nlftp.mlit.go.jp/ksj/gml/data/A19s/A19s-05/A19s-a-05_39_GML.zip"}, {"filename": "A19s-10_39_GML.zip", "url": "https://nlftp.mlit.go.jp/ksj/gml/data/A19s/A19s-10/A19s-10_39_GML.zip"}, {"filename": "A19s-a-10_39_GML.zip", "url": "https://nlftp.mlit.go.jp/ksj/gml/data/A19s/A19s-10/A19s-a-10_39_GML.zip"}, {"filename": "A19s-95_40_GML.zip", "url": "https://nlftp.mlit.go.jp/ksj/gml/data/A19s/A19s-95/A19s-95_40_GML.zip"}, {"filename": "A19s-a-95_40_GML.zip", "url": "https://nlftp.mlit.go.jp/ksj/gml/data/A19s/A19s-95/A19s-a-95_40_GML.zip"}, {"filename": "A19s-00_40_GML.zip", "url": "https://nlftp.mlit.go.jp/ksj/gml/data/A19s/A19s-00/A19s-00_40_GML.zip"}, {"filename": "A19s-a-00_40_GML.zip", "url": "https://nlftp.mlit.go.jp/ksj/gml/data/A19s/A19s-00/A19s-a-00_40_GML.zip"}, {"filename": "A19s-05_40_GML.zip", "url": "https://nlftp.mlit.go.jp/ksj/gml/data/A19s/A19s-05/A19s-05_40_GML.zip"}, {"filename": "A19s-a-05_40_GML.zip", "url": "https://nlftp.mlit.go.jp/ksj/gml/data/A19s/A19s-05/A19s-a-05_40_GML.zip"}, {"filename": "A19s-10_40_GML.zip", "url": "https://nlftp.mlit.go.jp/ksj/gml/data/A19s/A19s-10/A19s-10_40_GML.zip"}, {"filename": "A19s-a-10_40_GML.zip", "url": "https://nlftp.mlit.go.jp/ksj/gml/data/A19s/A19s-10/A19s-a-10_40_GML.zip"}, {"filename": "A19s-95_41_GML.zip", "url": "https://nlftp.mlit.go.jp/ksj/gml/data/A19s/A19s-95/A19s-95_41_GML.zip"}, {"filename": "A19s-a-95_41_GML.zip", "url": "https://nlftp.mlit.go.jp/ksj/gml/data/A19s/A19s-95/A19s-a-95_41_GML.zip"}, {"filename": "A19s-00_41_GML.zip", "url": "https://nlftp.mlit.go.jp/ksj/gml/data/A19s/A19s-00/A19s-00_41_GML.zip"}, {"filename": "A19s-a-00_41_GML.zip", "url": "https://nlftp.mlit.go.jp/ksj/gml/data/A19s/A19s-00/A19s-a-00_41_GML.zip"}, {"filename": "A19s-05_41_GML.zip", "url": "https://nlftp.mlit.go.jp/ksj/gml/data/A19s/A19s-05/A19s-05_41_GML.zip"}, {"filename": "A19s-a-05_41_GML.zip", "url": "https://nlftp.mlit.go.jp/ksj/gml/data/A19s/A19s-05/A19s-a-05_41_GML.zip"}, {"filename": "A19s-10_41_GML.zip", "url": "https://nlftp.mlit.go.jp/ksj/gml/data/A19s/A19s-10/A19s-10_41_GML.zip"}, {"filename": "A19s-a-10_41_GML.zip", "url": "https://nlftp.mlit.go.jp/ksj/gml/data/A19s/A19s-10/A19s-a-10_41_GML.zip"}, {"filename": "A19s-95_42_GML.zip", "url": "https://nlftp.mlit.go.jp/ksj/gml/data/A19s/A19s-95/A19s-95_42_GML.zip"}, {"filename": "A19s-a-95_42_GML.zip", "url": "https://nlftp.mlit.go.jp/ksj/gml/data/A19s/A19s-95/A19s-a-95_42_GML.zip"}, {"filename": "A19s-00_42_GML.zip", "url": "https://nlftp.mlit.go.jp/ksj/gml/data/A19s/A19s-00/A19s-00_42_GML.zip"}, {"filename": "A19s-a-00_42_GML.zip", "url": "https://nlftp.mlit.go.jp/ksj/gml/data/A19s/A19s-00/A19s-a-00_42_GML.zip"}, {"filename": "A19s-05_42_GML.zip", "url": "https://nlftp.mlit.go.jp/ksj/gml/data/A19s/A19s-05/A19s-05_42_GML.zip"}, {"filename": "A19s-a-05_42_GML.zip", "url": "https://nlftp.mlit.go.jp/ksj/gml/data/A19s/A19s-05/A19s-a-05_42_GML.zip"}, {"filename": "A19s-10_42_GML.zip", "url": "https://nlftp.mlit.go.jp/ksj/gml/data/A19s/A19s-10/A19s-10_42_GML.zip"}, {"filename": "A19s-a-10_42_GML.zip", "url": "https://nlftp.mlit.go.jp/ksj/gml/data/A19s/A19s-10/A19s-a-10_42_GML.zip"}, {"filename": "A19s-95_43_GML.zip", "url": "https://nlftp.mlit.go.jp/ksj/gml/data/A19s/A19s-95/A19s-95_43_GML.zip"}, {"filename": "A19s-a-95_43_GML.zip", "url": "https://nlftp.mlit.go.jp/ksj/gml/data/A19s/A19s-95/A19s-a-95_43_GML.zip"}, {"filename": "A19s-00_43_GML.zip", "url": "https://nlftp.mlit.go.jp/ksj/gml/data/A19s/A19s-00/A19s-00_43_GML.zip"}, {"filename": "A19s-a-00_43_GML.zip", "url": "https://nlftp.mlit.go.jp/ksj/gml/data/A19s/A19s-00/A19s-a-00_43_GML.zip"}, {"filename": "A19s-05_43_GML.zip", "url": "https://nlftp.mlit.go.jp/ksj/gml/data/A19s/A19s-05/A19s-05_43_GML.zip"}, {"filename": "A19s-a-05_43_GML.zip", "url": "https://nlftp.mlit.go.jp/ksj/gml/data/A19s/A19s-05/A19s-a-05_43_GML.zip"}, {"filename": "A19s-10_43_GML.zip", "url": "https://nlftp.mlit.go.jp/ksj/gml/data/A19s/A19s-10/A19s-10_43_GML.zip"}, {"filename": "A19s-a-10_43_GML.zip", "url": "https://nlftp.mlit.go.jp/ksj/gml/data/A19s/A19s-10/A19s-a-10_43_GML.zip"}, {"filename": "A19s-95_44_GML.zip", "url": "https://nlftp.mlit.go.jp/ksj/gml/data/A19s/A19s-95/A19s-95_44_GML.zip"}, {"filename": "A19s-a-95_44_GML.zip", "url": "https://nlftp.mlit.go.jp/ksj/gml/data/A19s/A19s-95/A19s-a-95_44_GML.zip"}, {"filename": "A19s-00_44_GML.zip", "url": "https://nlftp.mlit.go.jp/ksj/gml/data/A19s/A19s-00/A19s-00_44_GML.zip"}, {"filename": "A19s-a-00_44_GML.zip", "url": "https://nlftp.mlit.go.jp/ksj/gml/data/A19s/A19s-00/A19s-a-00_44_GML.zip"}, {"filename": "A19s-05_44_GML.zip", "url": "https://nlftp.mlit.go.jp/ksj/gml/data/A19s/A19s-05/A19s-05_44_GML.zip"}, {"filename": "A19s-a-05_44_GML.zip", "url": "https://nlftp.mlit.go.jp/ksj/gml/data/A19s/A19s-05/A19s-a-05_44_GML.zip"}, {"filename": "A19s-10_44_GML.zip", "url": "https://nlftp.mlit.go.jp/ksj/gml/data/A19s/A19s-10/A19s-10_44_GML.zip"}, {"filename": "A19s-a-10_44_GML.zip", "url": "https://nlftp.mlit.go.jp/ksj/gml/data/A19s/A19s-10/A19s-a-10_44_GML.zip"}, {"filename": "A19s-95_45_GML.zip", "url": "https://nlftp.mlit.go.jp/ksj/gml/data/A19s/A19s-95/A19s-95_45_GML.zip"}, {"filename": "A19s-a-95_45_GML.zip", "url": "https://nlftp.mlit.go.jp/ksj/gml/data/A19s/A19s-95/A19s-a-95_45_GML.zip"}, {"filename": "A19s-00_45_GML.zip", "url": "https://nlftp.mlit.go.jp/ksj/gml/data/A19s/A19s-00/A19s-00_45_GML.zip"}, {"filename": "A19s-a-00_45_GML.zip", "url": "https://nlftp.mlit.go.jp/ksj/gml/data/A19s/A19s-00/A19s-a-00_45_GML.zip"}, {"filename": "A19s-05_45_GML.zip", "url": "https://nlftp.mlit.go.jp/ksj/gml/data/A19s/A19s-05/A19s-05_45_GML.zip"}, {"filename": "A19s-a-05_45_GML.zip", "url": "https://nlftp.mlit.go.jp/ksj/gml/data/A19s/A19s-05/A19s-a-05_45_GML.zip"}, {"filename": "A19s-10_45_GML.zip", "url": "https://nlftp.mlit.go.jp/ksj/gml/data/A19s/A19s-10/A19s-10_45_GML.zip"}, {"filename": "A19s-a-10_45_GML.zip", "url": "https://nlftp.mlit.go.jp/ksj/gml/data/A19s/A19s-10/A19s-a-10_45_GML.zip"}, {"filename": "A19s-95_46_GML.zip", "url": "https://nlftp.mlit.go.jp/ksj/gml/data/A19s/A19s-95/A19s-95_46_GML.zip"}, {"filename": "A19s-a-95_46_GML.zip", "url": "https://nlftp.mlit.go.jp/ksj/gml/data/A19s/A19s-95/A19s-a-95_46_GML.zip"}, {"filename": "A19s-00_46_GML.zip", "url": "https://nlftp.mlit.go.jp/ksj/gml/data/A19s/A19s-00/A19s-00_46_GML.zip"}, {"filename": "A19s-a-00_46_GML.zip", "url": "https://nlftp.mlit.go.jp/ksj/gml/data/A19s/A19s-00/A19s-a-00_46_GML.zip"}, {"filename": "A19s-05_46_GML.zip", "url": "https://nlftp.mlit.go.jp/ksj/gml/data/A19s/A19s-05/A19s-05_46_GML.zip"}, {"filename": "A19s-a-05_46_GML.zip", "url": "https://nlftp.mlit.go.jp/ksj/gml/data/A19s/A19s-05/A19s-a-05_46_GML.zip"}, {"filename": "A19s-10_46_GML.zip", "url": "https://nlftp.mlit.go.jp/ksj/gml/data/A19s/A19s-10/A19s-10_46_GML.zip"}, {"filename": "A19s-a-10_46_GML.zip", "url": "https://nlftp.mlit.go.jp/ksj/gml/data/A19s/A19s-10/A19s-a-10_46_GML.zip"}]