北海道,世界測地系,平成7年,1.96MB,A19s-95_01_GML.zip
北海道,世界測地系,平成7年,1.78MB,A19s-a-95_01_GML.zip
北海道,世界測地系,平成12年,1.95MB,A19s-00_01_GML.zip
北海道,世界測地系,平成12年,1.78MB,A19s-a-00_01_GML.zip
北海道,世界測地系,平成17年,1.95MB,A19s-05_01_GML.zip
北海道,世界測地系,平成17年,1.78MB,A19s-a-05_01_GML.zip
北海道,世界測地系,平成22年,1.95MB,A19s-10_01_GML.zip
北海道,世界測地系,平成22年,1.78MB,A19s-a-10_01_GML.zip
宮城,世界測地系,平成7年,0.78MB,A19s-95_04_GML.zip
宮城,世界測地系,平成7年,0.79MB,A19s-a-95_04_GML.zip
宮城,世界測地系,平成12年,0.78MB,A19s-00_04_GML.zip
宮城,世界測地系,平成12年,0.79MB,A19s-a-00_04_GML.zip
宮城,世界測地系,平成17年,0.78MB,A19s-05_04_GML.zip
宮城,世界測地系,平成17年,0.78MB,A19s-a-05_04_GML.zip
宮城,世界測地系,平成22年,0.78MB,A19s-10_04_GML.zip
宮城,世界測地系,平成22年,0.78MB,A19s-a-10_04_GML.zip
山形,世界測地系,平成7年,0.10MB,A19s-95_06_GML.zip
山形,世界測地系,平成7年,0.09MB,A19s-a-95_06_GML.zip
山形,世界測地系,平成12年,0.10MB,A19s-00_06_GML.zip
山形,世界測地系,平成12年,0.09MB,A19s-a-00_06_GML.zip
山形,世界測地系,平成17年,0.09MB,A19s-05_06_GML.zip
山形,世界測地系,平成17年,0.09MB,A19s-a-05_06_GML.zip
山形,世界測地系,平成22年,0.09MB,A19s-10_06_GML.zip
山形,世界測地系,平成22年,0.09MB,A19s-a-10_06_GML.zip
東京,世界測地系,平成7年,3.04MB,A19s-95_13_GML.zip
東京,世界測地系,平成7年,3.10MB,A19s-a-95_13_GML.zip
東京,世界測地系,平成12年,3.04MB,A19s-00_13_GML.zip
東京,世界測地系,平成12年,3.10MB,A19s-a-00_13_GML.zip
東京,世界測地系,平成17年,3.04MB,A19s-05_13_GML.zip
東京,世界測地系,平成17年,3.09MB,A19s-a-05_13_GML.zip
東京,世界測地系,平成22年,3.04MB,A19s-10_13_GML.zip
東京,世界測地系,平成22年,3.09MB,A19s-a-10_13_GML.zip
新潟,世界測地系,平成7年,2.40MB,A19s-95_15_GML.zip
新潟,世界測地系,平成7年,2.26MB,A19s-a-95_15_GML.zip
新潟,世界測地系,平成12年,2.45MB,A19s-00_15_GML.zip
新潟,世界測地系,平成12年,2.26MB,A19s-a-00_15_GML.zip
新潟,世界測地系,平成17年,2.21MB,A19s-05_15_GML.zip
新潟,世界測地系,平成17年,2.20MB,A19s-a-05_15_GML.zip
新潟,世界測地系,平成22年,2.20MB,A19s-10_15_GML.zip
新潟,世界測地系,平成22年,2.20MB,A19s-a-10_15_GML.zip
石川,世界測地系,平成7年,0.07MB,A19s-95_17_GML.zip
石川,世界測地系,平成7年,0.07MB,A19s-a-95_17_GML.zip
石川,世界測地系,平成12年,0.07MB,A19s-00_17_GML.zip
石川,世界測地系,平成12年,0.07MB,A19s-a-00_17_GML.zip
石川,世界測地系,平成17年,0.07MB,A19s-05_17_GML.zip
石川,世界測地系,平成17年,0.07MB,A19s-a-05_17_GML.zip
石川,世界測地系,平成22年,0.07MB,A19s-10_17_GML.zip
石川,世界測地系,平成22年,0.07MB,A19s-a-10_17_GML.zip
静岡,世界測地系,平成7年,0.05MB,A19s-95_22_GML.zip
静岡,世界測地系,平成7年,0.05MB,A19s-a-95_22_GML.zip
静岡,世界測地系,平成12年,0.05MB,A19s-00_22_GML.zip
静岡,世界測地系,平成12年,0.05MB,A19s-a-00_22_GML.zip
静岡,世界測地系,平成17年,0.05MB,A19s-05_22_GML.zip
静岡,世界測地系,平成17年,0.05MB,A19s-a-05_22_GML.zip
静岡,世界測地系,平成22年,0.05MB,A19s-10_22_GML.zip
静岡,世界測地系,平成22年,0.05MB,A19s-a-10_22_GML.zip
愛知,世界測地系,平成7年,0.17MB,A19s-95_23_GML.zip
愛知,世界測地系,平成7年,0.17MB,A19s-a-95_23_GML.zip
愛知,世界測地系,平成12年,0.17MB,A19s-00_23_GML.zip
愛知,世界測地系,平成12年,0.17MB,A19s-a-00_23_GML.zip
愛知,世界測地系,平成17年,0.17MB,A19s-05_23_GML.zip
愛知,世界測地系,平成17年,0.17MB,A19s-a-05_23_GML.zip
愛知,世界測地系,平成22年,0.17MB,A19s-10_23_GML.zip
愛知,世界測地系,平成22年,0.17MB,A19s-a-10_23_GML.zip
三重,世界測地系,平成7年,0.56MB,A19s-95_24_GML.zip
三重,世界測地系,平成7年,0.56MB,A19s-a-95_24_GML.zip
三重,世界測地系,平成12年,0.56MB,A19s-00_24_GML.zip
三重,世界測地系,平成12年,0.56MB,A19s-a-00_24_GML.zip
三重,世界測地系,平成17年,0.56MB,A19s-05_24_GML.zip
三重,世界測地系,平成17年,0.56MB,A19s-a-05_24_GML.zip
三重,世界測地系,平成22年,0.56MB,A19s-10_24_GML.zip
三重,世界測地系,平成22年,0.56MB,A19s-a-10_24_GML.zip
兵庫,世界測地系,平成7年,0.75MB,A19s-95_28_GML.zip
兵庫,世界測地系,平成7年,0.72MB,A19s-a-95_28_GML.zip
兵庫,世界測地系,平成12年,0.75MB,A19s-00_28_GML.zip
兵庫,世界測地系,平成12年,0.72MB,A19s-a-00_28_GML.zip
兵庫,世界測地系,平成17年,0.75MB,A19s-05_28_GML.zip
兵庫,世界測地系,平成17年,0.72MB,A19s-a-05_28_GML.zip
兵庫,世界測地系,平成22年,0.74MB,A19s-10_28_GML.zip
兵庫,世界測地系,平成22年,0.72MB,A19s-a-10_28_GML.zip
和歌山,世界測地系,平成7年,0.31MB,A19s-95_30_GML.zip
和歌山,世界測地系,平成7年,0.31MB,A19s-a-95_30_GML.zip
和歌山,世界測地系,平成12年,0.31MB,A19s-00_30_GML.zip
和歌山,世界測地系,平成12年,0.31MB,A19s-a-00_30_GML.zip
和歌山,世界測地系,平成17年,0.31MB,A19s-05_30_GML.zip
和歌山,世界測地系,平成17年,0.31MB,A19s-a-05_30_GML.zip
和歌山,世界測地系,平成22年,0.31MB,A19s-10_30_GML.zip
和歌山,世界測地系,平成22年,0.31MB,A19s-a-10_30_GML.zip
島根,世界測地系,平成7年,2.33MB,A19s-95_32_GML.zip
島根,世界測地系,平成7年,2.32MB,A19s-a-95_32_GML.zip
島根,世界測地系,平成12年,2.33MB,A19s-00_32_GML.zip
島根,世界測地系,平成12年,2.32MB,A19s-a-00_32_GML.zip
島根,世界測地系,平成17年,2.28MB,A19s-05_32_GML.zip
島根,世界測地系,平成17年,2.32MB,A19s-a-05_32_GML.zip
島根,世界測地系,平成22年,2.28MB,A19s-10_32_GML.zip
島根,世界測地系,平成22年,2.32MB,A19s-a-10_32_GML.zip
岡山,世界測地系,平成7年,1.06MB,A19s-95_33_GML.zip
岡山,世界測地系,平成7年,1.06MB,A19s-a-95_33_GML.zip
岡山,世界測地系,平成12年,1.05MB,A19s-00_33_GML.zip
岡山,世界測地系,平成12年,1.06MB,A19s-a-00_33_GML.zip
岡山,世界測地系,平成17年,1.05MB,A19s-05_33_GML.zip
岡山,世界測地系,平成17年,1.05MB,A19s-a-05_33_GML.zip
岡山,世界測地系,平成22年,1.05MB,A19s-10_33_GML.zip
岡山,世界測地系,平成22年,1.05MB,A19s-a-10_33_GML.zip
広島,世界測地系,平成7年,1.57MB,A19s-95_34_GML.zip
広島,世界測地系,平成7年,1.56MB,A19s-a-95_34_GML.zip
広島,世界測地系,平成12年,1.56MB,A19s-00_34_GML.zip
広島,世界測地系,平成12年,1.55MB,A19s-a-00_34_GML.zip
広島,世界測地系,平成17年,1.53MB,A19s-05_34_GML.zip
広島,世界測地系,平成17年,1.55MB,A19s-a-05_34_GML.zip
広島,世界測地系,平成22年,1.53MB,A19s-10_34_GML.zip
広島,世界測地系,平成22年,1.55MB,A19s-a-10_34_GML.zip
山口,世界測地系,平成7年,1.64MB,A19s-95_35_GML.zip
山口,世界測地系,平成7年,1.66MB,A19s-a-95_35_GML.zip
山口,世界測地系,平成12年,1.64MB,A19s-00_35_GML.zip
山口,世界測地系,平成12年,1.66MB,A19s-a-00_35_GML.zip
山口,世界測地系,平成17年,1.63MB,A19s-05_35_GML.zip
山口,世界測地系,平成17年,1.65MB,A19s-a-05_35_GML.zip
山口,世界測地系,平成22年,1.63MB,A19s-10_35_GML.zip
山口,世界測地系,平成22年,1.65MB,A19s-a-10_35_GML.zip
徳島,世界測地系,平成7年,0.12MB,A19s-95_36_GML.zip
徳島,世界測地系,平成7年,0.12MB,A19s-a-95_36_GML.zip
徳島,世界測地系,平成12年,0.12MB,A19s-00_36_GML.zip
徳島,世界測地系,平成12年,0.12MB,A19s-a-00_36_GML.zip
徳島,世界測地系,平成17年,0.12MB,A19s-05_36_GML.zip
徳島,世界測地系,平成17年,0.12MB,A19s-a-05_36_GML.zip
徳島,世界測地系,平成22年,0.12MB,A19s-10_36_GML.zip
徳島,世界測地系,平成22年,0.12MB,A19s-a-10_36_GML.zip
香川,世界測地系,平成7年,1.30MB,A19s-95_37_GML.zip
香川,世界測地系,平成7年,1.29MB,A19s-a-95_37_GML.zip
香川,世界測地系,平成12年,1.30MB,A19s-00_37_GML.zip
香川,世界測地系,平成12年,1.29MB,A19s-a-00_37_GML.zip
香川,世界測地系,平成17年,1.30MB,A19s-05_37_GML.zip
香川,世界測地系,平成17年,1.29MB,A19s-a-05_37_GML.zip
香川,世界測地系,平成22年,1.30MB,A19s-10_37_GML.zip
香川,世界測地系,平成22年,1.29MB,A19s-a-10_37_GML.zip
愛媛,世界測地系,平成7年,2.70MB,A19s-95_38_GML.zip
愛媛,世界測地系,平成7年,2.69MB,A19s-a-95_38_GML.zip
愛媛,世界測地系,平成12年,2.69MB,A19s-00_38_GML.zip
愛媛,世界測地系,平成12年,2.68MB,A19s-a-00_38_GML.zip
愛媛,世界測地系,平成17年,2.66MB,A19s-05_38_GML.zip
愛媛,世界測地系,平成17年,2.68MB,A19s-a-05_38_GML.zip
愛媛,世界測地系,平成22年,2.65MB,A19s-10_38_GML.zip
愛媛,世界測地系,平成22年,2.67MB,A19s-a-10_38_GML.zip
高知,世界測地系,平成7年,0.29MB,A19s-95_39_GML.zip
高知,世界測地系,平成7年,0.29MB,A19s-a-95_39_GML.zip
高知,世界測地系,平成12年,0.29MB,A19s-00_39_GML.zip
高知,世界測地系,平成12年,0.29MB,A19s-a-00_39_GML.zip
高知,世界測地系,平成17年,0.29MB,A19s-05_39_GML.zip
高知,世界測地系,平成17年,0.29MB,A19s-a-05_39_GML.zip
高知,世界測地系,平成22年,0.29MB,A19s-10_39_GML.zip
高知,世界測地系,平成22年,0.29MB,A19s-a-10_39_GML.zip
福岡,世界測地系,平成7年,0.55MB,A19s-95_40_GML.zip
福岡,世界測地系,平成7年,0.55MB,A19s-a-95_40_GML.zip
福岡,世界測地系,平成12年,0.55MB,A19s-00_40_GML.zip
福岡,世界測地系,平成12年,0.55MB,A19s-a-00_40_GML.zip
福岡,世界測地系,平成17年,0.55MB,A19s-05_40_GML.zip
福岡,世界測地系,平成17年,0.54MB,A19s-a-05_40_GML.zip
福岡,世界測地系,平成22年,0.55MB,A19s-10_40_GML.zip
福岡,世界測地系,平成22年,0.54MB,A19s-a-10_40_GML.zip
佐賀,世界測地系,平成7年,0.41MB,A19s-95_41_GML.zip
佐賀,世界測地系,平成7年,0.40MB,A19s-a-95_41_GML.zip
佐賀,世界測地系,平成12年,0.41MB,A19s-00_41_GML.zip
佐賀,世界測地系,平成12年,0.40MB,A19s-a-00_41_GML.zip
佐賀,世界測地系,平成17年,0.41MB,A19s-05_41_GML.zip
佐賀,世界測地系,平成17年,0.40MB,A19s-a-05_41_GML.zip
佐賀,世界測地系,平成22年,0.41MB,A19s-10_41_GML.zip
佐賀,世界測地系,平成22年,0.40MB,A19s-a-10_41_GML.zip
長崎,世界測地系,平成7年,18.21MB,A19s-95_42_GML.zip
長崎,世界測地系,平成7年,18.21MB,A19s-a-95_42_GML.zip
長崎,世界測地系,平成12年,18.24MB,A19s-00_42_GML.zip
長崎,世界測地系,平成12年,18.22MB,A19s-a-00_42_GML.zip
長崎,世界測地系,平成17年,18.01MB,A19s-05_42_GML.zip
長崎,世界測地系,平成17年,18.22MB,A19s-a-05_42_GML.zip
長崎,世界測地系,平成22年,18.00MB,A19s-10_42_GML.zip
長崎,世界測地系,平成22年,18.22MB,A19s-a-10_42_GML.zip
熊本,世界測地系,平成7年,0.74MB,A19s-95_43_GML.zip
熊本,世界測地系,平成7年,0.73MB,A19s-a-95_43_GML.zip
熊本,世界測地系,平成12年,0.73MB,A19s-00_43_GML.zip
熊本,世界測地系,平成12年,0.73MB,A19s-a-00_43_GML.zip
熊本,世界測地系,平成17年,0.73MB,A19s-05_43_GML.zip
熊本,世界測地系,平成17年,0.73MB,A19s-a-05_43_GML.zip
熊本,世界測地系,平成22年,0.73MB,A19s-10_43_GML.zip
熊本,世界測地系,平成22年,0.73MB,A19s-a-10_43_GML.zip
大分,世界測地系,平成7年,0.61MB,A19s-95_44_GML.zip
大分,世界測地系,平成7年,0.61MB,A19s-a-95_44_GML.zip
大分,世界測地系,平成12年,0.60MB,A19s-00_44_GML.zip
大分,世界測地系,平成12年,0.60MB,A19s-a-00_44_GML.zip
大分,世界測地系,平成17年,0.61MB,A19s-05_44_GML.zip
大分,世界測地系,平成17年,0.61MB,A19s-a-05_44_GML.zip
大分,世界測地系,平成22年,0.61MB,A19s-10_44_GML.zip
大分,世界測地系,平成22年,0.61MB,A19s-a-10_44_GML.zip
宮崎,世界測地系,平成7年,0.29MB,A19s-95_45_GML.zip
宮崎,世界測地系,平成7年,0.29MB,A19s-a-95_45_GML.zip
宮崎,世界測地系,平成12年,0.29MB,A19s-00_45_GML.zip
宮崎,世界測地系,平成12年,0.29MB,A19s-a-00_45_GML.zip
宮崎,世界測地系,平成17年,0.29MB,A19s-05_45_GML.zip
宮崎,世界測地系,平成17年,0.29MB,A19s-a-05_45_GML.zip
宮崎,世界測地系,平成22年,0.29MB,A19s-10_45_GML.zip
宮崎,世界測地系,平成22年,0.29MB,A19s-a-10_45_GML.zip
鹿児島,世界測地系,平成7年,7.40MB,A19s-95_46_GML.zip
鹿児島,世界測地系,平成7年,7.10MB,A19s-a-95_46_GML.zip
鹿児島,世界測地系,平成12年,7.40MB,A19s-00_46_GML.zip
鹿児島,世界測地系,平成12年,7.10MB,A19s-a-00_46_GML.zip
鹿児島,世界測地系,平成17年,7.39MB,A19s-05_46_GML.zip
鹿児島,世界測地系,平成17年,7.10MB,A19s-a-05_46_GML.zip
鹿児島,世界測地系,平成22年,7.16MB,A19s-10_46_GML.zip
鹿児島,世界測地系,平成22年,7.06MB,A19s-a-10_46_GML.zip