鹿児島,世界測地系,昭和29年,2.74MB,A20-540621_46_GML.zip
鹿児島,世界測地系,昭和30年,2.74MB,A20-551001_46_GML.zip
鹿児島,世界測地系,昭和35年,2.74MB,A20-601001_46_GML.zip
鹿児島,世界測地系,昭和40年,2.74MB,A20-651001_46_GML.zip
鹿児島,世界測地系,昭和45年,2.74MB,A20-701001_46_GML.zip
鹿児島,世界測地系,昭和50年,2.74MB,A20-751001_46_GML.zip
鹿児島,世界測地系,昭和55年,2.74MB,A20-801001_46_GML.zip
鹿児島,世界測地系,昭和60年,2.74MB,A20-851001_46_GML.zip
鹿児島,世界測地系,平成2年,2.74MB,A20-901001_46_GML.zip
鹿児島,世界測地系,平成7年,2.74MB,A20-951001_46_GML.zip
鹿児島,世界測地系,平成12年,2.74MB,A20-001001_46_GML.zip
鹿児島,世界測地系,平成17年,2.74MB,A20-051001_46_GML.zip
鹿児島,世界測地系,平成19年,2.74MB,A20-070402_46_GML.zip