[{"filename": "A20-540621_46_GML.zip", "url": "https://nlftp.mlit.go.jp/ksj/gml/data/A20/A20-54/A20-540621_46_GML.zip"}, {"filename": "A20-551001_46_GML.zip", "url": "https://nlftp.mlit.go.jp/ksj/gml/data/A20/A20-55/A20-551001_46_GML.zip"}, {"filename": "A20-601001_46_GML.zip", "url": "https://nlftp.mlit.go.jp/ksj/gml/data/A20/A20-60/A20-601001_46_GML.zip"}, {"filename": "A20-651001_46_GML.zip", "url": "https://nlftp.mlit.go.jp/ksj/gml/data/A20/A20-65/A20-651001_46_GML.zip"}, {"filename": "A20-701001_46_GML.zip", "url": "https://nlftp.mlit.go.jp/ksj/gml/data/A20/A20-70/A20-701001_46_GML.zip"}, {"filename": "A20-751001_46_GML.zip", "url": "https://nlftp.mlit.go.jp/ksj/gml/data/A20/A20-75/A20-751001_46_GML.zip"}, {"filename": "A20-801001_46_GML.zip", "url": "https://nlftp.mlit.go.jp/ksj/gml/data/A20/A20-80/A20-801001_46_GML.zip"}, {"filename": "A20-851001_46_GML.zip", "url": "https://nlftp.mlit.go.jp/ksj/gml/data/A20/A20-85/A20-851001_46_GML.zip"}, {"filename": "A20-901001_46_GML.zip", "url": "https://nlftp.mlit.go.jp/ksj/gml/data/A20/A20-90/A20-901001_46_GML.zip"}, {"filename": "A20-951001_46_GML.zip", "url": "https://nlftp.mlit.go.jp/ksj/gml/data/A20/A20-95/A20-951001_46_GML.zip"}, {"filename": "A20-001001_46_GML.zip", "url": "https://nlftp.mlit.go.jp/ksj/gml/data/A20/A20-00/A20-001001_46_GML.zip"}, {"filename": "A20-051001_46_GML.zip", "url": "https://nlftp.mlit.go.jp/ksj/gml/data/A20/A20-05/A20-051001_46_GML.zip"}, {"filename": "A20-070402_46_GML.zip", "url": "https://nlftp.mlit.go.jp/ksj/gml/data/A20/A20-07/A20-070402_46_GML.zip"}]