東京,世界測地系,1969年（昭和44年）,1.54MB,A21-691208_13_GML.zip
東京,世界測地系,1970年（昭和45年）,1.54MB,A21-701001_13_GML.zip
東京,世界測地系,1975年（昭和50年）,1.54MB,A21-751001_13_GML.zip
東京,世界測地系,1980年（昭和55年）,1.54MB,A21-801001_13_GML.zip
東京,世界測地系,1985年（昭和60年）,1.54MB,A21-851001_13_GML.zip
東京,世界測地系,1990年（平成2年）,1.54MB,A21-901001_13_GML.zip
東京,世界測地系,1995年（平成7年）,1.54MB,A21-951001_13_GML.zip
東京,世界測地系,2000年（平成12年）,1.54MB,A21-001001_13_GML.zip
東京,世界測地系,2005年（平成17年）,1.54MB,A21-051001_13_GML.zip
東京,世界測地系,2007年（平成19年）,1.54MB,A21-070402_13_GML.zip