[{"filename": "A21-691208_13_GML.zip", "url": "https://nlftp.mlit.go.jp/ksj/gml/data/A21/A21-69/A21-691208_13_GML.zip"}, {"filename": "A21-701001_13_GML.zip", "url": "https://nlftp.mlit.go.jp/ksj/gml/data/A21/A21-70/A21-701001_13_GML.zip"}, {"filename": "A21-751001_13_GML.zip", "url": "https://nlftp.mlit.go.jp/ksj/gml/data/A21/A21-75/A21-751001_13_GML.zip"}, {"filename": "A21-801001_13_GML.zip", "url": "https://nlftp.mlit.go.jp/ksj/gml/data/A21/A21-80/A21-801001_13_GML.zip"}, {"filename": "A21-851001_13_GML.zip", "url": "https://nlftp.mlit.go.jp/ksj/gml/data/A21/A21-85/A21-851001_13_GML.zip"}, {"filename": "A21-901001_13_GML.zip", "url": "https://nlftp.mlit.go.jp/ksj/gml/data/A21/A21-90/A21-901001_13_GML.zip"}, {"filename": "A21-951001_13_GML.zip", "url": "https://nlftp.mlit.go.jp/ksj/gml/data/A21/A21-95/A21-951001_13_GML.zip"}, {"filename": "A21-001001_13_GML.zip", "url": "https://nlftp.mlit.go.jp/ksj/gml/data/A21/A21-00/A21-001001_13_GML.zip"}, {"filename": "A21-051001_13_GML.zip", "url": "https://nlftp.mlit.go.jp/ksj/gml/data/A21/A21-05/A21-051001_13_GML.zip"}, {"filename": "A21-070402_13_GML.zip", "url": "https://nlftp.mlit.go.jp/ksj/gml/data/A21/A21-07/A21-070402_13_GML.zip"}]