[{"filename": "A22-631101_01_GML.zip", "url": "https://nlftp.mlit.go.jp/ksj/gml/data/A22/A22-63/A22-631101_01_GML.zip"}, {"filename": "A22-651001_01_GML.zip", "url": "https://nlftp.mlit.go.jp/ksj/gml/data/A22/A22-65/A22-651001_01_GML.zip"}, {"filename": "A22-701001_01_GML.zip", "url": "https://nlftp.mlit.go.jp/ksj/gml/data/A22/A22-70/A22-701001_01_GML.zip"}, {"filename": "A22-751001_01_GML.zip", "url": "https://nlftp.mlit.go.jp/ksj/gml/data/A22/A22-75/A22-751001_01_GML.zip"}, {"filename": "A22-801001_01_GML.zip", "url": "https://nlftp.mlit.go.jp/ksj/gml/data/A22/A22-80/A22-801001_01_GML.zip"}, {"filename": "A22-851001_01_GML.zip", "url": "https://nlftp.mlit.go.jp/ksj/gml/data/A22/A22-85/A22-851001_01_GML.zip"}, {"filename": "A22-901001_01_GML.zip", "url": "https://nlftp.mlit.go.jp/ksj/gml/data/A22/A22-90/A22-901001_01_GML.zip"}, {"filename": "A22-951001_01_GML.zip", "url": "https://nlftp.mlit.go.jp/ksj/gml/data/A22/A22-95/A22-951001_01_GML.zip"}, {"filename": "A22-001001_01_GML.zip", "url": "https://nlftp.mlit.go.jp/ksj/gml/data/A22/A22-00/A22-001001_01_GML.zip"}, {"filename": "A22-051001_01_GML.zip", "url": "https://nlftp.mlit.go.jp/ksj/gml/data/A22/A22-05/A22-051001_01_GML.zip"}, {"filename": "A22-070402_01_GML.zip", "url": "https://nlftp.mlit.go.jp/ksj/gml/data/A22/A22-07/A22-070402_01_GML.zip"}, {"filename": "A22-16_01_GML.zip", "url": "https://nlftp.mlit.go.jp/ksj/gml/data/A22/A22-16/A22-16_01_GML.zip"}, {"filename": "A22-631101_02_GML.zip", "url": "https://nlftp.mlit.go.jp/ksj/gml/data/A22/A22-63/A22-631101_02_GML.zip"}, {"filename": "A22-651001_02_GML.zip", "url": "https://nlftp.mlit.go.jp/ksj/gml/data/A22/A22-65/A22-651001_02_GML.zip"}, {"filename": "A22-701001_02_GML.zip", "url": "https://nlftp.mlit.go.jp/ksj/gml/data/A22/A22-70/A22-701001_02_GML.zip"}, {"filename": "A22-751001_02_GML.zip", "url": "https://nlftp.mlit.go.jp/ksj/gml/data/A22/A22-75/A22-751001_02_GML.zip"}, {"filename": "A22-801001_02_GML.zip", "url": "https://nlftp.mlit.go.jp/ksj/gml/data/A22/A22-80/A22-801001_02_GML.zip"}, {"filename": "A22-851001_02_GML.zip", "url": "https://nlftp.mlit.go.jp/ksj/gml/data/A22/A22-85/A22-851001_02_GML.zip"}, {"filename": "A22-901001_02_GML.zip", "url": "https://nlftp.mlit.go.jp/ksj/gml/data/A22/A22-90/A22-901001_02_GML.zip"}, {"filename": "A22-951001_02_GML.zip", "url": "https://nlftp.mlit.go.jp/ksj/gml/data/A22/A22-95/A22-951001_02_GML.zip"}, {"filename": "A22-001001_02_GML.zip", "url": "https://nlftp.mlit.go.jp/ksj/gml/data/A22/A22-00/A22-001001_02_GML.zip"}, {"filename": "A22-051001_02_GML.zip", "url": "https://nlftp.mlit.go.jp/ksj/gml/data/A22/A22-05/A22-051001_02_GML.zip"}, {"filename": "A22-070402_02_GML.zip", "url": "https://nlftp.mlit.go.jp/ksj/gml/data/A22/A22-07/A22-070402_02_GML.zip"}, {"filename": "A22-16_02_GML.zip", "url": "https://nlftp.mlit.go.jp/ksj/gml/data/A22/A22-16/A22-16_02_GML.zip"}, {"filename": "A22-631101_03_GML.zip", "url": "https://nlftp.mlit.go.jp/ksj/gml/data/A22/A22-63/A22-631101_03_GML.zip"}, {"filename": "A22-651001_03_GML.zip", "url": "https://nlftp.mlit.go.jp/ksj/gml/data/A22/A22-65/A22-651001_03_GML.zip"}, {"filename": "A22-701001_03_GML.zip", "url": "https://nlftp.mlit.go.jp/ksj/gml/data/A22/A22-70/A22-701001_03_GML.zip"}, {"filename": "A22-751001_03_GML.zip", "url": "https://nlftp.mlit.go.jp/ksj/gml/data/A22/A22-75/A22-751001_03_GML.zip"}, {"filename": "A22-801001_03_GML.zip", "url": "https://nlftp.mlit.go.jp/ksj/gml/data/A22/A22-80/A22-801001_03_GML.zip"}, {"filename": "A22-851001_03_GML.zip", "url": "https://nlftp.mlit.go.jp/ksj/gml/data/A22/A22-85/A22-851001_03_GML.zip"}, {"filename": "A22-901001_03_GML.zip", "url": "https://nlftp.mlit.go.jp/ksj/gml/data/A22/A22-90/A22-901001_03_GML.zip"}, {"filename": "A22-951001_03_GML.zip", "url": "https://nlftp.mlit.go.jp/ksj/gml/data/A22/A22-95/A22-951001_03_GML.zip"}, {"filename": "A22-001001_03_GML.zip", "url": "https://nlftp.mlit.go.jp/ksj/gml/data/A22/A22-00/A22-001001_03_GML.zip"}, {"filename": "A22-051001_03_GML.zip", "url": "https://nlftp.mlit.go.jp/ksj/gml/data/A22/A22-05/A22-051001_03_GML.zip"}, {"filename": "A22-070402_03_GML.zip", "url": "https://nlftp.mlit.go.jp/ksj/gml/data/A22/A22-07/A22-070402_03_GML.zip"}, {"filename": "A22-16_03_GML.zip", "url": "https://nlftp.mlit.go.jp/ksj/gml/data/A22/A22-16/A22-16_03_GML.zip"}, {"filename": "A22-631101_04_GML.zip", "url": "https://nlftp.mlit.go.jp/ksj/gml/data/A22/A22-63/A22-631101_04_GML.zip"}, {"filename": "A22-651001_04_GML.zip", "url": "https://nlftp.mlit.go.jp/ksj/gml/data/A22/A22-65/A22-651001_04_GML.zip"}, {"filename": "A22-701001_04_GML.zip", "url": "https://nlftp.mlit.go.jp/ksj/gml/data/A22/A22-70/A22-701001_04_GML.zip"}, {"filename": "A22-751001_04_GML.zip", "url": "https://nlftp.mlit.go.jp/ksj/gml/data/A22/A22-75/A22-751001_04_GML.zip"}, {"filename": "A22-801001_04_GML.zip", "url": "https://nlftp.mlit.go.jp/ksj/gml/data/A22/A22-80/A22-801001_04_GML.zip"}, {"filename": "A22-851001_04_GML.zip", "url": "https://nlftp.mlit.go.jp/ksj/gml/data/A22/A22-85/A22-851001_04_GML.zip"}, {"filename": "A22-901001_04_GML.zip", "url": "https://nlftp.mlit.go.jp/ksj/gml/data/A22/A22-90/A22-901001_04_GML.zip"}, {"filename": "A22-951001_04_GML.zip", "url": "https://nlftp.mlit.go.jp/ksj/gml/data/A22/A22-95/A22-951001_04_GML.zip"}, {"filename": "A22-001001_04_GML.zip", "url": "https://nlftp.mlit.go.jp/ksj/gml/data/A22/A22-00/A22-001001_04_GML.zip"}, {"filename": "A22-051001_04_GML.zip", "url": "https://nlftp.mlit.go.jp/ksj/gml/data/A22/A22-05/A22-051001_04_GML.zip"}, {"filename": "A22-070402_04_GML.zip", "url": "https://nlftp.mlit.go.jp/ksj/gml/data/A22/A22-07/A22-070402_04_GML.zip"}, {"filename": "A22-16_04_GML.zip", "url": "https://nlftp.mlit.go.jp/ksj/gml/data/A22/A22-16/A22-16_04_GML.zip"}, {"filename": "A22-631101_05_GML.zip", "url": "https://nlftp.mlit.go.jp/ksj/gml/data/A22/A22-63/A22-631101_05_GML.zip"}, {"filename": "A22-651001_05_GML.zip", "url": "https://nlftp.mlit.go.jp/ksj/gml/data/A22/A22-65/A22-651001_05_GML.zip"}, {"filename": "A22-701001_05_GML.zip", "url": "https://nlftp.mlit.go.jp/ksj/gml/data/A22/A22-70/A22-701001_05_GML.zip"}, {"filename": "A22-751001_05_GML.zip", "url": "https://nlftp.mlit.go.jp/ksj/gml/data/A22/A22-75/A22-751001_05_GML.zip"}, {"filename": "A22-801001_05_GML.zip", "url": "https://nlftp.mlit.go.jp/ksj/gml/data/A22/A22-80/A22-801001_05_GML.zip"}, {"filename": "A22-851001_05_GML.zip", "url": "https://nlftp.mlit.go.jp/ksj/gml/data/A22/A22-85/A22-851001_05_GML.zip"}, {"filename": "A22-901001_05_GML.zip", "url": "https://nlftp.mlit.go.jp/ksj/gml/data/A22/A22-90/A22-901001_05_GML.zip"}, {"filename": "A22-951001_05_GML.zip", "url": "https://nlftp.mlit.go.jp/ksj/gml/data/A22/A22-95/A22-951001_05_GML.zip"}, {"filename": "A22-001001_05_GML.zip", "url": "https://nlftp.mlit.go.jp/ksj/gml/data/A22/A22-00/A22-001001_05_GML.zip"}, {"filename": "A22-051001_05_GML.zip", "url": "https://nlftp.mlit.go.jp/ksj/gml/data/A22/A22-05/A22-051001_05_GML.zip"}, {"filename": "A22-070402_05_GML.zip", "url": "https://nlftp.mlit.go.jp/ksj/gml/data/A22/A22-07/A22-070402_05_GML.zip"}, {"filename": "A22-16_05_GML.zip", "url": "https://nlftp.mlit.go.jp/ksj/gml/data/A22/A22-16/A22-16_05_GML.zip"}, {"filename": "A22-631101_06_GML.zip", "url": "https://nlftp.mlit.go.jp/ksj/gml/data/A22/A22-63/A22-631101_06_GML.zip"}, {"filename": "A22-651001_06_GML.zip", "url": "https://nlftp.mlit.go.jp/ksj/gml/data/A22/A22-65/A22-651001_06_GML.zip"}, {"filename": "A22-701001_06_GML.zip", "url": "https://nlftp.mlit.go.jp/ksj/gml/data/A22/A22-70/A22-701001_06_GML.zip"}, {"filename": "A22-751001_06_GML.zip", "url": "https://nlftp.mlit.go.jp/ksj/gml/data/A22/A22-75/A22-751001_06_GML.zip"}, {"filename": "A22-801001_06_GML.zip", "url": "https://nlftp.mlit.go.jp/ksj/gml/data/A22/A22-80/A22-801001_06_GML.zip"}, {"filename": "A22-851001_06_GML.zip", "url": "https://nlftp.mlit.go.jp/ksj/gml/data/A22/A22-85/A22-851001_06_GML.zip"}, {"filename": "A22-901001_06_GML.zip", "url": "https://nlftp.mlit.go.jp/ksj/gml/data/A22/A22-90/A22-901001_06_GML.zip"}, {"filename": "A22-951001_06_GML.zip", "url": "https://nlftp.mlit.go.jp/ksj/gml/data/A22/A22-95/A22-951001_06_GML.zip"}, {"filename": "A22-001001_06_GML.zip", "url": "https://nlftp.mlit.go.jp/ksj/gml/data/A22/A22-00/A22-001001_06_GML.zip"}, {"filename": "A22-051001_06_GML.zip", "url": "https://nlftp.mlit.go.jp/ksj/gml/data/A22/A22-05/A22-051001_06_GML.zip"}, {"filename": "A22-070402_06_GML.zip", "url": "https://nlftp.mlit.go.jp/ksj/gml/data/A22/A22-07/A22-070402_06_GML.zip"}, {"filename": "A22-16_06_GML.zip", "url": "https://nlftp.mlit.go.jp/ksj/gml/data/A22/A22-16/A22-16_06_GML.zip"}, {"filename": "A22-631101_07_GML.zip", "url": "https://nlftp.mlit.go.jp/ksj/gml/data/A22/A22-63/A22-631101_07_GML.zip"}, {"filename": "A22-651001_07_GML.zip", "url": "https://nlftp.mlit.go.jp/ksj/gml/data/A22/A22-65/A22-651001_07_GML.zip"}, {"filename": "A22-701001_07_GML.zip", "url": "https://nlftp.mlit.go.jp/ksj/gml/data/A22/A22-70/A22-701001_07_GML.zip"}, {"filename": "A22-751001_07_GML.zip", "url": "https://nlftp.mlit.go.jp/ksj/gml/data/A22/A22-75/A22-751001_07_GML.zip"}, {"filename": "A22-801001_07_GML.zip", "url": "https://nlftp.mlit.go.jp/ksj/gml/data/A22/A22-80/A22-801001_07_GML.zip"}, {"filename": "A22-851001_07_GML.zip", "url": "https://nlftp.mlit.go.jp/ksj/gml/data/A22/A22-85/A22-851001_07_GML.zip"}, {"filename": "A22-901001_07_GML.zip", "url": "https://nlftp.mlit.go.jp/ksj/gml/data/A22/A22-90/A22-901001_07_GML.zip"}, {"filename": "A22-951001_07_GML.zip", "url": "https://nlftp.mlit.go.jp/ksj/gml/data/A22/A22-95/A22-951001_07_GML.zip"}, {"filename": "A22-001001_07_GML.zip", "url": "https://nlftp.mlit.go.jp/ksj/gml/data/A22/A22-00/A22-001001_07_GML.zip"}, {"filename": "A22-051001_07_GML.zip", "url": "https://nlftp.mlit.go.jp/ksj/gml/data/A22/A22-05/A22-051001_07_GML.zip"}, {"filename": "A22-070402_07_GML.zip", "url": "https://nlftp.mlit.go.jp/ksj/gml/data/A22/A22-07/A22-070402_07_GML.zip"}, {"filename": "A22-16_07_GML.zip", "url": "https://nlftp.mlit.go.jp/ksj/gml/data/A22/A22-16/A22-16_07_GML.zip"}, {"filename": "A22-631101_09_GML.zip", "url": "https://nlftp.mlit.go.jp/ksj/gml/data/A22/A22-63/A22-631101_09_GML.zip"}, {"filename": "A22-651001_09_GML.zip", "url": "https://nlftp.mlit.go.jp/ksj/gml/data/A22/A22-65/A22-651001_09_GML.zip"}, {"filename": "A22-701001_09_GML.zip", "url": "https://nlftp.mlit.go.jp/ksj/gml/data/A22/A22-70/A22-701001_09_GML.zip"}, {"filename": "A22-751001_09_GML.zip", "url": "https://nlftp.mlit.go.jp/ksj/gml/data/A22/A22-75/A22-751001_09_GML.zip"}, {"filename": "A22-801001_09_GML.zip", "url": "https://nlftp.mlit.go.jp/ksj/gml/data/A22/A22-80/A22-801001_09_GML.zip"}, {"filename": "A22-851001_09_GML.zip", "url": "https://nlftp.mlit.go.jp/ksj/gml/data/A22/A22-85/A22-851001_09_GML.zip"}, {"filename": "A22-901001_09_GML.zip", "url": "https://nlftp.mlit.go.jp/ksj/gml/data/A22/A22-90/A22-901001_09_GML.zip"}, {"filename": "A22-951001_09_GML.zip", "url": "https://nlftp.mlit.go.jp/ksj/gml/data/A22/A22-95/A22-951001_09_GML.zip"}, {"filename": "A22-001001_09_GML.zip", "url": "https://nlftp.mlit.go.jp/ksj/gml/data/A22/A22-00/A22-001001_09_GML.zip"}, {"filename": "A22-051001_09_GML.zip", "url": "https://nlftp.mlit.go.jp/ksj/gml/data/A22/A22-05/A22-051001_09_GML.zip"}, {"filename": "A22-070402_09_GML.zip", "url": "https://nlftp.mlit.go.jp/ksj/gml/data/A22/A22-07/A22-070402_09_GML.zip"}, {"filename": "A22-16_09_GML.zip", "url": "https://nlftp.mlit.go.jp/ksj/gml/data/A22/A22-16/A22-16_09_GML.zip"}, {"filename": "A22-631101_10_GML.zip", "url": "https://nlftp.mlit.go.jp/ksj/gml/data/A22/A22-63/A22-631101_10_GML.zip"}, {"filename": "A22-651001_10_GML.zip", "url": "https://nlftp.mlit.go.jp/ksj/gml/data/A22/A22-65/A22-651001_10_GML.zip"}, {"filename": "A22-701001_10_GML.zip", "url": "https://nlftp.mlit.go.jp/ksj/gml/data/A22/A22-70/A22-701001_10_GML.zip"}, {"filename": "A22-751001_10_GML.zip", "url": "https://nlftp.mlit.go.jp/ksj/gml/data/A22/A22-75/A22-751001_10_GML.zip"}, {"filename": "A22-801001_10_GML.zip", "url": "https://nlftp.mlit.go.jp/ksj/gml/data/A22/A22-80/A22-801001_10_GML.zip"}, {"filename": "A22-851001_10_GML.zip", "url": "https://nlftp.mlit.go.jp/ksj/gml/data/A22/A22-85/A22-851001_10_GML.zip"}, {"filename": "A22-901001_10_GML.zip", "url": "https://nlftp.mlit.go.jp/ksj/gml/data/A22/A22-90/A22-901001_10_GML.zip"}, {"filename": "A22-951001_10_GML.zip", "url": "https://nlftp.mlit.go.jp/ksj/gml/data/A22/A22-95/A22-951001_10_GML.zip"}, {"filename": "A22-001001_10_GML.zip", "url": "https://nlftp.mlit.go.jp/ksj/gml/data/A22/A22-00/A22-001001_10_GML.zip"}, {"filename": "A22-051001_10_GML.zip", "url": "https://nlftp.mlit.go.jp/ksj/gml/data/A22/A22-05/A22-051001_10_GML.zip"}, {"filename": "A22-070402_10_GML.zip", "url": "https://nlftp.mlit.go.jp/ksj/gml/data/A22/A22-07/A22-070402_10_GML.zip"}, {"filename": "A22-16_10_GML.zip", "url": "https://nlftp.mlit.go.jp/ksj/gml/data/A22/A22-16/A22-16_10_GML.zip"}, {"filename": "A22-631101_15_GML.zip", "url": "https://nlftp.mlit.go.jp/ksj/gml/data/A22/A22-63/A22-631101_15_GML.zip"}, {"filename": "A22-651001_15_GML.zip", "url": "https://nlftp.mlit.go.jp/ksj/gml/data/A22/A22-65/A22-651001_15_GML.zip"}, {"filename": "A22-701001_15_GML.zip", "url": "https://nlftp.mlit.go.jp/ksj/gml/data/A22/A22-70/A22-701001_15_GML.zip"}, {"filename": "A22-751001_15_GML.zip", "url": "https://nlftp.mlit.go.jp/ksj/gml/data/A22/A22-75/A22-751001_15_GML.zip"}, {"filename": "A22-801001_15_GML.zip", "url": "https://nlftp.mlit.go.jp/ksj/gml/data/A22/A22-80/A22-801001_15_GML.zip"}, {"filename": "A22-851001_15_GML.zip", "url": "https://nlftp.mlit.go.jp/ksj/gml/data/A22/A22-85/A22-851001_15_GML.zip"}, {"filename": "A22-901001_15_GML.zip", "url": "https://nlftp.mlit.go.jp/ksj/gml/data/A22/A22-90/A22-901001_15_GML.zip"}, {"filename": "A22-951001_15_GML.zip", "url": "https://nlftp.mlit.go.jp/ksj/gml/data/A22/A22-95/A22-951001_15_GML.zip"}, {"filename": "A22-001001_15_GML.zip", "url": "https://nlftp.mlit.go.jp/ksj/gml/data/A22/A22-00/A22-001001_15_GML.zip"}, {"filename": "A22-051001_15_GML.zip", "url": "https://nlftp.mlit.go.jp/ksj/gml/data/A22/A22-05/A22-051001_15_GML.zip"}, {"filename": "A22-070402_15_GML.zip", "url": "https://nlftp.mlit.go.jp/ksj/gml/data/A22/A22-07/A22-070402_15_GML.zip"}, {"filename": "A22-16_15_GML.zip", "url": "https://nlftp.mlit.go.jp/ksj/gml/data/A22/A22-16/A22-16_15_GML.zip"}, {"filename": "A22-631101_16_GML.zip", "url": "https://nlftp.mlit.go.jp/ksj/gml/data/A22/A22-63/A22-631101_16_GML.zip"}, {"filename": "A22-651001_16_GML.zip", "url": "https://nlftp.mlit.go.jp/ksj/gml/data/A22/A22-65/A22-651001_16_GML.zip"}, {"filename": "A22-701001_16_GML.zip", "url": "https://nlftp.mlit.go.jp/ksj/gml/data/A22/A22-70/A22-701001_16_GML.zip"}, {"filename": "A22-751001_16_GML.zip", "url": "https://nlftp.mlit.go.jp/ksj/gml/data/A22/A22-75/A22-751001_16_GML.zip"}, {"filename": "A22-801001_16_GML.zip", "url": "https://nlftp.mlit.go.jp/ksj/gml/data/A22/A22-80/A22-801001_16_GML.zip"}, {"filename": "A22-851001_16_GML.zip", "url": "https://nlftp.mlit.go.jp/ksj/gml/data/A22/A22-85/A22-851001_16_GML.zip"}, {"filename": "A22-901001_16_GML.zip", "url": "https://nlftp.mlit.go.jp/ksj/gml/data/A22/A22-90/A22-901001_16_GML.zip"}, {"filename": "A22-951001_16_GML.zip", "url": "https://nlftp.mlit.go.jp/ksj/gml/data/A22/A22-95/A22-951001_16_GML.zip"}, {"filename": "A22-001001_16_GML.zip", "url": "https://nlftp.mlit.go.jp/ksj/gml/data/A22/A22-00/A22-001001_16_GML.zip"}, {"filename": "A22-051001_16_GML.zip", "url": "https://nlftp.mlit.go.jp/ksj/gml/data/A22/A22-05/A22-051001_16_GML.zip"}, {"filename": "A22-070402_16_GML.zip", "url": "https://nlftp.mlit.go.jp/ksj/gml/data/A22/A22-07/A22-070402_16_GML.zip"}, {"filename": "A22-16_16_GML.zip", "url": "https://nlftp.mlit.go.jp/ksj/gml/data/A22/A22-16/A22-16_16_GML.zip"}, {"filename": "A22-631101_17_GML.zip", "url": "https://nlftp.mlit.go.jp/ksj/gml/data/A22/A22-63/A22-631101_17_GML.zip"}, {"filename": "A22-651001_17_GML.zip", "url": "https://nlftp.mlit.go.jp/ksj/gml/data/A22/A22-65/A22-651001_17_GML.zip"}, {"filename": "A22-701001_17_GML.zip", "url": "https://nlftp.mlit.go.jp/ksj/gml/data/A22/A22-70/A22-701001_17_GML.zip"}, {"filename": "A22-751001_17_GML.zip", "url": "https://nlftp.mlit.go.jp/ksj/gml/data/A22/A22-75/A22-751001_17_GML.zip"}, {"filename": "A22-801001_17_GML.zip", "url": "https://nlftp.mlit.go.jp/ksj/gml/data/A22/A22-80/A22-801001_17_GML.zip"}, {"filename": "A22-851001_17_GML.zip", "url": "https://nlftp.mlit.go.jp/ksj/gml/data/A22/A22-85/A22-851001_17_GML.zip"}, {"filename": "A22-901001_17_GML.zip", "url": "https://nlftp.mlit.go.jp/ksj/gml/data/A22/A22-90/A22-901001_17_GML.zip"}, {"filename": "A22-951001_17_GML.zip", "url": "https://nlftp.mlit.go.jp/ksj/gml/data/A22/A22-95/A22-951001_17_GML.zip"}, {"filename": "A22-001001_17_GML.zip", "url": "https://nlftp.mlit.go.jp/ksj/gml/data/A22/A22-00/A22-001001_17_GML.zip"}, {"filename": "A22-051001_17_GML.zip", "url": "https://nlftp.mlit.go.jp/ksj/gml/data/A22/A22-05/A22-051001_17_GML.zip"}, {"filename": "A22-070402_17_GML.zip", "url": "https://nlftp.mlit.go.jp/ksj/gml/data/A22/A22-07/A22-070402_17_GML.zip"}, {"filename": "A22-16_17_GML.zip", "url": "https://nlftp.mlit.go.jp/ksj/gml/data/A22/A22-16/A22-16_17_GML.zip"}, {"filename": "A22-631101_18_GML.zip", "url": "https://nlftp.mlit.go.jp/ksj/gml/data/A22/A22-63/A22-631101_18_GML.zip"}, {"filename": "A22-651001_18_GML.zip", "url": "https://nlftp.mlit.go.jp/ksj/gml/data/A22/A22-65/A22-651001_18_GML.zip"}, {"filename": "A22-701001_18_GML.zip", "url": "https://nlftp.mlit.go.jp/ksj/gml/data/A22/A22-70/A22-701001_18_GML.zip"}, {"filename": "A22-751001_18_GML.zip", "url": "https://nlftp.mlit.go.jp/ksj/gml/data/A22/A22-75/A22-751001_18_GML.zip"}, {"filename": "A22-801001_18_GML.zip", "url": "https://nlftp.mlit.go.jp/ksj/gml/data/A22/A22-80/A22-801001_18_GML.zip"}, {"filename": "A22-851001_18_GML.zip", "url": "https://nlftp.mlit.go.jp/ksj/gml/data/A22/A22-85/A22-851001_18_GML.zip"}, {"filename": "A22-901001_18_GML.zip", "url": "https://nlftp.mlit.go.jp/ksj/gml/data/A22/A22-90/A22-901001_18_GML.zip"}, {"filename": "A22-951001_18_GML.zip", "url": "https://nlftp.mlit.go.jp/ksj/gml/data/A22/A22-95/A22-951001_18_GML.zip"}, {"filename": "A22-001001_18_GML.zip", "url": "https://nlftp.mlit.go.jp/ksj/gml/data/A22/A22-00/A22-001001_18_GML.zip"}, {"filename": "A22-051001_18_GML.zip", "url": "https://nlftp.mlit.go.jp/ksj/gml/data/A22/A22-05/A22-051001_18_GML.zip"}, {"filename": "A22-070402_18_GML.zip", "url": "https://nlftp.mlit.go.jp/ksj/gml/data/A22/A22-07/A22-070402_18_GML.zip"}, {"filename": "A22-16_18_GML.zip", "url": "https://nlftp.mlit.go.jp/ksj/gml/data/A22/A22-16/A22-16_18_GML.zip"}, {"filename": "A22-631101_19_GML.zip", "url": "https://nlftp.mlit.go.jp/ksj/gml/data/A22/A22-63/A22-631101_19_GML.zip"}, {"filename": "A22-651001_19_GML.zip", "url": "https://nlftp.mlit.go.jp/ksj/gml/data/A22/A22-65/A22-651001_19_GML.zip"}, {"filename": "A22-701001_19_GML.zip", "url": "https://nlftp.mlit.go.jp/ksj/gml/data/A22/A22-70/A22-701001_19_GML.zip"}, {"filename": "A22-751001_19_GML.zip", "url": "https://nlftp.mlit.go.jp/ksj/gml/data/A22/A22-75/A22-751001_19_GML.zip"}, {"filename": "A22-801001_19_GML.zip", "url": "https://nlftp.mlit.go.jp/ksj/gml/data/A22/A22-80/A22-801001_19_GML.zip"}, {"filename": "A22-851001_19_GML.zip", "url": "https://nlftp.mlit.go.jp/ksj/gml/data/A22/A22-85/A22-851001_19_GML.zip"}, {"filename": "A22-901001_19_GML.zip", "url": "https://nlftp.mlit.go.jp/ksj/gml/data/A22/A22-90/A22-901001_19_GML.zip"}, {"filename": "A22-951001_19_GML.zip", "url": "https://nlftp.mlit.go.jp/ksj/gml/data/A22/A22-95/A22-951001_19_GML.zip"}, {"filename": "A22-001001_19_GML.zip", "url": "https://nlftp.mlit.go.jp/ksj/gml/data/A22/A22-00/A22-001001_19_GML.zip"}, {"filename": "A22-051001_19_GML.zip", "url": "https://nlftp.mlit.go.jp/ksj/gml/data/A22/A22-05/A22-051001_19_GML.zip"}, {"filename": "A22-070402_19_GML.zip", "url": "https://nlftp.mlit.go.jp/ksj/gml/data/A22/A22-07/A22-070402_19_GML.zip"}, {"filename": "A22-16_19_GML.zip", "url": "https://nlftp.mlit.go.jp/ksj/gml/data/A22/A22-16/A22-16_19_GML.zip"}, {"filename": "A22-631101_20_GML.zip", "url": "https://nlftp.mlit.go.jp/ksj/gml/data/A22/A22-63/A22-631101_20_GML.zip"}, {"filename": "A22-651001_20_GML.zip", "url": "https://nlftp.mlit.go.jp/ksj/gml/data/A22/A22-65/A22-651001_20_GML.zip"}, {"filename": "A22-701001_20_GML.zip", "url": "https://nlftp.mlit.go.jp/ksj/gml/data/A22/A22-70/A22-701001_20_GML.zip"}, {"filename": "A22-751001_20_GML.zip", "url": "https://nlftp.mlit.go.jp/ksj/gml/data/A22/A22-75/A22-751001_20_GML.zip"}, {"filename": "A22-801001_20_GML.zip", "url": "https://nlftp.mlit.go.jp/ksj/gml/data/A22/A22-80/A22-801001_20_GML.zip"}, {"filename": "A22-851001_20_GML.zip", "url": "https://nlftp.mlit.go.jp/ksj/gml/data/A22/A22-85/A22-851001_20_GML.zip"}, {"filename": "A22-901001_20_GML.zip", "url": "https://nlftp.mlit.go.jp/ksj/gml/data/A22/A22-90/A22-901001_20_GML.zip"}, {"filename": "A22-951001_20_GML.zip", "url": "https://nlftp.mlit.go.jp/ksj/gml/data/A22/A22-95/A22-951001_20_GML.zip"}, {"filename": "A22-001001_20_GML.zip", "url": "https://nlftp.mlit.go.jp/ksj/gml/data/A22/A22-00/A22-001001_20_GML.zip"}, {"filename": "A22-051001_20_GML.zip", "url": "https://nlftp.mlit.go.jp/ksj/gml/data/A22/A22-05/A22-051001_20_GML.zip"}, {"filename": "A22-070402_20_GML.zip", "url": "https://nlftp.mlit.go.jp/ksj/gml/data/A22/A22-07/A22-070402_20_GML.zip"}, {"filename": "A22-16_20_GML.zip", "url": "https://nlftp.mlit.go.jp/ksj/gml/data/A22/A22-16/A22-16_20_GML.zip"}, {"filename": "A22-631101_21_GML.zip", "url": "https://nlftp.mlit.go.jp/ksj/gml/data/A22/A22-63/A22-631101_21_GML.zip"}, {"filename": "A22-651001_21_GML.zip", "url": "https://nlftp.mlit.go.jp/ksj/gml/data/A22/A22-65/A22-651001_21_GML.zip"}, {"filename": "A22-701001_21_GML.zip", "url": "https://nlftp.mlit.go.jp/ksj/gml/data/A22/A22-70/A22-701001_21_GML.zip"}, {"filename": "A22-751001_21_GML.zip", "url": "https://nlftp.mlit.go.jp/ksj/gml/data/A22/A22-75/A22-751001_21_GML.zip"}, {"filename": "A22-801001_21_GML.zip", "url": "https://nlftp.mlit.go.jp/ksj/gml/data/A22/A22-80/A22-801001_21_GML.zip"}, {"filename": "A22-851001_21_GML.zip", "url": "https://nlftp.mlit.go.jp/ksj/gml/data/A22/A22-85/A22-851001_21_GML.zip"}, {"filename": "A22-901001_21_GML.zip", "url": "https://nlftp.mlit.go.jp/ksj/gml/data/A22/A22-90/A22-901001_21_GML.zip"}, {"filename": "A22-951001_21_GML.zip", "url": "https://nlftp.mlit.go.jp/ksj/gml/data/A22/A22-95/A22-951001_21_GML.zip"}, {"filename": "A22-001001_21_GML.zip", "url": "https://nlftp.mlit.go.jp/ksj/gml/data/A22/A22-00/A22-001001_21_GML.zip"}, {"filename": "A22-051001_21_GML.zip", "url": "https://nlftp.mlit.go.jp/ksj/gml/data/A22/A22-05/A22-051001_21_GML.zip"}, {"filename": "A22-070402_21_GML.zip", "url": "https://nlftp.mlit.go.jp/ksj/gml/data/A22/A22-07/A22-070402_21_GML.zip"}, {"filename": "A22-16_21_GML.zip", "url": "https://nlftp.mlit.go.jp/ksj/gml/data/A22/A22-16/A22-16_21_GML.zip"}, {"filename": "A22-631101_22_GML.zip", "url": "https://nlftp.mlit.go.jp/ksj/gml/data/A22/A22-63/A22-631101_22_GML.zip"}, {"filename": "A22-651001_22_GML.zip", "url": "https://nlftp.mlit.go.jp/ksj/gml/data/A22/A22-65/A22-651001_22_GML.zip"}, {"filename": "A22-701001_22_GML.zip", "url": "https://nlftp.mlit.go.jp/ksj/gml/data/A22/A22-70/A22-701001_22_GML.zip"}, {"filename": "A22-751001_22_GML.zip", "url": "https://nlftp.mlit.go.jp/ksj/gml/data/A22/A22-75/A22-751001_22_GML.zip"}, {"filename": "A22-801001_22_GML.zip", "url": "https://nlftp.mlit.go.jp/ksj/gml/data/A22/A22-80/A22-801001_22_GML.zip"}, {"filename": "A22-851001_22_GML.zip", "url": "https://nlftp.mlit.go.jp/ksj/gml/data/A22/A22-85/A22-851001_22_GML.zip"}, {"filename": "A22-901001_22_GML.zip", "url": "https://nlftp.mlit.go.jp/ksj/gml/data/A22/A22-90/A22-901001_22_GML.zip"}, {"filename": "A22-951001_22_GML.zip", "url": "https://nlftp.mlit.go.jp/ksj/gml/data/A22/A22-95/A22-951001_22_GML.zip"}, {"filename": "A22-001001_22_GML.zip", "url": "https://nlftp.mlit.go.jp/ksj/gml/data/A22/A22-00/A22-001001_22_GML.zip"}, {"filename": "A22-051001_22_GML.zip", "url": "https://nlftp.mlit.go.jp/ksj/gml/data/A22/A22-05/A22-051001_22_GML.zip"}, {"filename": "A22-070402_22_GML.zip", "url": "https://nlftp.mlit.go.jp/ksj/gml/data/A22/A22-07/A22-070402_22_GML.zip"}, {"filename": "A22-16_22_GML.zip", "url": "https://nlftp.mlit.go.jp/ksj/gml/data/A22/A22-16/A22-16_22_GML.zip"}, {"filename": "A22-631101_25_GML.zip", "url": "https://nlftp.mlit.go.jp/ksj/gml/data/A22/A22-63/A22-631101_25_GML.zip"}, {"filename": "A22-651001_25_GML.zip", "url": "https://nlftp.mlit.go.jp/ksj/gml/data/A22/A22-65/A22-651001_25_GML.zip"}, {"filename": "A22-701001_25_GML.zip", "url": "https://nlftp.mlit.go.jp/ksj/gml/data/A22/A22-70/A22-701001_25_GML.zip"}, {"filename": "A22-751001_25_GML.zip", "url": "https://nlftp.mlit.go.jp/ksj/gml/data/A22/A22-75/A22-751001_25_GML.zip"}, {"filename": "A22-801001_25_GML.zip", "url": "https://nlftp.mlit.go.jp/ksj/gml/data/A22/A22-80/A22-801001_25_GML.zip"}, {"filename": "A22-851001_25_GML.zip", "url": "https://nlftp.mlit.go.jp/ksj/gml/data/A22/A22-85/A22-851001_25_GML.zip"}, {"filename": "A22-901001_25_GML.zip", "url": "https://nlftp.mlit.go.jp/ksj/gml/data/A22/A22-90/A22-901001_25_GML.zip"}, {"filename": "A22-951001_25_GML.zip", "url": "https://nlftp.mlit.go.jp/ksj/gml/data/A22/A22-95/A22-951001_25_GML.zip"}, {"filename": "A22-001001_25_GML.zip", "url": "https://nlftp.mlit.go.jp/ksj/gml/data/A22/A22-00/A22-001001_25_GML.zip"}, {"filename": "A22-051001_25_GML.zip", "url": "https://nlftp.mlit.go.jp/ksj/gml/data/A22/A22-05/A22-051001_25_GML.zip"}, {"filename": "A22-070402_25_GML.zip", "url": "https://nlftp.mlit.go.jp/ksj/gml/data/A22/A22-07/A22-070402_25_GML.zip"}, {"filename": "A22-16_25_GML.zip", "url": "https://nlftp.mlit.go.jp/ksj/gml/data/A22/A22-16/A22-16_25_GML.zip"}, {"filename": "A22-631101_26_GML.zip", "url": "https://nlftp.mlit.go.jp/ksj/gml/data/A22/A22-63/A22-631101_26_GML.zip"}, {"filename": "A22-651001_26_GML.zip", "url": "https://nlftp.mlit.go.jp/ksj/gml/data/A22/A22-65/A22-651001_26_GML.zip"}, {"filename": "A22-701001_26_GML.zip", "url": "https://nlftp.mlit.go.jp/ksj/gml/data/A22/A22-70/A22-701001_26_GML.zip"}, {"filename": "A22-751001_26_GML.zip", "url": "https://nlftp.mlit.go.jp/ksj/gml/data/A22/A22-75/A22-751001_26_GML.zip"}, {"filename": "A22-801001_26_GML.zip", "url": "https://nlftp.mlit.go.jp/ksj/gml/data/A22/A22-80/A22-801001_26_GML.zip"}, {"filename": "A22-851001_26_GML.zip", "url": "https://nlftp.mlit.go.jp/ksj/gml/data/A22/A22-85/A22-851001_26_GML.zip"}, {"filename": "A22-901001_26_GML.zip", "url": "https://nlftp.mlit.go.jp/ksj/gml/data/A22/A22-90/A22-901001_26_GML.zip"}, {"filename": "A22-951001_26_GML.zip", "url": "https://nlftp.mlit.go.jp/ksj/gml/data/A22/A22-95/A22-951001_26_GML.zip"}, {"filename": "A22-001001_26_GML.zip", "url": "https://nlftp.mlit.go.jp/ksj/gml/data/A22/A22-00/A22-001001_26_GML.zip"}, {"filename": "A22-051001_26_GML.zip", "url": "https://nlftp.mlit.go.jp/ksj/gml/data/A22/A22-05/A22-051001_26_GML.zip"}, {"filename": "A22-070402_26_GML.zip", "url": "https://nlftp.mlit.go.jp/ksj/gml/data/A22/A22-07/A22-070402_26_GML.zip"}, {"filename": "A22-16_26_GML.zip", "url": "https://nlftp.mlit.go.jp/ksj/gml/data/A22/A22-16/A22-16_26_GML.zip"}, {"filename": "A22-631101_28_GML.zip", "url": "https://nlftp.mlit.go.jp/ksj/gml/data/A22/A22-63/A22-631101_28_GML.zip"}, {"filename": "A22-651001_28_GML.zip", "url": "https://nlftp.mlit.go.jp/ksj/gml/data/A22/A22-65/A22-651001_28_GML.zip"}, {"filename": "A22-701001_28_GML.zip", "url": "https://nlftp.mlit.go.jp/ksj/gml/data/A22/A22-70/A22-701001_28_GML.zip"}, {"filename": "A22-751001_28_GML.zip", "url": "https://nlftp.mlit.go.jp/ksj/gml/data/A22/A22-75/A22-751001_28_GML.zip"}, {"filename": "A22-801001_28_GML.zip", "url": "https://nlftp.mlit.go.jp/ksj/gml/data/A22/A22-80/A22-801001_28_GML.zip"}, {"filename": "A22-851001_28_GML.zip", "url": "https://nlftp.mlit.go.jp/ksj/gml/data/A22/A22-85/A22-851001_28_GML.zip"}, {"filename": "A22-901001_28_GML.zip", "url": "https://nlftp.mlit.go.jp/ksj/gml/data/A22/A22-90/A22-901001_28_GML.zip"}, {"filename": "A22-951001_28_GML.zip", "url": "https://nlftp.mlit.go.jp/ksj/gml/data/A22/A22-95/A22-951001_28_GML.zip"}, {"filename": "A22-001001_28_GML.zip", "url": "https://nlftp.mlit.go.jp/ksj/gml/data/A22/A22-00/A22-001001_28_GML.zip"}, {"filename": "A22-051001_28_GML.zip", "url": "https://nlftp.mlit.go.jp/ksj/gml/data/A22/A22-05/A22-051001_28_GML.zip"}, {"filename": "A22-070402_28_GML.zip", "url": "https://nlftp.mlit.go.jp/ksj/gml/data/A22/A22-07/A22-070402_28_GML.zip"}, {"filename": "A22-16_28_GML.zip", "url": "https://nlftp.mlit.go.jp/ksj/gml/data/A22/A22-16/A22-16_28_GML.zip"}, {"filename": "A22-631101_31_GML.zip", "url": "https://nlftp.mlit.go.jp/ksj/gml/data/A22/A22-63/A22-631101_31_GML.zip"}, {"filename": "A22-651001_31_GML.zip", "url": "https://nlftp.mlit.go.jp/ksj/gml/data/A22/A22-65/A22-651001_31_GML.zip"}, {"filename": "A22-701001_31_GML.zip", "url": "https://nlftp.mlit.go.jp/ksj/gml/data/A22/A22-70/A22-701001_31_GML.zip"}, {"filename": "A22-751001_31_GML.zip", "url": "https://nlftp.mlit.go.jp/ksj/gml/data/A22/A22-75/A22-751001_31_GML.zip"}, {"filename": "A22-801001_31_GML.zip", "url": "https://nlftp.mlit.go.jp/ksj/gml/data/A22/A22-80/A22-801001_31_GML.zip"}, {"filename": "A22-851001_31_GML.zip", "url": "https://nlftp.mlit.go.jp/ksj/gml/data/A22/A22-85/A22-851001_31_GML.zip"}, {"filename": "A22-901001_31_GML.zip", "url": "https://nlftp.mlit.go.jp/ksj/gml/data/A22/A22-90/A22-901001_31_GML.zip"}, {"filename": "A22-951001_31_GML.zip", "url": "https://nlftp.mlit.go.jp/ksj/gml/data/A22/A22-95/A22-951001_31_GML.zip"}, {"filename": "A22-001001_31_GML.zip", "url": "https://nlftp.mlit.go.jp/ksj/gml/data/A22/A22-00/A22-001001_31_GML.zip"}, {"filename": "A22-051001_31_GML.zip", "url": "https://nlftp.mlit.go.jp/ksj/gml/data/A22/A22-05/A22-051001_31_GML.zip"}, {"filename": "A22-070402_31_GML.zip", "url": "https://nlftp.mlit.go.jp/ksj/gml/data/A22/A22-07/A22-070402_31_GML.zip"}, {"filename": "A22-16_31_GML.zip", "url": "https://nlftp.mlit.go.jp/ksj/gml/data/A22/A22-16/A22-16_31_GML.zip"}, {"filename": "A22-631101_32_GML.zip", "url": "https://nlftp.mlit.go.jp/ksj/gml/data/A22/A22-63/A22-631101_32_GML.zip"}, {"filename": "A22-651001_32_GML.zip", "url": "https://nlftp.mlit.go.jp/ksj/gml/data/A22/A22-65/A22-651001_32_GML.zip"}, {"filename": "A22-701001_32_GML.zip", "url": "https://nlftp.mlit.go.jp/ksj/gml/data/A22/A22-70/A22-701001_32_GML.zip"}, {"filename": "A22-751001_32_GML.zip", "url": "https://nlftp.mlit.go.jp/ksj/gml/data/A22/A22-75/A22-751001_32_GML.zip"}, {"filename": "A22-801001_32_GML.zip", "url": "https://nlftp.mlit.go.jp/ksj/gml/data/A22/A22-80/A22-801001_32_GML.zip"}, {"filename": "A22-851001_32_GML.zip", "url": "https://nlftp.mlit.go.jp/ksj/gml/data/A22/A22-85/A22-851001_32_GML.zip"}, {"filename": "A22-901001_32_GML.zip", "url": "https://nlftp.mlit.go.jp/ksj/gml/data/A22/A22-90/A22-901001_32_GML.zip"}, {"filename": "A22-951001_32_GML.zip", "url": "https://nlftp.mlit.go.jp/ksj/gml/data/A22/A22-95/A22-951001_32_GML.zip"}, {"filename": "A22-001001_32_GML.zip", "url": "https://nlftp.mlit.go.jp/ksj/gml/data/A22/A22-00/A22-001001_32_GML.zip"}, {"filename": "A22-051001_32_GML.zip", "url": "https://nlftp.mlit.go.jp/ksj/gml/data/A22/A22-05/A22-051001_32_GML.zip"}, {"filename": "A22-070402_32_GML.zip", "url": "https://nlftp.mlit.go.jp/ksj/gml/data/A22/A22-07/A22-070402_32_GML.zip"}, {"filename": "A22-16_32_GML.zip", "url": "https://nlftp.mlit.go.jp/ksj/gml/data/A22/A22-16/A22-16_32_GML.zip"}, {"filename": "A22-631101_33_GML.zip", "url": "https://nlftp.mlit.go.jp/ksj/gml/data/A22/A22-63/A22-631101_33_GML.zip"}, {"filename": "A22-651001_33_GML.zip", "url": "https://nlftp.mlit.go.jp/ksj/gml/data/A22/A22-65/A22-651001_33_GML.zip"}, {"filename": "A22-701001_33_GML.zip", "url": "https://nlftp.mlit.go.jp/ksj/gml/data/A22/A22-70/A22-701001_33_GML.zip"}, {"filename": "A22-751001_33_GML.zip", "url": "https://nlftp.mlit.go.jp/ksj/gml/data/A22/A22-75/A22-751001_33_GML.zip"}, {"filename": "A22-801001_33_GML.zip", "url": "https://nlftp.mlit.go.jp/ksj/gml/data/A22/A22-80/A22-801001_33_GML.zip"}, {"filename": "A22-851001_33_GML.zip", "url": "https://nlftp.mlit.go.jp/ksj/gml/data/A22/A22-85/A22-851001_33_GML.zip"}, {"filename": "A22-901001_33_GML.zip", "url": "https://nlftp.mlit.go.jp/ksj/gml/data/A22/A22-90/A22-901001_33_GML.zip"}, {"filename": "A22-951001_33_GML.zip", "url": "https://nlftp.mlit.go.jp/ksj/gml/data/A22/A22-95/A22-951001_33_GML.zip"}, {"filename": "A22-001001_33_GML.zip", "url": "https://nlftp.mlit.go.jp/ksj/gml/data/A22/A22-00/A22-001001_33_GML.zip"}, {"filename": "A22-051001_33_GML.zip", "url": "https://nlftp.mlit.go.jp/ksj/gml/data/A22/A22-05/A22-051001_33_GML.zip"}, {"filename": "A22-070402_33_GML.zip", "url": "https://nlftp.mlit.go.jp/ksj/gml/data/A22/A22-07/A22-070402_33_GML.zip"}, {"filename": "A22-16_33_GML.zip", "url": "https://nlftp.mlit.go.jp/ksj/gml/data/A22/A22-16/A22-16_33_GML.zip"}, {"filename": "A22-631101_34_GML.zip", "url": "https://nlftp.mlit.go.jp/ksj/gml/data/A22/A22-63/A22-631101_34_GML.zip"}, {"filename": "A22-651001_34_GML.zip", "url": "https://nlftp.mlit.go.jp/ksj/gml/data/A22/A22-65/A22-651001_34_GML.zip"}, {"filename": "A22-701001_34_GML.zip", "url": "https://nlftp.mlit.go.jp/ksj/gml/data/A22/A22-70/A22-701001_34_GML.zip"}, {"filename": "A22-751001_34_GML.zip", "url": "https://nlftp.mlit.go.jp/ksj/gml/data/A22/A22-75/A22-751001_34_GML.zip"}, {"filename": "A22-801001_34_GML.zip", "url": "https://nlftp.mlit.go.jp/ksj/gml/data/A22/A22-80/A22-801001_34_GML.zip"}, {"filename": "A22-851001_34_GML.zip", "url": "https://nlftp.mlit.go.jp/ksj/gml/data/A22/A22-85/A22-851001_34_GML.zip"}, {"filename": "A22-901001_34_GML.zip", "url": "https://nlftp.mlit.go.jp/ksj/gml/data/A22/A22-90/A22-901001_34_GML.zip"}, {"filename": "A22-951001_34_GML.zip", "url": "https://nlftp.mlit.go.jp/ksj/gml/data/A22/A22-95/A22-951001_34_GML.zip"}, {"filename": "A22-001001_34_GML.zip", "url": "https://nlftp.mlit.go.jp/ksj/gml/data/A22/A22-00/A22-001001_34_GML.zip"}, {"filename": "A22-051001_34_GML.zip", "url": "https://nlftp.mlit.go.jp/ksj/gml/data/A22/A22-05/A22-051001_34_GML.zip"}, {"filename": "A22-070402_34_GML.zip", "url": "https://nlftp.mlit.go.jp/ksj/gml/data/A22/A22-07/A22-070402_34_GML.zip"}, {"filename": "A22-16_34_GML.zip", "url": "https://nlftp.mlit.go.jp/ksj/gml/data/A22/A22-16/A22-16_34_GML.zip"}]