北海道,世界測地系,1963年（昭和38年）,24.54MB,A22-631101_01_GML.zip
北海道,世界測地系,1965年（昭和40年）,24.54MB,A22-651001_01_GML.zip
北海道,世界測地系,1970年（昭和45年）,24.54MB,A22-701001_01_GML.zip
北海道,世界測地系,1975年（昭和50年）,24.50MB,A22-751001_01_GML.zip
北海道,世界測地系,1980年（昭和55年）,24.49MB,A22-801001_01_GML.zip
北海道,世界測地系,1985年（昭和60年）,24.49MB,A22-851001_01_GML.zip
北海道,世界測地系,1990年（平成2年）,24.49MB,A22-901001_01_GML.zip
北海道,世界測地系,1995年（平成7年）,24.49MB,A22-951001_01_GML.zip
北海道,世界測地系,2000年（平成12年）,24.49MB,A22-001001_01_GML.zip
北海道,世界測地系,2005年（平成17年）,24.49MB,A22-051001_01_GML.zip
北海道,世界測地系,2007年（平成19年）,24.49MB,A22-070402_01_GML.zip
北海道,世界測地系,2016年（平成28年）,32.56MB,A22-16_01_GML.zip
青森,世界測地系,1963年（昭和38年）,4.68MB,A22-631101_02_GML.zip
青森,世界測地系,1965年（昭和40年）,4.68MB,A22-651001_02_GML.zip
青森,世界測地系,1970年（昭和45年）,4.68MB,A22-701001_02_GML.zip
青森,世界測地系,1975年（昭和50年）,4.67MB,A22-751001_02_GML.zip
青森,世界測地系,1980年（昭和55年）,4.67MB,A22-801001_02_GML.zip
青森,世界測地系,1985年（昭和60年）,4.67MB,A22-851001_02_GML.zip
青森,世界測地系,1990年（平成2年）,4.67MB,A22-901001_02_GML.zip
青森,世界測地系,1995年（平成7年）,4.67MB,A22-951001_02_GML.zip
青森,世界測地系,2000年（平成12年）,4.67MB,A22-001001_02_GML.zip
青森,世界測地系,2005年（平成17年）,4.67MB,A22-051001_02_GML.zip
青森,世界測地系,2007年（平成19年）,4.67MB,A22-070402_02_GML.zip
青森,世界測地系,2016年（平成28年）,6.25MB,A22-16_02_GML.zip
岩手,世界測地系,1963年（昭和38年）,5.96MB,A22-631101_03_GML.zip
岩手,世界測地系,1965年（昭和40年）,5.96MB,A22-651001_03_GML.zip
岩手,世界測地系,1970年（昭和45年）,5.96MB,A22-701001_03_GML.zip
岩手,世界測地系,1975年（昭和50年）,5.96MB,A22-751001_03_GML.zip
岩手,世界測地系,1980年（昭和55年）,5.96MB,A22-801001_03_GML.zip
岩手,世界測地系,1985年（昭和60年）,5.96MB,A22-851001_03_GML.zip
岩手,世界測地系,1990年（平成2年）,5.96MB,A22-901001_03_GML.zip
岩手,世界測地系,1995年（平成7年）,5.96MB,A22-951001_03_GML.zip
岩手,世界測地系,2000年（平成12年）,5.96MB,A22-001001_03_GML.zip
岩手,世界測地系,2005年（平成17年）,5.96MB,A22-051001_03_GML.zip
岩手,世界測地系,2007年（平成19年）,5.96MB,A22-070402_03_GML.zip
岩手,世界測地系,2016年（平成28年）,17.66MB,A22-16_03_GML.zip
宮城,世界測地系,1963年（昭和38年）,1.10MB,A22-631101_04_GML.zip
宮城,世界測地系,1965年（昭和40年）,1.10MB,A22-651001_04_GML.zip
宮城,世界測地系,1970年（昭和45年）,1.10MB,A22-701001_04_GML.zip
宮城,世界測地系,1975年（昭和50年）,1.10MB,A22-751001_04_GML.zip
宮城,世界測地系,1980年（昭和55年）,1.10MB,A22-801001_04_GML.zip
宮城,世界測地系,1985年（昭和60年）,1.10MB,A22-851001_04_GML.zip
宮城,世界測地系,1990年（平成2年）,1.10MB,A22-901001_04_GML.zip
宮城,世界測地系,1995年（平成7年）,1.10MB,A22-951001_04_GML.zip
宮城,世界測地系,2000年（平成12年）,1.10MB,A22-001001_04_GML.zip
宮城,世界測地系,2005年（平成17年）,1.10MB,A22-051001_04_GML.zip
宮城,世界測地系,2007年（平成19年）,1.10MB,A22-070402_04_GML.zip
宮城,世界測地系,2016年（平成28年）,1.15MB,A22-16_04_GML.zip
秋田,世界測地系,1963年（昭和38年）,3.30MB,A22-631101_05_GML.zip
秋田,世界測地系,1965年（昭和40年）,3.31MB,A22-651001_05_GML.zip
秋田,世界測地系,1970年（昭和45年）,3.31MB,A22-701001_05_GML.zip
秋田,世界測地系,1975年（昭和50年）,3.32MB,A22-751001_05_GML.zip
秋田,世界測地系,1980年（昭和55年）,3.32MB,A22-801001_05_GML.zip
秋田,世界測地系,1985年（昭和60年）,3.32MB,A22-851001_05_GML.zip
秋田,世界測地系,1990年（平成2年）,3.32MB,A22-901001_05_GML.zip
秋田,世界測地系,1995年（平成7年）,3.32MB,A22-951001_05_GML.zip
秋田,世界測地系,2000年（平成12年）,3.32MB,A22-001001_05_GML.zip
秋田,世界測地系,2005年（平成17年）,3.32MB,A22-051001_05_GML.zip
秋田,世界測地系,2007年（平成19年）,3.32MB,A22-070402_05_GML.zip
秋田,世界測地系,2016年（平成28年）,5.73MB,A22-16_05_GML.zip
山形,世界測地系,1963年（昭和38年）,2.80MB,A22-631101_06_GML.zip
山形,世界測地系,1965年（昭和40年）,2.80MB,A22-651001_06_GML.zip
山形,世界測地系,1970年（昭和45年）,2.80MB,A22-701001_06_GML.zip
山形,世界測地系,1975年（昭和50年）,2.80MB,A22-751001_06_GML.zip
山形,世界測地系,1980年（昭和55年）,2.77MB,A22-801001_06_GML.zip
山形,世界測地系,1985年（昭和60年）,2.77MB,A22-851001_06_GML.zip
山形,世界測地系,1990年（平成2年）,2.77MB,A22-901001_06_GML.zip
山形,世界測地系,1995年（平成7年）,2.77MB,A22-951001_06_GML.zip
山形,世界測地系,2000年（平成12年）,2.77MB,A22-001001_06_GML.zip
山形,世界測地系,2005年（平成17年）,2.77MB,A22-051001_06_GML.zip
山形,世界測地系,2007年（平成19年）,2.77MB,A22-070402_06_GML.zip
山形,世界測地系,2016年（平成28年）,3.74MB,A22-16_06_GML.zip
福島,世界測地系,1963年（昭和38年）,3.97MB,A22-631101_07_GML.zip
福島,世界測地系,1965年（昭和40年）,3.97MB,A22-651001_07_GML.zip
福島,世界測地系,1970年（昭和45年）,3.97MB,A22-701001_07_GML.zip
福島,世界測地系,1975年（昭和50年）,3.97MB,A22-751001_07_GML.zip
福島,世界測地系,1980年（昭和55年）,3.97MB,A22-801001_07_GML.zip
福島,世界測地系,1985年（昭和60年）,3.97MB,A22-851001_07_GML.zip
福島,世界測地系,1990年（平成2年）,3.97MB,A22-901001_07_GML.zip
福島,世界測地系,1995年（平成7年）,3.97MB,A22-951001_07_GML.zip
福島,世界測地系,2000年（平成12年）,3.97MB,A22-001001_07_GML.zip
福島,世界測地系,2005年（平成17年）,3.97MB,A22-051001_07_GML.zip
福島,世界測地系,2007年（平成19年）,3.97MB,A22-070402_07_GML.zip
福島,世界測地系,2016年（平成28年）,3.64MB,A22-16_07_GML.zip
栃木,世界測地系,1963年（昭和38年）,0.77MB,A22-631101_09_GML.zip
栃木,世界測地系,1965年（昭和40年）,0.77MB,A22-651001_09_GML.zip
栃木,世界測地系,1970年（昭和45年）,0.77MB,A22-701001_09_GML.zip
栃木,世界測地系,1975年（昭和50年）,0.77MB,A22-751001_09_GML.zip
栃木,世界測地系,1980年（昭和55年）,0.77MB,A22-801001_09_GML.zip
栃木,世界測地系,1985年（昭和60年）,0.77MB,A22-851001_09_GML.zip
栃木,世界測地系,1990年（平成2年）,0.77MB,A22-901001_09_GML.zip
栃木,世界測地系,1995年（平成7年）,0.77MB,A22-951001_09_GML.zip
栃木,世界測地系,2000年（平成12年）,0.77MB,A22-001001_09_GML.zip
栃木,世界測地系,2005年（平成17年）,0.77MB,A22-051001_09_GML.zip
栃木,世界測地系,2007年（平成19年）,0.77MB,A22-070402_09_GML.zip
栃木,世界測地系,2016年（平成28年）,0.78MB,A22-16_09_GML.zip
群馬,世界測地系,1963年（昭和38年）,1.64MB,A22-631101_10_GML.zip
群馬,世界測地系,1965年（昭和40年）,1.64MB,A22-651001_10_GML.zip
群馬,世界測地系,1970年（昭和45年）,1.64MB,A22-701001_10_GML.zip
群馬,世界測地系,1975年（昭和50年）,1.64MB,A22-751001_10_GML.zip
群馬,世界測地系,1980年（昭和55年）,1.64MB,A22-801001_10_GML.zip
群馬,世界測地系,1985年（昭和60年）,1.64MB,A22-851001_10_GML.zip
群馬,世界測地系,1990年（平成2年）,1.64MB,A22-901001_10_GML.zip
群馬,世界測地系,1995年（平成7年）,1.64MB,A22-951001_10_GML.zip
群馬,世界測地系,2000年（平成12年）,1.64MB,A22-001001_10_GML.zip
群馬,世界測地系,2005年（平成17年）,1.64MB,A22-051001_10_GML.zip
群馬,世界測地系,2007年（平成19年）,1.64MB,A22-070402_10_GML.zip
群馬,世界測地系,2016年（平成28年）,1.71MB,A22-16_10_GML.zip
新潟,世界測地系,1963年（昭和38年）,5.31MB,A22-631101_15_GML.zip
新潟,世界測地系,1965年（昭和40年）,5.31MB,A22-651001_15_GML.zip
新潟,世界測地系,1970年（昭和45年）,5.31MB,A22-701001_15_GML.zip
新潟,世界測地系,1975年（昭和50年）,5.28MB,A22-751001_15_GML.zip
新潟,世界測地系,1980年（昭和55年）,5.24MB,A22-801001_15_GML.zip
新潟,世界測地系,1985年（昭和60年）,5.24MB,A22-851001_15_GML.zip
新潟,世界測地系,1990年（平成2年）,5.24MB,A22-901001_15_GML.zip
新潟,世界測地系,1995年（平成7年）,5.24MB,A22-951001_15_GML.zip
新潟,世界測地系,2000年（平成12年）,5.24MB,A22-001001_15_GML.zip
新潟,世界測地系,2005年（平成17年）,5.24MB,A22-051001_15_GML.zip
新潟,世界測地系,2007年（平成19年）,5.24MB,A22-070402_15_GML.zip
新潟,世界測地系,2016年（平成28年）,6.82MB,A22-16_15_GML.zip
富山,世界測地系,1963年（昭和38年）,1.57MB,A22-631101_16_GML.zip
富山,世界測地系,1965年（昭和40年）,1.57MB,A22-651001_16_GML.zip
富山,世界測地系,1970年（昭和45年）,1.57MB,A22-701001_16_GML.zip
富山,世界測地系,1975年（昭和50年）,1.57MB,A22-751001_16_GML.zip
富山,世界測地系,1980年（昭和55年）,1.58MB,A22-801001_16_GML.zip
富山,世界測地系,1985年（昭和60年）,1.58MB,A22-851001_16_GML.zip
富山,世界測地系,1990年（平成2年）,1.58MB,A22-901001_16_GML.zip
富山,世界測地系,1995年（平成7年）,1.58MB,A22-951001_16_GML.zip
富山,世界測地系,2000年（平成12年）,1.58MB,A22-001001_16_GML.zip
富山,世界測地系,2005年（平成17年）,1.58MB,A22-051001_16_GML.zip
富山,世界測地系,2007年（平成19年）,1.58MB,A22-070402_16_GML.zip
富山,世界測地系,2016年（平成28年）,1.81MB,A22-16_16_GML.zip
石川,世界測地系,1963年（昭和38年）,2.74MB,A22-631101_17_GML.zip
石川,世界測地系,1965年（昭和40年）,2.74MB,A22-651001_17_GML.zip
石川,世界測地系,1970年（昭和45年）,2.74MB,A22-701001_17_GML.zip
石川,世界測地系,1975年（昭和50年）,2.74MB,A22-751001_17_GML.zip
石川,世界測地系,1980年（昭和55年）,2.74MB,A22-801001_17_GML.zip
石川,世界測地系,1985年（昭和60年）,2.74MB,A22-851001_17_GML.zip
石川,世界測地系,1990年（平成2年）,2.74MB,A22-901001_17_GML.zip
石川,世界測地系,1995年（平成7年）,2.74MB,A22-951001_17_GML.zip
石川,世界測地系,2000年（平成12年）,2.74MB,A22-001001_17_GML.zip
石川,世界測地系,2005年（平成17年）,2.74MB,A22-051001_17_GML.zip
石川,世界測地系,2007年（平成19年）,2.74MB,A22-070402_17_GML.zip
石川,世界測地系,2016年（平成28年）,4.02MB,A22-16_17_GML.zip
福井,世界測地系,1963年（昭和38年）,2.99MB,A22-631101_18_GML.zip
福井,世界測地系,1965年（昭和40年）,2.99MB,A22-651001_18_GML.zip
福井,世界測地系,1970年（昭和45年）,2.99MB,A22-701001_18_GML.zip
福井,世界測地系,1975年（昭和50年）,2.98MB,A22-751001_18_GML.zip
福井,世界測地系,1980年（昭和55年）,2.98MB,A22-801001_18_GML.zip
福井,世界測地系,1985年（昭和60年）,2.98MB,A22-851001_18_GML.zip
福井,世界測地系,1990年（平成2年）,2.98MB,A22-901001_18_GML.zip
福井,世界測地系,1995年（平成7年）,2.98MB,A22-951001_18_GML.zip
福井,世界測地系,2000年（平成12年）,2.98MB,A22-001001_18_GML.zip
福井,世界測地系,2005年（平成17年）,2.98MB,A22-051001_18_GML.zip
福井,世界測地系,2007年（平成19年）,2.98MB,A22-070402_18_GML.zip
福井,世界測地系,2016年（平成28年）,4.96MB,A22-16_18_GML.zip
山梨,世界測地系,1963年（昭和38年）,0.39MB,A22-631101_19_GML.zip
山梨,世界測地系,1965年（昭和40年）,0.39MB,A22-651001_19_GML.zip
山梨,世界測地系,1970年（昭和45年）,0.39MB,A22-701001_19_GML.zip
山梨,世界測地系,1975年（昭和50年）,0.39MB,A22-751001_19_GML.zip
山梨,世界測地系,1980年（昭和55年）,0.39MB,A22-801001_19_GML.zip
山梨,世界測地系,1985年（昭和60年）,0.39MB,A22-851001_19_GML.zip
山梨,世界測地系,1990年（平成2年）,0.39MB,A22-901001_19_GML.zip
山梨,世界測地系,1995年（平成7年）,0.39MB,A22-951001_19_GML.zip
山梨,世界測地系,2000年（平成12年）,0.39MB,A22-001001_19_GML.zip
山梨,世界測地系,2005年（平成17年）,0.39MB,A22-051001_19_GML.zip
山梨,世界測地系,2007年（平成19年）,0.39MB,A22-070402_19_GML.zip
山梨,世界測地系,2016年（平成28年）,0.35MB,A22-16_19_GML.zip
長野,世界測地系,1963年（昭和38年）,1.74MB,A22-631101_20_GML.zip
長野,世界測地系,1965年（昭和40年）,1.74MB,A22-651001_20_GML.zip
長野,世界測地系,1970年（昭和45年）,1.74MB,A22-701001_20_GML.zip
長野,世界測地系,1975年（昭和50年）,1.74MB,A22-751001_20_GML.zip
長野,世界測地系,1980年（昭和55年）,1.74MB,A22-801001_20_GML.zip
長野,世界測地系,1985年（昭和60年）,1.74MB,A22-851001_20_GML.zip
長野,世界測地系,1990年（平成2年）,1.74MB,A22-901001_20_GML.zip
長野,世界測地系,1995年（平成7年）,1.74MB,A22-951001_20_GML.zip
長野,世界測地系,2000年（平成12年）,1.74MB,A22-001001_20_GML.zip
長野,世界測地系,2005年（平成17年）,1.74MB,A22-051001_20_GML.zip
長野,世界測地系,2007年（平成19年）,1.74MB,A22-070402_20_GML.zip
長野,世界測地系,2016年（平成28年）,1.82MB,A22-16_20_GML.zip
岐阜,世界測地系,1963年（昭和38年）,1.67MB,A22-631101_21_GML.zip
岐阜,世界測地系,1965年（昭和40年）,1.67MB,A22-651001_21_GML.zip
岐阜,世界測地系,1970年（昭和45年）,1.67MB,A22-701001_21_GML.zip
岐阜,世界測地系,1975年（昭和50年）,1.67MB,A22-751001_21_GML.zip
岐阜,世界測地系,1980年（昭和55年）,1.67MB,A22-801001_21_GML.zip
岐阜,世界測地系,1985年（昭和60年）,1.67MB,A22-851001_21_GML.zip
岐阜,世界測地系,1990年（平成2年）,1.67MB,A22-901001_21_GML.zip
岐阜,世界測地系,1995年（平成7年）,1.67MB,A22-951001_21_GML.zip
岐阜,世界測地系,2000年（平成12年）,1.67MB,A22-001001_21_GML.zip
岐阜,世界測地系,2005年（平成17年）,1.67MB,A22-051001_21_GML.zip
岐阜,世界測地系,2007年（平成19年）,1.67MB,A22-070402_21_GML.zip
岐阜,世界測地系,2016年（平成28年）,1.20MB,A22-16_21_GML.zip
静岡,世界測地系,1963年（昭和38年）,0.39MB,A22-631101_22_GML.zip
静岡,世界測地系,1965年（昭和40年）,0.39MB,A22-651001_22_GML.zip
静岡,世界測地系,1970年（昭和45年）,0.39MB,A22-701001_22_GML.zip
静岡,世界測地系,1975年（昭和50年）,0.39MB,A22-751001_22_GML.zip
静岡,世界測地系,1980年（昭和55年）,0.39MB,A22-801001_22_GML.zip
静岡,世界測地系,1985年（昭和60年）,0.39MB,A22-851001_22_GML.zip
静岡,世界測地系,1990年（平成2年）,0.39MB,A22-901001_22_GML.zip
静岡,世界測地系,1995年（平成7年）,0.39MB,A22-951001_22_GML.zip
静岡,世界測地系,2000年（平成12年）,0.39MB,A22-001001_22_GML.zip
静岡,世界測地系,2005年（平成17年）,0.39MB,A22-051001_22_GML.zip
静岡,世界測地系,2007年（平成19年）,0.39MB,A22-070402_22_GML.zip
静岡,世界測地系,2016年（平成28年）,0.41MB,A22-16_22_GML.zip
滋賀,世界測地系,1963年（昭和38年）,0.57MB,A22-631101_25_GML.zip
滋賀,世界測地系,1965年（昭和40年）,0.57MB,A22-651001_25_GML.zip
滋賀,世界測地系,1970年（昭和45年）,0.57MB,A22-701001_25_GML.zip
滋賀,世界測地系,1975年（昭和50年）,0.57MB,A22-751001_25_GML.zip
滋賀,世界測地系,1980年（昭和55年）,0.58MB,A22-801001_25_GML.zip
滋賀,世界測地系,1985年（昭和60年）,0.58MB,A22-851001_25_GML.zip
滋賀,世界測地系,1990年（平成2年）,0.58MB,A22-901001_25_GML.zip
滋賀,世界測地系,1995年（平成7年）,0.58MB,A22-951001_25_GML.zip
滋賀,世界測地系,2000年（平成12年）,0.58MB,A22-001001_25_GML.zip
滋賀,世界測地系,2005年（平成17年）,0.58MB,A22-051001_25_GML.zip
滋賀,世界測地系,2007年（平成19年）,0.58MB,A22-070402_25_GML.zip
滋賀,世界測地系,2016年（平成28年）,0.47MB,A22-16_25_GML.zip
京都,世界測地系,1963年（昭和38年）,1.78MB,A22-631101_26_GML.zip
京都,世界測地系,1965年（昭和40年）,1.78MB,A22-651001_26_GML.zip
京都,世界測地系,1970年（昭和45年）,1.78MB,A22-701001_26_GML.zip
京都,世界測地系,1975年（昭和50年）,1.78MB,A22-751001_26_GML.zip
京都,世界測地系,1980年（昭和55年）,1.78MB,A22-801001_26_GML.zip
京都,世界測地系,1985年（昭和60年）,1.78MB,A22-851001_26_GML.zip
京都,世界測地系,1990年（平成2年）,1.78MB,A22-901001_26_GML.zip
京都,世界測地系,1995年（平成7年）,1.78MB,A22-951001_26_GML.zip
京都,世界測地系,2000年（平成12年）,1.78MB,A22-001001_26_GML.zip
京都,世界測地系,2005年（平成17年）,1.78MB,A22-051001_26_GML.zip
京都,世界測地系,2007年（平成19年）,1.78MB,A22-070402_26_GML.zip
京都,世界測地系,2016年（平成28年）,2.74MB,A22-16_26_GML.zip
兵庫,世界測地系,1963年（昭和38年）,1.37MB,A22-631101_28_GML.zip
兵庫,世界測地系,1965年（昭和40年）,1.37MB,A22-651001_28_GML.zip
兵庫,世界測地系,1970年（昭和45年）,1.37MB,A22-701001_28_GML.zip
兵庫,世界測地系,1975年（昭和50年）,1.37MB,A22-751001_28_GML.zip
兵庫,世界測地系,1980年（昭和55年）,1.37MB,A22-801001_28_GML.zip
兵庫,世界測地系,1985年（昭和60年）,1.37MB,A22-851001_28_GML.zip
兵庫,世界測地系,1990年（平成2年）,1.37MB,A22-901001_28_GML.zip
兵庫,世界測地系,1995年（平成7年）,1.37MB,A22-951001_28_GML.zip
兵庫,世界測地系,2000年（平成12年）,1.37MB,A22-001001_28_GML.zip
兵庫,世界測地系,2005年（平成17年）,1.37MB,A22-051001_28_GML.zip
兵庫,世界測地系,2007年（平成19年）,1.37MB,A22-070402_28_GML.zip
兵庫,世界測地系,2016年（平成28年）,3.42MB,A22-16_28_GML.zip
鳥取,世界測地系,1963年（昭和38年）,1.57MB,A22-631101_31_GML.zip
鳥取,世界測地系,1965年（昭和40年）,1.57MB,A22-651001_31_GML.zip
鳥取,世界測地系,1970年（昭和45年）,1.57MB,A22-701001_31_GML.zip
鳥取,世界測地系,1975年（昭和50年）,1.57MB,A22-751001_31_GML.zip
鳥取,世界測地系,1980年（昭和55年）,1.57MB,A22-801001_31_GML.zip
鳥取,世界測地系,1985年（昭和60年）,1.57MB,A22-851001_31_GML.zip
鳥取,世界測地系,1990年（平成2年）,1.57MB,A22-901001_31_GML.zip
鳥取,世界測地系,1995年（平成7年）,1.57MB,A22-951001_31_GML.zip
鳥取,世界測地系,2000年（平成12年）,1.57MB,A22-001001_31_GML.zip
鳥取,世界測地系,2005年（平成17年）,1.57MB,A22-051001_31_GML.zip
鳥取,世界測地系,2007年（平成19年）,1.57MB,A22-070402_31_GML.zip
鳥取,世界測地系,2016年（平成28年）,2.31MB,A22-16_31_GML.zip
島根,世界測地系,1963年（昭和38年）,0.83MB,A22-631101_32_GML.zip
島根,世界測地系,1965年（昭和40年）,0.83MB,A22-651001_32_GML.zip
島根,世界測地系,1970年（昭和45年）,0.83MB,A22-701001_32_GML.zip
島根,世界測地系,1975年（昭和50年）,0.83MB,A22-751001_32_GML.zip
島根,世界測地系,1980年（昭和55年）,0.83MB,A22-801001_32_GML.zip
島根,世界測地系,1985年（昭和60年）,0.83MB,A22-851001_32_GML.zip
島根,世界測地系,1990年（平成2年）,0.83MB,A22-901001_32_GML.zip
島根,世界測地系,1995年（平成7年）,0.83MB,A22-951001_32_GML.zip
島根,世界測地系,2000年（平成12年）,0.83MB,A22-001001_32_GML.zip
島根,世界測地系,2005年（平成17年）,0.83MB,A22-051001_32_GML.zip
島根,世界測地系,2007年（平成19年）,0.83MB,A22-070402_32_GML.zip
島根,世界測地系,2016年（平成28年）,0.81MB,A22-16_32_GML.zip
岡山,世界測地系,1963年（昭和38年）,0.96MB,A22-631101_33_GML.zip
岡山,世界測地系,1965年（昭和40年）,0.96MB,A22-651001_33_GML.zip
岡山,世界測地系,1970年（昭和45年）,0.96MB,A22-701001_33_GML.zip
岡山,世界測地系,1975年（昭和50年）,0.96MB,A22-751001_33_GML.zip
岡山,世界測地系,1980年（昭和55年）,0.96MB,A22-801001_33_GML.zip
岡山,世界測地系,1985年（昭和60年）,0.96MB,A22-851001_33_GML.zip
岡山,世界測地系,1990年（平成2年）,0.96MB,A22-901001_33_GML.zip
岡山,世界測地系,1995年（平成7年）,0.96MB,A22-951001_33_GML.zip
岡山,世界測地系,2000年（平成12年）,0.96MB,A22-001001_33_GML.zip
岡山,世界測地系,2005年（平成17年）,0.96MB,A22-051001_33_GML.zip
岡山,世界測地系,2007年（平成19年）,0.96MB,A22-070402_33_GML.zip
岡山,世界測地系,2016年（平成28年）,0.68MB,A22-16_33_GML.zip
広島,世界測地系,1963年（昭和38年）,0.71MB,A22-631101_34_GML.zip
広島,世界測地系,1965年（昭和40年）,0.71MB,A22-651001_34_GML.zip
広島,世界測地系,1970年（昭和45年）,0.71MB,A22-701001_34_GML.zip
広島,世界測地系,1975年（昭和50年）,0.71MB,A22-751001_34_GML.zip
広島,世界測地系,1980年（昭和55年）,0.71MB,A22-801001_34_GML.zip
広島,世界測地系,1985年（昭和60年）,0.71MB,A22-851001_34_GML.zip
広島,世界測地系,1990年（平成2年）,0.71MB,A22-901001_34_GML.zip
広島,世界測地系,1995年（平成7年）,0.71MB,A22-951001_34_GML.zip
広島,世界測地系,2000年（平成12年）,0.71MB,A22-001001_34_GML.zip
広島,世界測地系,2005年（平成17年）,0.71MB,A22-051001_34_GML.zip
広島,世界測地系,2007年（平成19年）,0.71MB,A22-070402_34_GML.zip
広島,世界測地系,2016年（平成28年）,0.73MB,A22-16_34_GML.zip