北海道,世界測地系,2014年（平成26年）,67.80MB,A22-m-14_01_GML.zip
青森,世界測地系,2014年（平成26年）,16.20MB,A22-m-14_02_GML.zip
岩手,世界測地系,2014年（平成26年）,24.63MB,A22-m-14_03_GML.zip
宮城,世界測地系,2014年（平成26年）,1.40MB,A22-m-14_04_GML.zip
秋田,世界測地系,2014年（平成26年）,10.13MB,A22-m-14_05_GML.zip
山形,世界測地系,2014年（平成26年）,4.93MB,A22-m-14_06_GML.zip
福島,世界測地系,2014年（平成26年）,5.18MB,A22-m-14_07_GML.zip
栃木,世界測地系,2014年（平成26年）,0.91MB,A22-m-14_09_GML.zip
群馬,世界測地系,2014年（平成26年）,2.00MB,A22-m-14_10_GML.zip
新潟,世界測地系,2014年（平成26年）,18.30MB,A22-m-14_15_GML.zip
富山,世界測地系,2014年（平成26年）,2.24MB,A22-m-14_16_GML.zip
石川,世界測地系,2014年（平成26年）,12.26MB,A22-m-14_17_GML.zip
福井,世界測地系,2014年（平成26年）,14.89MB,A22-m-14_18_GML.zip
山梨,世界測地系,2014年（平成26年）,0.41MB,A22-m-14_19_GML.zip
長野,世界測地系,2014年（平成26年）,2.23MB,A22-m-14_20_GML.zip
岐阜,世界測地系,2014年（平成26年）,2.07MB,A22-m-14_21_GML.zip
静岡,世界測地系,2014年（平成26年）,0.40MB,A22-m-14_22_GML.zip
滋賀,世界測地系,2014年（平成26年）,0.72MB,A22-m-14_25_GML.zip
京都,世界測地系,2014年（平成26年）,5.98MB,A22-m-14_26_GML.zip
兵庫,世界測地系,2014年（平成26年）,6.41MB,A22-m-14_28_GML.zip
鳥取,世界測地系,2014年（平成26年）,3.56MB,A22-m-14_31_GML.zip
島根,世界測地系,2014年（平成26年）,0.95MB,A22-m-14_32_GML.zip
岡山,世界測地系,2014年（平成26年）,1.12MB,A22-m-14_33_GML.zip
広島,世界測地系,2014年（平成26年）,0.87MB,A22-m-14_34_GML.zip