[{"filename": "A22-m-14_01_GML.zip", "url": "https://nlftp.mlit.go.jp/ksj/gml/data/A22-m/A22-m-14/A22-m-14_01_GML.zip"}, {"filename": "A22-m-14_02_GML.zip", "url": "https://nlftp.mlit.go.jp/ksj/gml/data/A22-m/A22-m-14/A22-m-14_02_GML.zip"}, {"filename": "A22-m-14_03_GML.zip", "url": "https://nlftp.mlit.go.jp/ksj/gml/data/A22-m/A22-m-14/A22-m-14_03_GML.zip"}, {"filename": "A22-m-14_04_GML.zip", "url": "https://nlftp.mlit.go.jp/ksj/gml/data/A22-m/A22-m-14/A22-m-14_04_GML.zip"}, {"filename": "A22-m-14_05_GML.zip", "url": "https://nlftp.mlit.go.jp/ksj/gml/data/A22-m/A22-m-14/A22-m-14_05_GML.zip"}, {"filename": "A22-m-14_06_GML.zip", "url": "https://nlftp.mlit.go.jp/ksj/gml/data/A22-m/A22-m-14/A22-m-14_06_GML.zip"}, {"filename": "A22-m-14_07_GML.zip", "url": "https://nlftp.mlit.go.jp/ksj/gml/data/A22-m/A22-m-14/A22-m-14_07_GML.zip"}, {"filename": "A22-m-14_09_GML.zip", "url": "https://nlftp.mlit.go.jp/ksj/gml/data/A22-m/A22-m-14/A22-m-14_09_GML.zip"}, {"filename": "A22-m-14_10_GML.zip", "url": "https://nlftp.mlit.go.jp/ksj/gml/data/A22-m/A22-m-14/A22-m-14_10_GML.zip"}, {"filename": "A22-m-14_15_GML.zip", "url": "https://nlftp.mlit.go.jp/ksj/gml/data/A22-m/A22-m-14/A22-m-14_15_GML.zip"}, {"filename": "A22-m-14_16_GML.zip", "url": "https://nlftp.mlit.go.jp/ksj/gml/data/A22-m/A22-m-14/A22-m-14_16_GML.zip"}, {"filename": "A22-m-14_17_GML.zip", "url": "https://nlftp.mlit.go.jp/ksj/gml/data/A22-m/A22-m-14/A22-m-14_17_GML.zip"}, {"filename": "A22-m-14_18_GML.zip", "url": "https://nlftp.mlit.go.jp/ksj/gml/data/A22-m/A22-m-14/A22-m-14_18_GML.zip"}, {"filename": "A22-m-14_19_GML.zip", "url": "https://nlftp.mlit.go.jp/ksj/gml/data/A22-m/A22-m-14/A22-m-14_19_GML.zip"}, {"filename": "A22-m-14_20_GML.zip", "url": "https://nlftp.mlit.go.jp/ksj/gml/data/A22-m/A22-m-14/A22-m-14_20_GML.zip"}, {"filename": "A22-m-14_21_GML.zip", "url": "https://nlftp.mlit.go.jp/ksj/gml/data/A22-m/A22-m-14/A22-m-14_21_GML.zip"}, {"filename": "A22-m-14_22_GML.zip", "url": "https://nlftp.mlit.go.jp/ksj/gml/data/A22-m/A22-m-14/A22-m-14_22_GML.zip"}, {"filename": "A22-m-14_25_GML.zip", "url": "https://nlftp.mlit.go.jp/ksj/gml/data/A22-m/A22-m-14/A22-m-14_25_GML.zip"}, {"filename": "A22-m-14_26_GML.zip", "url": "https://nlftp.mlit.go.jp/ksj/gml/data/A22-m/A22-m-14/A22-m-14_26_GML.zip"}, {"filename": "A22-m-14_28_GML.zip", "url": "https://nlftp.mlit.go.jp/ksj/gml/data/A22-m/A22-m-14/A22-m-14_28_GML.zip"}, {"filename": "A22-m-14_31_GML.zip", "url": "https://nlftp.mlit.go.jp/ksj/gml/data/A22-m/A22-m-14/A22-m-14_31_GML.zip"}, {"filename": "A22-m-14_32_GML.zip", "url": "https://nlftp.mlit.go.jp/ksj/gml/data/A22-m/A22-m-14/A22-m-14_32_GML.zip"}, {"filename": "A22-m-14_33_GML.zip", "url": "https://nlftp.mlit.go.jp/ksj/gml/data/A22-m/A22-m-14/A22-m-14_33_GML.zip"}, {"filename": "A22-m-14_34_GML.zip", "url": "https://nlftp.mlit.go.jp/ksj/gml/data/A22-m/A22-m-14/A22-m-14_34_GML.zip"}]