[{"filename": "A22s-95_01_GML.zip", "url": "https://nlftp.mlit.go.jp/ksj/gml/data/A22s/A22s-95/A22s-95_01_GML.zip"}, {"filename": "A22s-00_01_GML.zip", "url": "https://nlftp.mlit.go.jp/ksj/gml/data/A22s/A22s-00/A22s-00_01_GML.zip"}, {"filename": "A22s-05_01_GML.zip", "url": "https://nlftp.mlit.go.jp/ksj/gml/data/A22s/A22s-05/A22s-05_01_GML.zip"}, {"filename": "A22s-10_01_GML.zip", "url": "https://nlftp.mlit.go.jp/ksj/gml/data/A22s/A22s-10/A22s-10_01_GML.zip"}, {"filename": "A22s-95_02_GML.zip", "url": "https://nlftp.mlit.go.jp/ksj/gml/data/A22s/A22s-95/A22s-95_02_GML.zip"}, {"filename": "A22s-00_02_GML.zip", "url": "https://nlftp.mlit.go.jp/ksj/gml/data/A22s/A22s-00/A22s-00_02_GML.zip"}, {"filename": "A22s-05_02_GML.zip", "url": "https://nlftp.mlit.go.jp/ksj/gml/data/A22s/A22s-05/A22s-05_02_GML.zip"}, {"filename": "A22s-10_02_GML.zip", "url": "https://nlftp.mlit.go.jp/ksj/gml/data/A22s/A22s-10/A22s-10_02_GML.zip"}, {"filename": "A22s-95_03_GML.zip", "url": "https://nlftp.mlit.go.jp/ksj/gml/data/A22s/A22s-95/A22s-95_03_GML.zip"}, {"filename": "A22s-00_03_GML.zip", "url": "https://nlftp.mlit.go.jp/ksj/gml/data/A22s/A22s-00/A22s-00_03_GML.zip"}, {"filename": "A22s-05_03_GML.zip", "url": "https://nlftp.mlit.go.jp/ksj/gml/data/A22s/A22s-05/A22s-05_03_GML.zip"}, {"filename": "A22s-10_03_GML.zip", "url": "https://nlftp.mlit.go.jp/ksj/gml/data/A22s/A22s-10/A22s-10_03_GML.zip"}, {"filename": "A22s-95_04_GML.zip", "url": "https://nlftp.mlit.go.jp/ksj/gml/data/A22s/A22s-95/A22s-95_04_GML.zip"}, {"filename": "A22s-00_04_GML.zip", "url": "https://nlftp.mlit.go.jp/ksj/gml/data/A22s/A22s-00/A22s-00_04_GML.zip"}, {"filename": "A22s-05_04_GML.zip", "url": "https://nlftp.mlit.go.jp/ksj/gml/data/A22s/A22s-05/A22s-05_04_GML.zip"}, {"filename": "A22s-10_04_GML.zip", "url": "https://nlftp.mlit.go.jp/ksj/gml/data/A22s/A22s-10/A22s-10_04_GML.zip"}, {"filename": "A22s-95_05_GML.zip", "url": "https://nlftp.mlit.go.jp/ksj/gml/data/A22s/A22s-95/A22s-95_05_GML.zip"}, {"filename": "A22s-00_05_GML.zip", "url": "https://nlftp.mlit.go.jp/ksj/gml/data/A22s/A22s-00/A22s-00_05_GML.zip"}, {"filename": "A22s-05_05_GML.zip", "url": "https://nlftp.mlit.go.jp/ksj/gml/data/A22s/A22s-05/A22s-05_05_GML.zip"}, {"filename": "A22s-10_05_GML.zip", "url": "https://nlftp.mlit.go.jp/ksj/gml/data/A22s/A22s-10/A22s-10_05_GML.zip"}, {"filename": "A22s-95_06_GML.zip", "url": "https://nlftp.mlit.go.jp/ksj/gml/data/A22s/A22s-95/A22s-95_06_GML.zip"}, {"filename": "A22s-00_06_GML.zip", "url": "https://nlftp.mlit.go.jp/ksj/gml/data/A22s/A22s-00/A22s-00_06_GML.zip"}, {"filename": "A22s-05_06_GML.zip", "url": "https://nlftp.mlit.go.jp/ksj/gml/data/A22s/A22s-05/A22s-05_06_GML.zip"}, {"filename": "A22s-10_06_GML.zip", "url": "https://nlftp.mlit.go.jp/ksj/gml/data/A22s/A22s-10/A22s-10_06_GML.zip"}, {"filename": "A22s-95_07_GML.zip", "url": "https://nlftp.mlit.go.jp/ksj/gml/data/A22s/A22s-95/A22s-95_07_GML.zip"}, {"filename": "A22s-00_07_GML.zip", "url": "https://nlftp.mlit.go.jp/ksj/gml/data/A22s/A22s-00/A22s-00_07_GML.zip"}, {"filename": "A22s-05_07_GML.zip", "url": "https://nlftp.mlit.go.jp/ksj/gml/data/A22s/A22s-05/A22s-05_07_GML.zip"}, {"filename": "A22s-10_07_GML.zip", "url": "https://nlftp.mlit.go.jp/ksj/gml/data/A22s/A22s-10/A22s-10_07_GML.zip"}, {"filename": "A22s-95_09_GML.zip", "url": "https://nlftp.mlit.go.jp/ksj/gml/data/A22s/A22s-95/A22s-95_09_GML.zip"}, {"filename": "A22s-00_09_GML.zip", "url": "https://nlftp.mlit.go.jp/ksj/gml/data/A22s/A22s-00/A22s-00_09_GML.zip"}, {"filename": "A22s-05_09_GML.zip", "url": "https://nlftp.mlit.go.jp/ksj/gml/data/A22s/A22s-05/A22s-05_09_GML.zip"}, {"filename": "A22s-10_09_GML.zip", "url": "https://nlftp.mlit.go.jp/ksj/gml/data/A22s/A22s-10/A22s-10_09_GML.zip"}, {"filename": "A22s-95_10_GML.zip", "url": "https://nlftp.mlit.go.jp/ksj/gml/data/A22s/A22s-95/A22s-95_10_GML.zip"}, {"filename": "A22s-00_10_GML.zip", "url": "https://nlftp.mlit.go.jp/ksj/gml/data/A22s/A22s-00/A22s-00_10_GML.zip"}, {"filename": "A22s-05_10_GML.zip", "url": "https://nlftp.mlit.go.jp/ksj/gml/data/A22s/A22s-05/A22s-05_10_GML.zip"}, {"filename": "A22s-10_10_GML.zip", "url": "https://nlftp.mlit.go.jp/ksj/gml/data/A22s/A22s-10/A22s-10_10_GML.zip"}, {"filename": "A22s-95_15_GML.zip", "url": "https://nlftp.mlit.go.jp/ksj/gml/data/A22s/A22s-95/A22s-95_15_GML.zip"}, {"filename": "A22s-00_15_GML.zip", "url": "https://nlftp.mlit.go.jp/ksj/gml/data/A22s/A22s-00/A22s-00_15_GML.zip"}, {"filename": "A22s-05_15_GML.zip", "url": "https://nlftp.mlit.go.jp/ksj/gml/data/A22s/A22s-05/A22s-05_15_GML.zip"}, {"filename": "A22s-10_15_GML.zip", "url": "https://nlftp.mlit.go.jp/ksj/gml/data/A22s/A22s-10/A22s-10_15_GML.zip"}, {"filename": "A22s-95_16_GML.zip", "url": "https://nlftp.mlit.go.jp/ksj/gml/data/A22s/A22s-95/A22s-95_16_GML.zip"}, {"filename": "A22s-00_16_GML.zip", "url": "https://nlftp.mlit.go.jp/ksj/gml/data/A22s/A22s-00/A22s-00_16_GML.zip"}, {"filename": "A22s-05_16_GML.zip", "url": "https://nlftp.mlit.go.jp/ksj/gml/data/A22s/A22s-05/A22s-05_16_GML.zip"}, {"filename": "A22s-10_16_GML.zip", "url": "https://nlftp.mlit.go.jp/ksj/gml/data/A22s/A22s-10/A22s-10_16_GML.zip"}, {"filename": "A22s-95_17_GML.zip", "url": "https://nlftp.mlit.go.jp/ksj/gml/data/A22s/A22s-95/A22s-95_17_GML.zip"}, {"filename": "A22s-00_17_GML.zip", "url": "https://nlftp.mlit.go.jp/ksj/gml/data/A22s/A22s-00/A22s-00_17_GML.zip"}, {"filename": "A22s-05_17_GML.zip", "url": "https://nlftp.mlit.go.jp/ksj/gml/data/A22s/A22s-05/A22s-05_17_GML.zip"}, {"filename": "A22s-10_17_GML.zip", "url": "https://nlftp.mlit.go.jp/ksj/gml/data/A22s/A22s-10/A22s-10_17_GML.zip"}, {"filename": "A22s-95_18_GML.zip", "url": "https://nlftp.mlit.go.jp/ksj/gml/data/A22s/A22s-95/A22s-95_18_GML.zip"}, {"filename": "A22s-00_18_GML.zip", "url": "https://nlftp.mlit.go.jp/ksj/gml/data/A22s/A22s-00/A22s-00_18_GML.zip"}, {"filename": "A22s-05_18_GML.zip", "url": "https://nlftp.mlit.go.jp/ksj/gml/data/A22s/A22s-05/A22s-05_18_GML.zip"}, {"filename": "A22s-10_18_GML.zip", "url": "https://nlftp.mlit.go.jp/ksj/gml/data/A22s/A22s-10/A22s-10_18_GML.zip"}, {"filename": "A22s-95_19_GML.zip", "url": "https://nlftp.mlit.go.jp/ksj/gml/data/A22s/A22s-95/A22s-95_19_GML.zip"}, {"filename": "A22s-00_19_GML.zip", "url": "https://nlftp.mlit.go.jp/ksj/gml/data/A22s/A22s-00/A22s-00_19_GML.zip"}, {"filename": "A22s-05_19_GML.zip", "url": "https://nlftp.mlit.go.jp/ksj/gml/data/A22s/A22s-05/A22s-05_19_GML.zip"}, {"filename": "A22s-10_19_GML.zip", "url": "https://nlftp.mlit.go.jp/ksj/gml/data/A22s/A22s-10/A22s-10_19_GML.zip"}, {"filename": "A22s-95_20_GML.zip", "url": "https://nlftp.mlit.go.jp/ksj/gml/data/A22s/A22s-95/A22s-95_20_GML.zip"}, {"filename": "A22s-00_20_GML.zip", "url": "https://nlftp.mlit.go.jp/ksj/gml/data/A22s/A22s-00/A22s-00_20_GML.zip"}, {"filename": "A22s-05_20_GML.zip", "url": "https://nlftp.mlit.go.jp/ksj/gml/data/A22s/A22s-05/A22s-05_20_GML.zip"}, {"filename": "A22s-10_20_GML.zip", "url": "https://nlftp.mlit.go.jp/ksj/gml/data/A22s/A22s-10/A22s-10_20_GML.zip"}, {"filename": "A22s-95_21_GML.zip", "url": "https://nlftp.mlit.go.jp/ksj/gml/data/A22s/A22s-95/A22s-95_21_GML.zip"}, {"filename": "A22s-00_21_GML.zip", "url": "https://nlftp.mlit.go.jp/ksj/gml/data/A22s/A22s-00/A22s-00_21_GML.zip"}, {"filename": "A22s-05_21_GML.zip", "url": "https://nlftp.mlit.go.jp/ksj/gml/data/A22s/A22s-05/A22s-05_21_GML.zip"}, {"filename": "A22s-10_21_GML.zip", "url": "https://nlftp.mlit.go.jp/ksj/gml/data/A22s/A22s-10/A22s-10_21_GML.zip"}, {"filename": "A22s-95_22_GML.zip", "url": "https://nlftp.mlit.go.jp/ksj/gml/data/A22s/A22s-95/A22s-95_22_GML.zip"}, {"filename": "A22s-00_22_GML.zip", "url": "https://nlftp.mlit.go.jp/ksj/gml/data/A22s/A22s-00/A22s-00_22_GML.zip"}, {"filename": "A22s-05_22_GML.zip", "url": "https://nlftp.mlit.go.jp/ksj/gml/data/A22s/A22s-05/A22s-05_22_GML.zip"}, {"filename": "A22s-10_22_GML.zip", "url": "https://nlftp.mlit.go.jp/ksj/gml/data/A22s/A22s-10/A22s-10_22_GML.zip"}, {"filename": "A22s-95_25_GML.zip", "url": "https://nlftp.mlit.go.jp/ksj/gml/data/A22s/A22s-95/A22s-95_25_GML.zip"}, {"filename": "A22s-00_25_GML.zip", "url": "https://nlftp.mlit.go.jp/ksj/gml/data/A22s/A22s-00/A22s-00_25_GML.zip"}, {"filename": "A22s-05_25_GML.zip", "url": "https://nlftp.mlit.go.jp/ksj/gml/data/A22s/A22s-05/A22s-05_25_GML.zip"}, {"filename": "A22s-10_25_GML.zip", "url": "https://nlftp.mlit.go.jp/ksj/gml/data/A22s/A22s-10/A22s-10_25_GML.zip"}, {"filename": "A22s-95_26_GML.zip", "url": "https://nlftp.mlit.go.jp/ksj/gml/data/A22s/A22s-95/A22s-95_26_GML.zip"}, {"filename": "A22s-00_26_GML.zip", "url": "https://nlftp.mlit.go.jp/ksj/gml/data/A22s/A22s-00/A22s-00_26_GML.zip"}, {"filename": "A22s-05_26_GML.zip", "url": "https://nlftp.mlit.go.jp/ksj/gml/data/A22s/A22s-05/A22s-05_26_GML.zip"}, {"filename": "A22s-10_26_GML.zip", "url": "https://nlftp.mlit.go.jp/ksj/gml/data/A22s/A22s-10/A22s-10_26_GML.zip"}, {"filename": "A22s-95_28_GML.zip", "url": "https://nlftp.mlit.go.jp/ksj/gml/data/A22s/A22s-95/A22s-95_28_GML.zip"}, {"filename": "A22s-00_28_GML.zip", "url": "https://nlftp.mlit.go.jp/ksj/gml/data/A22s/A22s-00/A22s-00_28_GML.zip"}, {"filename": "A22s-05_28_GML.zip", "url": "https://nlftp.mlit.go.jp/ksj/gml/data/A22s/A22s-05/A22s-05_28_GML.zip"}, {"filename": "A22s-10_28_GML.zip", "url": "https://nlftp.mlit.go.jp/ksj/gml/data/A22s/A22s-10/A22s-10_28_GML.zip"}, {"filename": "A22s-95_31_GML.zip", "url": "https://nlftp.mlit.go.jp/ksj/gml/data/A22s/A22s-95/A22s-95_31_GML.zip"}, {"filename": "A22s-00_31_GML.zip", "url": "https://nlftp.mlit.go.jp/ksj/gml/data/A22s/A22s-00/A22s-00_31_GML.zip"}, {"filename": "A22s-05_31_GML.zip", "url": "https://nlftp.mlit.go.jp/ksj/gml/data/A22s/A22s-05/A22s-05_31_GML.zip"}, {"filename": "A22s-10_31_GML.zip", "url": "https://nlftp.mlit.go.jp/ksj/gml/data/A22s/A22s-10/A22s-10_31_GML.zip"}, {"filename": "A22s-95_32_GML.zip", "url": "https://nlftp.mlit.go.jp/ksj/gml/data/A22s/A22s-95/A22s-95_32_GML.zip"}, {"filename": "A22s-00_32_GML.zip", "url": "https://nlftp.mlit.go.jp/ksj/gml/data/A22s/A22s-00/A22s-00_32_GML.zip"}, {"filename": "A22s-05_32_GML.zip", "url": "https://nlftp.mlit.go.jp/ksj/gml/data/A22s/A22s-05/A22s-05_32_GML.zip"}, {"filename": "A22s-10_32_GML.zip", "url": "https://nlftp.mlit.go.jp/ksj/gml/data/A22s/A22s-10/A22s-10_32_GML.zip"}, {"filename": "A22s-95_33_GML.zip", "url": "https://nlftp.mlit.go.jp/ksj/gml/data/A22s/A22s-95/A22s-95_33_GML.zip"}, {"filename": "A22s-00_33_GML.zip", "url": "https://nlftp.mlit.go.jp/ksj/gml/data/A22s/A22s-00/A22s-00_33_GML.zip"}, {"filename": "A22s-05_33_GML.zip", "url": "https://nlftp.mlit.go.jp/ksj/gml/data/A22s/A22s-05/A22s-05_33_GML.zip"}, {"filename": "A22s-10_33_GML.zip", "url": "https://nlftp.mlit.go.jp/ksj/gml/data/A22s/A22s-10/A22s-10_33_GML.zip"}, {"filename": "A22s-95_34_GML.zip", "url": "https://nlftp.mlit.go.jp/ksj/gml/data/A22s/A22s-95/A22s-95_34_GML.zip"}, {"filename": "A22s-00_34_GML.zip", "url": "https://nlftp.mlit.go.jp/ksj/gml/data/A22s/A22s-00/A22s-00_34_GML.zip"}, {"filename": "A22s-05_34_GML.zip", "url": "https://nlftp.mlit.go.jp/ksj/gml/data/A22s/A22s-05/A22s-05_34_GML.zip"}, {"filename": "A22s-10_34_GML.zip", "url": "https://nlftp.mlit.go.jp/ksj/gml/data/A22s/A22s-10/A22s-10_34_GML.zip"}]