北海道,世界測地系,1995年（平成7年）,58.74MB,A22s-95_01_GML.zip
北海道,世界測地系,2000年（平成12年）,58.74MB,A22s-00_01_GML.zip
北海道,世界測地系,2005年（平成17年）,60.12MB,A22s-05_01_GML.zip
北海道,世界測地系,2010年（平成22年）,57.49MB,A22s-10_01_GML.zip
青森,世界測地系,1995年（平成7年）,11.04MB,A22s-95_02_GML.zip
青森,世界測地系,2000年（平成12年）,11.08MB,A22s-00_02_GML.zip
青森,世界測地系,2005年（平成17年）,11.20MB,A22s-05_02_GML.zip
青森,世界測地系,2010年（平成22年）,10.65MB,A22s-10_02_GML.zip
岩手,世界測地系,1995年（平成7年）,13.74MB,A22s-95_03_GML.zip
岩手,世界測地系,2000年（平成12年）,13.73MB,A22s-00_03_GML.zip
岩手,世界測地系,2005年（平成17年）,13.83MB,A22s-05_03_GML.zip
岩手,世界測地系,2010年（平成22年）,12.43MB,A22s-10_03_GML.zip
宮城,世界測地系,1995年（平成7年）,2.35MB,A22s-95_04_GML.zip
宮城,世界測地系,2000年（平成12年）,2.35MB,A22s-00_04_GML.zip
宮城,世界測地系,2005年（平成17年）,2.33MB,A22s-05_04_GML.zip
宮城,世界測地系,2010年（平成22年）,2.18MB,A22s-10_04_GML.zip
秋田,世界測地系,1995年（平成7年）,7.79MB,A22s-95_05_GML.zip
秋田,世界測地系,2000年（平成12年）,7.80MB,A22s-00_05_GML.zip
秋田,世界測地系,2005年（平成17年）,7.75MB,A22s-05_05_GML.zip
秋田,世界測地系,2010年（平成22年）,7.28MB,A22s-10_05_GML.zip
山形,世界測地系,1995年（平成7年）,6.68MB,A22s-95_06_GML.zip
山形,世界測地系,2000年（平成12年）,6.69MB,A22s-00_06_GML.zip
山形,世界測地系,2005年（平成17年）,6.76MB,A22s-05_06_GML.zip
山形,世界測地系,2010年（平成22年）,6.59MB,A22s-10_06_GML.zip
福島,世界測地系,1995年（平成7年）,9.22MB,A22s-95_07_GML.zip
福島,世界測地系,2000年（平成12年）,9.22MB,A22s-00_07_GML.zip
福島,世界測地系,2005年（平成17年）,9.52MB,A22s-05_07_GML.zip
福島,世界測地系,2010年（平成22年）,8.55MB,A22s-10_07_GML.zip
栃木,世界測地系,1995年（平成7年）,1.67MB,A22s-95_09_GML.zip
栃木,世界測地系,2000年（平成12年）,1.67MB,A22s-00_09_GML.zip
栃木,世界測地系,2005年（平成17年）,1.75MB,A22s-05_09_GML.zip
栃木,世界測地系,2010年（平成22年）,1.51MB,A22s-10_09_GML.zip
群馬,世界測地系,1995年（平成7年）,3.83MB,A22s-95_10_GML.zip
群馬,世界測地系,2000年（平成12年）,3.83MB,A22s-00_10_GML.zip
群馬,世界測地系,2005年（平成17年）,3.99MB,A22s-05_10_GML.zip
群馬,世界測地系,2010年（平成22年）,3.40MB,A22s-10_10_GML.zip
新潟,世界測地系,1995年（平成7年）,12.27MB,A22s-95_15_GML.zip
新潟,世界測地系,2000年（平成12年）,12.27MB,A22s-00_15_GML.zip
新潟,世界測地系,2005年（平成17年）,11.86MB,A22s-05_15_GML.zip
新潟,世界測地系,2010年（平成22年）,11.19MB,A22s-10_15_GML.zip
富山,世界測地系,1995年（平成7年）,3.61MB,A22s-95_16_GML.zip
富山,世界測地系,2000年（平成12年）,3.61MB,A22s-00_16_GML.zip
富山,世界測地系,2005年（平成17年）,3.63MB,A22s-05_16_GML.zip
富山,世界測地系,2010年（平成22年）,3.39MB,A22s-10_16_GML.zip
石川,世界測地系,1995年（平成7年）,6.40MB,A22s-95_17_GML.zip
石川,世界測地系,2000年（平成12年）,6.41MB,A22s-00_17_GML.zip
石川,世界測地系,2005年（平成17年）,6.38MB,A22s-05_17_GML.zip
石川,世界測地系,2010年（平成22年）,6.19MB,A22s-10_17_GML.zip
福井,世界測地系,1995年（平成7年）,6.63MB,A22s-95_18_GML.zip
福井,世界測地系,2000年（平成12年）,6.62MB,A22s-00_18_GML.zip
福井,世界測地系,2005年（平成17年）,6.75MB,A22s-05_18_GML.zip
福井,世界測地系,2010年（平成22年）,6.19MB,A22s-10_18_GML.zip
山梨,世界測地系,1995年（平成7年）,0.84MB,A22s-95_19_GML.zip
山梨,世界測地系,2000年（平成12年）,0.84MB,A22s-00_19_GML.zip
山梨,世界測地系,2005年（平成17年）,0.85MB,A22s-05_19_GML.zip
山梨,世界測地系,2010年（平成22年）,0.84MB,A22s-10_19_GML.zip
長野,世界測地系,1995年（平成7年）,4.02MB,A22s-95_20_GML.zip
長野,世界測地系,2000年（平成12年）,4.02MB,A22s-00_20_GML.zip
長野,世界測地系,2005年（平成17年）,4.10MB,A22s-05_20_GML.zip
長野,世界測地系,2010年（平成22年）,3.78MB,A22s-10_20_GML.zip
岐阜,世界測地系,1995年（平成7年）,3.77MB,A22s-95_21_GML.zip
岐阜,世界測地系,2000年（平成12年）,3.77MB,A22s-00_21_GML.zip
岐阜,世界測地系,2005年（平成17年）,3.74MB,A22s-05_21_GML.zip
岐阜,世界測地系,2010年（平成22年）,3.63MB,A22s-10_21_GML.zip
静岡,世界測地系,1995年（平成7年）,0.80MB,A22s-95_22_GML.zip
静岡,世界測地系,2000年（平成12年）,0.80MB,A22s-00_22_GML.zip
静岡,世界測地系,2005年（平成17年）,0.86MB,A22s-05_22_GML.zip
静岡,世界測地系,2010年（平成22年）,0.80MB,A22s-10_22_GML.zip
滋賀,世界測地系,1995年（平成7年）,1.28MB,A22s-95_25_GML.zip
滋賀,世界測地系,2000年（平成12年）,1.28MB,A22s-00_25_GML.zip
滋賀,世界測地系,2005年（平成17年）,1.26MB,A22s-05_25_GML.zip
滋賀,世界測地系,2010年（平成22年）,1.22MB,A22s-10_25_GML.zip
京都,世界測地系,1995年（平成7年）,4.04MB,A22s-95_26_GML.zip
京都,世界測地系,2000年（平成12年）,4.04MB,A22s-00_26_GML.zip
京都,世界測地系,2005年（平成17年）,4.08MB,A22s-05_26_GML.zip
京都,世界測地系,2010年（平成22年）,3.80MB,A22s-10_26_GML.zip
兵庫,世界測地系,1995年（平成7年）,3.16MB,A22s-95_28_GML.zip
兵庫,世界測地系,2000年（平成12年）,3.16MB,A22s-00_28_GML.zip
兵庫,世界測地系,2005年（平成17年）,3.08MB,A22s-05_28_GML.zip
兵庫,世界測地系,2010年（平成22年）,3.05MB,A22s-10_28_GML.zip
鳥取,世界測地系,1995年（平成7年）,3.63MB,A22s-95_31_GML.zip
鳥取,世界測地系,2000年（平成12年）,3.63MB,A22s-00_31_GML.zip
鳥取,世界測地系,2005年（平成17年）,3.58MB,A22s-05_31_GML.zip
鳥取,世界測地系,2010年（平成22年）,3.52MB,A22s-10_31_GML.zip
島根,世界測地系,1995年（平成7年）,1.77MB,A22s-95_32_GML.zip
島根,世界測地系,2000年（平成12年）,1.77MB,A22s-00_32_GML.zip
島根,世界測地系,2005年（平成17年）,1.74MB,A22s-05_32_GML.zip
島根,世界測地系,2010年（平成22年）,1.71MB,A22s-10_32_GML.zip
岡山,世界測地系,1995年（平成7年）,2.09MB,A22s-95_33_GML.zip
岡山,世界測地系,2000年（平成12年）,2.09MB,A22s-00_33_GML.zip
岡山,世界測地系,2005年（平成17年）,2.06MB,A22s-05_33_GML.zip
岡山,世界測地系,2010年（平成22年）,1.99MB,A22s-10_33_GML.zip
広島,世界測地系,1995年（平成7年）,1.58MB,A22s-95_34_GML.zip
広島,世界測地系,2000年（平成12年）,1.59MB,A22s-00_34_GML.zip
広島,世界測地系,2005年（平成17年）,1.58MB,A22s-05_34_GML.zip
広島,世界測地系,2010年（平成22年）,1.52MB,A22s-10_34_GML.zip