[{"filename": "A23-601001_22_GML.zip", "url": "https://nlftp.mlit.go.jp/ksj/gml/data/A23/A23-60/A23-601001_22_GML.zip"}, {"filename": "A23-651001_22_GML.zip", "url": "https://nlftp.mlit.go.jp/ksj/gml/data/A23/A23-65/A23-651001_22_GML.zip"}, {"filename": "A23-701001_22_GML.zip", "url": "https://nlftp.mlit.go.jp/ksj/gml/data/A23/A23-70/A23-701001_22_GML.zip"}, {"filename": "A23-751001_22_GML.zip", "url": "https://nlftp.mlit.go.jp/ksj/gml/data/A23/A23-75/A23-751001_22_GML.zip"}, {"filename": "A23-801001_22_GML.zip", "url": "https://nlftp.mlit.go.jp/ksj/gml/data/A23/A23-80/A23-801001_22_GML.zip"}, {"filename": "A23-851001_22_GML.zip", "url": "https://nlftp.mlit.go.jp/ksj/gml/data/A23/A23-85/A23-851001_22_GML.zip"}, {"filename": "A23-901001_22_GML.zip", "url": "https://nlftp.mlit.go.jp/ksj/gml/data/A23/A23-90/A23-901001_22_GML.zip"}, {"filename": "A23-951001_22_GML.zip", "url": "https://nlftp.mlit.go.jp/ksj/gml/data/A23/A23-95/A23-951001_22_GML.zip"}, {"filename": "A23-001001_22_GML.zip", "url": "https://nlftp.mlit.go.jp/ksj/gml/data/A23/A23-00/A23-001001_22_GML.zip"}, {"filename": "A23-051001_22_GML.zip", "url": "https://nlftp.mlit.go.jp/ksj/gml/data/A23/A23-05/A23-051001_22_GML.zip"}, {"filename": "A23-070402_22_GML.zip", "url": "https://nlftp.mlit.go.jp/ksj/gml/data/A23/A23-07/A23-070402_22_GML.zip"}, {"filename": "A23-16_22_GML.zip", "url": "https://nlftp.mlit.go.jp/ksj/gml/data/A23/A23-16/A23-16_22_GML.zip"}, {"filename": "A23-521027_28_GML.zip", "url": "https://nlftp.mlit.go.jp/ksj/gml/data/A23/A23-52/A23-521027_28_GML.zip"}, {"filename": "A23-551001_28_GML.zip", "url": "https://nlftp.mlit.go.jp/ksj/gml/data/A23/A23-55/A23-551001_28_GML.zip"}, {"filename": "A23-601001_28_GML.zip", "url": "https://nlftp.mlit.go.jp/ksj/gml/data/A23/A23-60/A23-601001_28_GML.zip"}, {"filename": "A23-651001_28_GML.zip", "url": "https://nlftp.mlit.go.jp/ksj/gml/data/A23/A23-65/A23-651001_28_GML.zip"}, {"filename": "A23-701001_28_GML.zip", "url": "https://nlftp.mlit.go.jp/ksj/gml/data/A23/A23-70/A23-701001_28_GML.zip"}, {"filename": "A23-751001_28_GML.zip", "url": "https://nlftp.mlit.go.jp/ksj/gml/data/A23/A23-75/A23-751001_28_GML.zip"}, {"filename": "A23-801001_28_GML.zip", "url": "https://nlftp.mlit.go.jp/ksj/gml/data/A23/A23-80/A23-801001_28_GML.zip"}, {"filename": "A23-851001_28_GML.zip", "url": "https://nlftp.mlit.go.jp/ksj/gml/data/A23/A23-85/A23-851001_28_GML.zip"}, {"filename": "A23-901001_28_GML.zip", "url": "https://nlftp.mlit.go.jp/ksj/gml/data/A23/A23-90/A23-901001_28_GML.zip"}, {"filename": "A23-951001_28_GML.zip", "url": "https://nlftp.mlit.go.jp/ksj/gml/data/A23/A23-95/A23-951001_28_GML.zip"}, {"filename": "A23-001001_28_GML.zip", "url": "https://nlftp.mlit.go.jp/ksj/gml/data/A23/A23-00/A23-001001_28_GML.zip"}, {"filename": "A23-051001_28_GML.zip", "url": "https://nlftp.mlit.go.jp/ksj/gml/data/A23/A23-05/A23-051001_28_GML.zip"}, {"filename": "A23-070402_28_GML.zip", "url": "https://nlftp.mlit.go.jp/ksj/gml/data/A23/A23-07/A23-070402_28_GML.zip"}, {"filename": "A23-16_28_GML.zip", "url": "https://nlftp.mlit.go.jp/ksj/gml/data/A23/A23-16/A23-16_28_GML.zip"}, {"filename": "A23-521027_31_GML.zip", "url": "https://nlftp.mlit.go.jp/ksj/gml/data/A23/A23-52/A23-521027_31_GML.zip"}, {"filename": "A23-551001_31_GML.zip", "url": "https://nlftp.mlit.go.jp/ksj/gml/data/A23/A23-55/A23-551001_31_GML.zip"}, {"filename": "A23-601001_31_GML.zip", "url": "https://nlftp.mlit.go.jp/ksj/gml/data/A23/A23-60/A23-601001_31_GML.zip"}, {"filename": "A23-651001_31_GML.zip", "url": "https://nlftp.mlit.go.jp/ksj/gml/data/A23/A23-65/A23-651001_31_GML.zip"}, {"filename": "A23-701001_31_GML.zip", "url": "https://nlftp.mlit.go.jp/ksj/gml/data/A23/A23-70/A23-701001_31_GML.zip"}, {"filename": "A23-751001_31_GML.zip", "url": "https://nlftp.mlit.go.jp/ksj/gml/data/A23/A23-75/A23-751001_31_GML.zip"}, {"filename": "A23-801001_31_GML.zip", "url": "https://nlftp.mlit.go.jp/ksj/gml/data/A23/A23-80/A23-801001_31_GML.zip"}, {"filename": "A23-851001_31_GML.zip", "url": "https://nlftp.mlit.go.jp/ksj/gml/data/A23/A23-85/A23-851001_31_GML.zip"}, {"filename": "A23-901001_31_GML.zip", "url": "https://nlftp.mlit.go.jp/ksj/gml/data/A23/A23-90/A23-901001_31_GML.zip"}, {"filename": "A23-951001_31_GML.zip", "url": "https://nlftp.mlit.go.jp/ksj/gml/data/A23/A23-95/A23-951001_31_GML.zip"}, {"filename": "A23-001001_31_GML.zip", "url": "https://nlftp.mlit.go.jp/ksj/gml/data/A23/A23-00/A23-001001_31_GML.zip"}, {"filename": "A23-051001_31_GML.zip", "url": "https://nlftp.mlit.go.jp/ksj/gml/data/A23/A23-05/A23-051001_31_GML.zip"}, {"filename": "A23-070402_31_GML.zip", "url": "https://nlftp.mlit.go.jp/ksj/gml/data/A23/A23-07/A23-070402_31_GML.zip"}, {"filename": "A23-16_31_GML.zip", "url": "https://nlftp.mlit.go.jp/ksj/gml/data/A23/A23-16/A23-16_31_GML.zip"}, {"filename": "A23-521027_32_GML.zip", "url": "https://nlftp.mlit.go.jp/ksj/gml/data/A23/A23-52/A23-521027_32_GML.zip"}, {"filename": "A23-551001_32_GML.zip", "url": "https://nlftp.mlit.go.jp/ksj/gml/data/A23/A23-55/A23-551001_32_GML.zip"}, {"filename": "A23-601001_32_GML.zip", "url": "https://nlftp.mlit.go.jp/ksj/gml/data/A23/A23-60/A23-601001_32_GML.zip"}, {"filename": "A23-651001_32_GML.zip", "url": "https://nlftp.mlit.go.jp/ksj/gml/data/A23/A23-65/A23-651001_32_GML.zip"}, {"filename": "A23-701001_32_GML.zip", "url": "https://nlftp.mlit.go.jp/ksj/gml/data/A23/A23-70/A23-701001_32_GML.zip"}, {"filename": "A23-751001_32_GML.zip", "url": "https://nlftp.mlit.go.jp/ksj/gml/data/A23/A23-75/A23-751001_32_GML.zip"}, {"filename": "A23-801001_32_GML.zip", "url": "https://nlftp.mlit.go.jp/ksj/gml/data/A23/A23-80/A23-801001_32_GML.zip"}, {"filename": "A23-851001_32_GML.zip", "url": "https://nlftp.mlit.go.jp/ksj/gml/data/A23/A23-85/A23-851001_32_GML.zip"}, {"filename": "A23-901001_32_GML.zip", "url": "https://nlftp.mlit.go.jp/ksj/gml/data/A23/A23-90/A23-901001_32_GML.zip"}, {"filename": "A23-951001_32_GML.zip", "url": "https://nlftp.mlit.go.jp/ksj/gml/data/A23/A23-95/A23-951001_32_GML.zip"}, {"filename": "A23-001001_32_GML.zip", "url": "https://nlftp.mlit.go.jp/ksj/gml/data/A23/A23-00/A23-001001_32_GML.zip"}, {"filename": "A23-051001_32_GML.zip", "url": "https://nlftp.mlit.go.jp/ksj/gml/data/A23/A23-05/A23-051001_32_GML.zip"}, {"filename": "A23-070402_32_GML.zip", "url": "https://nlftp.mlit.go.jp/ksj/gml/data/A23/A23-07/A23-070402_32_GML.zip"}, {"filename": "A23-16_32_GML.zip", "url": "https://nlftp.mlit.go.jp/ksj/gml/data/A23/A23-16/A23-16_32_GML.zip"}, {"filename": "A23-521027_33_GML.zip", "url": "https://nlftp.mlit.go.jp/ksj/gml/data/A23/A23-52/A23-521027_33_GML.zip"}, {"filename": "A23-551001_33_GML.zip", "url": "https://nlftp.mlit.go.jp/ksj/gml/data/A23/A23-55/A23-551001_33_GML.zip"}, {"filename": "A23-601001_33_GML.zip", "url": "https://nlftp.mlit.go.jp/ksj/gml/data/A23/A23-60/A23-601001_33_GML.zip"}, {"filename": "A23-651001_33_GML.zip", "url": "https://nlftp.mlit.go.jp/ksj/gml/data/A23/A23-65/A23-651001_33_GML.zip"}, {"filename": "A23-701001_33_GML.zip", "url": "https://nlftp.mlit.go.jp/ksj/gml/data/A23/A23-70/A23-701001_33_GML.zip"}, {"filename": "A23-751001_33_GML.zip", "url": "https://nlftp.mlit.go.jp/ksj/gml/data/A23/A23-75/A23-751001_33_GML.zip"}, {"filename": "A23-801001_33_GML.zip", "url": "https://nlftp.mlit.go.jp/ksj/gml/data/A23/A23-80/A23-801001_33_GML.zip"}, {"filename": "A23-851001_33_GML.zip", "url": "https://nlftp.mlit.go.jp/ksj/gml/data/A23/A23-85/A23-851001_33_GML.zip"}, {"filename": "A23-901001_33_GML.zip", "url": "https://nlftp.mlit.go.jp/ksj/gml/data/A23/A23-90/A23-901001_33_GML.zip"}, {"filename": "A23-951001_33_GML.zip", "url": "https://nlftp.mlit.go.jp/ksj/gml/data/A23/A23-95/A23-951001_33_GML.zip"}, {"filename": "A23-001001_33_GML.zip", "url": "https://nlftp.mlit.go.jp/ksj/gml/data/A23/A23-00/A23-001001_33_GML.zip"}, {"filename": "A23-051001_33_GML.zip", "url": "https://nlftp.mlit.go.jp/ksj/gml/data/A23/A23-05/A23-051001_33_GML.zip"}, {"filename": "A23-070402_33_GML.zip", "url": "https://nlftp.mlit.go.jp/ksj/gml/data/A23/A23-07/A23-070402_33_GML.zip"}, {"filename": "A23-16_33_GML.zip", "url": "https://nlftp.mlit.go.jp/ksj/gml/data/A23/A23-16/A23-16_33_GML.zip"}, {"filename": "A23-521027_34_GML.zip", "url": "https://nlftp.mlit.go.jp/ksj/gml/data/A23/A23-52/A23-521027_34_GML.zip"}, {"filename": "A23-551001_34_GML.zip", "url": "https://nlftp.mlit.go.jp/ksj/gml/data/A23/A23-55/A23-551001_34_GML.zip"}, {"filename": "A23-601001_34_GML.zip", "url": "https://nlftp.mlit.go.jp/ksj/gml/data/A23/A23-60/A23-601001_34_GML.zip"}, {"filename": "A23-651001_34_GML.zip", "url": "https://nlftp.mlit.go.jp/ksj/gml/data/A23/A23-65/A23-651001_34_GML.zip"}, {"filename": "A23-701001_34_GML.zip", "url": "https://nlftp.mlit.go.jp/ksj/gml/data/A23/A23-70/A23-701001_34_GML.zip"}, {"filename": "A23-751001_34_GML.zip", "url": "https://nlftp.mlit.go.jp/ksj/gml/data/A23/A23-75/A23-751001_34_GML.zip"}, {"filename": "A23-801001_34_GML.zip", "url": "https://nlftp.mlit.go.jp/ksj/gml/data/A23/A23-80/A23-801001_34_GML.zip"}, {"filename": "A23-851001_34_GML.zip", "url": "https://nlftp.mlit.go.jp/ksj/gml/data/A23/A23-85/A23-851001_34_GML.zip"}, {"filename": "A23-901001_34_GML.zip", "url": "https://nlftp.mlit.go.jp/ksj/gml/data/A23/A23-90/A23-901001_34_GML.zip"}, {"filename": "A23-951001_34_GML.zip", "url": "https://nlftp.mlit.go.jp/ksj/gml/data/A23/A23-95/A23-951001_34_GML.zip"}, {"filename": "A23-001001_34_GML.zip", "url": "https://nlftp.mlit.go.jp/ksj/gml/data/A23/A23-00/A23-001001_34_GML.zip"}, {"filename": "A23-051001_34_GML.zip", "url": "https://nlftp.mlit.go.jp/ksj/gml/data/A23/A23-05/A23-051001_34_GML.zip"}, {"filename": "A23-070402_34_GML.zip", "url": "https://nlftp.mlit.go.jp/ksj/gml/data/A23/A23-07/A23-070402_34_GML.zip"}, {"filename": "A23-16_34_GML.zip", "url": "https://nlftp.mlit.go.jp/ksj/gml/data/A23/A23-16/A23-16_34_GML.zip"}, {"filename": "A23-521027_35_GML.zip", "url": "https://nlftp.mlit.go.jp/ksj/gml/data/A23/A23-52/A23-521027_35_GML.zip"}, {"filename": "A23-551001_35_GML.zip", "url": "https://nlftp.mlit.go.jp/ksj/gml/data/A23/A23-55/A23-551001_35_GML.zip"}, {"filename": "A23-601001_35_GML.zip", "url": "https://nlftp.mlit.go.jp/ksj/gml/data/A23/A23-60/A23-601001_35_GML.zip"}, {"filename": "A23-651001_35_GML.zip", "url": "https://nlftp.mlit.go.jp/ksj/gml/data/A23/A23-65/A23-651001_35_GML.zip"}, {"filename": "A23-701001_35_GML.zip", "url": "https://nlftp.mlit.go.jp/ksj/gml/data/A23/A23-70/A23-701001_35_GML.zip"}, {"filename": "A23-751001_35_GML.zip", "url": "https://nlftp.mlit.go.jp/ksj/gml/data/A23/A23-75/A23-751001_35_GML.zip"}, {"filename": "A23-801001_35_GML.zip", "url": "https://nlftp.mlit.go.jp/ksj/gml/data/A23/A23-80/A23-801001_35_GML.zip"}, {"filename": "A23-851001_35_GML.zip", "url": "https://nlftp.mlit.go.jp/ksj/gml/data/A23/A23-85/A23-851001_35_GML.zip"}, {"filename": "A23-901001_35_GML.zip", "url": "https://nlftp.mlit.go.jp/ksj/gml/data/A23/A23-90/A23-901001_35_GML.zip"}, {"filename": "A23-951001_35_GML.zip", "url": "https://nlftp.mlit.go.jp/ksj/gml/data/A23/A23-95/A23-951001_35_GML.zip"}, {"filename": "A23-001001_35_GML.zip", "url": "https://nlftp.mlit.go.jp/ksj/gml/data/A23/A23-00/A23-001001_35_GML.zip"}, {"filename": "A23-051001_35_GML.zip", "url": "https://nlftp.mlit.go.jp/ksj/gml/data/A23/A23-05/A23-051001_35_GML.zip"}, {"filename": "A23-070402_35_GML.zip", "url": "https://nlftp.mlit.go.jp/ksj/gml/data/A23/A23-07/A23-070402_35_GML.zip"}, {"filename": "A23-16_35_GML.zip", "url": "https://nlftp.mlit.go.jp/ksj/gml/data/A23/A23-16/A23-16_35_GML.zip"}, {"filename": "A23-521027_38_GML.zip", "url": "https://nlftp.mlit.go.jp/ksj/gml/data/A23/A23-52/A23-521027_38_GML.zip"}, {"filename": "A23-551001_38_GML.zip", "url": "https://nlftp.mlit.go.jp/ksj/gml/data/A23/A23-55/A23-551001_38_GML.zip"}, {"filename": "A23-601001_38_GML.zip", "url": "https://nlftp.mlit.go.jp/ksj/gml/data/A23/A23-60/A23-601001_38_GML.zip"}, {"filename": "A23-651001_38_GML.zip", "url": "https://nlftp.mlit.go.jp/ksj/gml/data/A23/A23-65/A23-651001_38_GML.zip"}, {"filename": "A23-701001_38_GML.zip", "url": "https://nlftp.mlit.go.jp/ksj/gml/data/A23/A23-70/A23-701001_38_GML.zip"}, {"filename": "A23-751001_38_GML.zip", "url": "https://nlftp.mlit.go.jp/ksj/gml/data/A23/A23-75/A23-751001_38_GML.zip"}, {"filename": "A23-801001_38_GML.zip", "url": "https://nlftp.mlit.go.jp/ksj/gml/data/A23/A23-80/A23-801001_38_GML.zip"}, {"filename": "A23-851001_38_GML.zip", "url": "https://nlftp.mlit.go.jp/ksj/gml/data/A23/A23-85/A23-851001_38_GML.zip"}, {"filename": "A23-901001_38_GML.zip", "url": "https://nlftp.mlit.go.jp/ksj/gml/data/A23/A23-90/A23-901001_38_GML.zip"}, {"filename": "A23-951001_38_GML.zip", "url": "https://nlftp.mlit.go.jp/ksj/gml/data/A23/A23-95/A23-951001_38_GML.zip"}, {"filename": "A23-001001_38_GML.zip", "url": "https://nlftp.mlit.go.jp/ksj/gml/data/A23/A23-00/A23-001001_38_GML.zip"}, {"filename": "A23-051001_38_GML.zip", "url": "https://nlftp.mlit.go.jp/ksj/gml/data/A23/A23-05/A23-051001_38_GML.zip"}, {"filename": "A23-070402_38_GML.zip", "url": "https://nlftp.mlit.go.jp/ksj/gml/data/A23/A23-07/A23-070402_38_GML.zip"}, {"filename": "A23-16_38_GML.zip", "url": "https://nlftp.mlit.go.jp/ksj/gml/data/A23/A23-16/A23-16_38_GML.zip"}, {"filename": "A23-521027_39_GML.zip", "url": "https://nlftp.mlit.go.jp/ksj/gml/data/A23/A23-52/A23-521027_39_GML.zip"}, {"filename": "A23-551001_39_GML.zip", "url": "https://nlftp.mlit.go.jp/ksj/gml/data/A23/A23-55/A23-551001_39_GML.zip"}, {"filename": "A23-601001_39_GML.zip", "url": "https://nlftp.mlit.go.jp/ksj/gml/data/A23/A23-60/A23-601001_39_GML.zip"}, {"filename": "A23-651001_39_GML.zip", "url": "https://nlftp.mlit.go.jp/ksj/gml/data/A23/A23-65/A23-651001_39_GML.zip"}, {"filename": "A23-701001_39_GML.zip", "url": "https://nlftp.mlit.go.jp/ksj/gml/data/A23/A23-70/A23-701001_39_GML.zip"}, {"filename": "A23-751001_39_GML.zip", "url": "https://nlftp.mlit.go.jp/ksj/gml/data/A23/A23-75/A23-751001_39_GML.zip"}, {"filename": "A23-801001_39_GML.zip", "url": "https://nlftp.mlit.go.jp/ksj/gml/data/A23/A23-80/A23-801001_39_GML.zip"}, {"filename": "A23-851001_39_GML.zip", "url": "https://nlftp.mlit.go.jp/ksj/gml/data/A23/A23-85/A23-851001_39_GML.zip"}, {"filename": "A23-901001_39_GML.zip", "url": "https://nlftp.mlit.go.jp/ksj/gml/data/A23/A23-90/A23-901001_39_GML.zip"}, {"filename": "A23-951001_39_GML.zip", "url": "https://nlftp.mlit.go.jp/ksj/gml/data/A23/A23-95/A23-951001_39_GML.zip"}, {"filename": "A23-001001_39_GML.zip", "url": "https://nlftp.mlit.go.jp/ksj/gml/data/A23/A23-00/A23-001001_39_GML.zip"}, {"filename": "A23-051001_39_GML.zip", "url": "https://nlftp.mlit.go.jp/ksj/gml/data/A23/A23-05/A23-051001_39_GML.zip"}, {"filename": "A23-070402_39_GML.zip", "url": "https://nlftp.mlit.go.jp/ksj/gml/data/A23/A23-07/A23-070402_39_GML.zip"}, {"filename": "A23-16_39_GML.zip", "url": "https://nlftp.mlit.go.jp/ksj/gml/data/A23/A23-16/A23-16_39_GML.zip"}, {"filename": "A23-521027_40_GML.zip", "url": "https://nlftp.mlit.go.jp/ksj/gml/data/A23/A23-52/A23-521027_40_GML.zip"}, {"filename": "A23-551001_40_GML.zip", "url": "https://nlftp.mlit.go.jp/ksj/gml/data/A23/A23-55/A23-551001_40_GML.zip"}, {"filename": "A23-601001_40_GML.zip", "url": "https://nlftp.mlit.go.jp/ksj/gml/data/A23/A23-60/A23-601001_40_GML.zip"}, {"filename": "A23-651001_40_GML.zip", "url": "https://nlftp.mlit.go.jp/ksj/gml/data/A23/A23-65/A23-651001_40_GML.zip"}, {"filename": "A23-701001_40_GML.zip", "url": "https://nlftp.mlit.go.jp/ksj/gml/data/A23/A23-70/A23-701001_40_GML.zip"}, {"filename": "A23-751001_40_GML.zip", "url": "https://nlftp.mlit.go.jp/ksj/gml/data/A23/A23-75/A23-751001_40_GML.zip"}, {"filename": "A23-801001_40_GML.zip", "url": "https://nlftp.mlit.go.jp/ksj/gml/data/A23/A23-80/A23-801001_40_GML.zip"}, {"filename": "A23-851001_40_GML.zip", "url": "https://nlftp.mlit.go.jp/ksj/gml/data/A23/A23-85/A23-851001_40_GML.zip"}, {"filename": "A23-901001_40_GML.zip", "url": "https://nlftp.mlit.go.jp/ksj/gml/data/A23/A23-90/A23-901001_40_GML.zip"}, {"filename": "A23-951001_40_GML.zip", "url": "https://nlftp.mlit.go.jp/ksj/gml/data/A23/A23-95/A23-951001_40_GML.zip"}, {"filename": "A23-001001_40_GML.zip", "url": "https://nlftp.mlit.go.jp/ksj/gml/data/A23/A23-00/A23-001001_40_GML.zip"}, {"filename": "A23-051001_40_GML.zip", "url": "https://nlftp.mlit.go.jp/ksj/gml/data/A23/A23-05/A23-051001_40_GML.zip"}, {"filename": "A23-070402_40_GML.zip", "url": "https://nlftp.mlit.go.jp/ksj/gml/data/A23/A23-07/A23-070402_40_GML.zip"}, {"filename": "A23-16_40_GML.zip", "url": "https://nlftp.mlit.go.jp/ksj/gml/data/A23/A23-16/A23-16_40_GML.zip"}, {"filename": "A23-521027_43_GML.zip", "url": "https://nlftp.mlit.go.jp/ksj/gml/data/A23/A23-52/A23-521027_43_GML.zip"}, {"filename": "A23-551001_43_GML.zip", "url": "https://nlftp.mlit.go.jp/ksj/gml/data/A23/A23-55/A23-551001_43_GML.zip"}, {"filename": "A23-601001_43_GML.zip", "url": "https://nlftp.mlit.go.jp/ksj/gml/data/A23/A23-60/A23-601001_43_GML.zip"}, {"filename": "A23-651001_43_GML.zip", "url": "https://nlftp.mlit.go.jp/ksj/gml/data/A23/A23-65/A23-651001_43_GML.zip"}, {"filename": "A23-701001_43_GML.zip", "url": "https://nlftp.mlit.go.jp/ksj/gml/data/A23/A23-70/A23-701001_43_GML.zip"}, {"filename": "A23-751001_43_GML.zip", "url": "https://nlftp.mlit.go.jp/ksj/gml/data/A23/A23-75/A23-751001_43_GML.zip"}, {"filename": "A23-801001_43_GML.zip", "url": "https://nlftp.mlit.go.jp/ksj/gml/data/A23/A23-80/A23-801001_43_GML.zip"}, {"filename": "A23-851001_43_GML.zip", "url": "https://nlftp.mlit.go.jp/ksj/gml/data/A23/A23-85/A23-851001_43_GML.zip"}, {"filename": "A23-901001_43_GML.zip", "url": "https://nlftp.mlit.go.jp/ksj/gml/data/A23/A23-90/A23-901001_43_GML.zip"}, {"filename": "A23-951001_43_GML.zip", "url": "https://nlftp.mlit.go.jp/ksj/gml/data/A23/A23-95/A23-951001_43_GML.zip"}, {"filename": "A23-001001_43_GML.zip", "url": "https://nlftp.mlit.go.jp/ksj/gml/data/A23/A23-00/A23-001001_43_GML.zip"}, {"filename": "A23-051001_43_GML.zip", "url": "https://nlftp.mlit.go.jp/ksj/gml/data/A23/A23-05/A23-051001_43_GML.zip"}, {"filename": "A23-070402_43_GML.zip", "url": "https://nlftp.mlit.go.jp/ksj/gml/data/A23/A23-07/A23-070402_43_GML.zip"}, {"filename": "A23-16_43_GML.zip", "url": "https://nlftp.mlit.go.jp/ksj/gml/data/A23/A23-16/A23-16_43_GML.zip"}, {"filename": "A23-521027_44_GML.zip", "url": "https://nlftp.mlit.go.jp/ksj/gml/data/A23/A23-52/A23-521027_44_GML.zip"}, {"filename": "A23-551001_44_GML.zip", "url": "https://nlftp.mlit.go.jp/ksj/gml/data/A23/A23-55/A23-551001_44_GML.zip"}, {"filename": "A23-601001_44_GML.zip", "url": "https://nlftp.mlit.go.jp/ksj/gml/data/A23/A23-60/A23-601001_44_GML.zip"}, {"filename": "A23-651001_44_GML.zip", "url": "https://nlftp.mlit.go.jp/ksj/gml/data/A23/A23-65/A23-651001_44_GML.zip"}, {"filename": "A23-701001_44_GML.zip", "url": "https://nlftp.mlit.go.jp/ksj/gml/data/A23/A23-70/A23-701001_44_GML.zip"}, {"filename": "A23-751001_44_GML.zip", "url": "https://nlftp.mlit.go.jp/ksj/gml/data/A23/A23-75/A23-751001_44_GML.zip"}, {"filename": "A23-801001_44_GML.zip", "url": "https://nlftp.mlit.go.jp/ksj/gml/data/A23/A23-80/A23-801001_44_GML.zip"}, {"filename": "A23-851001_44_GML.zip", "url": "https://nlftp.mlit.go.jp/ksj/gml/data/A23/A23-85/A23-851001_44_GML.zip"}, {"filename": "A23-901001_44_GML.zip", "url": "https://nlftp.mlit.go.jp/ksj/gml/data/A23/A23-90/A23-901001_44_GML.zip"}, {"filename": "A23-951001_44_GML.zip", "url": "https://nlftp.mlit.go.jp/ksj/gml/data/A23/A23-95/A23-951001_44_GML.zip"}, {"filename": "A23-001001_44_GML.zip", "url": "https://nlftp.mlit.go.jp/ksj/gml/data/A23/A23-00/A23-001001_44_GML.zip"}, {"filename": "A23-051001_44_GML.zip", "url": "https://nlftp.mlit.go.jp/ksj/gml/data/A23/A23-05/A23-051001_44_GML.zip"}, {"filename": "A23-070402_44_GML.zip", "url": "https://nlftp.mlit.go.jp/ksj/gml/data/A23/A23-07/A23-070402_44_GML.zip"}, {"filename": "A23-16_44_GML.zip", "url": "https://nlftp.mlit.go.jp/ksj/gml/data/A23/A23-16/A23-16_44_GML.zip"}, {"filename": "A23-521027_45_GML.zip", "url": "https://nlftp.mlit.go.jp/ksj/gml/data/A23/A23-52/A23-521027_45_GML.zip"}, {"filename": "A23-551001_45_GML.zip", "url": "https://nlftp.mlit.go.jp/ksj/gml/data/A23/A23-55/A23-551001_45_GML.zip"}, {"filename": "A23-601001_45_GML.zip", "url": "https://nlftp.mlit.go.jp/ksj/gml/data/A23/A23-60/A23-601001_45_GML.zip"}, {"filename": "A23-651001_45_GML.zip", "url": "https://nlftp.mlit.go.jp/ksj/gml/data/A23/A23-65/A23-651001_45_GML.zip"}, {"filename": "A23-701001_45_GML.zip", "url": "https://nlftp.mlit.go.jp/ksj/gml/data/A23/A23-70/A23-701001_45_GML.zip"}, {"filename": "A23-751001_45_GML.zip", "url": "https://nlftp.mlit.go.jp/ksj/gml/data/A23/A23-75/A23-751001_45_GML.zip"}, {"filename": "A23-801001_45_GML.zip", "url": "https://nlftp.mlit.go.jp/ksj/gml/data/A23/A23-80/A23-801001_45_GML.zip"}, {"filename": "A23-851001_45_GML.zip", "url": "https://nlftp.mlit.go.jp/ksj/gml/data/A23/A23-85/A23-851001_45_GML.zip"}, {"filename": "A23-901001_45_GML.zip", "url": "https://nlftp.mlit.go.jp/ksj/gml/data/A23/A23-90/A23-901001_45_GML.zip"}, {"filename": "A23-951001_45_GML.zip", "url": "https://nlftp.mlit.go.jp/ksj/gml/data/A23/A23-95/A23-951001_45_GML.zip"}, {"filename": "A23-001001_45_GML.zip", "url": "https://nlftp.mlit.go.jp/ksj/gml/data/A23/A23-00/A23-001001_45_GML.zip"}, {"filename": "A23-051001_45_GML.zip", "url": "https://nlftp.mlit.go.jp/ksj/gml/data/A23/A23-05/A23-051001_45_GML.zip"}, {"filename": "A23-070402_45_GML.zip", "url": "https://nlftp.mlit.go.jp/ksj/gml/data/A23/A23-07/A23-070402_45_GML.zip"}, {"filename": "A23-16_45_GML.zip", "url": "https://nlftp.mlit.go.jp/ksj/gml/data/A23/A23-16/A23-16_45_GML.zip"}, {"filename": "A23-521027_46_GML.zip", "url": "https://nlftp.mlit.go.jp/ksj/gml/data/A23/A23-52/A23-521027_46_GML.zip"}, {"filename": "A23-551001_46_GML.zip", "url": "https://nlftp.mlit.go.jp/ksj/gml/data/A23/A23-55/A23-551001_46_GML.zip"}, {"filename": "A23-601001_46_GML.zip", "url": "https://nlftp.mlit.go.jp/ksj/gml/data/A23/A23-60/A23-601001_46_GML.zip"}, {"filename": "A23-651001_46_GML.zip", "url": "https://nlftp.mlit.go.jp/ksj/gml/data/A23/A23-65/A23-651001_46_GML.zip"}, {"filename": "A23-701001_46_GML.zip", "url": "https://nlftp.mlit.go.jp/ksj/gml/data/A23/A23-70/A23-701001_46_GML.zip"}, {"filename": "A23-751001_46_GML.zip", "url": "https://nlftp.mlit.go.jp/ksj/gml/data/A23/A23-75/A23-751001_46_GML.zip"}, {"filename": "A23-801001_46_GML.zip", "url": "https://nlftp.mlit.go.jp/ksj/gml/data/A23/A23-80/A23-801001_46_GML.zip"}, {"filename": "A23-851001_46_GML.zip", "url": "https://nlftp.mlit.go.jp/ksj/gml/data/A23/A23-85/A23-851001_46_GML.zip"}, {"filename": "A23-901001_46_GML.zip", "url": "https://nlftp.mlit.go.jp/ksj/gml/data/A23/A23-90/A23-901001_46_GML.zip"}, {"filename": "A23-951001_46_GML.zip", "url": "https://nlftp.mlit.go.jp/ksj/gml/data/A23/A23-95/A23-951001_46_GML.zip"}, {"filename": "A23-001001_46_GML.zip", "url": "https://nlftp.mlit.go.jp/ksj/gml/data/A23/A23-00/A23-001001_46_GML.zip"}, {"filename": "A23-051001_46_GML.zip", "url": "https://nlftp.mlit.go.jp/ksj/gml/data/A23/A23-05/A23-051001_46_GML.zip"}, {"filename": "A23-070402_46_GML.zip", "url": "https://nlftp.mlit.go.jp/ksj/gml/data/A23/A23-07/A23-070402_46_GML.zip"}, {"filename": "A23-16_46_GML.zip", "url": "https://nlftp.mlit.go.jp/ksj/gml/data/A23/A23-16/A23-16_46_GML.zip"}]