静岡,世界測地系,1960年（昭和35年）,0.63MB,A23-601001_22_GML.zip
静岡,世界測地系,1965年（昭和40年）,0.63MB,A23-651001_22_GML.zip
静岡,世界測地系,1970年（昭和45年）,0.63MB,A23-701001_22_GML.zip
静岡,世界測地系,1975年（昭和50年）,0.63MB,A23-751001_22_GML.zip
静岡,世界測地系,1980年（昭和55年）,0.63MB,A23-801001_22_GML.zip
静岡,世界測地系,1985年（昭和60年）,0.63MB,A23-851001_22_GML.zip
静岡,世界測地系,1990年（平成2年）,0.63MB,A23-901001_22_GML.zip
静岡,世界測地系,1995年（平成7年）,0.63MB,A23-951001_22_GML.zip
静岡,世界測地系,2000年（平成12年）,0.63MB,A23-001001_22_GML.zip
静岡,世界測地系,2005年（平成17年）,0.63MB,A23-051001_22_GML.zip
静岡,世界測地系,2007年（平成19年）,0.63MB,A23-070402_22_GML.zip
静岡,世界測地系,2016年（平成28年）,0.67MB,A23-16_22_GML.zip
兵庫,世界測地系,1952年（昭和27年）,0.80MB,A23-521027_28_GML.zip
兵庫,世界測地系,1955年（昭和30年）,0.80MB,A23-551001_28_GML.zip
兵庫,世界測地系,1960年（昭和35年）,0.80MB,A23-601001_28_GML.zip
兵庫,世界測地系,1965年（昭和40年）,0.80MB,A23-651001_28_GML.zip
兵庫,世界測地系,1970年（昭和45年）,0.80MB,A23-701001_28_GML.zip
兵庫,世界測地系,1975年（昭和50年）,0.80MB,A23-751001_28_GML.zip
兵庫,世界測地系,1980年（昭和55年）,0.80MB,A23-801001_28_GML.zip
兵庫,世界測地系,1985年（昭和60年）,0.80MB,A23-851001_28_GML.zip
兵庫,世界測地系,1990年（平成2年）,0.80MB,A23-901001_28_GML.zip
兵庫,世界測地系,1995年（平成7年）,0.80MB,A23-951001_28_GML.zip
兵庫,世界測地系,2000年（平成12年）,0.80MB,A23-001001_28_GML.zip
兵庫,世界測地系,2005年（平成17年）,0.80MB,A23-051001_28_GML.zip
兵庫,世界測地系,2007年（平成19年）,0.80MB,A23-070402_28_GML.zip
兵庫,世界測地系,2016年（平成28年）,1.10MB,A23-16_28_GML.zip
鳥取,世界測地系,1952年（昭和27年）,1.42MB,A23-521027_31_GML.zip
鳥取,世界測地系,1955年（昭和30年）,1.42MB,A23-551001_31_GML.zip
鳥取,世界測地系,1960年（昭和35年）,1.42MB,A23-601001_31_GML.zip
鳥取,世界測地系,1965年（昭和40年）,1.42MB,A23-651001_31_GML.zip
鳥取,世界測地系,1970年（昭和45年）,1.42MB,A23-701001_31_GML.zip
鳥取,世界測地系,1975年（昭和50年）,1.42MB,A23-751001_31_GML.zip
鳥取,世界測地系,1980年（昭和55年）,1.42MB,A23-801001_31_GML.zip
鳥取,世界測地系,1985年（昭和60年）,1.42MB,A23-851001_31_GML.zip
鳥取,世界測地系,1990年（平成2年）,1.42MB,A23-901001_31_GML.zip
鳥取,世界測地系,1995年（平成7年）,1.42MB,A23-951001_31_GML.zip
鳥取,世界測地系,2000年（平成12年）,1.42MB,A23-001001_31_GML.zip
鳥取,世界測地系,2005年（平成17年）,1.42MB,A23-051001_31_GML.zip
鳥取,世界測地系,2007年（平成19年）,1.42MB,A23-070402_31_GML.zip
鳥取,世界測地系,2016年（平成28年）,1.11MB,A23-16_31_GML.zip
島根,世界測地系,1952年（昭和27年）,0.79MB,A23-521027_32_GML.zip
島根,世界測地系,1955年（昭和30年）,1.94MB,A23-551001_32_GML.zip
島根,世界測地系,1960年（昭和35年）,1.94MB,A23-601001_32_GML.zip
島根,世界測地系,1965年（昭和40年）,1.94MB,A23-651001_32_GML.zip
島根,世界測地系,1970年（昭和45年）,4.66MB,A23-701001_32_GML.zip
島根,世界測地系,1975年（昭和50年）,4.66MB,A23-751001_32_GML.zip
島根,世界測地系,1980年（昭和55年）,4.66MB,A23-801001_32_GML.zip
島根,世界測地系,1985年（昭和60年）,4.66MB,A23-851001_32_GML.zip
島根,世界測地系,1990年（平成2年）,4.66MB,A23-901001_32_GML.zip
島根,世界測地系,1995年（平成7年）,4.66MB,A23-951001_32_GML.zip
島根,世界測地系,2000年（平成12年）,4.66MB,A23-001001_32_GML.zip
島根,世界測地系,2005年（平成17年）,4.66MB,A23-051001_32_GML.zip
島根,世界測地系,2007年（平成19年）,4.66MB,A23-070402_32_GML.zip
島根,世界測地系,2016年（平成28年）,7.05MB,A23-16_32_GML.zip
岡山,世界測地系,1952年（昭和27年）,2.16MB,A23-521027_33_GML.zip
岡山,世界測地系,1955年（昭和30年）,2.18MB,A23-551001_33_GML.zip
岡山,世界測地系,1960年（昭和35年）,2.18MB,A23-601001_33_GML.zip
岡山,世界測地系,1965年（昭和40年）,2.18MB,A23-651001_33_GML.zip
岡山,世界測地系,1970年（昭和45年）,2.18MB,A23-701001_33_GML.zip
岡山,世界測地系,1975年（昭和50年）,2.18MB,A23-751001_33_GML.zip
岡山,世界測地系,1980年（昭和55年）,2.18MB,A23-801001_33_GML.zip
岡山,世界測地系,1985年（昭和60年）,2.18MB,A23-851001_33_GML.zip
岡山,世界測地系,1990年（平成2年）,2.18MB,A23-901001_33_GML.zip
岡山,世界測地系,1995年（平成7年）,2.18MB,A23-951001_33_GML.zip
岡山,世界測地系,2000年（平成12年）,2.18MB,A23-001001_33_GML.zip
岡山,世界測地系,2005年（平成17年）,2.18MB,A23-051001_33_GML.zip
岡山,世界測地系,2007年（平成19年）,2.18MB,A23-070402_33_GML.zip
岡山,世界測地系,2016年（平成28年）,1.72MB,A23-16_33_GML.zip
広島,世界測地系,1952年（昭和27年）,4.27MB,A23-521027_34_GML.zip
広島,世界測地系,1955年（昭和30年）,4.89MB,A23-551001_34_GML.zip
広島,世界測地系,1960年（昭和35年）,4.89MB,A23-601001_34_GML.zip
広島,世界測地系,1965年（昭和40年）,4.89MB,A23-651001_34_GML.zip
広島,世界測地系,1970年（昭和45年）,4.89MB,A23-701001_34_GML.zip
広島,世界測地系,1975年（昭和50年）,4.89MB,A23-751001_34_GML.zip
広島,世界測地系,1980年（昭和55年）,4.89MB,A23-801001_34_GML.zip
広島,世界測地系,1985年（昭和60年）,4.89MB,A23-851001_34_GML.zip
広島,世界測地系,1990年（平成2年）,4.89MB,A23-901001_34_GML.zip
広島,世界測地系,1995年（平成7年）,4.89MB,A23-951001_34_GML.zip
広島,世界測地系,2000年（平成12年）,4.89MB,A23-001001_34_GML.zip
広島,世界測地系,2005年（平成17年）,4.89MB,A23-051001_34_GML.zip
広島,世界測地系,2007年（平成19年）,4.89MB,A23-070402_34_GML.zip
広島,世界測地系,2016年（平成28年）,5.07MB,A23-16_34_GML.zip
山口,世界測地系,1952年（昭和27年）,2.54MB,A23-521027_35_GML.zip
山口,世界測地系,1955年（昭和30年）,2.86MB,A23-551001_35_GML.zip
山口,世界測地系,1960年（昭和35年）,2.86MB,A23-601001_35_GML.zip
山口,世界測地系,1965年（昭和40年）,2.86MB,A23-651001_35_GML.zip
山口,世界測地系,1970年（昭和45年）,2.86MB,A23-701001_35_GML.zip
山口,世界測地系,1975年（昭和50年）,2.86MB,A23-751001_35_GML.zip
山口,世界測地系,1980年（昭和55年）,2.86MB,A23-801001_35_GML.zip
山口,世界測地系,1985年（昭和60年）,2.86MB,A23-851001_35_GML.zip
山口,世界測地系,1990年（平成2年）,2.86MB,A23-901001_35_GML.zip
山口,世界測地系,1995年（平成7年）,2.86MB,A23-951001_35_GML.zip
山口,世界測地系,2000年（平成12年）,2.86MB,A23-001001_35_GML.zip
山口,世界測地系,2005年（平成17年）,2.86MB,A23-051001_35_GML.zip
山口,世界測地系,2007年（平成19年）,2.86MB,A23-070402_35_GML.zip
山口,世界測地系,2016年（平成28年）,4.08MB,A23-16_35_GML.zip
愛媛,世界測地系,1952年（昭和27年）,4.94MB,A23-521027_38_GML.zip
愛媛,世界測地系,1955年（昭和30年）,5.13MB,A23-551001_38_GML.zip
愛媛,世界測地系,1960年（昭和35年）,5.13MB,A23-601001_38_GML.zip
愛媛,世界測地系,1965年（昭和40年）,5.13MB,A23-651001_38_GML.zip
愛媛,世界測地系,1970年（昭和45年）,5.13MB,A23-701001_38_GML.zip
愛媛,世界測地系,1975年（昭和50年）,5.13MB,A23-751001_38_GML.zip
愛媛,世界測地系,1980年（昭和55年）,5.13MB,A23-801001_38_GML.zip
愛媛,世界測地系,1985年（昭和60年）,5.13MB,A23-851001_38_GML.zip
愛媛,世界測地系,1990年（平成2年）,5.13MB,A23-901001_38_GML.zip
愛媛,世界測地系,1995年（平成7年）,5.13MB,A23-951001_38_GML.zip
愛媛,世界測地系,2000年（平成12年）,5.13MB,A23-001001_38_GML.zip
愛媛,世界測地系,2005年（平成17年）,5.13MB,A23-051001_38_GML.zip
愛媛,世界測地系,2007年（平成19年）,5.13MB,A23-070402_38_GML.zip
愛媛,世界測地系,2016年（平成28年）,10.22MB,A23-16_38_GML.zip
高知,世界測地系,1952年（昭和27年）,5.41MB,A23-521027_39_GML.zip
高知,世界測地系,1955年（昭和30年）,5.41MB,A23-551001_39_GML.zip
高知,世界測地系,1960年（昭和35年）,5.41MB,A23-601001_39_GML.zip
高知,世界測地系,1965年（昭和40年）,5.41MB,A23-651001_39_GML.zip
高知,世界測地系,1970年（昭和45年）,5.41MB,A23-701001_39_GML.zip
高知,世界測地系,1975年（昭和50年）,5.41MB,A23-751001_39_GML.zip
高知,世界測地系,1980年（昭和55年）,5.41MB,A23-801001_39_GML.zip
高知,世界測地系,1985年（昭和60年）,5.41MB,A23-851001_39_GML.zip
高知,世界測地系,1990年（平成2年）,5.41MB,A23-901001_39_GML.zip
高知,世界測地系,1995年（平成7年）,5.41MB,A23-951001_39_GML.zip
高知,世界測地系,2000年（平成12年）,5.41MB,A23-001001_39_GML.zip
高知,世界測地系,2005年（平成17年）,5.41MB,A23-051001_39_GML.zip
高知,世界測地系,2007年（平成19年）,5.41MB,A23-070402_39_GML.zip
高知,世界測地系,2016年（平成28年）,6.77MB,A23-16_39_GML.zip
福岡,世界測地系,1952年（昭和27年）,0.38MB,A23-521027_40_GML.zip
福岡,世界測地系,1955年（昭和30年）,0.62MB,A23-551001_40_GML.zip
福岡,世界測地系,1960年（昭和35年）,0.62MB,A23-601001_40_GML.zip
福岡,世界測地系,1965年（昭和40年）,0.62MB,A23-651001_40_GML.zip
福岡,世界測地系,1970年（昭和45年）,0.62MB,A23-701001_40_GML.zip
福岡,世界測地系,1975年（昭和50年）,0.62MB,A23-751001_40_GML.zip
福岡,世界測地系,1980年（昭和55年）,0.62MB,A23-801001_40_GML.zip
福岡,世界測地系,1985年（昭和60年）,0.62MB,A23-851001_40_GML.zip
福岡,世界測地系,1990年（平成2年）,0.62MB,A23-901001_40_GML.zip
福岡,世界測地系,1995年（平成7年）,0.62MB,A23-951001_40_GML.zip
福岡,世界測地系,2000年（平成12年）,0.62MB,A23-001001_40_GML.zip
福岡,世界測地系,2005年（平成17年）,0.62MB,A23-051001_40_GML.zip
福岡,世界測地系,2007年（平成19年）,0.62MB,A23-070402_40_GML.zip
福岡,世界測地系,2016年（平成28年）,0.52MB,A23-16_40_GML.zip
熊本,世界測地系,1952年（昭和27年）,1.75MB,A23-521027_43_GML.zip
熊本,世界測地系,1955年（昭和30年）,2.40MB,A23-551001_43_GML.zip
熊本,世界測地系,1960年（昭和35年）,2.40MB,A23-601001_43_GML.zip
熊本,世界測地系,1965年（昭和40年）,2.40MB,A23-651001_43_GML.zip
熊本,世界測地系,1970年（昭和45年）,2.40MB,A23-701001_43_GML.zip
熊本,世界測地系,1975年（昭和50年）,2.40MB,A23-751001_43_GML.zip
熊本,世界測地系,1980年（昭和55年）,2.40MB,A23-801001_43_GML.zip
熊本,世界測地系,1985年（昭和60年）,2.40MB,A23-851001_43_GML.zip
熊本,世界測地系,1990年（平成2年）,2.40MB,A23-901001_43_GML.zip
熊本,世界測地系,1995年（平成7年）,2.40MB,A23-951001_43_GML.zip
熊本,世界測地系,2000年（平成12年）,2.40MB,A23-001001_43_GML.zip
熊本,世界測地系,2005年（平成17年）,2.40MB,A23-051001_43_GML.zip
熊本,世界測地系,2007年（平成19年）,2.40MB,A23-070402_43_GML.zip
熊本,世界測地系,2016年（平成28年）,2.03MB,A23-16_43_GML.zip
大分,世界測地系,1952年（昭和27年）,1.47MB,A23-521027_44_GML.zip
大分,世界測地系,1955年（昭和30年）,1.47MB,A23-551001_44_GML.zip
大分,世界測地系,1960年（昭和35年）,1.47MB,A23-601001_44_GML.zip
大分,世界測地系,1965年（昭和40年）,1.47MB,A23-651001_44_GML.zip
大分,世界測地系,1970年（昭和45年）,1.47MB,A23-701001_44_GML.zip
大分,世界測地系,1975年（昭和50年）,1.47MB,A23-751001_44_GML.zip
大分,世界測地系,1980年（昭和55年）,1.47MB,A23-801001_44_GML.zip
大分,世界測地系,1985年（昭和60年）,1.47MB,A23-851001_44_GML.zip
大分,世界測地系,1990年（平成2年）,1.47MB,A23-901001_44_GML.zip
大分,世界測地系,1995年（平成7年）,1.47MB,A23-951001_44_GML.zip
大分,世界測地系,2000年（平成12年）,1.47MB,A23-001001_44_GML.zip
大分,世界測地系,2005年（平成17年）,1.47MB,A23-051001_44_GML.zip
大分,世界測地系,2007年（平成19年）,1.47MB,A23-070402_44_GML.zip
大分,世界測地系,2016年（平成28年）,1.04MB,A23-16_44_GML.zip
宮崎,世界測地系,1952年（昭和27年）,4.31MB,A23-521027_45_GML.zip
宮崎,世界測地系,1955年（昭和30年）,4.31MB,A23-551001_45_GML.zip
宮崎,世界測地系,1960年（昭和35年）,4.31MB,A23-601001_45_GML.zip
宮崎,世界測地系,1965年（昭和40年）,4.31MB,A23-651001_45_GML.zip
宮崎,世界測地系,1970年（昭和45年）,4.31MB,A23-701001_45_GML.zip
宮崎,世界測地系,1975年（昭和50年）,4.31MB,A23-751001_45_GML.zip
宮崎,世界測地系,1980年（昭和55年）,4.31MB,A23-801001_45_GML.zip
宮崎,世界測地系,1985年（昭和60年）,4.31MB,A23-851001_45_GML.zip
宮崎,世界測地系,1990年（平成2年）,4.31MB,A23-901001_45_GML.zip
宮崎,世界測地系,1995年（平成7年）,4.31MB,A23-951001_45_GML.zip
宮崎,世界測地系,2000年（平成12年）,4.31MB,A23-001001_45_GML.zip
宮崎,世界測地系,2005年（平成17年）,4.31MB,A23-051001_45_GML.zip
宮崎,世界測地系,2007年（平成19年）,4.31MB,A23-070402_45_GML.zip
宮崎,世界測地系,2016年（平成28年）,6.01MB,A23-16_45_GML.zip
鹿児島,世界測地系,1952年（昭和27年）,8.31MB,A23-521027_46_GML.zip
鹿児島,世界測地系,1955年（昭和30年）,8.31MB,A23-551001_46_GML.zip
鹿児島,世界測地系,1960年（昭和35年）,8.31MB,A23-601001_46_GML.zip
鹿児島,世界測地系,1965年（昭和40年）,8.31MB,A23-651001_46_GML.zip
鹿児島,世界測地系,1970年（昭和45年）,8.31MB,A23-701001_46_GML.zip
鹿児島,世界測地系,1975年（昭和50年）,8.31MB,A23-751001_46_GML.zip
鹿児島,世界測地系,1980年（昭和55年）,8.31MB,A23-801001_46_GML.zip
鹿児島,世界測地系,1985年（昭和60年）,8.31MB,A23-851001_46_GML.zip
鹿児島,世界測地系,1990年（平成2年）,8.31MB,A23-901001_46_GML.zip
鹿児島,世界測地系,1995年（平成7年）,8.31MB,A23-951001_46_GML.zip
鹿児島,世界測地系,2000年（平成12年）,8.31MB,A23-001001_46_GML.zip
鹿児島,世界測地系,2005年（平成17年）,8.31MB,A23-051001_46_GML.zip
鹿児島,世界測地系,2007年（平成19年）,8.31MB,A23-070402_46_GML.zip
鹿児島,世界測地系,2016年（平成28年）,12.31MB,A23-16_46_GML.zip