北海道,世界測地系,1966年（昭和41年）,0.55MB,A24-660331_01_GML.zip
北海道,世界測地系,1970年（昭和45年）,7.03MB,A24-701001_01_GML.zip
北海道,世界測地系,1975年（昭和50年）,14.19MB,A24-751001_01_GML.zip
北海道,世界測地系,1980年（昭和55年）,14.19MB,A24-801001_01_GML.zip
北海道,世界測地系,1985年（昭和60年）,14.19MB,A24-851001_01_GML.zip
北海道,世界測地系,1990年（平成2年）,14.19MB,A24-901001_01_GML.zip
北海道,世界測地系,1995年（平成7年）,14.19MB,A24-951001_01_GML.zip
北海道,世界測地系,2000年（平成12年）,14.19MB,A24-001001_01_GML.zip
北海道,世界測地系,2005年（平成17年）,14.19MB,A24-051001_01_GML.zip
北海道,世界測地系,2007年（平成19年）,14.19MB,A24-070402_01_GML.zip
北海道,世界測地系,2016年（平成28年）,16.63MB,A24-16_01_GML.zip
青森,世界測地系,1966年（昭和41年）,0.40MB,A24-660331_02_GML.zip
青森,世界測地系,1970年（昭和45年）,2.05MB,A24-701001_02_GML.zip
青森,世界測地系,1975年（昭和50年）,2.84MB,A24-751001_02_GML.zip
青森,世界測地系,1980年（昭和55年）,2.84MB,A24-801001_02_GML.zip
青森,世界測地系,1985年（昭和60年）,2.84MB,A24-851001_02_GML.zip
青森,世界測地系,1990年（平成2年）,2.84MB,A24-901001_02_GML.zip
青森,世界測地系,1995年（平成7年）,2.84MB,A24-951001_02_GML.zip
青森,世界測地系,2000年（平成12年）,2.84MB,A24-001001_02_GML.zip
青森,世界測地系,2005年（平成17年）,2.84MB,A24-051001_02_GML.zip
青森,世界測地系,2007年（平成19年）,2.84MB,A24-070402_02_GML.zip
青森,世界測地系,2016年（平成28年）,3.36MB,A24-16_02_GML.zip
岩手,世界測地系,1966年（昭和41年）,0.26MB,A24-660331_03_GML.zip
岩手,世界測地系,1970年（昭和45年）,2.20MB,A24-701001_03_GML.zip
岩手,世界測地系,1975年（昭和50年）,4.07MB,A24-751001_03_GML.zip
岩手,世界測地系,1980年（昭和55年）,4.07MB,A24-801001_03_GML.zip
岩手,世界測地系,1985年（昭和60年）,4.07MB,A24-851001_03_GML.zip
岩手,世界測地系,1990年（平成2年）,4.07MB,A24-901001_03_GML.zip
岩手,世界測地系,1995年（平成7年）,4.07MB,A24-951001_03_GML.zip
岩手,世界測地系,2000年（平成12年）,4.07MB,A24-001001_03_GML.zip
岩手,世界測地系,2005年（平成17年）,4.07MB,A24-051001_03_GML.zip
岩手,世界測地系,2007年（平成19年）,4.07MB,A24-070402_03_GML.zip
岩手,世界測地系,2016年（平成28年）,10.51MB,A24-16_03_GML.zip
宮城,世界測地系,1966年（昭和41年）,0.15MB,A24-660331_04_GML.zip
宮城,世界測地系,1970年（昭和45年）,0.63MB,A24-701001_04_GML.zip
宮城,世界測地系,1975年（昭和50年）,1.17MB,A24-751001_04_GML.zip
宮城,世界測地系,1980年（昭和55年）,1.17MB,A24-801001_04_GML.zip
宮城,世界測地系,1985年（昭和60年）,1.17MB,A24-851001_04_GML.zip
宮城,世界測地系,1990年（平成2年）,1.17MB,A24-901001_04_GML.zip
宮城,世界測地系,1995年（平成7年）,1.17MB,A24-951001_04_GML.zip
宮城,世界測地系,2000年（平成12年）,1.17MB,A24-001001_04_GML.zip
宮城,世界測地系,2005年（平成17年）,1.17MB,A24-051001_04_GML.zip
宮城,世界測地系,2007年（平成19年）,1.17MB,A24-070402_04_GML.zip
宮城,世界測地系,2016年（平成28年）,1.50MB,A24-16_04_GML.zip
秋田,世界測地系,1966年（昭和41年）,0.30MB,A24-660331_05_GML.zip
秋田,世界測地系,1970年（昭和45年）,1.43MB,A24-701001_05_GML.zip
秋田,世界測地系,1975年（昭和50年）,2.47MB,A24-751001_05_GML.zip
秋田,世界測地系,1980年（昭和55年）,2.47MB,A24-801001_05_GML.zip
秋田,世界測地系,1985年（昭和60年）,2.47MB,A24-851001_05_GML.zip
秋田,世界測地系,1990年（平成2年）,2.47MB,A24-901001_05_GML.zip
秋田,世界測地系,1995年（平成7年）,2.47MB,A24-951001_05_GML.zip
秋田,世界測地系,2000年（平成12年）,2.47MB,A24-001001_05_GML.zip
秋田,世界測地系,2005年（平成17年）,2.47MB,A24-051001_05_GML.zip
秋田,世界測地系,2007年（平成19年）,2.47MB,A24-070402_05_GML.zip
秋田,世界測地系,2016年（平成28年）,2.71MB,A24-16_05_GML.zip
山形,世界測地系,1966年（昭和41年）,0.47MB,A24-660331_06_GML.zip
山形,世界測地系,1970年（昭和45年）,1.91MB,A24-701001_06_GML.zip
山形,世界測地系,1975年（昭和50年）,2.71MB,A24-751001_06_GML.zip
山形,世界測地系,1980年（昭和55年）,2.71MB,A24-801001_06_GML.zip
山形,世界測地系,1985年（昭和60年）,2.71MB,A24-851001_06_GML.zip
山形,世界測地系,1990年（平成2年）,2.71MB,A24-901001_06_GML.zip
山形,世界測地系,1995年（平成7年）,2.71MB,A24-951001_06_GML.zip
山形,世界測地系,2000年（平成12年）,2.71MB,A24-001001_06_GML.zip
山形,世界測地系,2005年（平成17年）,2.71MB,A24-051001_06_GML.zip
山形,世界測地系,2007年（平成19年）,2.71MB,A24-070402_06_GML.zip
山形,世界測地系,2016年（平成28年）,1.92MB,A24-16_06_GML.zip
福島,世界測地系,1966年（昭和41年）,0.44MB,A24-660331_07_GML.zip
福島,世界測地系,1970年（昭和45年）,3.00MB,A24-701001_07_GML.zip
福島,世界測地系,1975年（昭和50年）,5.53MB,A24-751001_07_GML.zip
福島,世界測地系,1980年（昭和55年）,5.53MB,A24-801001_07_GML.zip
福島,世界測地系,1985年（昭和60年）,5.53MB,A24-851001_07_GML.zip
福島,世界測地系,1990年（平成2年）,5.53MB,A24-901001_07_GML.zip
福島,世界測地系,1995年（平成7年）,5.53MB,A24-951001_07_GML.zip
福島,世界測地系,2000年（平成12年）,5.53MB,A24-001001_07_GML.zip
福島,世界測地系,2005年（平成17年）,5.53MB,A24-051001_07_GML.zip
福島,世界測地系,2007年（平成19年）,5.53MB,A24-070402_07_GML.zip
福島,世界測地系,2016年（平成28年）,5.14MB,A24-16_07_GML.zip
茨城,世界測地系,1966年（昭和41年）,0.03MB,A24-660331_08_GML.zip
茨城,世界測地系,1970年（昭和45年）,0.09MB,A24-701001_08_GML.zip
茨城,世界測地系,1975年（昭和50年）,0.35MB,A24-751001_08_GML.zip
茨城,世界測地系,1980年（昭和55年）,0.35MB,A24-801001_08_GML.zip
茨城,世界測地系,1985年（昭和60年）,0.35MB,A24-851001_08_GML.zip
茨城,世界測地系,1990年（平成2年）,0.35MB,A24-901001_08_GML.zip
茨城,世界測地系,1995年（平成7年）,0.35MB,A24-951001_08_GML.zip
茨城,世界測地系,2000年（平成12年）,0.35MB,A24-001001_08_GML.zip
茨城,世界測地系,2005年（平成17年）,0.35MB,A24-051001_08_GML.zip
茨城,世界測地系,2007年（平成19年）,0.35MB,A24-070402_08_GML.zip
茨城,世界測地系,2016年（平成28年）,0.37MB,A24-16_08_GML.zip
栃木,世界測地系,1966年（昭和41年）,0.07MB,A24-660331_09_GML.zip
栃木,世界測地系,1970年（昭和45年）,0.75MB,A24-701001_09_GML.zip
栃木,世界測地系,1975年（昭和50年）,1.34MB,A24-751001_09_GML.zip
栃木,世界測地系,1980年（昭和55年）,1.34MB,A24-801001_09_GML.zip
栃木,世界測地系,1985年（昭和60年）,1.34MB,A24-851001_09_GML.zip
栃木,世界測地系,1990年（平成2年）,1.34MB,A24-901001_09_GML.zip
栃木,世界測地系,1995年（平成7年）,1.34MB,A24-951001_09_GML.zip
栃木,世界測地系,2000年（平成12年）,1.34MB,A24-001001_09_GML.zip
栃木,世界測地系,2005年（平成17年）,1.34MB,A24-051001_09_GML.zip
栃木,世界測地系,2007年（平成19年）,1.34MB,A24-070402_09_GML.zip
栃木,世界測地系,2016年（平成28年）,1.48MB,A24-16_09_GML.zip
群馬,世界測地系,1966年（昭和41年）,0.45MB,A24-660331_10_GML.zip
群馬,世界測地系,1970年（昭和45年）,1.30MB,A24-701001_10_GML.zip
群馬,世界測地系,1975年（昭和50年）,1.90MB,A24-751001_10_GML.zip
群馬,世界測地系,1980年（昭和55年）,1.90MB,A24-801001_10_GML.zip
群馬,世界測地系,1985年（昭和60年）,1.90MB,A24-851001_10_GML.zip
群馬,世界測地系,1990年（平成2年）,1.90MB,A24-901001_10_GML.zip
群馬,世界測地系,1995年（平成7年）,1.90MB,A24-951001_10_GML.zip
群馬,世界測地系,2000年（平成12年）,1.90MB,A24-001001_10_GML.zip
群馬,世界測地系,2005年（平成17年）,1.90MB,A24-051001_10_GML.zip
群馬,世界測地系,2007年（平成19年）,1.90MB,A24-070402_10_GML.zip
群馬,世界測地系,2016年（平成28年）,2.14MB,A24-16_10_GML.zip
埼玉,世界測地系,1966年（昭和41年）,0.03MB,A24-660331_11_GML.zip
埼玉,世界測地系,1970年（昭和45年）,0.24MB,A24-701001_11_GML.zip
埼玉,世界測地系,1975年（昭和50年）,0.38MB,A24-751001_11_GML.zip
埼玉,世界測地系,1980年（昭和55年）,0.38MB,A24-801001_11_GML.zip
埼玉,世界測地系,1985年（昭和60年）,0.38MB,A24-851001_11_GML.zip
埼玉,世界測地系,1990年（平成2年）,0.38MB,A24-901001_11_GML.zip
埼玉,世界測地系,1995年（平成7年）,0.38MB,A24-951001_11_GML.zip
埼玉,世界測地系,2000年（平成12年）,0.38MB,A24-001001_11_GML.zip
埼玉,世界測地系,2005年（平成17年）,0.38MB,A24-051001_11_GML.zip
埼玉,世界測地系,2007年（平成19年）,0.38MB,A24-070402_11_GML.zip
埼玉,世界測地系,2016年（平成28年）,0.40MB,A24-16_11_GML.zip
千葉,世界測地系,1970年（昭和45年）,0.07MB,A24-701001_12_GML.zip
千葉,世界測地系,1975年（昭和50年）,0.07MB,A24-751001_12_GML.zip
千葉,世界測地系,1980年（昭和55年）,0.07MB,A24-801001_12_GML.zip
千葉,世界測地系,1985年（昭和60年）,0.07MB,A24-851001_12_GML.zip
千葉,世界測地系,1990年（平成2年）,0.07MB,A24-901001_12_GML.zip
千葉,世界測地系,1995年（平成7年）,0.07MB,A24-951001_12_GML.zip
千葉,世界測地系,2000年（平成12年）,0.07MB,A24-001001_12_GML.zip
千葉,世界測地系,2005年（平成17年）,0.07MB,A24-051001_12_GML.zip
千葉,世界測地系,2007年（平成19年）,0.07MB,A24-070402_12_GML.zip
千葉,世界測地系,2016年（平成28年）,0.05MB,A24-16_12_GML.zip
東京,世界測地系,1975年（昭和50年）,0.22MB,A24-751001_13_GML.zip
東京,世界測地系,1980年（昭和55年）,0.22MB,A24-801001_13_GML.zip
東京,世界測地系,1985年（昭和60年）,0.22MB,A24-851001_13_GML.zip
東京,世界測地系,1990年（平成2年）,0.22MB,A24-901001_13_GML.zip
東京,世界測地系,1995年（平成7年）,0.22MB,A24-951001_13_GML.zip
東京,世界測地系,2000年（平成12年）,0.22MB,A24-001001_13_GML.zip
東京,世界測地系,2005年（平成17年）,0.22MB,A24-051001_13_GML.zip
東京,世界測地系,2007年（平成19年）,0.22MB,A24-070402_13_GML.zip
東京,世界測地系,2016年（平成28年）,0.20MB,A24-16_13_GML.zip
神奈川,世界測地系,1970年（昭和45年）,0.31MB,A24-701001_14_GML.zip
神奈川,世界測地系,1975年（昭和50年）,0.35MB,A24-751001_14_GML.zip
神奈川,世界測地系,1980年（昭和55年）,0.35MB,A24-801001_14_GML.zip
神奈川,世界測地系,1985年（昭和60年）,0.35MB,A24-851001_14_GML.zip
神奈川,世界測地系,1990年（平成2年）,0.35MB,A24-901001_14_GML.zip
神奈川,世界測地系,1995年（平成7年）,0.35MB,A24-951001_14_GML.zip
神奈川,世界測地系,2000年（平成12年）,0.35MB,A24-001001_14_GML.zip
神奈川,世界測地系,2005年（平成17年）,0.35MB,A24-051001_14_GML.zip
神奈川,世界測地系,2007年（平成19年）,0.35MB,A24-070402_14_GML.zip
神奈川,世界測地系,2016年（平成28年）,0.34MB,A24-16_14_GML.zip
新潟,世界測地系,1966年（昭和41年）,0.12MB,A24-660331_15_GML.zip
新潟,世界測地系,1970年（昭和45年）,1.57MB,A24-701001_15_GML.zip
新潟,世界測地系,1975年（昭和50年）,2.19MB,A24-751001_15_GML.zip
新潟,世界測地系,1980年（昭和55年）,2.19MB,A24-801001_15_GML.zip
新潟,世界測地系,1985年（昭和60年）,2.19MB,A24-851001_15_GML.zip
新潟,世界測地系,1990年（平成2年）,2.19MB,A24-901001_15_GML.zip
新潟,世界測地系,1995年（平成7年）,2.19MB,A24-951001_15_GML.zip
新潟,世界測地系,2000年（平成12年）,2.19MB,A24-001001_15_GML.zip
新潟,世界測地系,2005年（平成17年）,2.19MB,A24-051001_15_GML.zip
新潟,世界測地系,2007年（平成19年）,2.19MB,A24-070402_15_GML.zip
新潟,世界測地系,2016年（平成28年）,2.53MB,A24-16_15_GML.zip
富山,世界測地系,1966年（昭和41年）,0.07MB,A24-660331_16_GML.zip
富山,世界測地系,1970年（昭和45年）,0.36MB,A24-701001_16_GML.zip
富山,世界測地系,1975年（昭和50年）,0.71MB,A24-751001_16_GML.zip
富山,世界測地系,1980年（昭和55年）,0.71MB,A24-801001_16_GML.zip
富山,世界測地系,1985年（昭和60年）,0.71MB,A24-851001_16_GML.zip
富山,世界測地系,1990年（平成2年）,0.71MB,A24-901001_16_GML.zip
富山,世界測地系,1995年（平成7年）,0.71MB,A24-951001_16_GML.zip
富山,世界測地系,2000年（平成12年）,0.71MB,A24-001001_16_GML.zip
富山,世界測地系,2005年（平成17年）,0.71MB,A24-051001_16_GML.zip
富山,世界測地系,2007年（平成19年）,0.71MB,A24-070402_16_GML.zip
富山,世界測地系,2016年（平成28年）,0.66MB,A24-16_16_GML.zip
石川,世界測地系,1966年（昭和41年）,0.10MB,A24-660331_17_GML.zip
石川,世界測地系,1970年（昭和45年）,0.94MB,A24-701001_17_GML.zip
石川,世界測地系,1975年（昭和50年）,1.60MB,A24-751001_17_GML.zip
石川,世界測地系,1980年（昭和55年）,1.60MB,A24-801001_17_GML.zip
石川,世界測地系,1985年（昭和60年）,1.60MB,A24-851001_17_GML.zip
石川,世界測地系,1990年（平成2年）,1.60MB,A24-901001_17_GML.zip
石川,世界測地系,1995年（平成7年）,1.60MB,A24-951001_17_GML.zip
石川,世界測地系,2000年（平成12年）,1.60MB,A24-001001_17_GML.zip
石川,世界測地系,2005年（平成17年）,1.60MB,A24-051001_17_GML.zip
石川,世界測地系,2007年（平成19年）,1.60MB,A24-070402_17_GML.zip
石川,世界測地系,2016年（平成28年）,1.62MB,A24-16_17_GML.zip
福井,世界測地系,1966年（昭和41年）,0.07MB,A24-660331_18_GML.zip
福井,世界測地系,1970年（昭和45年）,1.08MB,A24-701001_18_GML.zip
福井,世界測地系,1975年（昭和50年）,1.55MB,A24-751001_18_GML.zip
福井,世界測地系,1980年（昭和55年）,1.55MB,A24-801001_18_GML.zip
福井,世界測地系,1985年（昭和60年）,1.55MB,A24-851001_18_GML.zip
福井,世界測地系,1990年（平成2年）,1.55MB,A24-901001_18_GML.zip
福井,世界測地系,1995年（平成7年）,1.55MB,A24-951001_18_GML.zip
福井,世界測地系,2000年（平成12年）,1.55MB,A24-001001_18_GML.zip
福井,世界測地系,2005年（平成17年）,1.55MB,A24-051001_18_GML.zip
福井,世界測地系,2007年（平成19年）,1.55MB,A24-070402_18_GML.zip
福井,世界測地系,2016年（平成28年）,1.91MB,A24-16_18_GML.zip
山梨,世界測地系,1966年（昭和41年）,0.19MB,A24-660331_19_GML.zip
山梨,世界測地系,1970年（昭和45年）,0.90MB,A24-701001_19_GML.zip
山梨,世界測地系,1975年（昭和50年）,2.05MB,A24-751001_19_GML.zip
山梨,世界測地系,1980年（昭和55年）,2.05MB,A24-801001_19_GML.zip
山梨,世界測地系,1985年（昭和60年）,2.05MB,A24-851001_19_GML.zip
山梨,世界測地系,1990年（平成2年）,2.05MB,A24-901001_19_GML.zip
山梨,世界測地系,1995年（平成7年）,2.05MB,A24-951001_19_GML.zip
山梨,世界測地系,2000年（平成12年）,2.05MB,A24-001001_19_GML.zip
山梨,世界測地系,2005年（平成17年）,2.05MB,A24-051001_19_GML.zip
山梨,世界測地系,2007年（平成19年）,2.05MB,A24-070402_19_GML.zip
山梨,世界測地系,2016年（平成28年）,1.80MB,A24-16_19_GML.zip
長野,世界測地系,1966年（昭和41年）,0.19MB,A24-660331_20_GML.zip
長野,世界測地系,1970年（昭和45年）,1.99MB,A24-701001_20_GML.zip
長野,世界測地系,1975年（昭和50年）,3.63MB,A24-751001_20_GML.zip
長野,世界測地系,1980年（昭和55年）,3.63MB,A24-801001_20_GML.zip
長野,世界測地系,1985年（昭和60年）,3.63MB,A24-851001_20_GML.zip
長野,世界測地系,1990年（平成2年）,3.63MB,A24-901001_20_GML.zip
長野,世界測地系,1995年（平成7年）,3.63MB,A24-951001_20_GML.zip
長野,世界測地系,2000年（平成12年）,3.63MB,A24-001001_20_GML.zip
長野,世界測地系,2005年（平成17年）,3.63MB,A24-051001_20_GML.zip
長野,世界測地系,2007年（平成19年）,3.63MB,A24-070402_20_GML.zip
長野,世界測地系,2016年（平成28年）,3.78MB,A24-16_20_GML.zip
岐阜,世界測地系,1966年（昭和41年）,0.14MB,A24-660331_21_GML.zip
岐阜,世界測地系,1970年（昭和45年）,1.91MB,A24-701001_21_GML.zip
岐阜,世界測地系,1975年（昭和50年）,2.67MB,A24-751001_21_GML.zip
岐阜,世界測地系,1980年（昭和55年）,2.67MB,A24-801001_21_GML.zip
岐阜,世界測地系,1985年（昭和60年）,2.67MB,A24-851001_21_GML.zip
岐阜,世界測地系,1990年（平成2年）,2.67MB,A24-901001_21_GML.zip
岐阜,世界測地系,1995年（平成7年）,2.67MB,A24-951001_21_GML.zip
岐阜,世界測地系,2000年（平成12年）,2.67MB,A24-001001_21_GML.zip
岐阜,世界測地系,2005年（平成17年）,2.67MB,A24-051001_21_GML.zip
岐阜,世界測地系,2007年（平成19年）,2.67MB,A24-070402_21_GML.zip
岐阜,世界測地系,2016年（平成28年）,1.92MB,A24-16_21_GML.zip
静岡,世界測地系,1966年（昭和41年）,0.19MB,A24-660331_22_GML.zip
静岡,世界測地系,1970年（昭和45年）,0.98MB,A24-701001_22_GML.zip
静岡,世界測地系,1975年（昭和50年）,1.59MB,A24-751001_22_GML.zip
静岡,世界測地系,1980年（昭和55年）,1.59MB,A24-801001_22_GML.zip
静岡,世界測地系,1985年（昭和60年）,1.59MB,A24-851001_22_GML.zip
静岡,世界測地系,1990年（平成2年）,1.59MB,A24-901001_22_GML.zip
静岡,世界測地系,1995年（平成7年）,1.59MB,A24-951001_22_GML.zip
静岡,世界測地系,2000年（平成12年）,1.59MB,A24-001001_22_GML.zip
静岡,世界測地系,2005年（平成17年）,1.59MB,A24-051001_22_GML.zip
静岡,世界測地系,2007年（平成19年）,1.59MB,A24-070402_22_GML.zip
静岡,世界測地系,2016年（平成28年）,1.98MB,A24-16_22_GML.zip
愛知,世界測地系,1966年（昭和41年）,0.21MB,A24-660331_23_GML.zip
愛知,世界測地系,1970年（昭和45年）,0.97MB,A24-701001_23_GML.zip
愛知,世界測地系,1975年（昭和50年）,1.25MB,A24-751001_23_GML.zip
愛知,世界測地系,1980年（昭和55年）,1.25MB,A24-801001_23_GML.zip
愛知,世界測地系,1985年（昭和60年）,1.25MB,A24-851001_23_GML.zip
愛知,世界測地系,1990年（平成2年）,1.25MB,A24-901001_23_GML.zip
愛知,世界測地系,1995年（平成7年）,1.25MB,A24-951001_23_GML.zip
愛知,世界測地系,2000年（平成12年）,1.25MB,A24-001001_23_GML.zip
愛知,世界測地系,2005年（平成17年）,1.25MB,A24-051001_23_GML.zip
愛知,世界測地系,2007年（平成19年）,1.25MB,A24-070402_23_GML.zip
愛知,世界測地系,2016年（平成28年）,1.35MB,A24-16_23_GML.zip
三重,世界測地系,1966年（昭和41年）,0.06MB,A24-660331_24_GML.zip
三重,世界測地系,1970年（昭和45年）,1.26MB,A24-701001_24_GML.zip
三重,世界測地系,1975年（昭和50年）,1.67MB,A24-751001_24_GML.zip
三重,世界測地系,1980年（昭和55年）,1.67MB,A24-801001_24_GML.zip
三重,世界測地系,1985年（昭和60年）,1.67MB,A24-851001_24_GML.zip
三重,世界測地系,1990年（平成2年）,1.67MB,A24-901001_24_GML.zip
三重,世界測地系,1995年（平成7年）,1.67MB,A24-951001_24_GML.zip
三重,世界測地系,2000年（平成12年）,1.67MB,A24-001001_24_GML.zip
三重,世界測地系,2005年（平成17年）,1.67MB,A24-051001_24_GML.zip
三重,世界測地系,2007年（平成19年）,1.67MB,A24-070402_24_GML.zip
三重,世界測地系,2016年（平成28年）,2.45MB,A24-16_24_GML.zip
滋賀,世界測地系,1966年（昭和41年）,0.08MB,A24-660331_25_GML.zip
滋賀,世界測地系,1970年（昭和45年）,0.57MB,A24-701001_25_GML.zip
滋賀,世界測地系,1975年（昭和50年）,0.76MB,A24-751001_25_GML.zip
滋賀,世界測地系,1980年（昭和55年）,0.76MB,A24-801001_25_GML.zip
滋賀,世界測地系,1985年（昭和60年）,0.76MB,A24-851001_25_GML.zip
滋賀,世界測地系,1990年（平成2年）,0.76MB,A24-901001_25_GML.zip
滋賀,世界測地系,1995年（平成7年）,0.76MB,A24-951001_25_GML.zip
滋賀,世界測地系,2000年（平成12年）,0.76MB,A24-001001_25_GML.zip
滋賀,世界測地系,2005年（平成17年）,0.76MB,A24-051001_25_GML.zip
滋賀,世界測地系,2007年（平成19年）,0.76MB,A24-070402_25_GML.zip
滋賀,世界測地系,2016年（平成28年）,0.54MB,A24-16_25_GML.zip
京都,世界測地系,1966年（昭和41年）,0.08MB,A24-660331_26_GML.zip
京都,世界測地系,1970年（昭和45年）,0.69MB,A24-701001_26_GML.zip
京都,世界測地系,1975年（昭和50年）,1.31MB,A24-751001_26_GML.zip
京都,世界測地系,1980年（昭和55年）,1.31MB,A24-801001_26_GML.zip
京都,世界測地系,1985年（昭和60年）,1.31MB,A24-851001_26_GML.zip
京都,世界測地系,1990年（平成2年）,1.31MB,A24-901001_26_GML.zip
京都,世界測地系,1995年（平成7年）,1.31MB,A24-951001_26_GML.zip
京都,世界測地系,2000年（平成12年）,1.31MB,A24-001001_26_GML.zip
京都,世界測地系,2005年（平成17年）,1.31MB,A24-051001_26_GML.zip
京都,世界測地系,2007年（平成19年）,1.31MB,A24-070402_26_GML.zip
京都,世界測地系,2016年（平成28年）,1.22MB,A24-16_26_GML.zip
兵庫,世界測地系,1966年（昭和41年）,0.07MB,A24-660331_28_GML.zip
兵庫,世界測地系,1970年（昭和45年）,1.02MB,A24-701001_28_GML.zip
兵庫,世界測地系,1975年（昭和50年）,1.52MB,A24-751001_28_GML.zip
兵庫,世界測地系,1980年（昭和55年）,1.52MB,A24-801001_28_GML.zip
兵庫,世界測地系,1985年（昭和60年）,1.52MB,A24-851001_28_GML.zip
兵庫,世界測地系,1990年（平成2年）,1.52MB,A24-901001_28_GML.zip
兵庫,世界測地系,1995年（平成7年）,1.52MB,A24-951001_28_GML.zip
兵庫,世界測地系,2000年（平成12年）,1.52MB,A24-001001_28_GML.zip
兵庫,世界測地系,2005年（平成17年）,1.52MB,A24-051001_28_GML.zip
兵庫,世界測地系,2007年（平成19年）,1.52MB,A24-070402_28_GML.zip
兵庫,世界測地系,2016年（平成28年）,1.72MB,A24-16_28_GML.zip
奈良,世界測地系,1966年（昭和41年）,0.05MB,A24-660331_29_GML.zip
奈良,世界測地系,1970年（昭和45年）,0.63MB,A24-701001_29_GML.zip
奈良,世界測地系,1975年（昭和50年）,1.20MB,A24-751001_29_GML.zip
奈良,世界測地系,1980年（昭和55年）,1.20MB,A24-801001_29_GML.zip
奈良,世界測地系,1985年（昭和60年）,1.20MB,A24-851001_29_GML.zip
奈良,世界測地系,1990年（平成2年）,1.20MB,A24-901001_29_GML.zip
奈良,世界測地系,1995年（平成7年）,1.20MB,A24-951001_29_GML.zip
奈良,世界測地系,2000年（平成12年）,1.20MB,A24-001001_29_GML.zip
奈良,世界測地系,2005年（平成17年）,1.20MB,A24-051001_29_GML.zip
奈良,世界測地系,2007年（平成19年）,1.20MB,A24-070402_29_GML.zip
奈良,世界測地系,2016年（平成28年）,1.29MB,A24-16_29_GML.zip
和歌山,世界測地系,1966年（昭和41年）,0.14MB,A24-660331_30_GML.zip
和歌山,世界測地系,1970年（昭和45年）,1.09MB,A24-701001_30_GML.zip
和歌山,世界測地系,1975年（昭和50年）,1.38MB,A24-751001_30_GML.zip
和歌山,世界測地系,1980年（昭和55年）,1.38MB,A24-801001_30_GML.zip
和歌山,世界測地系,1985年（昭和60年）,1.38MB,A24-851001_30_GML.zip
和歌山,世界測地系,1990年（平成2年）,1.38MB,A24-901001_30_GML.zip
和歌山,世界測地系,1995年（平成7年）,1.38MB,A24-951001_30_GML.zip
和歌山,世界測地系,2000年（平成12年）,1.38MB,A24-001001_30_GML.zip
和歌山,世界測地系,2005年（平成17年）,1.38MB,A24-051001_30_GML.zip
和歌山,世界測地系,2007年（平成19年）,1.38MB,A24-070402_30_GML.zip
和歌山,世界測地系,2016年（平成28年）,1.78MB,A24-16_30_GML.zip
鳥取,世界測地系,1966年（昭和41年）,0.13MB,A24-660331_31_GML.zip
鳥取,世界測地系,1970年（昭和45年）,0.99MB,A24-701001_31_GML.zip
鳥取,世界測地系,1975年（昭和50年）,1.26MB,A24-751001_31_GML.zip
鳥取,世界測地系,1980年（昭和55年）,1.26MB,A24-801001_31_GML.zip
鳥取,世界測地系,1985年（昭和60年）,1.26MB,A24-851001_31_GML.zip
鳥取,世界測地系,1990年（平成2年）,1.26MB,A24-901001_31_GML.zip
鳥取,世界測地系,1995年（平成7年）,1.26MB,A24-951001_31_GML.zip
鳥取,世界測地系,2000年（平成12年）,1.26MB,A24-001001_31_GML.zip
鳥取,世界測地系,2005年（平成17年）,1.26MB,A24-051001_31_GML.zip
鳥取,世界測地系,2007年（平成19年）,1.26MB,A24-070402_31_GML.zip
鳥取,世界測地系,2016年（平成28年）,1.17MB,A24-16_31_GML.zip
島根,世界測地系,1966年（昭和41年）,0.10MB,A24-660331_32_GML.zip
島根,世界測地系,1970年（昭和45年）,1.24MB,A24-701001_32_GML.zip
島根,世界測地系,1975年（昭和50年）,2.05MB,A24-751001_32_GML.zip
島根,世界測地系,1980年（昭和55年）,2.05MB,A24-801001_32_GML.zip
島根,世界測地系,1985年（昭和60年）,2.05MB,A24-851001_32_GML.zip
島根,世界測地系,1990年（平成2年）,2.05MB,A24-901001_32_GML.zip
島根,世界測地系,1995年（平成7年）,2.05MB,A24-951001_32_GML.zip
島根,世界測地系,2000年（平成12年）,2.05MB,A24-001001_32_GML.zip
島根,世界測地系,2005年（平成17年）,2.05MB,A24-051001_32_GML.zip
島根,世界測地系,2007年（平成19年）,2.05MB,A24-070402_32_GML.zip
島根,世界測地系,2016年（平成28年）,2.00MB,A24-16_32_GML.zip
岡山,世界測地系,1966年（昭和41年）,0.07MB,A24-660331_33_GML.zip
岡山,世界測地系,1970年（昭和45年）,1.05MB,A24-701001_33_GML.zip
岡山,世界測地系,1975年（昭和50年）,1.83MB,A24-751001_33_GML.zip
岡山,世界測地系,1980年（昭和55年）,1.83MB,A24-801001_33_GML.zip
岡山,世界測地系,1985年（昭和60年）,1.83MB,A24-851001_33_GML.zip
岡山,世界測地系,1990年（平成2年）,1.83MB,A24-901001_33_GML.zip
岡山,世界測地系,1995年（平成7年）,1.83MB,A24-951001_33_GML.zip
岡山,世界測地系,2000年（平成12年）,1.83MB,A24-001001_33_GML.zip
岡山,世界測地系,2005年（平成17年）,1.83MB,A24-051001_33_GML.zip
岡山,世界測地系,2007年（平成19年）,1.83MB,A24-070402_33_GML.zip
岡山,世界測地系,2016年（平成28年）,1.50MB,A24-16_33_GML.zip
広島,世界測地系,1966年（昭和41年）,0.07MB,A24-660331_34_GML.zip
広島,世界測地系,1970年（昭和45年）,1.44MB,A24-701001_34_GML.zip
広島,世界測地系,1975年（昭和50年）,2.09MB,A24-751001_34_GML.zip
広島,世界測地系,1980年（昭和55年）,2.09MB,A24-801001_34_GML.zip
広島,世界測地系,1985年（昭和60年）,2.09MB,A24-851001_34_GML.zip
広島,世界測地系,1990年（平成2年）,2.09MB,A24-901001_34_GML.zip
広島,世界測地系,1995年（平成7年）,2.09MB,A24-951001_34_GML.zip
広島,世界測地系,2000年（平成12年）,2.09MB,A24-001001_34_GML.zip
広島,世界測地系,2005年（平成17年）,2.09MB,A24-051001_34_GML.zip
広島,世界測地系,2007年（平成19年）,2.09MB,A24-070402_34_GML.zip
広島,世界測地系,2016年（平成28年）,2.04MB,A24-16_34_GML.zip
山口,世界測地系,1966年（昭和41年）,0.27MB,A24-660331_35_GML.zip
山口,世界測地系,1970年（昭和45年）,0.83MB,A24-701001_35_GML.zip
山口,世界測地系,1975年（昭和50年）,1.32MB,A24-751001_35_GML.zip
山口,世界測地系,1980年（昭和55年）,1.32MB,A24-801001_35_GML.zip
山口,世界測地系,1985年（昭和60年）,1.32MB,A24-851001_35_GML.zip
山口,世界測地系,1990年（平成2年）,1.32MB,A24-901001_35_GML.zip
山口,世界測地系,1995年（平成7年）,1.32MB,A24-951001_35_GML.zip
山口,世界測地系,2000年（平成12年）,1.32MB,A24-001001_35_GML.zip
山口,世界測地系,2005年（平成17年）,1.32MB,A24-051001_35_GML.zip
山口,世界測地系,2007年（平成19年）,1.32MB,A24-070402_35_GML.zip
山口,世界測地系,2016年（平成28年）,1.34MB,A24-16_35_GML.zip
徳島,世界測地系,1966年（昭和41年）,0.03MB,A24-660331_36_GML.zip
徳島,世界測地系,1970年（昭和45年）,0.50MB,A24-701001_36_GML.zip
徳島,世界測地系,1975年（昭和50年）,0.89MB,A24-751001_36_GML.zip
徳島,世界測地系,1980年（昭和55年）,0.89MB,A24-801001_36_GML.zip
徳島,世界測地系,1985年（昭和60年）,0.89MB,A24-851001_36_GML.zip
徳島,世界測地系,1990年（平成2年）,0.89MB,A24-901001_36_GML.zip
徳島,世界測地系,1995年（平成7年）,0.89MB,A24-951001_36_GML.zip
徳島,世界測地系,2000年（平成12年）,0.89MB,A24-001001_36_GML.zip
徳島,世界測地系,2005年（平成17年）,0.89MB,A24-051001_36_GML.zip
徳島,世界測地系,2007年（平成19年）,0.89MB,A24-070402_36_GML.zip
徳島,世界測地系,2016年（平成28年）,1.30MB,A24-16_36_GML.zip
香川,世界測地系,1970年（昭和45年）,0.22MB,A24-701001_37_GML.zip
香川,世界測地系,1975年（昭和50年）,0.34MB,A24-751001_37_GML.zip
香川,世界測地系,1980年（昭和55年）,0.34MB,A24-801001_37_GML.zip
香川,世界測地系,1985年（昭和60年）,0.34MB,A24-851001_37_GML.zip
香川,世界測地系,1990年（平成2年）,0.34MB,A24-901001_37_GML.zip
香川,世界測地系,1995年（平成7年）,0.34MB,A24-951001_37_GML.zip
香川,世界測地系,2000年（平成12年）,0.34MB,A24-001001_37_GML.zip
香川,世界測地系,2005年（平成17年）,0.34MB,A24-051001_37_GML.zip
香川,世界測地系,2007年（平成19年）,0.34MB,A24-070402_37_GML.zip
香川,世界測地系,2016年（平成28年）,0.28MB,A24-16_37_GML.zip
愛媛,世界測地系,1966年（昭和41年）,0.10MB,A24-660331_38_GML.zip
愛媛,世界測地系,1970年（昭和45年）,0.61MB,A24-701001_38_GML.zip
愛媛,世界測地系,1975年（昭和50年）,0.94MB,A24-751001_38_GML.zip
愛媛,世界測地系,1980年（昭和55年）,0.94MB,A24-801001_38_GML.zip
愛媛,世界測地系,1985年（昭和60年）,0.94MB,A24-851001_38_GML.zip
愛媛,世界測地系,1990年（平成2年）,0.94MB,A24-901001_38_GML.zip
愛媛,世界測地系,1995年（平成7年）,0.94MB,A24-951001_38_GML.zip
愛媛,世界測地系,2000年（平成12年）,0.94MB,A24-001001_38_GML.zip
愛媛,世界測地系,2005年（平成17年）,0.94MB,A24-051001_38_GML.zip
愛媛,世界測地系,2007年（平成19年）,0.94MB,A24-070402_38_GML.zip
愛媛,世界測地系,2016年（平成28年）,0.96MB,A24-16_38_GML.zip
高知,世界測地系,1966年（昭和41年）,0.25MB,A24-660331_39_GML.zip
高知,世界測地系,1970年（昭和45年）,1.64MB,A24-701001_39_GML.zip
高知,世界測地系,1975年（昭和50年）,2.96MB,A24-751001_39_GML.zip
高知,世界測地系,1980年（昭和55年）,2.96MB,A24-801001_39_GML.zip
高知,世界測地系,1985年（昭和60年）,2.96MB,A24-851001_39_GML.zip
高知,世界測地系,1990年（平成2年）,2.96MB,A24-901001_39_GML.zip
高知,世界測地系,1995年（平成7年）,2.96MB,A24-951001_39_GML.zip
高知,世界測地系,2000年（平成12年）,2.96MB,A24-001001_39_GML.zip
高知,世界測地系,2005年（平成17年）,2.96MB,A24-051001_39_GML.zip
高知,世界測地系,2007年（平成19年）,2.96MB,A24-070402_39_GML.zip
高知,世界測地系,2016年（平成28年）,3.47MB,A24-16_39_GML.zip
福岡,世界測地系,1966年（昭和41年）,0.06MB,A24-660331_40_GML.zip
福岡,世界測地系,1970年（昭和45年）,0.28MB,A24-701001_40_GML.zip
福岡,世界測地系,1975年（昭和50年）,0.52MB,A24-751001_40_GML.zip
福岡,世界測地系,1980年（昭和55年）,0.52MB,A24-801001_40_GML.zip
福岡,世界測地系,1985年（昭和60年）,0.52MB,A24-851001_40_GML.zip
福岡,世界測地系,1990年（平成2年）,0.52MB,A24-901001_40_GML.zip
福岡,世界測地系,1995年（平成7年）,0.52MB,A24-951001_40_GML.zip
福岡,世界測地系,2000年（平成12年）,0.52MB,A24-001001_40_GML.zip
福岡,世界測地系,2005年（平成17年）,0.52MB,A24-051001_40_GML.zip
福岡,世界測地系,2007年（平成19年）,0.52MB,A24-070402_40_GML.zip
福岡,世界測地系,2016年（平成28年）,0.55MB,A24-16_40_GML.zip
佐賀,世界測地系,1970年（昭和45年）,0.14MB,A24-701001_41_GML.zip
佐賀,世界測地系,1975年（昭和50年）,0.23MB,A24-751001_41_GML.zip
佐賀,世界測地系,1980年（昭和55年）,0.23MB,A24-801001_41_GML.zip
佐賀,世界測地系,1985年（昭和60年）,0.23MB,A24-851001_41_GML.zip
佐賀,世界測地系,1990年（平成2年）,0.23MB,A24-901001_41_GML.zip
佐賀,世界測地系,1995年（平成7年）,0.23MB,A24-951001_41_GML.zip
佐賀,世界測地系,2000年（平成12年）,0.23MB,A24-001001_41_GML.zip
佐賀,世界測地系,2005年（平成17年）,0.23MB,A24-051001_41_GML.zip
佐賀,世界測地系,2007年（平成19年）,0.23MB,A24-070402_41_GML.zip
佐賀,世界測地系,2016年（平成28年）,0.24MB,A24-16_41_GML.zip
熊本,世界測地系,1966年（昭和41年）,0.07MB,A24-660331_43_GML.zip
熊本,世界測地系,1970年（昭和45年）,0.83MB,A24-701001_43_GML.zip
熊本,世界測地系,1975年（昭和50年）,1.11MB,A24-751001_43_GML.zip
熊本,世界測地系,1980年（昭和55年）,1.24MB,A24-801001_43_GML.zip
熊本,世界測地系,1985年（昭和60年）,1.24MB,A24-851001_43_GML.zip
熊本,世界測地系,1990年（平成2年）,1.24MB,A24-901001_43_GML.zip
熊本,世界測地系,1995年（平成7年）,1.24MB,A24-951001_43_GML.zip
熊本,世界測地系,2000年（平成12年）,1.24MB,A24-001001_43_GML.zip
熊本,世界測地系,2005年（平成17年）,1.24MB,A24-051001_43_GML.zip
熊本,世界測地系,2007年（平成19年）,1.24MB,A24-070402_43_GML.zip
熊本,世界測地系,2016年（平成28年）,1.29MB,A24-16_43_GML.zip
大分,世界測地系,1966年（昭和41年）,0.07MB,A24-660331_44_GML.zip
大分,世界測地系,1970年（昭和45年）,0.64MB,A24-701001_44_GML.zip
大分,世界測地系,1975年（昭和50年）,1.21MB,A24-751001_44_GML.zip
大分,世界測地系,1980年（昭和55年）,1.21MB,A24-801001_44_GML.zip
大分,世界測地系,1985年（昭和60年）,1.21MB,A24-851001_44_GML.zip
大分,世界測地系,1990年（平成2年）,1.21MB,A24-901001_44_GML.zip
大分,世界測地系,1995年（平成7年）,1.21MB,A24-951001_44_GML.zip
大分,世界測地系,2000年（平成12年）,1.21MB,A24-001001_44_GML.zip
大分,世界測地系,2005年（平成17年）,1.21MB,A24-051001_44_GML.zip
大分,世界測地系,2007年（平成19年）,1.21MB,A24-070402_44_GML.zip
大分,世界測地系,2016年（平成28年）,1.19MB,A24-16_44_GML.zip
宮崎,世界測地系,1966年（昭和41年）,0.15MB,A24-660331_45_GML.zip
宮崎,世界測地系,1970年（昭和45年）,0.93MB,A24-701001_45_GML.zip
宮崎,世界測地系,1975年（昭和50年）,1.85MB,A24-751001_45_GML.zip
宮崎,世界測地系,1980年（昭和55年）,1.85MB,A24-801001_45_GML.zip
宮崎,世界測地系,1985年（昭和60年）,1.85MB,A24-851001_45_GML.zip
宮崎,世界測地系,1990年（平成2年）,1.85MB,A24-901001_45_GML.zip
宮崎,世界測地系,1995年（平成7年）,1.85MB,A24-951001_45_GML.zip
宮崎,世界測地系,2000年（平成12年）,1.85MB,A24-001001_45_GML.zip
宮崎,世界測地系,2005年（平成17年）,1.85MB,A24-051001_45_GML.zip
宮崎,世界測地系,2007年（平成19年）,1.85MB,A24-070402_45_GML.zip
宮崎,世界測地系,2016年（平成28年）,2.14MB,A24-16_45_GML.zip
鹿児島,世界測地系,1970年（昭和45年）,0.44MB,A24-701001_46_GML.zip
鹿児島,世界測地系,1975年（昭和50年）,0.83MB,A24-751001_46_GML.zip
鹿児島,世界測地系,1980年（昭和55年）,0.83MB,A24-801001_46_GML.zip
鹿児島,世界測地系,1985年（昭和60年）,0.83MB,A24-851001_46_GML.zip
鹿児島,世界測地系,1990年（平成2年）,0.83MB,A24-901001_46_GML.zip
鹿児島,世界測地系,1995年（平成7年）,0.83MB,A24-951001_46_GML.zip
鹿児島,世界測地系,2000年（平成12年）,0.83MB,A24-001001_46_GML.zip
鹿児島,世界測地系,2005年（平成17年）,0.83MB,A24-051001_46_GML.zip
鹿児島,世界測地系,2007年（平成19年）,0.83MB,A24-070402_46_GML.zip
鹿児島,世界測地系,2016年（平成28年）,1.03MB,A24-16_46_GML.zip