[{"filename": "A25-930928_01_GML.zip", "url": "https://nlftp.mlit.go.jp/ksj/gml/data/A25/A25-93/A25-930928_01_GML.zip"}, {"filename": "A25-951001_01_GML.zip", "url": "https://nlftp.mlit.go.jp/ksj/gml/data/A25/A25-95/A25-951001_01_GML.zip"}, {"filename": "A25-001001_01_GML.zip", "url": "https://nlftp.mlit.go.jp/ksj/gml/data/A25/A25-00/A25-001001_01_GML.zip"}, {"filename": "A25-051001_01_GML.zip", "url": "https://nlftp.mlit.go.jp/ksj/gml/data/A25/A25-05/A25-051001_01_GML.zip"}, {"filename": "A25-070402_01_GML.zip", "url": "https://nlftp.mlit.go.jp/ksj/gml/data/A25/A25-07/A25-070402_01_GML.zip"}, {"filename": "A25-16_01_GML.zip", "url": "https://nlftp.mlit.go.jp/ksj/gml/data/A25/A25-16/A25-16_01_GML.zip"}, {"filename": "A25-930928_02_GML.zip", "url": "https://nlftp.mlit.go.jp/ksj/gml/data/A25/A25-93/A25-930928_02_GML.zip"}, {"filename": "A25-951001_02_GML.zip", "url": "https://nlftp.mlit.go.jp/ksj/gml/data/A25/A25-95/A25-951001_02_GML.zip"}, {"filename": "A25-001001_02_GML.zip", "url": "https://nlftp.mlit.go.jp/ksj/gml/data/A25/A25-00/A25-001001_02_GML.zip"}, {"filename": "A25-051001_02_GML.zip", "url": "https://nlftp.mlit.go.jp/ksj/gml/data/A25/A25-05/A25-051001_02_GML.zip"}, {"filename": "A25-070402_02_GML.zip", "url": "https://nlftp.mlit.go.jp/ksj/gml/data/A25/A25-07/A25-070402_02_GML.zip"}, {"filename": "A25-16_02_GML.zip", "url": "https://nlftp.mlit.go.jp/ksj/gml/data/A25/A25-16/A25-16_02_GML.zip"}, {"filename": "A25-930928_03_GML.zip", "url": "https://nlftp.mlit.go.jp/ksj/gml/data/A25/A25-93/A25-930928_03_GML.zip"}, {"filename": "A25-951001_03_GML.zip", "url": "https://nlftp.mlit.go.jp/ksj/gml/data/A25/A25-95/A25-951001_03_GML.zip"}, {"filename": "A25-001001_03_GML.zip", "url": "https://nlftp.mlit.go.jp/ksj/gml/data/A25/A25-00/A25-001001_03_GML.zip"}, {"filename": "A25-051001_03_GML.zip", "url": "https://nlftp.mlit.go.jp/ksj/gml/data/A25/A25-05/A25-051001_03_GML.zip"}, {"filename": "A25-070402_03_GML.zip", "url": "https://nlftp.mlit.go.jp/ksj/gml/data/A25/A25-07/A25-070402_03_GML.zip"}, {"filename": "A25-16_03_GML.zip", "url": "https://nlftp.mlit.go.jp/ksj/gml/data/A25/A25-16/A25-16_03_GML.zip"}, {"filename": "A25-930928_04_GML.zip", "url": "https://nlftp.mlit.go.jp/ksj/gml/data/A25/A25-93/A25-930928_04_GML.zip"}, {"filename": "A25-951001_04_GML.zip", "url": "https://nlftp.mlit.go.jp/ksj/gml/data/A25/A25-95/A25-951001_04_GML.zip"}, {"filename": "A25-001001_04_GML.zip", "url": "https://nlftp.mlit.go.jp/ksj/gml/data/A25/A25-00/A25-001001_04_GML.zip"}, {"filename": "A25-051001_04_GML.zip", "url": "https://nlftp.mlit.go.jp/ksj/gml/data/A25/A25-05/A25-051001_04_GML.zip"}, {"filename": "A25-070402_04_GML.zip", "url": "https://nlftp.mlit.go.jp/ksj/gml/data/A25/A25-07/A25-070402_04_GML.zip"}, {"filename": "A25-16_04_GML.zip", "url": "https://nlftp.mlit.go.jp/ksj/gml/data/A25/A25-16/A25-16_04_GML.zip"}, {"filename": "A25-930928_05_GML.zip", "url": "https://nlftp.mlit.go.jp/ksj/gml/data/A25/A25-93/A25-930928_05_GML.zip"}, {"filename": "A25-951001_05_GML.zip", "url": "https://nlftp.mlit.go.jp/ksj/gml/data/A25/A25-95/A25-951001_05_GML.zip"}, {"filename": "A25-001001_05_GML.zip", "url": "https://nlftp.mlit.go.jp/ksj/gml/data/A25/A25-00/A25-001001_05_GML.zip"}, {"filename": "A25-051001_05_GML.zip", "url": "https://nlftp.mlit.go.jp/ksj/gml/data/A25/A25-05/A25-051001_05_GML.zip"}, {"filename": "A25-070402_05_GML.zip", "url": "https://nlftp.mlit.go.jp/ksj/gml/data/A25/A25-07/A25-070402_05_GML.zip"}, {"filename": "A25-16_05_GML.zip", "url": "https://nlftp.mlit.go.jp/ksj/gml/data/A25/A25-16/A25-16_05_GML.zip"}, {"filename": "A25-930928_06_GML.zip", "url": "https://nlftp.mlit.go.jp/ksj/gml/data/A25/A25-93/A25-930928_06_GML.zip"}, {"filename": "A25-951001_06_GML.zip", "url": "https://nlftp.mlit.go.jp/ksj/gml/data/A25/A25-95/A25-951001_06_GML.zip"}, {"filename": "A25-001001_06_GML.zip", "url": "https://nlftp.mlit.go.jp/ksj/gml/data/A25/A25-00/A25-001001_06_GML.zip"}, {"filename": "A25-051001_06_GML.zip", "url": "https://nlftp.mlit.go.jp/ksj/gml/data/A25/A25-05/A25-051001_06_GML.zip"}, {"filename": "A25-070402_06_GML.zip", "url": "https://nlftp.mlit.go.jp/ksj/gml/data/A25/A25-07/A25-070402_06_GML.zip"}, {"filename": "A25-16_06_GML.zip", "url": "https://nlftp.mlit.go.jp/ksj/gml/data/A25/A25-16/A25-16_06_GML.zip"}, {"filename": "A25-930928_07_GML.zip", "url": "https://nlftp.mlit.go.jp/ksj/gml/data/A25/A25-93/A25-930928_07_GML.zip"}, {"filename": "A25-951001_07_GML.zip", "url": "https://nlftp.mlit.go.jp/ksj/gml/data/A25/A25-95/A25-951001_07_GML.zip"}, {"filename": "A25-001001_07_GML.zip", "url": "https://nlftp.mlit.go.jp/ksj/gml/data/A25/A25-00/A25-001001_07_GML.zip"}, {"filename": "A25-051001_07_GML.zip", "url": "https://nlftp.mlit.go.jp/ksj/gml/data/A25/A25-05/A25-051001_07_GML.zip"}, {"filename": "A25-070402_07_GML.zip", "url": "https://nlftp.mlit.go.jp/ksj/gml/data/A25/A25-07/A25-070402_07_GML.zip"}, {"filename": "A25-16_07_GML.zip", "url": "https://nlftp.mlit.go.jp/ksj/gml/data/A25/A25-16/A25-16_07_GML.zip"}, {"filename": "A25-930928_08_GML.zip", "url": "https://nlftp.mlit.go.jp/ksj/gml/data/A25/A25-93/A25-930928_08_GML.zip"}, {"filename": "A25-951001_08_GML.zip", "url": "https://nlftp.mlit.go.jp/ksj/gml/data/A25/A25-95/A25-951001_08_GML.zip"}, {"filename": "A25-001001_08_GML.zip", "url": "https://nlftp.mlit.go.jp/ksj/gml/data/A25/A25-00/A25-001001_08_GML.zip"}, {"filename": "A25-051001_08_GML.zip", "url": "https://nlftp.mlit.go.jp/ksj/gml/data/A25/A25-05/A25-051001_08_GML.zip"}, {"filename": "A25-070402_08_GML.zip", "url": "https://nlftp.mlit.go.jp/ksj/gml/data/A25/A25-07/A25-070402_08_GML.zip"}, {"filename": "A25-16_08_GML.zip", "url": "https://nlftp.mlit.go.jp/ksj/gml/data/A25/A25-16/A25-16_08_GML.zip"}, {"filename": "A25-930928_09_GML.zip", "url": "https://nlftp.mlit.go.jp/ksj/gml/data/A25/A25-93/A25-930928_09_GML.zip"}, {"filename": "A25-951001_09_GML.zip", "url": "https://nlftp.mlit.go.jp/ksj/gml/data/A25/A25-95/A25-951001_09_GML.zip"}, {"filename": "A25-001001_09_GML.zip", "url": "https://nlftp.mlit.go.jp/ksj/gml/data/A25/A25-00/A25-001001_09_GML.zip"}, {"filename": "A25-051001_09_GML.zip", "url": "https://nlftp.mlit.go.jp/ksj/gml/data/A25/A25-05/A25-051001_09_GML.zip"}, {"filename": "A25-070402_09_GML.zip", "url": "https://nlftp.mlit.go.jp/ksj/gml/data/A25/A25-07/A25-070402_09_GML.zip"}, {"filename": "A25-16_09_GML.zip", "url": "https://nlftp.mlit.go.jp/ksj/gml/data/A25/A25-16/A25-16_09_GML.zip"}, {"filename": "A25-930928_10_GML.zip", "url": "https://nlftp.mlit.go.jp/ksj/gml/data/A25/A25-93/A25-930928_10_GML.zip"}, {"filename": "A25-951001_10_GML.zip", "url": "https://nlftp.mlit.go.jp/ksj/gml/data/A25/A25-95/A25-951001_10_GML.zip"}, {"filename": "A25-001001_10_GML.zip", "url": "https://nlftp.mlit.go.jp/ksj/gml/data/A25/A25-00/A25-001001_10_GML.zip"}, {"filename": "A25-051001_10_GML.zip", "url": "https://nlftp.mlit.go.jp/ksj/gml/data/A25/A25-05/A25-051001_10_GML.zip"}, {"filename": "A25-070402_10_GML.zip", "url": "https://nlftp.mlit.go.jp/ksj/gml/data/A25/A25-07/A25-070402_10_GML.zip"}, {"filename": "A25-16_10_GML.zip", "url": "https://nlftp.mlit.go.jp/ksj/gml/data/A25/A25-16/A25-16_10_GML.zip"}, {"filename": "A25-930928_11_GML.zip", "url": "https://nlftp.mlit.go.jp/ksj/gml/data/A25/A25-93/A25-930928_11_GML.zip"}, {"filename": "A25-951001_11_GML.zip", "url": "https://nlftp.mlit.go.jp/ksj/gml/data/A25/A25-95/A25-951001_11_GML.zip"}, {"filename": "A25-001001_11_GML.zip", "url": "https://nlftp.mlit.go.jp/ksj/gml/data/A25/A25-00/A25-001001_11_GML.zip"}, {"filename": "A25-051001_11_GML.zip", "url": "https://nlftp.mlit.go.jp/ksj/gml/data/A25/A25-05/A25-051001_11_GML.zip"}, {"filename": "A25-070402_11_GML.zip", "url": "https://nlftp.mlit.go.jp/ksj/gml/data/A25/A25-07/A25-070402_11_GML.zip"}, {"filename": "A25-16_11_GML.zip", "url": "https://nlftp.mlit.go.jp/ksj/gml/data/A25/A25-16/A25-16_11_GML.zip"}, {"filename": "A25-930928_12_GML.zip", "url": "https://nlftp.mlit.go.jp/ksj/gml/data/A25/A25-93/A25-930928_12_GML.zip"}, {"filename": "A25-951001_12_GML.zip", "url": "https://nlftp.mlit.go.jp/ksj/gml/data/A25/A25-95/A25-951001_12_GML.zip"}, {"filename": "A25-001001_12_GML.zip", "url": "https://nlftp.mlit.go.jp/ksj/gml/data/A25/A25-00/A25-001001_12_GML.zip"}, {"filename": "A25-051001_12_GML.zip", "url": "https://nlftp.mlit.go.jp/ksj/gml/data/A25/A25-05/A25-051001_12_GML.zip"}, {"filename": "A25-070402_12_GML.zip", "url": "https://nlftp.mlit.go.jp/ksj/gml/data/A25/A25-07/A25-070402_12_GML.zip"}, {"filename": "A25-16_12_GML.zip", "url": "https://nlftp.mlit.go.jp/ksj/gml/data/A25/A25-16/A25-16_12_GML.zip"}, {"filename": "A25-930928_13_GML.zip", "url": "https://nlftp.mlit.go.jp/ksj/gml/data/A25/A25-93/A25-930928_13_GML.zip"}, {"filename": "A25-951001_13_GML.zip", "url": "https://nlftp.mlit.go.jp/ksj/gml/data/A25/A25-95/A25-951001_13_GML.zip"}, {"filename": "A25-001001_13_GML.zip", "url": "https://nlftp.mlit.go.jp/ksj/gml/data/A25/A25-00/A25-001001_13_GML.zip"}, {"filename": "A25-051001_13_GML.zip", "url": "https://nlftp.mlit.go.jp/ksj/gml/data/A25/A25-05/A25-051001_13_GML.zip"}, {"filename": "A25-070402_13_GML.zip", "url": "https://nlftp.mlit.go.jp/ksj/gml/data/A25/A25-07/A25-070402_13_GML.zip"}, {"filename": "A25-16_13_GML.zip", "url": "https://nlftp.mlit.go.jp/ksj/gml/data/A25/A25-16/A25-16_13_GML.zip"}, {"filename": "A25-930928_14_GML.zip", "url": "https://nlftp.mlit.go.jp/ksj/gml/data/A25/A25-93/A25-930928_14_GML.zip"}, {"filename": "A25-951001_14_GML.zip", "url": "https://nlftp.mlit.go.jp/ksj/gml/data/A25/A25-95/A25-951001_14_GML.zip"}, {"filename": "A25-001001_14_GML.zip", "url": "https://nlftp.mlit.go.jp/ksj/gml/data/A25/A25-00/A25-001001_14_GML.zip"}, {"filename": "A25-051001_14_GML.zip", "url": "https://nlftp.mlit.go.jp/ksj/gml/data/A25/A25-05/A25-051001_14_GML.zip"}, {"filename": "A25-070402_14_GML.zip", "url": "https://nlftp.mlit.go.jp/ksj/gml/data/A25/A25-07/A25-070402_14_GML.zip"}, {"filename": "A25-16_14_GML.zip", "url": "https://nlftp.mlit.go.jp/ksj/gml/data/A25/A25-16/A25-16_14_GML.zip"}, {"filename": "A25-930928_15_GML.zip", "url": "https://nlftp.mlit.go.jp/ksj/gml/data/A25/A25-93/A25-930928_15_GML.zip"}, {"filename": "A25-951001_15_GML.zip", "url": "https://nlftp.mlit.go.jp/ksj/gml/data/A25/A25-95/A25-951001_15_GML.zip"}, {"filename": "A25-001001_15_GML.zip", "url": "https://nlftp.mlit.go.jp/ksj/gml/data/A25/A25-00/A25-001001_15_GML.zip"}, {"filename": "A25-051001_15_GML.zip", "url": "https://nlftp.mlit.go.jp/ksj/gml/data/A25/A25-05/A25-051001_15_GML.zip"}, {"filename": "A25-070402_15_GML.zip", "url": "https://nlftp.mlit.go.jp/ksj/gml/data/A25/A25-07/A25-070402_15_GML.zip"}, {"filename": "A25-16_15_GML.zip", "url": "https://nlftp.mlit.go.jp/ksj/gml/data/A25/A25-16/A25-16_15_GML.zip"}, {"filename": "A25-930928_16_GML.zip", "url": "https://nlftp.mlit.go.jp/ksj/gml/data/A25/A25-93/A25-930928_16_GML.zip"}, {"filename": "A25-951001_16_GML.zip", "url": "https://nlftp.mlit.go.jp/ksj/gml/data/A25/A25-95/A25-951001_16_GML.zip"}, {"filename": "A25-001001_16_GML.zip", "url": "https://nlftp.mlit.go.jp/ksj/gml/data/A25/A25-00/A25-001001_16_GML.zip"}, {"filename": "A25-051001_16_GML.zip", "url": "https://nlftp.mlit.go.jp/ksj/gml/data/A25/A25-05/A25-051001_16_GML.zip"}, {"filename": "A25-070402_16_GML.zip", "url": "https://nlftp.mlit.go.jp/ksj/gml/data/A25/A25-07/A25-070402_16_GML.zip"}, {"filename": "A25-16_16_GML.zip", "url": "https://nlftp.mlit.go.jp/ksj/gml/data/A25/A25-16/A25-16_16_GML.zip"}, {"filename": "A25-930928_17_GML.zip", "url": "https://nlftp.mlit.go.jp/ksj/gml/data/A25/A25-93/A25-930928_17_GML.zip"}, {"filename": "A25-951001_17_GML.zip", "url": "https://nlftp.mlit.go.jp/ksj/gml/data/A25/A25-95/A25-951001_17_GML.zip"}, {"filename": "A25-001001_17_GML.zip", "url": "https://nlftp.mlit.go.jp/ksj/gml/data/A25/A25-00/A25-001001_17_GML.zip"}, {"filename": "A25-051001_17_GML.zip", "url": "https://nlftp.mlit.go.jp/ksj/gml/data/A25/A25-05/A25-051001_17_GML.zip"}, {"filename": "A25-070402_17_GML.zip", "url": "https://nlftp.mlit.go.jp/ksj/gml/data/A25/A25-07/A25-070402_17_GML.zip"}, {"filename": "A25-16_17_GML.zip", "url": "https://nlftp.mlit.go.jp/ksj/gml/data/A25/A25-16/A25-16_17_GML.zip"}, {"filename": "A25-930928_18_GML.zip", "url": "https://nlftp.mlit.go.jp/ksj/gml/data/A25/A25-93/A25-930928_18_GML.zip"}, {"filename": "A25-951001_18_GML.zip", "url": "https://nlftp.mlit.go.jp/ksj/gml/data/A25/A25-95/A25-951001_18_GML.zip"}, {"filename": "A25-001001_18_GML.zip", "url": "https://nlftp.mlit.go.jp/ksj/gml/data/A25/A25-00/A25-001001_18_GML.zip"}, {"filename": "A25-051001_18_GML.zip", "url": "https://nlftp.mlit.go.jp/ksj/gml/data/A25/A25-05/A25-051001_18_GML.zip"}, {"filename": "A25-070402_18_GML.zip", "url": "https://nlftp.mlit.go.jp/ksj/gml/data/A25/A25-07/A25-070402_18_GML.zip"}, {"filename": "A25-16_18_GML.zip", "url": "https://nlftp.mlit.go.jp/ksj/gml/data/A25/A25-16/A25-16_18_GML.zip"}, {"filename": "A25-930928_19_GML.zip", "url": "https://nlftp.mlit.go.jp/ksj/gml/data/A25/A25-93/A25-930928_19_GML.zip"}, {"filename": "A25-951001_19_GML.zip", "url": "https://nlftp.mlit.go.jp/ksj/gml/data/A25/A25-95/A25-951001_19_GML.zip"}, {"filename": "A25-001001_19_GML.zip", "url": "https://nlftp.mlit.go.jp/ksj/gml/data/A25/A25-00/A25-001001_19_GML.zip"}, {"filename": "A25-051001_19_GML.zip", "url": "https://nlftp.mlit.go.jp/ksj/gml/data/A25/A25-05/A25-051001_19_GML.zip"}, {"filename": "A25-070402_19_GML.zip", "url": "https://nlftp.mlit.go.jp/ksj/gml/data/A25/A25-07/A25-070402_19_GML.zip"}, {"filename": "A25-16_19_GML.zip", "url": "https://nlftp.mlit.go.jp/ksj/gml/data/A25/A25-16/A25-16_19_GML.zip"}, {"filename": "A25-930928_20_GML.zip", "url": "https://nlftp.mlit.go.jp/ksj/gml/data/A25/A25-93/A25-930928_20_GML.zip"}, {"filename": "A25-951001_20_GML.zip", "url": "https://nlftp.mlit.go.jp/ksj/gml/data/A25/A25-95/A25-951001_20_GML.zip"}, {"filename": "A25-001001_20_GML.zip", "url": "https://nlftp.mlit.go.jp/ksj/gml/data/A25/A25-00/A25-001001_20_GML.zip"}, {"filename": "A25-051001_20_GML.zip", "url": "https://nlftp.mlit.go.jp/ksj/gml/data/A25/A25-05/A25-051001_20_GML.zip"}, {"filename": "A25-070402_20_GML.zip", "url": "https://nlftp.mlit.go.jp/ksj/gml/data/A25/A25-07/A25-070402_20_GML.zip"}, {"filename": "A25-16_20_GML.zip", "url": "https://nlftp.mlit.go.jp/ksj/gml/data/A25/A25-16/A25-16_20_GML.zip"}, {"filename": "A25-930928_21_GML.zip", "url": "https://nlftp.mlit.go.jp/ksj/gml/data/A25/A25-93/A25-930928_21_GML.zip"}, {"filename": "A25-951001_21_GML.zip", "url": "https://nlftp.mlit.go.jp/ksj/gml/data/A25/A25-95/A25-951001_21_GML.zip"}, {"filename": "A25-001001_21_GML.zip", "url": "https://nlftp.mlit.go.jp/ksj/gml/data/A25/A25-00/A25-001001_21_GML.zip"}, {"filename": "A25-051001_21_GML.zip", "url": "https://nlftp.mlit.go.jp/ksj/gml/data/A25/A25-05/A25-051001_21_GML.zip"}, {"filename": "A25-070402_21_GML.zip", "url": "https://nlftp.mlit.go.jp/ksj/gml/data/A25/A25-07/A25-070402_21_GML.zip"}, {"filename": "A25-16_21_GML.zip", "url": "https://nlftp.mlit.go.jp/ksj/gml/data/A25/A25-16/A25-16_21_GML.zip"}, {"filename": "A25-930928_22_GML.zip", "url": "https://nlftp.mlit.go.jp/ksj/gml/data/A25/A25-93/A25-930928_22_GML.zip"}, {"filename": "A25-951001_22_GML.zip", "url": "https://nlftp.mlit.go.jp/ksj/gml/data/A25/A25-95/A25-951001_22_GML.zip"}, {"filename": "A25-001001_22_GML.zip", "url": "https://nlftp.mlit.go.jp/ksj/gml/data/A25/A25-00/A25-001001_22_GML.zip"}, {"filename": "A25-051001_22_GML.zip", "url": "https://nlftp.mlit.go.jp/ksj/gml/data/A25/A25-05/A25-051001_22_GML.zip"}, {"filename": "A25-070402_22_GML.zip", "url": "https://nlftp.mlit.go.jp/ksj/gml/data/A25/A25-07/A25-070402_22_GML.zip"}, {"filename": "A25-16_22_GML.zip", "url": "https://nlftp.mlit.go.jp/ksj/gml/data/A25/A25-16/A25-16_22_GML.zip"}, {"filename": "A25-930928_23_GML.zip", "url": "https://nlftp.mlit.go.jp/ksj/gml/data/A25/A25-93/A25-930928_23_GML.zip"}, {"filename": "A25-951001_23_GML.zip", "url": "https://nlftp.mlit.go.jp/ksj/gml/data/A25/A25-95/A25-951001_23_GML.zip"}, {"filename": "A25-001001_23_GML.zip", "url": "https://nlftp.mlit.go.jp/ksj/gml/data/A25/A25-00/A25-001001_23_GML.zip"}, {"filename": "A25-051001_23_GML.zip", "url": "https://nlftp.mlit.go.jp/ksj/gml/data/A25/A25-05/A25-051001_23_GML.zip"}, {"filename": "A25-070402_23_GML.zip", "url": "https://nlftp.mlit.go.jp/ksj/gml/data/A25/A25-07/A25-070402_23_GML.zip"}, {"filename": "A25-16_23_GML.zip", "url": "https://nlftp.mlit.go.jp/ksj/gml/data/A25/A25-16/A25-16_23_GML.zip"}, {"filename": "A25-930928_24_GML.zip", "url": "https://nlftp.mlit.go.jp/ksj/gml/data/A25/A25-93/A25-930928_24_GML.zip"}, {"filename": "A25-951001_24_GML.zip", "url": "https://nlftp.mlit.go.jp/ksj/gml/data/A25/A25-95/A25-951001_24_GML.zip"}, {"filename": "A25-001001_24_GML.zip", "url": "https://nlftp.mlit.go.jp/ksj/gml/data/A25/A25-00/A25-001001_24_GML.zip"}, {"filename": "A25-051001_24_GML.zip", "url": "https://nlftp.mlit.go.jp/ksj/gml/data/A25/A25-05/A25-051001_24_GML.zip"}, {"filename": "A25-070402_24_GML.zip", "url": "https://nlftp.mlit.go.jp/ksj/gml/data/A25/A25-07/A25-070402_24_GML.zip"}, {"filename": "A25-16_24_GML.zip", "url": "https://nlftp.mlit.go.jp/ksj/gml/data/A25/A25-16/A25-16_24_GML.zip"}, {"filename": "A25-930928_25_GML.zip", "url": "https://nlftp.mlit.go.jp/ksj/gml/data/A25/A25-93/A25-930928_25_GML.zip"}, {"filename": "A25-951001_25_GML.zip", "url": "https://nlftp.mlit.go.jp/ksj/gml/data/A25/A25-95/A25-951001_25_GML.zip"}, {"filename": "A25-001001_25_GML.zip", "url": "https://nlftp.mlit.go.jp/ksj/gml/data/A25/A25-00/A25-001001_25_GML.zip"}, {"filename": "A25-051001_25_GML.zip", "url": "https://nlftp.mlit.go.jp/ksj/gml/data/A25/A25-05/A25-051001_25_GML.zip"}, {"filename": "A25-070402_25_GML.zip", "url": "https://nlftp.mlit.go.jp/ksj/gml/data/A25/A25-07/A25-070402_25_GML.zip"}, {"filename": "A25-16_25_GML.zip", "url": "https://nlftp.mlit.go.jp/ksj/gml/data/A25/A25-16/A25-16_25_GML.zip"}, {"filename": "A25-930928_26_GML.zip", "url": "https://nlftp.mlit.go.jp/ksj/gml/data/A25/A25-93/A25-930928_26_GML.zip"}, {"filename": "A25-951001_26_GML.zip", "url": "https://nlftp.mlit.go.jp/ksj/gml/data/A25/A25-95/A25-951001_26_GML.zip"}, {"filename": "A25-001001_26_GML.zip", "url": "https://nlftp.mlit.go.jp/ksj/gml/data/A25/A25-00/A25-001001_26_GML.zip"}, {"filename": "A25-051001_26_GML.zip", "url": "https://nlftp.mlit.go.jp/ksj/gml/data/A25/A25-05/A25-051001_26_GML.zip"}, {"filename": "A25-070402_26_GML.zip", "url": "https://nlftp.mlit.go.jp/ksj/gml/data/A25/A25-07/A25-070402_26_GML.zip"}, {"filename": "A25-16_26_GML.zip", "url": "https://nlftp.mlit.go.jp/ksj/gml/data/A25/A25-16/A25-16_26_GML.zip"}, {"filename": "A25-930928_27_GML.zip", "url": "https://nlftp.mlit.go.jp/ksj/gml/data/A25/A25-93/A25-930928_27_GML.zip"}, {"filename": "A25-951001_27_GML.zip", "url": "https://nlftp.mlit.go.jp/ksj/gml/data/A25/A25-95/A25-951001_27_GML.zip"}, {"filename": "A25-001001_27_GML.zip", "url": "https://nlftp.mlit.go.jp/ksj/gml/data/A25/A25-00/A25-001001_27_GML.zip"}, {"filename": "A25-051001_27_GML.zip", "url": "https://nlftp.mlit.go.jp/ksj/gml/data/A25/A25-05/A25-051001_27_GML.zip"}, {"filename": "A25-070402_27_GML.zip", "url": "https://nlftp.mlit.go.jp/ksj/gml/data/A25/A25-07/A25-070402_27_GML.zip"}, {"filename": "A25-16_27_GML.zip", "url": "https://nlftp.mlit.go.jp/ksj/gml/data/A25/A25-16/A25-16_27_GML.zip"}, {"filename": "A25-930928_28_GML.zip", "url": "https://nlftp.mlit.go.jp/ksj/gml/data/A25/A25-93/A25-930928_28_GML.zip"}, {"filename": "A25-951001_28_GML.zip", "url": "https://nlftp.mlit.go.jp/ksj/gml/data/A25/A25-95/A25-951001_28_GML.zip"}, {"filename": "A25-001001_28_GML.zip", "url": "https://nlftp.mlit.go.jp/ksj/gml/data/A25/A25-00/A25-001001_28_GML.zip"}, {"filename": "A25-051001_28_GML.zip", "url": "https://nlftp.mlit.go.jp/ksj/gml/data/A25/A25-05/A25-051001_28_GML.zip"}, {"filename": "A25-070402_28_GML.zip", "url": "https://nlftp.mlit.go.jp/ksj/gml/data/A25/A25-07/A25-070402_28_GML.zip"}, {"filename": "A25-16_28_GML.zip", "url": "https://nlftp.mlit.go.jp/ksj/gml/data/A25/A25-16/A25-16_28_GML.zip"}, {"filename": "A25-930928_29_GML.zip", "url": "https://nlftp.mlit.go.jp/ksj/gml/data/A25/A25-93/A25-930928_29_GML.zip"}, {"filename": "A25-951001_29_GML.zip", "url": "https://nlftp.mlit.go.jp/ksj/gml/data/A25/A25-95/A25-951001_29_GML.zip"}, {"filename": "A25-001001_29_GML.zip", "url": "https://nlftp.mlit.go.jp/ksj/gml/data/A25/A25-00/A25-001001_29_GML.zip"}, {"filename": "A25-051001_29_GML.zip", "url": "https://nlftp.mlit.go.jp/ksj/gml/data/A25/A25-05/A25-051001_29_GML.zip"}, {"filename": "A25-070402_29_GML.zip", "url": "https://nlftp.mlit.go.jp/ksj/gml/data/A25/A25-07/A25-070402_29_GML.zip"}, {"filename": "A25-16_29_GML.zip", "url": "https://nlftp.mlit.go.jp/ksj/gml/data/A25/A25-16/A25-16_29_GML.zip"}, {"filename": "A25-930928_30_GML.zip", "url": "https://nlftp.mlit.go.jp/ksj/gml/data/A25/A25-93/A25-930928_30_GML.zip"}, {"filename": "A25-951001_30_GML.zip", "url": "https://nlftp.mlit.go.jp/ksj/gml/data/A25/A25-95/A25-951001_30_GML.zip"}, {"filename": "A25-001001_30_GML.zip", "url": "https://nlftp.mlit.go.jp/ksj/gml/data/A25/A25-00/A25-001001_30_GML.zip"}, {"filename": "A25-051001_30_GML.zip", "url": "https://nlftp.mlit.go.jp/ksj/gml/data/A25/A25-05/A25-051001_30_GML.zip"}, {"filename": "A25-070402_30_GML.zip", "url": "https://nlftp.mlit.go.jp/ksj/gml/data/A25/A25-07/A25-070402_30_GML.zip"}, {"filename": "A25-16_30_GML.zip", "url": "https://nlftp.mlit.go.jp/ksj/gml/data/A25/A25-16/A25-16_30_GML.zip"}, {"filename": "A25-930928_31_GML.zip", "url": "https://nlftp.mlit.go.jp/ksj/gml/data/A25/A25-93/A25-930928_31_GML.zip"}, {"filename": "A25-951001_31_GML.zip", "url": "https://nlftp.mlit.go.jp/ksj/gml/data/A25/A25-95/A25-951001_31_GML.zip"}, {"filename": "A25-001001_31_GML.zip", "url": "https://nlftp.mlit.go.jp/ksj/gml/data/A25/A25-00/A25-001001_31_GML.zip"}, {"filename": "A25-051001_31_GML.zip", "url": "https://nlftp.mlit.go.jp/ksj/gml/data/A25/A25-05/A25-051001_31_GML.zip"}, {"filename": "A25-070402_31_GML.zip", "url": "https://nlftp.mlit.go.jp/ksj/gml/data/A25/A25-07/A25-070402_31_GML.zip"}, {"filename": "A25-16_31_GML.zip", "url": "https://nlftp.mlit.go.jp/ksj/gml/data/A25/A25-16/A25-16_31_GML.zip"}, {"filename": "A25-930928_32_GML.zip", "url": "https://nlftp.mlit.go.jp/ksj/gml/data/A25/A25-93/A25-930928_32_GML.zip"}, {"filename": "A25-951001_32_GML.zip", "url": "https://nlftp.mlit.go.jp/ksj/gml/data/A25/A25-95/A25-951001_32_GML.zip"}, {"filename": "A25-001001_32_GML.zip", "url": "https://nlftp.mlit.go.jp/ksj/gml/data/A25/A25-00/A25-001001_32_GML.zip"}, {"filename": "A25-051001_32_GML.zip", "url": "https://nlftp.mlit.go.jp/ksj/gml/data/A25/A25-05/A25-051001_32_GML.zip"}, {"filename": "A25-070402_32_GML.zip", "url": "https://nlftp.mlit.go.jp/ksj/gml/data/A25/A25-07/A25-070402_32_GML.zip"}, {"filename": "A25-16_32_GML.zip", "url": "https://nlftp.mlit.go.jp/ksj/gml/data/A25/A25-16/A25-16_32_GML.zip"}, {"filename": "A25-930928_33_GML.zip", "url": "https://nlftp.mlit.go.jp/ksj/gml/data/A25/A25-93/A25-930928_33_GML.zip"}, {"filename": "A25-951001_33_GML.zip", "url": "https://nlftp.mlit.go.jp/ksj/gml/data/A25/A25-95/A25-951001_33_GML.zip"}, {"filename": "A25-001001_33_GML.zip", "url": "https://nlftp.mlit.go.jp/ksj/gml/data/A25/A25-00/A25-001001_33_GML.zip"}, {"filename": "A25-051001_33_GML.zip", "url": "https://nlftp.mlit.go.jp/ksj/gml/data/A25/A25-05/A25-051001_33_GML.zip"}, {"filename": "A25-070402_33_GML.zip", "url": "https://nlftp.mlit.go.jp/ksj/gml/data/A25/A25-07/A25-070402_33_GML.zip"}, {"filename": "A25-16_33_GML.zip", "url": "https://nlftp.mlit.go.jp/ksj/gml/data/A25/A25-16/A25-16_33_GML.zip"}, {"filename": "A25-930928_34_GML.zip", "url": "https://nlftp.mlit.go.jp/ksj/gml/data/A25/A25-93/A25-930928_34_GML.zip"}, {"filename": "A25-951001_34_GML.zip", "url": "https://nlftp.mlit.go.jp/ksj/gml/data/A25/A25-95/A25-951001_34_GML.zip"}, {"filename": "A25-001001_34_GML.zip", "url": "https://nlftp.mlit.go.jp/ksj/gml/data/A25/A25-00/A25-001001_34_GML.zip"}, {"filename": "A25-051001_34_GML.zip", "url": "https://nlftp.mlit.go.jp/ksj/gml/data/A25/A25-05/A25-051001_34_GML.zip"}, {"filename": "A25-070402_34_GML.zip", "url": "https://nlftp.mlit.go.jp/ksj/gml/data/A25/A25-07/A25-070402_34_GML.zip"}, {"filename": "A25-16_34_GML.zip", "url": "https://nlftp.mlit.go.jp/ksj/gml/data/A25/A25-16/A25-16_34_GML.zip"}, {"filename": "A25-930928_35_GML.zip", "url": "https://nlftp.mlit.go.jp/ksj/gml/data/A25/A25-93/A25-930928_35_GML.zip"}, {"filename": "A25-951001_35_GML.zip", "url": "https://nlftp.mlit.go.jp/ksj/gml/data/A25/A25-95/A25-951001_35_GML.zip"}, {"filename": "A25-001001_35_GML.zip", "url": "https://nlftp.mlit.go.jp/ksj/gml/data/A25/A25-00/A25-001001_35_GML.zip"}, {"filename": "A25-051001_35_GML.zip", "url": "https://nlftp.mlit.go.jp/ksj/gml/data/A25/A25-05/A25-051001_35_GML.zip"}, {"filename": "A25-070402_35_GML.zip", "url": "https://nlftp.mlit.go.jp/ksj/gml/data/A25/A25-07/A25-070402_35_GML.zip"}, {"filename": "A25-16_35_GML.zip", "url": "https://nlftp.mlit.go.jp/ksj/gml/data/A25/A25-16/A25-16_35_GML.zip"}, {"filename": "A25-930928_36_GML.zip", "url": "https://nlftp.mlit.go.jp/ksj/gml/data/A25/A25-93/A25-930928_36_GML.zip"}, {"filename": "A25-951001_36_GML.zip", "url": "https://nlftp.mlit.go.jp/ksj/gml/data/A25/A25-95/A25-951001_36_GML.zip"}, {"filename": "A25-001001_36_GML.zip", "url": "https://nlftp.mlit.go.jp/ksj/gml/data/A25/A25-00/A25-001001_36_GML.zip"}, {"filename": "A25-051001_36_GML.zip", "url": "https://nlftp.mlit.go.jp/ksj/gml/data/A25/A25-05/A25-051001_36_GML.zip"}, {"filename": "A25-070402_36_GML.zip", "url": "https://nlftp.mlit.go.jp/ksj/gml/data/A25/A25-07/A25-070402_36_GML.zip"}, {"filename": "A25-16_36_GML.zip", "url": "https://nlftp.mlit.go.jp/ksj/gml/data/A25/A25-16/A25-16_36_GML.zip"}, {"filename": "A25-930928_37_GML.zip", "url": "https://nlftp.mlit.go.jp/ksj/gml/data/A25/A25-93/A25-930928_37_GML.zip"}, {"filename": "A25-951001_37_GML.zip", "url": "https://nlftp.mlit.go.jp/ksj/gml/data/A25/A25-95/A25-951001_37_GML.zip"}, {"filename": "A25-001001_37_GML.zip", "url": "https://nlftp.mlit.go.jp/ksj/gml/data/A25/A25-00/A25-001001_37_GML.zip"}, {"filename": "A25-051001_37_GML.zip", "url": "https://nlftp.mlit.go.jp/ksj/gml/data/A25/A25-05/A25-051001_37_GML.zip"}, {"filename": "A25-070402_37_GML.zip", "url": "https://nlftp.mlit.go.jp/ksj/gml/data/A25/A25-07/A25-070402_37_GML.zip"}, {"filename": "A25-16_37_GML.zip", "url": "https://nlftp.mlit.go.jp/ksj/gml/data/A25/A25-16/A25-16_37_GML.zip"}, {"filename": "A25-930928_38_GML.zip", "url": "https://nlftp.mlit.go.jp/ksj/gml/data/A25/A25-93/A25-930928_38_GML.zip"}, {"filename": "A25-951001_38_GML.zip", "url": "https://nlftp.mlit.go.jp/ksj/gml/data/A25/A25-95/A25-951001_38_GML.zip"}, {"filename": "A25-001001_38_GML.zip", "url": "https://nlftp.mlit.go.jp/ksj/gml/data/A25/A25-00/A25-001001_38_GML.zip"}, {"filename": "A25-051001_38_GML.zip", "url": "https://nlftp.mlit.go.jp/ksj/gml/data/A25/A25-05/A25-051001_38_GML.zip"}, {"filename": "A25-070402_38_GML.zip", "url": "https://nlftp.mlit.go.jp/ksj/gml/data/A25/A25-07/A25-070402_38_GML.zip"}, {"filename": "A25-16_38_GML.zip", "url": "https://nlftp.mlit.go.jp/ksj/gml/data/A25/A25-16/A25-16_38_GML.zip"}, {"filename": "A25-930928_39_GML.zip", "url": "https://nlftp.mlit.go.jp/ksj/gml/data/A25/A25-93/A25-930928_39_GML.zip"}, {"filename": "A25-951001_39_GML.zip", "url": "https://nlftp.mlit.go.jp/ksj/gml/data/A25/A25-95/A25-951001_39_GML.zip"}, {"filename": "A25-001001_39_GML.zip", "url": "https://nlftp.mlit.go.jp/ksj/gml/data/A25/A25-00/A25-001001_39_GML.zip"}, {"filename": "A25-051001_39_GML.zip", "url": "https://nlftp.mlit.go.jp/ksj/gml/data/A25/A25-05/A25-051001_39_GML.zip"}, {"filename": "A25-070402_39_GML.zip", "url": "https://nlftp.mlit.go.jp/ksj/gml/data/A25/A25-07/A25-070402_39_GML.zip"}, {"filename": "A25-16_39_GML.zip", "url": "https://nlftp.mlit.go.jp/ksj/gml/data/A25/A25-16/A25-16_39_GML.zip"}, {"filename": "A25-930928_40_GML.zip", "url": "https://nlftp.mlit.go.jp/ksj/gml/data/A25/A25-93/A25-930928_40_GML.zip"}, {"filename": "A25-951001_40_GML.zip", "url": "https://nlftp.mlit.go.jp/ksj/gml/data/A25/A25-95/A25-951001_40_GML.zip"}, {"filename": "A25-001001_40_GML.zip", "url": "https://nlftp.mlit.go.jp/ksj/gml/data/A25/A25-00/A25-001001_40_GML.zip"}, {"filename": "A25-051001_40_GML.zip", "url": "https://nlftp.mlit.go.jp/ksj/gml/data/A25/A25-05/A25-051001_40_GML.zip"}, {"filename": "A25-070402_40_GML.zip", "url": "https://nlftp.mlit.go.jp/ksj/gml/data/A25/A25-07/A25-070402_40_GML.zip"}, {"filename": "A25-16_40_GML.zip", "url": "https://nlftp.mlit.go.jp/ksj/gml/data/A25/A25-16/A25-16_40_GML.zip"}, {"filename": "A25-930928_41_GML.zip", "url": "https://nlftp.mlit.go.jp/ksj/gml/data/A25/A25-93/A25-930928_41_GML.zip"}, {"filename": "A25-951001_41_GML.zip", "url": "https://nlftp.mlit.go.jp/ksj/gml/data/A25/A25-95/A25-951001_41_GML.zip"}, {"filename": "A25-001001_41_GML.zip", "url": "https://nlftp.mlit.go.jp/ksj/gml/data/A25/A25-00/A25-001001_41_GML.zip"}, {"filename": "A25-051001_41_GML.zip", "url": "https://nlftp.mlit.go.jp/ksj/gml/data/A25/A25-05/A25-051001_41_GML.zip"}, {"filename": "A25-070402_41_GML.zip", "url": "https://nlftp.mlit.go.jp/ksj/gml/data/A25/A25-07/A25-070402_41_GML.zip"}, {"filename": "A25-16_41_GML.zip", "url": "https://nlftp.mlit.go.jp/ksj/gml/data/A25/A25-16/A25-16_41_GML.zip"}, {"filename": "A25-930928_42_GML.zip", "url": "https://nlftp.mlit.go.jp/ksj/gml/data/A25/A25-93/A25-930928_42_GML.zip"}, {"filename": "A25-951001_42_GML.zip", "url": "https://nlftp.mlit.go.jp/ksj/gml/data/A25/A25-95/A25-951001_42_GML.zip"}, {"filename": "A25-001001_42_GML.zip", "url": "https://nlftp.mlit.go.jp/ksj/gml/data/A25/A25-00/A25-001001_42_GML.zip"}, {"filename": "A25-051001_42_GML.zip", "url": "https://nlftp.mlit.go.jp/ksj/gml/data/A25/A25-05/A25-051001_42_GML.zip"}, {"filename": "A25-070402_42_GML.zip", "url": "https://nlftp.mlit.go.jp/ksj/gml/data/A25/A25-07/A25-070402_42_GML.zip"}, {"filename": "A25-16_42_GML.zip", "url": "https://nlftp.mlit.go.jp/ksj/gml/data/A25/A25-16/A25-16_42_GML.zip"}, {"filename": "A25-930928_43_GML.zip", "url": "https://nlftp.mlit.go.jp/ksj/gml/data/A25/A25-93/A25-930928_43_GML.zip"}, {"filename": "A25-951001_43_GML.zip", "url": "https://nlftp.mlit.go.jp/ksj/gml/data/A25/A25-95/A25-951001_43_GML.zip"}, {"filename": "A25-001001_43_GML.zip", "url": "https://nlftp.mlit.go.jp/ksj/gml/data/A25/A25-00/A25-001001_43_GML.zip"}, {"filename": "A25-051001_43_GML.zip", "url": "https://nlftp.mlit.go.jp/ksj/gml/data/A25/A25-05/A25-051001_43_GML.zip"}, {"filename": "A25-070402_43_GML.zip", "url": "https://nlftp.mlit.go.jp/ksj/gml/data/A25/A25-07/A25-070402_43_GML.zip"}, {"filename": "A25-16_43_GML.zip", "url": "https://nlftp.mlit.go.jp/ksj/gml/data/A25/A25-16/A25-16_43_GML.zip"}, {"filename": "A25-930928_44_GML.zip", "url": "https://nlftp.mlit.go.jp/ksj/gml/data/A25/A25-93/A25-930928_44_GML.zip"}, {"filename": "A25-951001_44_GML.zip", "url": "https://nlftp.mlit.go.jp/ksj/gml/data/A25/A25-95/A25-951001_44_GML.zip"}, {"filename": "A25-001001_44_GML.zip", "url": "https://nlftp.mlit.go.jp/ksj/gml/data/A25/A25-00/A25-001001_44_GML.zip"}, {"filename": "A25-051001_44_GML.zip", "url": "https://nlftp.mlit.go.jp/ksj/gml/data/A25/A25-05/A25-051001_44_GML.zip"}, {"filename": "A25-070402_44_GML.zip", "url": "https://nlftp.mlit.go.jp/ksj/gml/data/A25/A25-07/A25-070402_44_GML.zip"}, {"filename": "A25-16_44_GML.zip", "url": "https://nlftp.mlit.go.jp/ksj/gml/data/A25/A25-16/A25-16_44_GML.zip"}, {"filename": "A25-930928_45_GML.zip", "url": "https://nlftp.mlit.go.jp/ksj/gml/data/A25/A25-93/A25-930928_45_GML.zip"}, {"filename": "A25-951001_45_GML.zip", "url": "https://nlftp.mlit.go.jp/ksj/gml/data/A25/A25-95/A25-951001_45_GML.zip"}, {"filename": "A25-001001_45_GML.zip", "url": "https://nlftp.mlit.go.jp/ksj/gml/data/A25/A25-00/A25-001001_45_GML.zip"}, {"filename": "A25-051001_45_GML.zip", "url": "https://nlftp.mlit.go.jp/ksj/gml/data/A25/A25-05/A25-051001_45_GML.zip"}, {"filename": "A25-070402_45_GML.zip", "url": "https://nlftp.mlit.go.jp/ksj/gml/data/A25/A25-07/A25-070402_45_GML.zip"}, {"filename": "A25-16_45_GML.zip", "url": "https://nlftp.mlit.go.jp/ksj/gml/data/A25/A25-16/A25-16_45_GML.zip"}, {"filename": "A25-930928_46_GML.zip", "url": "https://nlftp.mlit.go.jp/ksj/gml/data/A25/A25-93/A25-930928_46_GML.zip"}, {"filename": "A25-951001_46_GML.zip", "url": "https://nlftp.mlit.go.jp/ksj/gml/data/A25/A25-95/A25-951001_46_GML.zip"}, {"filename": "A25-001001_46_GML.zip", "url": "https://nlftp.mlit.go.jp/ksj/gml/data/A25/A25-00/A25-001001_46_GML.zip"}, {"filename": "A25-051001_46_GML.zip", "url": "https://nlftp.mlit.go.jp/ksj/gml/data/A25/A25-05/A25-051001_46_GML.zip"}, {"filename": "A25-070402_46_GML.zip", "url": "https://nlftp.mlit.go.jp/ksj/gml/data/A25/A25-07/A25-070402_46_GML.zip"}, {"filename": "A25-16_46_GML.zip", "url": "https://nlftp.mlit.go.jp/ksj/gml/data/A25/A25-16/A25-16_46_GML.zip"}, {"filename": "A25-930928_47_GML.zip", "url": "https://nlftp.mlit.go.jp/ksj/gml/data/A25/A25-93/A25-930928_47_GML.zip"}, {"filename": "A25-951001_47_GML.zip", "url": "https://nlftp.mlit.go.jp/ksj/gml/data/A25/A25-95/A25-951001_47_GML.zip"}, {"filename": "A25-001001_47_GML.zip", "url": "https://nlftp.mlit.go.jp/ksj/gml/data/A25/A25-00/A25-001001_47_GML.zip"}, {"filename": "A25-051001_47_GML.zip", "url": "https://nlftp.mlit.go.jp/ksj/gml/data/A25/A25-05/A25-051001_47_GML.zip"}, {"filename": "A25-070402_47_GML.zip", "url": "https://nlftp.mlit.go.jp/ksj/gml/data/A25/A25-07/A25-070402_47_GML.zip"}, {"filename": "A25-16_47_GML.zip", "url": "https://nlftp.mlit.go.jp/ksj/gml/data/A25/A25-16/A25-16_47_GML.zip"}]