北海道,世界測地系,1993年（平成5年）,14.27MB,A25-930928_01_GML.zip
北海道,世界測地系,1995年（平成7年）,14.27MB,A25-951001_01_GML.zip
北海道,世界測地系,2000年（平成12年）,14.27MB,A25-001001_01_GML.zip
北海道,世界測地系,2005年（平成17年）,14.27MB,A25-051001_01_GML.zip
北海道,世界測地系,2007年（平成19年）,14.27MB,A25-070402_01_GML.zip
北海道,世界測地系,2016年（平成28年）,17.21MB,A25-16_01_GML.zip
青森,世界測地系,1993年（平成5年）,2.93MB,A25-930928_02_GML.zip
青森,世界測地系,1995年（平成7年）,2.93MB,A25-951001_02_GML.zip
青森,世界測地系,2000年（平成12年）,2.93MB,A25-001001_02_GML.zip
青森,世界測地系,2005年（平成17年）,2.93MB,A25-051001_02_GML.zip
青森,世界測地系,2007年（平成19年）,2.93MB,A25-070402_02_GML.zip
青森,世界測地系,2016年（平成28年）,3.42MB,A25-16_02_GML.zip
岩手,世界測地系,1993年（平成5年）,5.58MB,A25-930928_03_GML.zip
岩手,世界測地系,1995年（平成7年）,5.58MB,A25-951001_03_GML.zip
岩手,世界測地系,2000年（平成12年）,5.58MB,A25-001001_03_GML.zip
岩手,世界測地系,2005年（平成17年）,5.58MB,A25-051001_03_GML.zip
岩手,世界測地系,2007年（平成19年）,5.58MB,A25-070402_03_GML.zip
岩手,世界測地系,2016年（平成28年）,17.09MB,A25-16_03_GML.zip
宮城,世界測地系,1993年（平成5年）,2.29MB,A25-930928_04_GML.zip
宮城,世界測地系,1995年（平成7年）,2.29MB,A25-951001_04_GML.zip
宮城,世界測地系,2000年（平成12年）,2.29MB,A25-001001_04_GML.zip
宮城,世界測地系,2005年（平成17年）,2.29MB,A25-051001_04_GML.zip
宮城,世界測地系,2007年（平成19年）,2.29MB,A25-070402_04_GML.zip
宮城,世界測地系,2016年（平成28年）,8.42MB,A25-16_04_GML.zip
秋田,世界測地系,1993年（平成5年）,2.89MB,A25-930928_05_GML.zip
秋田,世界測地系,1995年（平成7年）,2.89MB,A25-951001_05_GML.zip
秋田,世界測地系,2000年（平成12年）,2.89MB,A25-001001_05_GML.zip
秋田,世界測地系,2005年（平成17年）,2.89MB,A25-051001_05_GML.zip
秋田,世界測地系,2007年（平成19年）,2.89MB,A25-070402_05_GML.zip
秋田,世界測地系,2016年（平成28年）,4.16MB,A25-16_05_GML.zip
山形,世界測地系,1993年（平成5年）,3.32MB,A25-930928_06_GML.zip
山形,世界測地系,1995年（平成7年）,3.32MB,A25-951001_06_GML.zip
山形,世界測地系,2000年（平成12年）,3.32MB,A25-001001_06_GML.zip
山形,世界測地系,2005年（平成17年）,3.32MB,A25-051001_06_GML.zip
山形,世界測地系,2007年（平成19年）,3.32MB,A25-070402_06_GML.zip
山形,世界測地系,2016年（平成28年）,2.69MB,A25-16_06_GML.zip
福島,世界測地系,1993年（平成5年）,6.95MB,A25-930928_07_GML.zip
福島,世界測地系,1995年（平成7年）,6.95MB,A25-951001_07_GML.zip
福島,世界測地系,2000年（平成12年）,6.95MB,A25-001001_07_GML.zip
福島,世界測地系,2005年（平成17年）,6.95MB,A25-051001_07_GML.zip
福島,世界測地系,2007年（平成19年）,6.95MB,A25-070402_07_GML.zip
福島,世界測地系,2016年（平成28年）,6.05MB,A25-16_07_GML.zip
茨城,世界測地系,1993年（平成5年）,0.76MB,A25-930928_08_GML.zip
茨城,世界測地系,1995年（平成7年）,0.76MB,A25-951001_08_GML.zip
茨城,世界測地系,2000年（平成12年）,0.76MB,A25-001001_08_GML.zip
茨城,世界測地系,2005年（平成17年）,0.76MB,A25-051001_08_GML.zip
茨城,世界測地系,2007年（平成19年）,0.76MB,A25-070402_08_GML.zip
茨城,世界測地系,2016年（平成28年）,0.75MB,A25-16_08_GML.zip
栃木,世界測地系,1993年（平成5年）,1.49MB,A25-930928_09_GML.zip
栃木,世界測地系,1995年（平成7年）,1.49MB,A25-951001_09_GML.zip
栃木,世界測地系,2000年（平成12年）,1.49MB,A25-001001_09_GML.zip
栃木,世界測地系,2005年（平成17年）,1.49MB,A25-051001_09_GML.zip
栃木,世界測地系,2007年（平成19年）,1.49MB,A25-070402_09_GML.zip
栃木,世界測地系,2016年（平成28年）,1.43MB,A25-16_09_GML.zip
群馬,世界測地系,1993年（平成5年）,2.15MB,A25-930928_10_GML.zip
群馬,世界測地系,1995年（平成7年）,2.15MB,A25-951001_10_GML.zip
群馬,世界測地系,2000年（平成12年）,2.15MB,A25-001001_10_GML.zip
群馬,世界測地系,2005年（平成17年）,2.15MB,A25-051001_10_GML.zip
群馬,世界測地系,2007年（平成19年）,2.15MB,A25-070402_10_GML.zip
群馬,世界測地系,2016年（平成28年）,2.20MB,A25-16_10_GML.zip
埼玉,世界測地系,1993年（平成5年）,0.59MB,A25-930928_11_GML.zip
埼玉,世界測地系,1995年（平成7年）,0.59MB,A25-951001_11_GML.zip
埼玉,世界測地系,2000年（平成12年）,0.59MB,A25-001001_11_GML.zip
埼玉,世界測地系,2005年（平成17年）,0.59MB,A25-051001_11_GML.zip
埼玉,世界測地系,2007年（平成19年）,0.59MB,A25-070402_11_GML.zip
埼玉,世界測地系,2016年（平成28年）,0.58MB,A25-16_11_GML.zip
千葉,世界測地系,1993年（平成5年）,1.40MB,A25-930928_12_GML.zip
千葉,世界測地系,1995年（平成7年）,1.40MB,A25-951001_12_GML.zip
千葉,世界測地系,2000年（平成12年）,1.40MB,A25-001001_12_GML.zip
千葉,世界測地系,2005年（平成17年）,1.40MB,A25-051001_12_GML.zip
千葉,世界測地系,2007年（平成19年）,1.40MB,A25-070402_12_GML.zip
千葉,世界測地系,2016年（平成28年）,1.61MB,A25-16_12_GML.zip
東京,世界測地系,1993年（平成5年）,0.52MB,A25-930928_13_GML.zip
東京,世界測地系,1995年（平成7年）,0.52MB,A25-951001_13_GML.zip
東京,世界測地系,2000年（平成12年）,0.52MB,A25-001001_13_GML.zip
東京,世界測地系,2005年（平成17年）,0.52MB,A25-051001_13_GML.zip
東京,世界測地系,2007年（平成19年）,0.52MB,A25-070402_13_GML.zip
東京,世界測地系,2016年（平成28年）,0.83MB,A25-16_13_GML.zip
神奈川,世界測地系,1993年（平成5年）,0.65MB,A25-930928_14_GML.zip
神奈川,世界測地系,1995年（平成7年）,0.65MB,A25-951001_14_GML.zip
神奈川,世界測地系,2000年（平成12年）,0.65MB,A25-001001_14_GML.zip
神奈川,世界測地系,2005年（平成17年）,0.65MB,A25-051001_14_GML.zip
神奈川,世界測地系,2007年（平成19年）,0.65MB,A25-070402_14_GML.zip
神奈川,世界測地系,2016年（平成28年）,0.60MB,A25-16_14_GML.zip
新潟,世界測地系,1993年（平成5年）,5.00MB,A25-930928_15_GML.zip
新潟,世界測地系,1995年（平成7年）,5.00MB,A25-951001_15_GML.zip
新潟,世界測地系,2000年（平成12年）,5.00MB,A25-001001_15_GML.zip
新潟,世界測地系,2005年（平成17年）,5.00MB,A25-051001_15_GML.zip
新潟,世界測地系,2007年（平成19年）,5.00MB,A25-070402_15_GML.zip
新潟,世界測地系,2016年（平成28年）,5.14MB,A25-16_15_GML.zip
富山,世界測地系,1993年（平成5年）,1.00MB,A25-930928_16_GML.zip
富山,世界測地系,1995年（平成7年）,1.00MB,A25-951001_16_GML.zip
富山,世界測地系,2000年（平成12年）,1.00MB,A25-001001_16_GML.zip
富山,世界測地系,2005年（平成17年）,1.00MB,A25-051001_16_GML.zip
富山,世界測地系,2007年（平成19年）,1.00MB,A25-070402_16_GML.zip
富山,世界測地系,2016年（平成28年）,0.88MB,A25-16_16_GML.zip
石川,世界測地系,1993年（平成5年）,2.28MB,A25-930928_17_GML.zip
石川,世界測地系,1995年（平成7年）,2.28MB,A25-951001_17_GML.zip
石川,世界測地系,2000年（平成12年）,2.28MB,A25-001001_17_GML.zip
石川,世界測地系,2005年（平成17年）,2.28MB,A25-051001_17_GML.zip
石川,世界測地系,2007年（平成19年）,2.28MB,A25-070402_17_GML.zip
石川,世界測地系,2016年（平成28年）,2.73MB,A25-16_17_GML.zip
福井,世界測地系,1993年（平成5年）,3.09MB,A25-930928_18_GML.zip
福井,世界測地系,1995年（平成7年）,3.09MB,A25-951001_18_GML.zip
福井,世界測地系,2000年（平成12年）,3.09MB,A25-001001_18_GML.zip
福井,世界測地系,2005年（平成17年）,3.09MB,A25-051001_18_GML.zip
福井,世界測地系,2007年（平成19年）,3.09MB,A25-070402_18_GML.zip
福井,世界測地系,2016年（平成28年）,4.46MB,A25-16_18_GML.zip
山梨,世界測地系,1993年（平成5年）,3.48MB,A25-930928_19_GML.zip
山梨,世界測地系,1995年（平成7年）,3.48MB,A25-951001_19_GML.zip
山梨,世界測地系,2000年（平成12年）,3.48MB,A25-001001_19_GML.zip
山梨,世界測地系,2005年（平成17年）,3.48MB,A25-051001_19_GML.zip
山梨,世界測地系,2007年（平成19年）,3.48MB,A25-070402_19_GML.zip
山梨,世界測地系,2016年（平成28年）,2.80MB,A25-16_19_GML.zip
長野,世界測地系,1993年（平成5年）,5.80MB,A25-930928_20_GML.zip
長野,世界測地系,1995年（平成7年）,5.80MB,A25-951001_20_GML.zip
長野,世界測地系,2000年（平成12年）,5.80MB,A25-001001_20_GML.zip
長野,世界測地系,2005年（平成17年）,5.80MB,A25-051001_20_GML.zip
長野,世界測地系,2007年（平成19年）,5.80MB,A25-070402_20_GML.zip
長野,世界測地系,2016年（平成28年）,5.65MB,A25-16_20_GML.zip
岐阜,世界測地系,1993年（平成5年）,3.74MB,A25-930928_21_GML.zip
岐阜,世界測地系,1995年（平成7年）,3.74MB,A25-951001_21_GML.zip
岐阜,世界測地系,2000年（平成12年）,3.74MB,A25-001001_21_GML.zip
岐阜,世界測地系,2005年（平成17年）,3.74MB,A25-051001_21_GML.zip
岐阜,世界測地系,2007年（平成19年）,3.74MB,A25-070402_21_GML.zip
岐阜,世界測地系,2016年（平成28年）,2.44MB,A25-16_21_GML.zip
静岡,世界測地系,1993年（平成5年）,2.85MB,A25-930928_22_GML.zip
静岡,世界測地系,1995年（平成7年）,2.85MB,A25-951001_22_GML.zip
静岡,世界測地系,2000年（平成12年）,2.85MB,A25-001001_22_GML.zip
静岡,世界測地系,2005年（平成17年）,2.85MB,A25-051001_22_GML.zip
静岡,世界測地系,2007年（平成19年）,2.85MB,A25-070402_22_GML.zip
静岡,世界測地系,2016年（平成28年）,6.04MB,A25-16_22_GML.zip
愛知,世界測地系,1993年（平成5年）,1.49MB,A25-930928_23_GML.zip
愛知,世界測地系,1995年（平成7年）,1.49MB,A25-951001_23_GML.zip
愛知,世界測地系,2000年（平成12年）,1.49MB,A25-001001_23_GML.zip
愛知,世界測地系,2005年（平成17年）,1.49MB,A25-051001_23_GML.zip
愛知,世界測地系,2007年（平成19年）,1.49MB,A25-070402_23_GML.zip
愛知,世界測地系,2016年（平成28年）,1.60MB,A25-16_23_GML.zip
三重,世界測地系,1993年（平成5年）,3.40MB,A25-930928_24_GML.zip
三重,世界測地系,1995年（平成7年）,3.40MB,A25-951001_24_GML.zip
三重,世界測地系,2000年（平成12年）,3.40MB,A25-001001_24_GML.zip
三重,世界測地系,2005年（平成17年）,3.40MB,A25-051001_24_GML.zip
三重,世界測地系,2007年（平成19年）,3.40MB,A25-070402_24_GML.zip
三重,世界測地系,2016年（平成28年）,9.32MB,A25-16_24_GML.zip
滋賀,世界測地系,1993年（平成5年）,1.07MB,A25-930928_25_GML.zip
滋賀,世界測地系,1995年（平成7年）,1.07MB,A25-951001_25_GML.zip
滋賀,世界測地系,2000年（平成12年）,1.07MB,A25-001001_25_GML.zip
滋賀,世界測地系,2005年（平成17年）,1.07MB,A25-051001_25_GML.zip
滋賀,世界測地系,2007年（平成19年）,1.07MB,A25-070402_25_GML.zip
滋賀,世界測地系,2016年（平成28年）,0.70MB,A25-16_25_GML.zip
京都,世界測地系,1993年（平成5年）,2.70MB,A25-930928_26_GML.zip
京都,世界測地系,1995年（平成7年）,2.70MB,A25-951001_26_GML.zip
京都,世界測地系,2000年（平成12年）,2.70MB,A25-001001_26_GML.zip
京都,世界測地系,2005年（平成17年）,2.70MB,A25-051001_26_GML.zip
京都,世界測地系,2007年（平成19年）,2.70MB,A25-070402_26_GML.zip
京都,世界測地系,2016年（平成28年）,3.14MB,A25-16_26_GML.zip
大阪,世界測地系,1993年（平成5年）,0.18MB,A25-930928_27_GML.zip
大阪,世界測地系,1995年（平成7年）,0.18MB,A25-951001_27_GML.zip
大阪,世界測地系,2000年（平成12年）,0.18MB,A25-001001_27_GML.zip
大阪,世界測地系,2005年（平成17年）,0.18MB,A25-051001_27_GML.zip
大阪,世界測地系,2007年（平成19年）,0.18MB,A25-070402_27_GML.zip
大阪,世界測地系,2016年（平成28年）,0.15MB,A25-16_27_GML.zip
兵庫,世界測地系,1993年（平成5年）,3.77MB,A25-930928_28_GML.zip
兵庫,世界測地系,1995年（平成7年）,3.77MB,A25-951001_28_GML.zip
兵庫,世界測地系,2000年（平成12年）,3.77MB,A25-001001_28_GML.zip
兵庫,世界測地系,2005年（平成17年）,3.77MB,A25-051001_28_GML.zip
兵庫,世界測地系,2007年（平成19年）,3.77MB,A25-070402_28_GML.zip
兵庫,世界測地系,2016年（平成28年）,5.56MB,A25-16_28_GML.zip
奈良,世界測地系,1993年（平成5年）,1.58MB,A25-930928_29_GML.zip
奈良,世界測地系,1995年（平成7年）,1.58MB,A25-951001_29_GML.zip
奈良,世界測地系,2000年（平成12年）,1.58MB,A25-001001_29_GML.zip
奈良,世界測地系,2005年（平成17年）,1.58MB,A25-051001_29_GML.zip
奈良,世界測地系,2007年（平成19年）,1.58MB,A25-070402_29_GML.zip
奈良,世界測地系,2016年（平成28年）,1.63MB,A25-16_29_GML.zip
和歌山,世界測地系,1993年（平成5年）,3.47MB,A25-930928_30_GML.zip
和歌山,世界測地系,1995年（平成7年）,3.47MB,A25-951001_30_GML.zip
和歌山,世界測地系,2000年（平成12年）,3.47MB,A25-001001_30_GML.zip
和歌山,世界測地系,2005年（平成17年）,3.47MB,A25-051001_30_GML.zip
和歌山,世界測地系,2007年（平成19年）,3.47MB,A25-070402_30_GML.zip
和歌山,世界測地系,2016年（平成28年）,6.28MB,A25-16_30_GML.zip
鳥取,世界測地系,1993年（平成5年）,1.62MB,A25-930928_31_GML.zip
鳥取,世界測地系,1995年（平成7年）,1.62MB,A25-951001_31_GML.zip
鳥取,世界測地系,2000年（平成12年）,1.62MB,A25-001001_31_GML.zip
鳥取,世界測地系,2005年（平成17年）,1.62MB,A25-051001_31_GML.zip
鳥取,世界測地系,2007年（平成19年）,1.62MB,A25-070402_31_GML.zip
鳥取,世界測地系,2016年（平成28年）,1.59MB,A25-16_31_GML.zip
島根,世界測地系,1993年（平成5年）,4.25MB,A25-930928_32_GML.zip
島根,世界測地系,1995年（平成7年）,4.25MB,A25-951001_32_GML.zip
島根,世界測地系,2000年（平成12年）,4.25MB,A25-001001_32_GML.zip
島根,世界測地系,2005年（平成17年）,4.25MB,A25-051001_32_GML.zip
島根,世界測地系,2007年（平成19年）,4.25MB,A25-070402_32_GML.zip
島根,世界測地系,2016年（平成28年）,5.61MB,A25-16_32_GML.zip
岡山,世界測地系,1993年（平成5年）,3.34MB,A25-930928_33_GML.zip
岡山,世界測地系,1995年（平成7年）,3.34MB,A25-951001_33_GML.zip
岡山,世界測地系,2000年（平成12年）,3.34MB,A25-001001_33_GML.zip
岡山,世界測地系,2005年（平成17年）,3.34MB,A25-051001_33_GML.zip
岡山,世界測地系,2007年（平成19年）,3.34MB,A25-070402_33_GML.zip
岡山,世界測地系,2016年（平成28年）,2.61MB,A25-16_33_GML.zip
広島,世界測地系,1993年（平成5年）,3.28MB,A25-930928_34_GML.zip
広島,世界測地系,1995年（平成7年）,3.28MB,A25-951001_34_GML.zip
広島,世界測地系,2000年（平成12年）,3.28MB,A25-001001_34_GML.zip
広島,世界測地系,2005年（平成17年）,3.28MB,A25-051001_34_GML.zip
広島,世界測地系,2007年（平成19年）,3.28MB,A25-070402_34_GML.zip
広島,世界測地系,2016年（平成28年）,3.77MB,A25-16_34_GML.zip
山口,世界測地系,1993年（平成5年）,2.70MB,A25-930928_35_GML.zip
山口,世界測地系,1995年（平成7年）,2.70MB,A25-951001_35_GML.zip
山口,世界測地系,2000年（平成12年）,2.70MB,A25-001001_35_GML.zip
山口,世界測地系,2005年（平成17年）,2.70MB,A25-051001_35_GML.zip
山口,世界測地系,2007年（平成19年）,2.70MB,A25-070402_35_GML.zip
山口,世界測地系,2016年（平成28年）,3.08MB,A25-16_35_GML.zip
徳島,世界測地系,1993年（平成5年）,1.97MB,A25-930928_36_GML.zip
徳島,世界測地系,1995年（平成7年）,1.97MB,A25-951001_36_GML.zip
徳島,世界測地系,2000年（平成12年）,1.97MB,A25-001001_36_GML.zip
徳島,世界測地系,2005年（平成17年）,1.97MB,A25-051001_36_GML.zip
徳島,世界測地系,2007年（平成19年）,1.97MB,A25-070402_36_GML.zip
徳島,世界測地系,2016年（平成28年）,4.88MB,A25-16_36_GML.zip
香川,世界測地系,1993年（平成5年）,0.98MB,A25-930928_37_GML.zip
香川,世界測地系,1995年（平成7年）,0.98MB,A25-951001_37_GML.zip
香川,世界測地系,2000年（平成12年）,0.98MB,A25-001001_37_GML.zip
香川,世界測地系,2005年（平成17年）,0.98MB,A25-051001_37_GML.zip
香川,世界測地系,2007年（平成19年）,0.98MB,A25-070402_37_GML.zip
香川,世界測地系,2016年（平成28年）,1.40MB,A25-16_37_GML.zip
愛媛,世界測地系,1993年（平成5年）,3.25MB,A25-930928_38_GML.zip
愛媛,世界測地系,1995年（平成7年）,3.25MB,A25-951001_38_GML.zip
愛媛,世界測地系,2000年（平成12年）,3.25MB,A25-001001_38_GML.zip
愛媛,世界測地系,2005年（平成17年）,3.25MB,A25-051001_38_GML.zip
愛媛,世界測地系,2007年（平成19年）,3.25MB,A25-070402_38_GML.zip
愛媛,世界測地系,2016年（平成28年）,4.90MB,A25-16_38_GML.zip
高知,世界測地系,1993年（平成5年）,4.81MB,A25-930928_39_GML.zip
高知,世界測地系,1995年（平成7年）,4.81MB,A25-951001_39_GML.zip
高知,世界測地系,2000年（平成12年）,4.81MB,A25-001001_39_GML.zip
高知,世界測地系,2005年（平成17年）,4.81MB,A25-051001_39_GML.zip
高知,世界測地系,2007年（平成19年）,4.81MB,A25-070402_39_GML.zip
高知,世界測地系,2016年（平成28年）,5.92MB,A25-16_39_GML.zip
福岡,世界測地系,1993年（平成5年）,1.33MB,A25-930928_40_GML.zip
福岡,世界測地系,1995年（平成7年）,1.33MB,A25-951001_40_GML.zip
福岡,世界測地系,2000年（平成12年）,1.33MB,A25-001001_40_GML.zip
福岡,世界測地系,2005年（平成17年）,1.33MB,A25-051001_40_GML.zip
福岡,世界測地系,2007年（平成19年）,1.33MB,A25-070402_40_GML.zip
福岡,世界測地系,2016年（平成28年）,1.92MB,A25-16_40_GML.zip
佐賀,世界測地系,1993年（平成5年）,1.00MB,A25-930928_41_GML.zip
佐賀,世界測地系,1995年（平成7年）,1.00MB,A25-951001_41_GML.zip
佐賀,世界測地系,2000年（平成12年）,1.00MB,A25-001001_41_GML.zip
佐賀,世界測地系,2005年（平成17年）,1.00MB,A25-051001_41_GML.zip
佐賀,世界測地系,2007年（平成19年）,1.00MB,A25-070402_41_GML.zip
佐賀,世界測地系,2016年（平成28年）,1.25MB,A25-16_41_GML.zip
長崎,世界測地系,1993年（平成5年）,6.31MB,A25-930928_42_GML.zip
長崎,世界測地系,1995年（平成7年）,6.31MB,A25-951001_42_GML.zip
長崎,世界測地系,2000年（平成12年）,6.31MB,A25-001001_42_GML.zip
長崎,世界測地系,2005年（平成17年）,6.31MB,A25-051001_42_GML.zip
長崎,世界測地系,2007年（平成19年）,6.31MB,A25-070402_42_GML.zip
長崎,世界測地系,2016年（平成28年）,11.71MB,A25-16_42_GML.zip
熊本,世界測地系,1993年（平成5年）,4.47MB,A25-930928_43_GML.zip
熊本,世界測地系,1995年（平成7年）,4.47MB,A25-951001_43_GML.zip
熊本,世界測地系,2000年（平成12年）,4.47MB,A25-001001_43_GML.zip
熊本,世界測地系,2005年（平成17年）,4.47MB,A25-051001_43_GML.zip
熊本,世界測地系,2007年（平成19年）,4.47MB,A25-070402_43_GML.zip
熊本,世界測地系,2016年（平成28年）,4.53MB,A25-16_43_GML.zip
大分,世界測地系,1993年（平成5年）,3.07MB,A25-930928_44_GML.zip
大分,世界測地系,1995年（平成7年）,3.07MB,A25-951001_44_GML.zip
大分,世界測地系,2000年（平成12年）,3.07MB,A25-001001_44_GML.zip
大分,世界測地系,2005年（平成17年）,3.07MB,A25-051001_44_GML.zip
大分,世界測地系,2007年（平成19年）,3.07MB,A25-070402_44_GML.zip
大分,世界測地系,2016年（平成28年）,3.78MB,A25-16_44_GML.zip
宮崎,世界測地系,1993年（平成5年）,2.68MB,A25-930928_45_GML.zip
宮崎,世界測地系,1995年（平成7年）,2.68MB,A25-951001_45_GML.zip
宮崎,世界測地系,2000年（平成12年）,2.68MB,A25-001001_45_GML.zip
宮崎,世界測地系,2005年（平成17年）,2.68MB,A25-051001_45_GML.zip
宮崎,世界測地系,2007年（平成19年）,2.68MB,A25-070402_45_GML.zip
宮崎,世界測地系,2016年（平成28年）,3.82MB,A25-16_45_GML.zip
鹿児島,世界測地系,1993年（平成5年）,5.51MB,A25-930928_46_GML.zip
鹿児島,世界測地系,1995年（平成7年）,5.51MB,A25-951001_46_GML.zip
鹿児島,世界測地系,2000年（平成12年）,5.51MB,A25-001001_46_GML.zip
鹿児島,世界測地系,2005年（平成17年）,5.51MB,A25-051001_46_GML.zip
鹿児島,世界測地系,2007年（平成19年）,5.51MB,A25-070402_46_GML.zip
鹿児島,世界測地系,2016年（平成28年）,9.15MB,A25-16_46_GML.zip
沖縄,世界測地系,1993年（平成5年）,1.31MB,A25-930928_47_GML.zip
沖縄,世界測地系,1995年（平成7年）,1.31MB,A25-951001_47_GML.zip
沖縄,世界測地系,2000年（平成12年）,1.31MB,A25-001001_47_GML.zip
沖縄,世界測地系,2005年（平成17年）,1.31MB,A25-051001_47_GML.zip
沖縄,世界測地系,2007年（平成19年）,1.31MB,A25-070402_47_GML.zip
沖縄,世界測地系,2016年（平成28年）,1.79MB,A25-16_47_GML.zip