全国,世界測地系,2023年（令和5年）,300MB,A27-23_GML.zip
北海道,世界測地系,2023年（令和5年）,69.94MB,A27-23_01_GML.zip
北海道,世界測地系,2021年（令和3年）,19.7MB,A27-21_01_GML.zip
北海道,世界測地系,2016年（平成28年）,15.15MB,A27-16_01_GML.zip
北海道,世界測地系,2010年（平成22年）,17.00MB,A27-10_01_GML.zip
東北地方,世界測地系,2023年（令和5年）,59.46MB,A27-23_52_GML.zip
東北地方,世界測地系,2021年（令和3年）,44.5MB,A27-21_52_GML.zip
青森,世界測地系,2023年（令和5年）,24.6MB,A27-23_02_GML.zip
青森,世界測地系,2021年（令和3年）,6.32MB,A27-21_02_GML.zip
青森,世界測地系,2016年（平成28年）,3.56MB,A27-16_02_GML.zip
青森,世界測地系,2010年（平成22年）,3.41MB,A27-10_02_GML.zip
岩手,世界測地系,2023年（令和5年）,11.08MB,A27-23_03_GML.zip
岩手,世界測地系,2021年（令和3年）,8.25MB,A27-21_03_GML.zip
岩手,世界測地系,2016年（平成28年）,4.32MB,A27-16_03_GML.zip
岩手,世界測地系,2010年（平成22年）,4.62MB,A27-10_03_GML.zip
宮城,世界測地系,2023年（令和5年）,30.29MB,A27-23_04_GML.zip
宮城,世界測地系,2021年（令和3年）,8.17MB,A27-21_04_GML.zip
宮城,世界測地系,2016年（平成28年）,4.59MB,A27-16_04_GML.zip
宮城,世界測地系,2010年（平成22年）,5.67MB,A27-10_04_GML.zip
秋田,世界測地系,2023年（令和5年）,17.86MB,A27-23_05_GML.zip
秋田,世界測地系,2021年（令和3年）,5.21MB,A27-21_05_GML.zip
秋田,世界測地系,2016年（平成28年）,2.76MB,A27-16_05_GML.zip
秋田,世界測地系,2010年（平成22年）,3.46MB,A27-10_05_GML.zip
山形,世界測地系,2023年（令和5年）,6.24MB,A27-23_06_GML.zip
山形,世界測地系,2021年（令和3年）,4.49MB,A27-21_06_GML.zip
山形,世界測地系,2016年（平成28年）,2.20MB,A27-16_06_GML.zip
山形,世界測地系,2010年（平成22年）,3.28MB,A27-10_06_GML.zip
福島,世界測地系,2023年（令和5年）,15.64MB,A27-23_07_GML.zip
福島,世界測地系,2021年（令和3年）,12.2MB,A27-21_07_GML.zip
福島,世界測地系,2016年（平成28年）,6.54MB,A27-16_07_GML.zip
福島,世界測地系,2010年（平成22年）,6.97MB,A27-10_07_GML.zip
関東地方,世界測地系,2023年（令和5年）,55.98MB,A27-23_53_GML.zip
関東地方,世界測地系,2021年（令和3年）,40.0MB,A27-21_53_GML.zip
茨城,世界測地系,2023年（令和5年）,8.12MB,A27-23_08_GML.zip
茨城,世界測地系,2021年（令和3年）,5.55MB,A27-21_08_GML.zip
茨城,世界測地系,2016年（平成28年）,2.92MB,A27-16_08_GML.zip
茨城,世界測地系,2010年（平成22年）,3.29MB,A27-10_08_GML.zip
栃木,世界測地系,2023年（令和5年）,6.86MB,A27-23_09_GML.zip
栃木,世界測地系,2021年（令和3年）,4.57MB,A27-21_09_GML.zip
栃木,世界測地系,2016年（平成28年）,1.93MB,A27-16_09_GML.zip
栃木,世界測地系,2010年（平成22年）,2.79MB,A27-10_09_GML.zip
群馬,世界測地系,2023年（令和5年）,5.64MB,A27-23_10_GML.zip
群馬,世界測地系,2021年（令和3年）,4.48MB,A27-21_10_GML.zip
群馬,世界測地系,2016年（平成28年）,2.77MB,A27-16_10_GML.zip
群馬,世界測地系,2010年（平成22年）,3.15MB,A27-10_10_GML.zip
埼玉,世界測地系,2023年（令和5年）,8.47MB,A27-23_11_GML.zip
埼玉,世界測地系,2021年（令和3年）,5.99MB,A27-21_11_GML.zip
埼玉,世界測地系,2016年（平成28年）,2.94MB,A27-16_11_GML.zip
埼玉,世界測地系,2010年（平成22年）,3.22MB,A27-10_11_GML.zip
千葉,世界測地系,2023年（令和5年）,31.31MB,A27-23_12_GML.zip
千葉,世界測地系,2021年（令和3年）,7.49MB,A27-21_12_GML.zip
千葉,世界測地系,2016年（平成28年）,3.77MB,A27-16_12_GML.zip
千葉,世界測地系,2010年（平成22年）,4.10MB,A27-10_12_GML.zip
東京,世界測地系,2023年（令和5年）,7.65MB,A27-23_13_GML.zip
東京,世界測地系,2021年（令和3年）,5.14MB,A27-21_13_GML.zip
東京,世界測地系,2016年（平成28年）,3.19MB,A27-16_13_GML.zip
東京,世界測地系,2010年（平成22年）,3.37MB,A27-10_13_GML.zip
神奈川,世界測地系,2023年（令和5年）,8.21MB,A27-23_14_GML.zip
神奈川,世界測地系,2021年（令和3年）,7.10MB,A27-21_14_GML.zip
神奈川,世界測地系,2016年（平成28年）,3.77MB,A27-16_14_GML.zip
神奈川,世界測地系,2010年（平成22年）,2.89MB,A27-10_14_GML.zip
甲信越・北陸地方,世界測地系,2023年（令和5年）,42.09MB,A27-23_54_GML.zip
甲信越・北陸地方,世界測地系,2021年（令和3年）,30.7MB,A27-21_54_GML.zip
新潟,世界測地系,2023年（令和5年）,26.42MB,A27-23_15_GML.zip
新潟,世界測地系,2021年（令和3年）,7.25MB,A27-21_15_GML.zip
新潟,世界測地系,2016年（平成28年）,2.79MB,A27-16_15_GML.zip
新潟,世界測地系,2010年（平成22年）,5.55MB,A27-10_15_GML.zip
富山,世界測地系,2023年（令和5年）,2.75MB,A27-23_16_GML.zip
富山,世界測地系,2021年（令和3年）,2.04MB,A27-21_16_GML.zip
富山,世界測地系,2016年（平成28年）,1.12MB,A27-16_16_GML.zip
富山,世界測地系,2010年（平成22年）,1.43MB,A27-10_16_GML.zip
石川,世界測地系,2023年（令和5年）,6.01MB,A27-23_17_GML.zip
石川,世界測地系,2021年（令和3年）,4.27MB,A27-21_17_GML.zip
石川,世界測地系,2016年（平成28年）,2.41MB,A27-16_17_GML.zip
石川,世界測地系,2010年（平成22年）,2.31MB,A27-10_17_GML.zip
福井,世界測地系,2023年（令和5年）,5.22MB,A27-23_18_GML.zip
福井,世界測地系,2021年（令和3年）,3.77MB,A27-21_18_GML.zip
福井,世界測地系,2016年（平成28年）,1.99MB,A27-16_18_GML.zip
福井,世界測地系,2010年（平成22年）,2.06MB,A27-10_18_GML.zip
山梨,世界測地系,2023年（令和5年）,5.99MB,A27-23_19_GML.zip
山梨,世界測地系,2021年（令和3年）,4.91MB,A27-21_19_GML.zip
山梨,世界測地系,2016年（平成28年）,2.53MB,A27-16_19_GML.zip
山梨,世界測地系,2010年（平成22年）,3.62MB,A27-10_19_GML.zip
長野,世界測地系,2023年（令和5年）,12.68MB,A27-23_20_GML.zip
長野,世界測地系,2021年（令和3年）,8.70MB,A27-21_20_GML.zip
長野,世界測地系,2016年（平成28年）,4.39MB,A27-16_20_GML.zip
長野,世界測地系,2010年（平成22年）,6.69MB,A27-10_20_GML.zip
東海地方,世界測地系,2023年（令和5年）,26.67MB,A27-23_55_GML.zip
東海地方,世界測地系,2021年（令和3年）,19.8MB,A27-21_55_GML.zip
岐阜,世界測地系,2023年（令和5年）,8.22MB,A27-23_21_GML.zip
岐阜,世界測地系,2021年（令和3年）,6.15MB,A27-21_21_GML.zip
岐阜,世界測地系,2016年（平成28年）,3.29MB,A27-16_21_GML.zip
岐阜,世界測地系,2010年（平成22年）,3.98MB,A27-10_21_GML.zip
静岡,世界測地系,2023年（令和5年）,6.14MB,A27-23_22_GML.zip
静岡,世界測地系,2021年（令和3年）,4.79MB,A27-21_22_GML.zip
静岡,世界測地系,2016年（平成28年）,3.33MB,A27-16_22_GML.zip
静岡,世界測地系,2010年（平成22年）,4.28MB,A27-10_22_GML.zip
愛知,世界測地系,2023年（令和5年）,6.83MB,A27-23_23_GML.zip
愛知,世界測地系,2021年（令和3年）,4.38MB,A27-21_23_GML.zip
愛知,世界測地系,2016年（平成28年）,2.95MB,A27-16_23_GML.zip
愛知,世界測地系,2010年（平成22年）,4.26MB,A27-10_23_GML.zip
三重,世界測地系,2023年（令和5年）,5.58MB,A27-23_24_GML.zip
三重,世界測地系,2021年（令和3年）,4.75MB,A27-21_24_GML.zip
三重,世界測地系,2016年（平成28年）,3.14MB,A27-16_24_GML.zip
三重,世界測地系,2010年（平成22年）,3.41MB,A27-10_24_GML.zip
近畿地方,世界測地系,2023年（令和5年）,21.18MB,A27-23_56_GML.zip
近畿地方,世界測地系,2021年（令和3年）,16.3MB,A27-21_56_GML.zip
滋賀,世界測地系,2023年（令和5年）,2.53MB,A27-23_25_GML.zip
滋賀,世界測地系,2021年（令和3年）,1.93MB,A27-21_25_GML.zip
滋賀,世界測地系,2016年（平成28年）,1.24MB,A27-16_25_GML.zip
滋賀,世界測地系,2010年（平成22年）,1.62MB,A27-10_25_GML.zip
京都,世界測地系,2023年（令和5年）,3.13MB,A27-23_26_GML.zip
京都,世界測地系,2021年（令和3年）,2.32MB,A27-21_26_GML.zip
京都,世界測地系,2016年（平成28年）,1.66MB,A27-16_26_GML.zip
京都,世界測地系,2010年（平成22年）,1.89MB,A27-10_26_GML.zip
大阪,世界測地系,2023年（令和5年）,2.88MB,A27-23_27_GML.zip
大阪,世界測地系,2021年（令和3年）,1.95MB,A27-21_27_GML.zip
大阪,世界測地系,2016年（平成28年）,1.52MB,A27-16_27_GML.zip
大阪,世界測地系,2010年（平成22年）,3.10MB,A27-10_27_GML.zip
兵庫,世界測地系,2023年（令和5年）,24.32MB,A27-23_28_GML.zip
兵庫,世界測地系,2021年（令和3年）,5.73MB,A27-21_28_GML.zip
兵庫,世界測地系,2016年（平成28年）,4.55MB,A27-16_28_GML.zip
兵庫,世界測地系,2010年（平成22年）,6.86MB,A27-10_28_GML.zip
奈良,世界測地系,2023年（令和5年）,2.77MB,A27-23_29_GML.zip
奈良,世界測地系,2021年（令和3年）,2.04MB,A27-21_29_GML.zip
奈良,世界測地系,2016年（平成28年）,1.20MB,A27-16_29_GML.zip
奈良,世界測地系,2010年（平成22年）,1.87MB,A27-10_29_GML.zip
和歌山,世界測地系,2023年（令和5年）,2.99MB,A27-23_30_GML.zip
和歌山,世界測地系,2021年（令和3年）,2.46MB,A27-21_30_GML.zip
和歌山,世界測地系,2016年（平成28年）,1.73MB,A27-16_30_GML.zip
和歌山,世界測地系,2010年（平成22年）,2.64MB,A27-10_30_GML.zip
中国地方,世界測地系,2023年（令和5年）,20.72MB,A27-23_57_GML.zip
中国地方,世界測地系,2021年（令和3年）,16.8MB,A27-21_57_GML.zip
鳥取,世界測地系,2023年（令和5年）,6.84MB,A27-23_31_GML.zip
鳥取,世界測地系,2021年（令和3年）,1.72MB,A27-21_31_GML.zip
鳥取,世界測地系,2016年（平成28年）,1.32MB,A27-16_31_GML.zip
鳥取,世界測地系,2010年（平成22年）,1.41MB,A27-10_31_GML.zip
島根,世界測地系,2023年（令和5年）,3.68MB,A27-23_32_GML.zip
島根,世界測地系,2021年（令和3年）,3.31MB,A27-21_32_GML.zip
島根,世界測地系,2016年（平成28年）,2.51MB,A27-16_32_GML.zip
島根,世界測地系,2010年（平成22年）,3.36MB,A27-10_32_GML.zip
岡山,世界測地系,2023年（令和5年）,16.78MB,A27-23_33_GML.zip
岡山,世界測地系,2021年（令和3年）,4.03MB,A27-21_33_GML.zip
岡山,世界測地系,2016年（平成28年）,3.21MB,A27-16_33_GML.zip
岡山,世界測地系,2010年（平成22年）,5.50MB,A27-10_33_GML.zip
広島,世界測地系,2023年（令和5年）,22.07MB,A27-23_34_GML.zip
広島,世界測地系,2021年（令和3年）,4.67MB,A27-21_34_GML.zip
広島,世界測地系,2016年（平成28年）,3.27MB,A27-16_34_GML.zip
広島,世界測地系,2010年（平成22年）,4.65MB,A27-10_34_GML.zip
山口,世界測地系,2023年（令和5年）,3.8MB,A27-23_35_GML.zip
山口,世界測地系,2021年（令和3年）,3.34MB,A27-21_35_GML.zip
山口,世界測地系,2016年（平成28年）,3.13MB,A27-16_35_GML.zip
山口,世界測地系,2010年（平成22年）,4.52MB,A27-10_35_GML.zip
四国地方,世界測地系,2023年（令和5年）,13.94MB,A27-23_58_GML.zip
四国地方,世界測地系,2021年（令和3年）,10.5MB,A27-21_58_GML.zip
徳島,世界測地系,2023年（令和5年）,2.03MB,A27-23_36_GML.zip
徳島,世界測地系,2021年（令和3年）,2.00MB,A27-21_36_GML.zip
徳島,世界測地系,2016年（平成28年）,1.12MB,A27-16_36_GML.zip
徳島,世界測地系,2010年（平成22年）,1.64MB,A27-10_36_GML.zip
香川,世界測地系,2023年（令和5年）,8.54MB,A27-23_37_GML.zip
香川,世界測地系,2021年（令和3年）,2.00MB,A27-21_37_GML.zip
香川,世界測地系,2016年（平成28年）,1.42MB,A27-16_37_GML.zip
香川,世界測地系,2010年（平成22年）,2.65MB,A27-10_37_GML.zip
愛媛,世界測地系,2023年（令和5年）,18.49MB,A27-23_38_GML.zip
愛媛,世界測地系,2021年（令和3年）,4.57MB,A27-21_38_GML.zip
愛媛,世界測地系,2016年（平成28年）,2.85MB,A27-16_38_GML.zip
愛媛,世界測地系,2010年（平成22年）,3.71MB,A27-10_38_GML.zip
高知,世界測地系,2023年（令和5年）,15.34MB,A27-23_39_GML.zip
高知,世界測地系,2021年（令和3年）,4.05MB,A27-21_39_GML.zip
高知,世界測地系,2016年（平成28年）,2.65MB,A27-16_39_GML.zip
高知,世界測地系,2010年（平成22年）,3.18MB,A27-10_39_GML.zip
九州地方,世界測地系,2023年（令和5年）,37.42MB,A27-23_59_GML.zip
九州地方,世界測地系,2021年（令和3年）,32.6MB,A27-21_59_GML.zip
福岡,世界測地系,2023年（令和5年）,3.78MB,A27-23_40_GML.zip
福岡,世界測地系,2021年（令和3年）,2.98MB,A27-21_40_GML.zip
福岡,世界測地系,2016年（平成28年）,2.21MB,A27-16_40_GML.zip
福岡,世界測地系,2010年（平成22年）,4.82MB,A27-10_40_GML.zip
佐賀,世界測地系,2023年（令和5年）,2.14MB,A27-23_41_GML.zip
佐賀,世界測地系,2021年（令和3年）,1.96MB,A27-21_41_GML.zip
佐賀,世界測地系,2016年（平成28年）,1.45MB,A27-16_41_GML.zip
佐賀,世界測地系,2010年（平成22年）,1.59MB,A27-10_41_GML.zip
長崎,世界測地系,2023年（令和5年）,34.89MB,A27-23_42_GML.zip
長崎,世界測地系,2021年（令和3年）,8.70MB,A27-21_42_GML.zip
長崎,世界測地系,2016年（平成28年）,5.65MB,A27-16_42_GML.zip
長崎,世界測地系,2010年（平成22年）,7.46MB,A27-10_42_GML.zip
熊本,世界測地系,2023年（令和5年）,5.26MB,A27-23_43_GML.zip
熊本,世界測地系,2021年（令和3年）,4.62MB,A27-21_43_GML.zip
熊本,世界測地系,2016年（平成28年）,3.49MB,A27-16_43_GML.zip
熊本,世界測地系,2010年（平成22年）,4.13MB,A27-10_43_GML.zip
大分,世界測地系,2023年（令和5年）,3.91MB,A27-23_44_GML.zip
大分,世界測地系,2021年（令和3年）,3.53MB,A27-21_44_GML.zip
大分,世界測地系,2016年（平成28年）,2.42MB,A27-16_44_GML.zip
大分,世界測地系,2010年（平成22年）,2.91MB,A27-10_44_GML.zip
宮崎,世界測地系,2023年（令和5年）,3.94MB,A27-23_45_GML.zip
宮崎,世界測地系,2021年（令和3年）,2.99MB,A27-21_45_GML.zip
宮崎,世界測地系,2016年（平成28年）,2.63MB,A27-16_45_GML.zip
宮崎,世界測地系,2010年（平成22年）,2.81MB,A27-10_45_GML.zip
鹿児島,世界測地系,2023年（令和5年）,33.18MB,A27-23_46_GML.zip
鹿児島,世界測地系,2021年（令和3年）,8.21MB,A27-21_46_GML.zip
鹿児島,世界測地系,2016年（平成28年）,6.20MB,A27-16_46_GML.zip
鹿児島,世界測地系,2010年（平成22年）,7.28MB,A27-10_46_GML.zip
沖縄,世界測地系,2023年（令和5年）,11.33MB,A27-23_47_GML.zip
沖縄,世界測地系,2021年（令和3年）,3.12MB,A27-21_47_GML.zip
沖縄,世界測地系,2016年（平成28年）,2.31MB,A27-16_47_GML.zip
沖縄,世界測地系,2010年（平成22年）,2.63MB,A27-10_47_GML.zip