[{"filename": "A27-23_GML.zip", "url": "https://nlftp.mlit.go.jp/ksj/gml/data/A27/A27-23/A27-23_GML.zip"}, {"filename": "A27-23_01_GML.zip", "url": "https://nlftp.mlit.go.jp/ksj/gml/data/A27/A27-23/A27-23_01_GML.zip"}, {"filename": "A27-21_01_GML.zip", "url": "https://nlftp.mlit.go.jp/ksj/gml/data/A27/A27-21/A27-21_01_GML.zip"}, {"filename": "A27-16_01_GML.zip", "url": "https://nlftp.mlit.go.jp/ksj/gml/data/A27/A27-16/A27-16_01_GML.zip"}, {"filename": "A27-10_01_GML.zip", "url": "https://nlftp.mlit.go.jp/ksj/gml/data/A27/A27-10/A27-10_01_GML.zip"}, {"filename": "A27-23_52_GML.zip", "url": "https://nlftp.mlit.go.jp/ksj/gml/data/A27/A27-23/A27-23_52_GML.zip"}, {"filename": "A27-21_52_GML.zip", "url": "https://nlftp.mlit.go.jp/ksj/gml/data/A27/A27-21/A27-21_52_GML.zip"}, {"filename": "A27-23_02_GML.zip", "url": "https://nlftp.mlit.go.jp/ksj/gml/data/A27/A27-23/A27-23_02_GML.zip"}, {"filename": "A27-21_02_GML.zip", "url": "https://nlftp.mlit.go.jp/ksj/gml/data/A27/A27-21/A27-21_02_GML.zip"}, {"filename": "A27-16_02_GML.zip", "url": "https://nlftp.mlit.go.jp/ksj/gml/data/A27/A27-16/A27-16_02_GML.zip"}, {"filename": "A27-10_02_GML.zip", "url": "https://nlftp.mlit.go.jp/ksj/gml/data/A27/A27-10/A27-10_02_GML.zip"}, {"filename": "A27-23_03_GML.zip", "url": "https://nlftp.mlit.go.jp/ksj/gml/data/A27/A27-23/A27-23_03_GML.zip"}, {"filename": "A27-21_03_GML.zip", "url": "https://nlftp.mlit.go.jp/ksj/gml/data/A27/A27-21/A27-21_03_GML.zip"}, {"filename": "A27-16_03_GML.zip", "url": "https://nlftp.mlit.go.jp/ksj/gml/data/A27/A27-16/A27-16_03_GML.zip"}, {"filename": "A27-10_03_GML.zip", "url": "https://nlftp.mlit.go.jp/ksj/gml/data/A27/A27-10/A27-10_03_GML.zip"}, {"filename": "A27-23_04_GML.zip", "url": "https://nlftp.mlit.go.jp/ksj/gml/data/A27/A27-23/A27-23_04_GML.zip"}, {"filename": "A27-21_04_GML.zip", "url": "https://nlftp.mlit.go.jp/ksj/gml/data/A27/A27-21/A27-21_04_GML.zip"}, {"filename": "A27-16_04_GML.zip", "url": "https://nlftp.mlit.go.jp/ksj/gml/data/A27/A27-16/A27-16_04_GML.zip"}, {"filename": "A27-10_04_GML.zip", "url": "https://nlftp.mlit.go.jp/ksj/gml/data/A27/A27-10/A27-10_04_GML.zip"}, {"filename": "A27-23_05_GML.zip", "url": "https://nlftp.mlit.go.jp/ksj/gml/data/A27/A27-23/A27-23_05_GML.zip"}, {"filename": "A27-21_05_GML.zip", "url": "https://nlftp.mlit.go.jp/ksj/gml/data/A27/A27-21/A27-21_05_GML.zip"}, {"filename": "A27-16_05_GML.zip", "url": "https://nlftp.mlit.go.jp/ksj/gml/data/A27/A27-16/A27-16_05_GML.zip"}, {"filename": "A27-10_05_GML.zip", "url": "https://nlftp.mlit.go.jp/ksj/gml/data/A27/A27-10/A27-10_05_GML.zip"}, {"filename": "A27-23_06_GML.zip", "url": "https://nlftp.mlit.go.jp/ksj/gml/data/A27/A27-23/A27-23_06_GML.zip"}, {"filename": "A27-21_06_GML.zip", "url": "https://nlftp.mlit.go.jp/ksj/gml/data/A27/A27-21/A27-21_06_GML.zip"}, {"filename": "A27-16_06_GML.zip", "url": "https://nlftp.mlit.go.jp/ksj/gml/data/A27/A27-16/A27-16_06_GML.zip"}, {"filename": "A27-10_06_GML.zip", "url": "https://nlftp.mlit.go.jp/ksj/gml/data/A27/A27-10/A27-10_06_GML.zip"}, {"filename": "A27-23_07_GML.zip", "url": "https://nlftp.mlit.go.jp/ksj/gml/data/A27/A27-23/A27-23_07_GML.zip"}, {"filename": "A27-21_07_GML.zip", "url": "https://nlftp.mlit.go.jp/ksj/gml/data/A27/A27-21/A27-21_07_GML.zip"}, {"filename": "A27-16_07_GML.zip", "url": "https://nlftp.mlit.go.jp/ksj/gml/data/A27/A27-16/A27-16_07_GML.zip"}, {"filename": "A27-10_07_GML.zip", "url": "https://nlftp.mlit.go.jp/ksj/gml/data/A27/A27-10/A27-10_07_GML.zip"}, {"filename": "A27-23_53_GML.zip", "url": "https://nlftp.mlit.go.jp/ksj/gml/data/A27/A27-23/A27-23_53_GML.zip"}, {"filename": "A27-21_53_GML.zip", "url": "https://nlftp.mlit.go.jp/ksj/gml/data/A27/A27-21/A27-21_53_GML.zip"}, {"filename": "A27-23_08_GML.zip", "url": "https://nlftp.mlit.go.jp/ksj/gml/data/A27/A27-23/A27-23_08_GML.zip"}, {"filename": "A27-21_08_GML.zip", "url": "https://nlftp.mlit.go.jp/ksj/gml/data/A27/A27-21/A27-21_08_GML.zip"}, {"filename": "A27-16_08_GML.zip", "url": "https://nlftp.mlit.go.jp/ksj/gml/data/A27/A27-16/A27-16_08_GML.zip"}, {"filename": "A27-10_08_GML.zip", "url": "https://nlftp.mlit.go.jp/ksj/gml/data/A27/A27-10/A27-10_08_GML.zip"}, {"filename": "A27-23_09_GML.zip", "url": "https://nlftp.mlit.go.jp/ksj/gml/data/A27/A27-23/A27-23_09_GML.zip"}, {"filename": "A27-21_09_GML.zip", "url": "https://nlftp.mlit.go.jp/ksj/gml/data/A27/A27-21/A27-21_09_GML.zip"}, {"filename": "A27-16_09_GML.zip", "url": "https://nlftp.mlit.go.jp/ksj/gml/data/A27/A27-16/A27-16_09_GML.zip"}, {"filename": "A27-10_09_GML.zip", "url": "https://nlftp.mlit.go.jp/ksj/gml/data/A27/A27-10/A27-10_09_GML.zip"}, {"filename": "A27-23_10_GML.zip", "url": "https://nlftp.mlit.go.jp/ksj/gml/data/A27/A27-23/A27-23_10_GML.zip"}, {"filename": "A27-21_10_GML.zip", "url": "https://nlftp.mlit.go.jp/ksj/gml/data/A27/A27-21/A27-21_10_GML.zip"}, {"filename": "A27-16_10_GML.zip", "url": "https://nlftp.mlit.go.jp/ksj/gml/data/A27/A27-16/A27-16_10_GML.zip"}, {"filename": "A27-10_10_GML.zip", "url": "https://nlftp.mlit.go.jp/ksj/gml/data/A27/A27-10/A27-10_10_GML.zip"}, {"filename": "A27-23_11_GML.zip", "url": "https://nlftp.mlit.go.jp/ksj/gml/data/A27/A27-23/A27-23_11_GML.zip"}, {"filename": "A27-21_11_GML.zip", "url": "https://nlftp.mlit.go.jp/ksj/gml/data/A27/A27-21/A27-21_11_GML.zip"}, {"filename": "A27-16_11_GML.zip", "url": "https://nlftp.mlit.go.jp/ksj/gml/data/A27/A27-16/A27-16_11_GML.zip"}, {"filename": "A27-10_11_GML.zip", "url": "https://nlftp.mlit.go.jp/ksj/gml/data/A27/A27-10/A27-10_11_GML.zip"}, {"filename": "A27-23_12_GML.zip", "url": "https://nlftp.mlit.go.jp/ksj/gml/data/A27/A27-23/A27-23_12_GML.zip"}, {"filename": "A27-21_12_GML.zip", "url": "https://nlftp.mlit.go.jp/ksj/gml/data/A27/A27-21/A27-21_12_GML.zip"}, {"filename": "A27-16_12_GML.zip", "url": "https://nlftp.mlit.go.jp/ksj/gml/data/A27/A27-16/A27-16_12_GML.zip"}, {"filename": "A27-10_12_GML.zip", "url": "https://nlftp.mlit.go.jp/ksj/gml/data/A27/A27-10/A27-10_12_GML.zip"}, {"filename": "A27-23_13_GML.zip", "url": "https://nlftp.mlit.go.jp/ksj/gml/data/A27/A27-23/A27-23_13_GML.zip"}, {"filename": "A27-21_13_GML.zip", "url": "https://nlftp.mlit.go.jp/ksj/gml/data/A27/A27-21/A27-21_13_GML.zip"}, {"filename": "A27-16_13_GML.zip", "url": "https://nlftp.mlit.go.jp/ksj/gml/data/A27/A27-16/A27-16_13_GML.zip"}, {"filename": "A27-10_13_GML.zip", "url": "https://nlftp.mlit.go.jp/ksj/gml/data/A27/A27-10/A27-10_13_GML.zip"}, {"filename": "A27-23_14_GML.zip", "url": "https://nlftp.mlit.go.jp/ksj/gml/data/A27/A27-23/A27-23_14_GML.zip"}, {"filename": "A27-21_14_GML.zip", "url": "https://nlftp.mlit.go.jp/ksj/gml/data/A27/A27-21/A27-21_14_GML.zip"}, {"filename": "A27-16_14_GML.zip", "url": "https://nlftp.mlit.go.jp/ksj/gml/data/A27/A27-16/A27-16_14_GML.zip"}, {"filename": "A27-10_14_GML.zip", "url": "https://nlftp.mlit.go.jp/ksj/gml/data/A27/A27-10/A27-10_14_GML.zip"}, {"filename": "A27-23_54_GML.zip", "url": "https://nlftp.mlit.go.jp/ksj/gml/data/A27/A27-23/A27-23_54_GML.zip"}, {"filename": "A27-21_54_GML.zip", "url": "https://nlftp.mlit.go.jp/ksj/gml/data/A27/A27-21/A27-21_54_GML.zip"}, {"filename": "A27-23_15_GML.zip", "url": "https://nlftp.mlit.go.jp/ksj/gml/data/A27/A27-23/A27-23_15_GML.zip"}, {"filename": "A27-21_15_GML.zip", "url": "https://nlftp.mlit.go.jp/ksj/gml/data/A27/A27-21/A27-21_15_GML.zip"}, {"filename": "A27-16_15_GML.zip", "url": "https://nlftp.mlit.go.jp/ksj/gml/data/A27/A27-16/A27-16_15_GML.zip"}, {"filename": "A27-10_15_GML.zip", "url": "https://nlftp.mlit.go.jp/ksj/gml/data/A27/A27-10/A27-10_15_GML.zip"}, {"filename": "A27-23_16_GML.zip", "url": "https://nlftp.mlit.go.jp/ksj/gml/data/A27/A27-23/A27-23_16_GML.zip"}, {"filename": "A27-21_16_GML.zip", "url": "https://nlftp.mlit.go.jp/ksj/gml/data/A27/A27-21/A27-21_16_GML.zip"}, {"filename": "A27-16_16_GML.zip", "url": "https://nlftp.mlit.go.jp/ksj/gml/data/A27/A27-16/A27-16_16_GML.zip"}, {"filename": "A27-10_16_GML.zip", "url": "https://nlftp.mlit.go.jp/ksj/gml/data/A27/A27-10/A27-10_16_GML.zip"}, {"filename": "A27-23_17_GML.zip", "url": "https://nlftp.mlit.go.jp/ksj/gml/data/A27/A27-23/A27-23_17_GML.zip"}, {"filename": "A27-21_17_GML.zip", "url": "https://nlftp.mlit.go.jp/ksj/gml/data/A27/A27-21/A27-21_17_GML.zip"}, {"filename": "A27-16_17_GML.zip", "url": "https://nlftp.mlit.go.jp/ksj/gml/data/A27/A27-16/A27-16_17_GML.zip"}, {"filename": "A27-10_17_GML.zip", "url": "https://nlftp.mlit.go.jp/ksj/gml/data/A27/A27-10/A27-10_17_GML.zip"}, {"filename": "A27-23_18_GML.zip", "url": "https://nlftp.mlit.go.jp/ksj/gml/data/A27/A27-23/A27-23_18_GML.zip"}, {"filename": "A27-21_18_GML.zip", "url": "https://nlftp.mlit.go.jp/ksj/gml/data/A27/A27-21/A27-21_18_GML.zip"}, {"filename": "A27-16_18_GML.zip", "url": "https://nlftp.mlit.go.jp/ksj/gml/data/A27/A27-16/A27-16_18_GML.zip"}, {"filename": "A27-10_18_GML.zip", "url": "https://nlftp.mlit.go.jp/ksj/gml/data/A27/A27-10/A27-10_18_GML.zip"}, {"filename": "A27-23_19_GML.zip", "url": "https://nlftp.mlit.go.jp/ksj/gml/data/A27/A27-23/A27-23_19_GML.zip"}, {"filename": "A27-21_19_GML.zip", "url": "https://nlftp.mlit.go.jp/ksj/gml/data/A27/A27-21/A27-21_19_GML.zip"}, {"filename": "A27-16_19_GML.zip", "url": "https://nlftp.mlit.go.jp/ksj/gml/data/A27/A27-16/A27-16_19_GML.zip"}, {"filename": "A27-10_19_GML.zip", "url": "https://nlftp.mlit.go.jp/ksj/gml/data/A27/A27-10/A27-10_19_GML.zip"}, {"filename": "A27-23_20_GML.zip", "url": "https://nlftp.mlit.go.jp/ksj/gml/data/A27/A27-23/A27-23_20_GML.zip"}, {"filename": "A27-21_20_GML.zip", "url": "https://nlftp.mlit.go.jp/ksj/gml/data/A27/A27-21/A27-21_20_GML.zip"}, {"filename": "A27-16_20_GML.zip", "url": "https://nlftp.mlit.go.jp/ksj/gml/data/A27/A27-16/A27-16_20_GML.zip"}, {"filename": "A27-10_20_GML.zip", "url": "https://nlftp.mlit.go.jp/ksj/gml/data/A27/A27-10/A27-10_20_GML.zip"}, {"filename": "A27-23_55_GML.zip", "url": "https://nlftp.mlit.go.jp/ksj/gml/data/A27/A27-23/A27-23_55_GML.zip"}, {"filename": "A27-21_55_GML.zip", "url": "https://nlftp.mlit.go.jp/ksj/gml/data/A27/A27-21/A27-21_55_GML.zip"}, {"filename": "A27-23_21_GML.zip", "url": "https://nlftp.mlit.go.jp/ksj/gml/data/A27/A27-23/A27-23_21_GML.zip"}, {"filename": "A27-21_21_GML.zip", "url": "https://nlftp.mlit.go.jp/ksj/gml/data/A27/A27-21/A27-21_21_GML.zip"}, {"filename": "A27-16_21_GML.zip", "url": "https://nlftp.mlit.go.jp/ksj/gml/data/A27/A27-16/A27-16_21_GML.zip"}, {"filename": "A27-10_21_GML.zip", "url": "https://nlftp.mlit.go.jp/ksj/gml/data/A27/A27-10/A27-10_21_GML.zip"}, {"filename": "A27-23_22_GML.zip", "url": "https://nlftp.mlit.go.jp/ksj/gml/data/A27/A27-23/A27-23_22_GML.zip"}, {"filename": "A27-21_22_GML.zip", "url": "https://nlftp.mlit.go.jp/ksj/gml/data/A27/A27-21/A27-21_22_GML.zip"}, {"filename": "A27-16_22_GML.zip", "url": "https://nlftp.mlit.go.jp/ksj/gml/data/A27/A27-16/A27-16_22_GML.zip"}, {"filename": "A27-10_22_GML.zip", "url": "https://nlftp.mlit.go.jp/ksj/gml/data/A27/A27-10/A27-10_22_GML.zip"}, {"filename": "A27-23_23_GML.zip", "url": "https://nlftp.mlit.go.jp/ksj/gml/data/A27/A27-23/A27-23_23_GML.zip"}, {"filename": "A27-21_23_GML.zip", "url": "https://nlftp.mlit.go.jp/ksj/gml/data/A27/A27-21/A27-21_23_GML.zip"}, {"filename": "A27-16_23_GML.zip", "url": "https://nlftp.mlit.go.jp/ksj/gml/data/A27/A27-16/A27-16_23_GML.zip"}, {"filename": "A27-10_23_GML.zip", "url": "https://nlftp.mlit.go.jp/ksj/gml/data/A27/A27-10/A27-10_23_GML.zip"}, {"filename": "A27-23_24_GML.zip", "url": "https://nlftp.mlit.go.jp/ksj/gml/data/A27/A27-23/A27-23_24_GML.zip"}, {"filename": "A27-21_24_GML.zip", "url": "https://nlftp.mlit.go.jp/ksj/gml/data/A27/A27-21/A27-21_24_GML.zip"}, {"filename": "A27-16_24_GML.zip", "url": "https://nlftp.mlit.go.jp/ksj/gml/data/A27/A27-16/A27-16_24_GML.zip"}, {"filename": "A27-10_24_GML.zip", "url": "https://nlftp.mlit.go.jp/ksj/gml/data/A27/A27-10/A27-10_24_GML.zip"}, {"filename": "A27-23_56_GML.zip", "url": "https://nlftp.mlit.go.jp/ksj/gml/data/A27/A27-23/A27-23_56_GML.zip"}, {"filename": "A27-21_56_GML.zip", "url": "https://nlftp.mlit.go.jp/ksj/gml/data/A27/A27-21/A27-21_56_GML.zip"}, {"filename": "A27-23_25_GML.zip", "url": "https://nlftp.mlit.go.jp/ksj/gml/data/A27/A27-23/A27-23_25_GML.zip"}, {"filename": "A27-21_25_GML.zip", "url": "https://nlftp.mlit.go.jp/ksj/gml/data/A27/A27-21/A27-21_25_GML.zip"}, {"filename": "A27-16_25_GML.zip", "url": "https://nlftp.mlit.go.jp/ksj/gml/data/A27/A27-16/A27-16_25_GML.zip"}, {"filename": "A27-10_25_GML.zip", "url": "https://nlftp.mlit.go.jp/ksj/gml/data/A27/A27-10/A27-10_25_GML.zip"}, {"filename": "A27-23_26_GML.zip", "url": "https://nlftp.mlit.go.jp/ksj/gml/data/A27/A27-23/A27-23_26_GML.zip"}, {"filename": "A27-21_26_GML.zip", "url": "https://nlftp.mlit.go.jp/ksj/gml/data/A27/A27-21/A27-21_26_GML.zip"}, {"filename": "A27-16_26_GML.zip", "url": "https://nlftp.mlit.go.jp/ksj/gml/data/A27/A27-16/A27-16_26_GML.zip"}, {"filename": "A27-10_26_GML.zip", "url": "https://nlftp.mlit.go.jp/ksj/gml/data/A27/A27-10/A27-10_26_GML.zip"}, {"filename": "A27-23_27_GML.zip", "url": "https://nlftp.mlit.go.jp/ksj/gml/data/A27/A27-23/A27-23_27_GML.zip"}, {"filename": "A27-21_27_GML.zip", "url": "https://nlftp.mlit.go.jp/ksj/gml/data/A27/A27-21/A27-21_27_GML.zip"}, {"filename": "A27-16_27_GML.zip", "url": "https://nlftp.mlit.go.jp/ksj/gml/data/A27/A27-16/A27-16_27_GML.zip"}, {"filename": "A27-10_27_GML.zip", "url": "https://nlftp.mlit.go.jp/ksj/gml/data/A27/A27-10/A27-10_27_GML.zip"}, {"filename": "A27-23_28_GML.zip", "url": "https://nlftp.mlit.go.jp/ksj/gml/data/A27/A27-23/A27-23_28_GML.zip"}, {"filename": "A27-21_28_GML.zip", "url": "https://nlftp.mlit.go.jp/ksj/gml/data/A27/A27-21/A27-21_28_GML.zip"}, {"filename": "A27-16_28_GML.zip", "url": "https://nlftp.mlit.go.jp/ksj/gml/data/A27/A27-16/A27-16_28_GML.zip"}, {"filename": "A27-10_28_GML.zip", "url": "https://nlftp.mlit.go.jp/ksj/gml/data/A27/A27-10/A27-10_28_GML.zip"}, {"filename": "A27-23_29_GML.zip", "url": "https://nlftp.mlit.go.jp/ksj/gml/data/A27/A27-23/A27-23_29_GML.zip"}, {"filename": "A27-21_29_GML.zip", "url": "https://nlftp.mlit.go.jp/ksj/gml/data/A27/A27-21/A27-21_29_GML.zip"}, {"filename": "A27-16_29_GML.zip", "url": "https://nlftp.mlit.go.jp/ksj/gml/data/A27/A27-16/A27-16_29_GML.zip"}, {"filename": "A27-10_29_GML.zip", "url": "https://nlftp.mlit.go.jp/ksj/gml/data/A27/A27-10/A27-10_29_GML.zip"}, {"filename": "A27-23_30_GML.zip", "url": "https://nlftp.mlit.go.jp/ksj/gml/data/A27/A27-23/A27-23_30_GML.zip"}, {"filename": "A27-21_30_GML.zip", "url": "https://nlftp.mlit.go.jp/ksj/gml/data/A27/A27-21/A27-21_30_GML.zip"}, {"filename": "A27-16_30_GML.zip", "url": "https://nlftp.mlit.go.jp/ksj/gml/data/A27/A27-16/A27-16_30_GML.zip"}, {"filename": "A27-10_30_GML.zip", "url": "https://nlftp.mlit.go.jp/ksj/gml/data/A27/A27-10/A27-10_30_GML.zip"}, {"filename": "A27-23_57_GML.zip", "url": "https://nlftp.mlit.go.jp/ksj/gml/data/A27/A27-23/A27-23_57_GML.zip"}, {"filename": "A27-21_57_GML.zip", "url": "https://nlftp.mlit.go.jp/ksj/gml/data/A27/A27-21/A27-21_57_GML.zip"}, {"filename": "A27-23_31_GML.zip", "url": "https://nlftp.mlit.go.jp/ksj/gml/data/A27/A27-23/A27-23_31_GML.zip"}, {"filename": "A27-21_31_GML.zip", "url": "https://nlftp.mlit.go.jp/ksj/gml/data/A27/A27-21/A27-21_31_GML.zip"}, {"filename": "A27-16_31_GML.zip", "url": "https://nlftp.mlit.go.jp/ksj/gml/data/A27/A27-16/A27-16_31_GML.zip"}, {"filename": "A27-10_31_GML.zip", "url": "https://nlftp.mlit.go.jp/ksj/gml/data/A27/A27-10/A27-10_31_GML.zip"}, {"filename": "A27-23_32_GML.zip", "url": "https://nlftp.mlit.go.jp/ksj/gml/data/A27/A27-23/A27-23_32_GML.zip"}, {"filename": "A27-21_32_GML.zip", "url": "https://nlftp.mlit.go.jp/ksj/gml/data/A27/A27-21/A27-21_32_GML.zip"}, {"filename": "A27-16_32_GML.zip", "url": "https://nlftp.mlit.go.jp/ksj/gml/data/A27/A27-16/A27-16_32_GML.zip"}, {"filename": "A27-10_32_GML.zip", "url": "https://nlftp.mlit.go.jp/ksj/gml/data/A27/A27-10/A27-10_32_GML.zip"}, {"filename": "A27-23_33_GML.zip", "url": "https://nlftp.mlit.go.jp/ksj/gml/data/A27/A27-23/A27-23_33_GML.zip"}, {"filename": "A27-21_33_GML.zip", "url": "https://nlftp.mlit.go.jp/ksj/gml/data/A27/A27-21/A27-21_33_GML.zip"}, {"filename": "A27-16_33_GML.zip", "url": "https://nlftp.mlit.go.jp/ksj/gml/data/A27/A27-16/A27-16_33_GML.zip"}, {"filename": "A27-10_33_GML.zip", "url": "https://nlftp.mlit.go.jp/ksj/gml/data/A27/A27-10/A27-10_33_GML.zip"}, {"filename": "A27-23_34_GML.zip", "url": "https://nlftp.mlit.go.jp/ksj/gml/data/A27/A27-23/A27-23_34_GML.zip"}, {"filename": "A27-21_34_GML.zip", "url": "https://nlftp.mlit.go.jp/ksj/gml/data/A27/A27-21/A27-21_34_GML.zip"}, {"filename": "A27-16_34_GML.zip", "url": "https://nlftp.mlit.go.jp/ksj/gml/data/A27/A27-16/A27-16_34_GML.zip"}, {"filename": "A27-10_34_GML.zip", "url": "https://nlftp.mlit.go.jp/ksj/gml/data/A27/A27-10/A27-10_34_GML.zip"}, {"filename": "A27-23_35_GML.zip", "url": "https://nlftp.mlit.go.jp/ksj/gml/data/A27/A27-23/A27-23_35_GML.zip"}, {"filename": "A27-21_35_GML.zip", "url": "https://nlftp.mlit.go.jp/ksj/gml/data/A27/A27-21/A27-21_35_GML.zip"}, {"filename": "A27-16_35_GML.zip", "url": "https://nlftp.mlit.go.jp/ksj/gml/data/A27/A27-16/A27-16_35_GML.zip"}, {"filename": "A27-10_35_GML.zip", "url": "https://nlftp.mlit.go.jp/ksj/gml/data/A27/A27-10/A27-10_35_GML.zip"}, {"filename": "A27-23_58_GML.zip", "url": "https://nlftp.mlit.go.jp/ksj/gml/data/A27/A27-23/A27-23_58_GML.zip"}, {"filename": "A27-21_58_GML.zip", "url": "https://nlftp.mlit.go.jp/ksj/gml/data/A27/A27-21/A27-21_58_GML.zip"}, {"filename": "A27-23_36_GML.zip", "url": "https://nlftp.mlit.go.jp/ksj/gml/data/A27/A27-23/A27-23_36_GML.zip"}, {"filename": "A27-21_36_GML.zip", "url": "https://nlftp.mlit.go.jp/ksj/gml/data/A27/A27-21/A27-21_36_GML.zip"}, {"filename": "A27-16_36_GML.zip", "url": "https://nlftp.mlit.go.jp/ksj/gml/data/A27/A27-16/A27-16_36_GML.zip"}, {"filename": "A27-10_36_GML.zip", "url": "https://nlftp.mlit.go.jp/ksj/gml/data/A27/A27-10/A27-10_36_GML.zip"}, {"filename": "A27-23_37_GML.zip", "url": "https://nlftp.mlit.go.jp/ksj/gml/data/A27/A27-23/A27-23_37_GML.zip"}, {"filename": "A27-21_37_GML.zip", "url": "https://nlftp.mlit.go.jp/ksj/gml/data/A27/A27-21/A27-21_37_GML.zip"}, {"filename": "A27-16_37_GML.zip", "url": "https://nlftp.mlit.go.jp/ksj/gml/data/A27/A27-16/A27-16_37_GML.zip"}, {"filename": "A27-10_37_GML.zip", "url": "https://nlftp.mlit.go.jp/ksj/gml/data/A27/A27-10/A27-10_37_GML.zip"}, {"filename": "A27-23_38_GML.zip", "url": "https://nlftp.mlit.go.jp/ksj/gml/data/A27/A27-23/A27-23_38_GML.zip"}, {"filename": "A27-21_38_GML.zip", "url": "https://nlftp.mlit.go.jp/ksj/gml/data/A27/A27-21/A27-21_38_GML.zip"}, {"filename": "A27-16_38_GML.zip", "url": "https://nlftp.mlit.go.jp/ksj/gml/data/A27/A27-16/A27-16_38_GML.zip"}, {"filename": "A27-10_38_GML.zip", "url": "https://nlftp.mlit.go.jp/ksj/gml/data/A27/A27-10/A27-10_38_GML.zip"}, {"filename": "A27-23_39_GML.zip", "url": "https://nlftp.mlit.go.jp/ksj/gml/data/A27/A27-23/A27-23_39_GML.zip"}, {"filename": "A27-21_39_GML.zip", "url": "https://nlftp.mlit.go.jp/ksj/gml/data/A27/A27-21/A27-21_39_GML.zip"}, {"filename": "A27-16_39_GML.zip", "url": "https://nlftp.mlit.go.jp/ksj/gml/data/A27/A27-16/A27-16_39_GML.zip"}, {"filename": "A27-10_39_GML.zip", "url": "https://nlftp.mlit.go.jp/ksj/gml/data/A27/A27-10/A27-10_39_GML.zip"}, {"filename": "A27-23_59_GML.zip", "url": "https://nlftp.mlit.go.jp/ksj/gml/data/A27/A27-23/A27-23_59_GML.zip"}, {"filename": "A27-21_59_GML.zip", "url": "https://nlftp.mlit.go.jp/ksj/gml/data/A27/A27-21/A27-21_59_GML.zip"}, {"filename": "A27-23_40_GML.zip", "url": "https://nlftp.mlit.go.jp/ksj/gml/data/A27/A27-23/A27-23_40_GML.zip"}, {"filename": "A27-21_40_GML.zip", "url": "https://nlftp.mlit.go.jp/ksj/gml/data/A27/A27-21/A27-21_40_GML.zip"}, {"filename": "A27-16_40_GML.zip", "url": "https://nlftp.mlit.go.jp/ksj/gml/data/A27/A27-16/A27-16_40_GML.zip"}, {"filename": "A27-10_40_GML.zip", "url": "https://nlftp.mlit.go.jp/ksj/gml/data/A27/A27-10/A27-10_40_GML.zip"}, {"filename": "A27-23_41_GML.zip", "url": "https://nlftp.mlit.go.jp/ksj/gml/data/A27/A27-23/A27-23_41_GML.zip"}, {"filename": "A27-21_41_GML.zip", "url": "https://nlftp.mlit.go.jp/ksj/gml/data/A27/A27-21/A27-21_41_GML.zip"}, {"filename": "A27-16_41_GML.zip", "url": "https://nlftp.mlit.go.jp/ksj/gml/data/A27/A27-16/A27-16_41_GML.zip"}, {"filename": "A27-10_41_GML.zip", "url": "https://nlftp.mlit.go.jp/ksj/gml/data/A27/A27-10/A27-10_41_GML.zip"}, {"filename": "A27-23_42_GML.zip", "url": "https://nlftp.mlit.go.jp/ksj/gml/data/A27/A27-23/A27-23_42_GML.zip"}, {"filename": "A27-21_42_GML.zip", "url": "https://nlftp.mlit.go.jp/ksj/gml/data/A27/A27-21/A27-21_42_GML.zip"}, {"filename": "A27-16_42_GML.zip", "url": "https://nlftp.mlit.go.jp/ksj/gml/data/A27/A27-16/A27-16_42_GML.zip"}, {"filename": "A27-10_42_GML.zip", "url": "https://nlftp.mlit.go.jp/ksj/gml/data/A27/A27-10/A27-10_42_GML.zip"}, {"filename": "A27-23_43_GML.zip", "url": "https://nlftp.mlit.go.jp/ksj/gml/data/A27/A27-23/A27-23_43_GML.zip"}, {"filename": "A27-21_43_GML.zip", "url": "https://nlftp.mlit.go.jp/ksj/gml/data/A27/A27-21/A27-21_43_GML.zip"}, {"filename": "A27-16_43_GML.zip", "url": "https://nlftp.mlit.go.jp/ksj/gml/data/A27/A27-16/A27-16_43_GML.zip"}, {"filename": "A27-10_43_GML.zip", "url": "https://nlftp.mlit.go.jp/ksj/gml/data/A27/A27-10/A27-10_43_GML.zip"}, {"filename": "A27-23_44_GML.zip", "url": "https://nlftp.mlit.go.jp/ksj/gml/data/A27/A27-23/A27-23_44_GML.zip"}, {"filename": "A27-21_44_GML.zip", "url": "https://nlftp.mlit.go.jp/ksj/gml/data/A27/A27-21/A27-21_44_GML.zip"}, {"filename": "A27-16_44_GML.zip", "url": "https://nlftp.mlit.go.jp/ksj/gml/data/A27/A27-16/A27-16_44_GML.zip"}, {"filename": "A27-10_44_GML.zip", "url": "https://nlftp.mlit.go.jp/ksj/gml/data/A27/A27-10/A27-10_44_GML.zip"}, {"filename": "A27-23_45_GML.zip", "url": "https://nlftp.mlit.go.jp/ksj/gml/data/A27/A27-23/A27-23_45_GML.zip"}, {"filename": "A27-21_45_GML.zip", "url": "https://nlftp.mlit.go.jp/ksj/gml/data/A27/A27-21/A27-21_45_GML.zip"}, {"filename": "A27-16_45_GML.zip", "url": "https://nlftp.mlit.go.jp/ksj/gml/data/A27/A27-16/A27-16_45_GML.zip"}, {"filename": "A27-10_45_GML.zip", "url": "https://nlftp.mlit.go.jp/ksj/gml/data/A27/A27-10/A27-10_45_GML.zip"}, {"filename": "A27-23_46_GML.zip", "url": "https://nlftp.mlit.go.jp/ksj/gml/data/A27/A27-23/A27-23_46_GML.zip"}, {"filename": "A27-21_46_GML.zip", "url": "https://nlftp.mlit.go.jp/ksj/gml/data/A27/A27-21/A27-21_46_GML.zip"}, {"filename": "A27-16_46_GML.zip", "url": "https://nlftp.mlit.go.jp/ksj/gml/data/A27/A27-16/A27-16_46_GML.zip"}, {"filename": "A27-10_46_GML.zip", "url": "https://nlftp.mlit.go.jp/ksj/gml/data/A27/A27-10/A27-10_46_GML.zip"}, {"filename": "A27-23_47_GML.zip", "url": "https://nlftp.mlit.go.jp/ksj/gml/data/A27/A27-23/A27-23_47_GML.zip"}, {"filename": "A27-21_47_GML.zip", "url": "https://nlftp.mlit.go.jp/ksj/gml/data/A27/A27-21/A27-21_47_GML.zip"}, {"filename": "A27-16_47_GML.zip", "url": "https://nlftp.mlit.go.jp/ksj/gml/data/A27/A27-16/A27-16_47_GML.zip"}, {"filename": "A27-10_47_GML.zip", "url": "https://nlftp.mlit.go.jp/ksj/gml/data/A27/A27-10/A27-10_47_GML.zip"}]