[{"filename": "A29-11_01_GML.zip", "url": "https://nlftp.mlit.go.jp/ksj/gml/data/A29/A29-11/A29-11_01_GML.zip"}, {"filename": "A29-19_01_GML.zip", "url": "https://nlftp.mlit.go.jp/ksj/gml/data/A29/A29-19/A29-19_01_GML.zip"}, {"filename": "A29-11_02_GML.zip", "url": "https://nlftp.mlit.go.jp/ksj/gml/data/A29/A29-11/A29-11_02_GML.zip"}, {"filename": "A29-19_02_GML.zip", "url": "https://nlftp.mlit.go.jp/ksj/gml/data/A29/A29-19/A29-19_02_GML.zip"}, {"filename": "A29-11_03_GML.zip", "url": "https://nlftp.mlit.go.jp/ksj/gml/data/A29/A29-11/A29-11_03_GML.zip"}, {"filename": "A29-19_03_GML.zip", "url": "https://nlftp.mlit.go.jp/ksj/gml/data/A29/A29-19/A29-19_03_GML.zip"}, {"filename": "A29-11_04_GML.zip", "url": "https://nlftp.mlit.go.jp/ksj/gml/data/A29/A29-11/A29-11_04_GML.zip"}, {"filename": "A29-19_04_GML.zip", "url": "https://nlftp.mlit.go.jp/ksj/gml/data/A29/A29-19/A29-19_04_GML.zip"}, {"filename": "A29-11_05_GML.zip", "url": "https://nlftp.mlit.go.jp/ksj/gml/data/A29/A29-11/A29-11_05_GML.zip"}, {"filename": "A29-19_05_GML.zip", "url": "https://nlftp.mlit.go.jp/ksj/gml/data/A29/A29-19/A29-19_05_GML.zip"}, {"filename": "A29-11_06_GML.zip", "url": "https://nlftp.mlit.go.jp/ksj/gml/data/A29/A29-11/A29-11_06_GML.zip"}, {"filename": "A29-19_06_GML.zip", "url": "https://nlftp.mlit.go.jp/ksj/gml/data/A29/A29-19/A29-19_06_GML.zip"}, {"filename": "A29-11_07_GML.zip", "url": "https://nlftp.mlit.go.jp/ksj/gml/data/A29/A29-11/A29-11_07_GML.zip"}, {"filename": "A29-19_07_GML.zip", "url": "https://nlftp.mlit.go.jp/ksj/gml/data/A29/A29-19/A29-19_07_GML.zip"}, {"filename": "A29-11_08_GML.zip", "url": "https://nlftp.mlit.go.jp/ksj/gml/data/A29/A29-11/A29-11_08_GML.zip"}, {"filename": "A29-19_08_GML.zip", "url": "https://nlftp.mlit.go.jp/ksj/gml/data/A29/A29-19/A29-19_08_GML.zip"}, {"filename": "A29-11_09_GML.zip", "url": "https://nlftp.mlit.go.jp/ksj/gml/data/A29/A29-11/A29-11_09_GML.zip"}, {"filename": "A29-19_09_GML.zip", "url": "https://nlftp.mlit.go.jp/ksj/gml/data/A29/A29-19/A29-19_09_GML.zip"}, {"filename": "A29-11_10_GML.zip", "url": "https://nlftp.mlit.go.jp/ksj/gml/data/A29/A29-11/A29-11_10_GML.zip"}, {"filename": "A29-19_10_GML.zip", "url": "https://nlftp.mlit.go.jp/ksj/gml/data/A29/A29-19/A29-19_10_GML.zip"}, {"filename": "A29-11_11_GML.zip", "url": "https://nlftp.mlit.go.jp/ksj/gml/data/A29/A29-11/A29-11_11_GML.zip"}, {"filename": "A29-19_11_GML.zip", "url": "https://nlftp.mlit.go.jp/ksj/gml/data/A29/A29-19/A29-19_11_GML.zip"}, {"filename": "A29-11_12_GML.zip", "url": "https://nlftp.mlit.go.jp/ksj/gml/data/A29/A29-11/A29-11_12_GML.zip"}, {"filename": "A29-19_12_GML.zip", "url": "https://nlftp.mlit.go.jp/ksj/gml/data/A29/A29-19/A29-19_12_GML.zip"}, {"filename": "A29-11_13_GML.zip", "url": "https://nlftp.mlit.go.jp/ksj/gml/data/A29/A29-11/A29-11_13_GML.zip"}, {"filename": "A29-19_13_GML.zip", "url": "https://nlftp.mlit.go.jp/ksj/gml/data/A29/A29-19/A29-19_13_GML.zip"}, {"filename": "A29-11_14_GML.zip", "url": "https://nlftp.mlit.go.jp/ksj/gml/data/A29/A29-11/A29-11_14_GML.zip"}, {"filename": "A29-19_14_GML.zip", "url": "https://nlftp.mlit.go.jp/ksj/gml/data/A29/A29-19/A29-19_14_GML.zip"}, {"filename": "A29-11_15_GML.zip", "url": "https://nlftp.mlit.go.jp/ksj/gml/data/A29/A29-11/A29-11_15_GML.zip"}, {"filename": "A29-19_15_GML.zip", "url": "https://nlftp.mlit.go.jp/ksj/gml/data/A29/A29-19/A29-19_15_GML.zip"}, {"filename": "A29-11_16_GML.zip", "url": "https://nlftp.mlit.go.jp/ksj/gml/data/A29/A29-11/A29-11_16_GML.zip"}, {"filename": "A29-19_16_GML.zip", "url": "https://nlftp.mlit.go.jp/ksj/gml/data/A29/A29-19/A29-19_16_GML.zip"}, {"filename": "A29-11_17_GML.zip", "url": "https://nlftp.mlit.go.jp/ksj/gml/data/A29/A29-11/A29-11_17_GML.zip"}, {"filename": "A29-19_17_GML.zip", "url": "https://nlftp.mlit.go.jp/ksj/gml/data/A29/A29-19/A29-19_17_GML.zip"}, {"filename": "A29-11_18_GML.zip", "url": "https://nlftp.mlit.go.jp/ksj/gml/data/A29/A29-11/A29-11_18_GML.zip"}, {"filename": "A29-19_18_GML.zip", "url": "https://nlftp.mlit.go.jp/ksj/gml/data/A29/A29-19/A29-19_18_GML.zip"}, {"filename": "A29-11_19_GML.zip", "url": "https://nlftp.mlit.go.jp/ksj/gml/data/A29/A29-11/A29-11_19_GML.zip"}, {"filename": "A29-19_19_GML.zip", "url": "https://nlftp.mlit.go.jp/ksj/gml/data/A29/A29-19/A29-19_19_GML.zip"}, {"filename": "A29-11_20_GML.zip", "url": "https://nlftp.mlit.go.jp/ksj/gml/data/A29/A29-11/A29-11_20_GML.zip"}, {"filename": "A29-19_20_GML.zip", "url": "https://nlftp.mlit.go.jp/ksj/gml/data/A29/A29-19/A29-19_20_GML.zip"}, {"filename": "A29-11_21_GML.zip", "url": "https://nlftp.mlit.go.jp/ksj/gml/data/A29/A29-11/A29-11_21_GML.zip"}, {"filename": "A29-19_21_GML.zip", "url": "https://nlftp.mlit.go.jp/ksj/gml/data/A29/A29-19/A29-19_21_GML.zip"}, {"filename": "A29-11_22_GML.zip", "url": "https://nlftp.mlit.go.jp/ksj/gml/data/A29/A29-11/A29-11_22_GML.zip"}, {"filename": "A29-19_22_GML.zip", "url": "https://nlftp.mlit.go.jp/ksj/gml/data/A29/A29-19/A29-19_22_GML.zip"}, {"filename": "A29-11_23_GML.zip", "url": "https://nlftp.mlit.go.jp/ksj/gml/data/A29/A29-11/A29-11_23_GML.zip"}, {"filename": "A29-19_23_GML.zip", "url": "https://nlftp.mlit.go.jp/ksj/gml/data/A29/A29-19/A29-19_23_GML.zip"}, {"filename": "A29-11_24_GML.zip", "url": "https://nlftp.mlit.go.jp/ksj/gml/data/A29/A29-11/A29-11_24_GML.zip"}, {"filename": "A29-19_24_GML.zip", "url": "https://nlftp.mlit.go.jp/ksj/gml/data/A29/A29-19/A29-19_24_GML.zip"}, {"filename": "A29-11_25_GML.zip", "url": "https://nlftp.mlit.go.jp/ksj/gml/data/A29/A29-11/A29-11_25_GML.zip"}, {"filename": "A29-19_25_GML.zip", "url": "https://nlftp.mlit.go.jp/ksj/gml/data/A29/A29-19/A29-19_25_GML.zip"}, {"filename": "A29-11_26_GML.zip", "url": "https://nlftp.mlit.go.jp/ksj/gml/data/A29/A29-11/A29-11_26_GML.zip"}, {"filename": "A29-19_26_GML.zip", "url": "https://nlftp.mlit.go.jp/ksj/gml/data/A29/A29-19/A29-19_26_GML.zip"}, {"filename": "A29-11_27_GML.zip", "url": "https://nlftp.mlit.go.jp/ksj/gml/data/A29/A29-11/A29-11_27_GML.zip"}, {"filename": "A29-19_27_GML.zip", "url": "https://nlftp.mlit.go.jp/ksj/gml/data/A29/A29-19/A29-19_27_GML.zip"}, {"filename": "A29-11_28_GML.zip", "url": "https://nlftp.mlit.go.jp/ksj/gml/data/A29/A29-11/A29-11_28_GML.zip"}, {"filename": "A29-19_28_GML.zip", "url": "https://nlftp.mlit.go.jp/ksj/gml/data/A29/A29-19/A29-19_28_GML.zip"}, {"filename": "A29-11_29_GML.zip", "url": "https://nlftp.mlit.go.jp/ksj/gml/data/A29/A29-11/A29-11_29_GML.zip"}, {"filename": "A29-19_29_GML.zip", "url": "https://nlftp.mlit.go.jp/ksj/gml/data/A29/A29-19/A29-19_29_GML.zip"}, {"filename": "A29-11_30_GML.zip", "url": "https://nlftp.mlit.go.jp/ksj/gml/data/A29/A29-11/A29-11_30_GML.zip"}, {"filename": "A29-19_30_GML.zip", "url": "https://nlftp.mlit.go.jp/ksj/gml/data/A29/A29-19/A29-19_30_GML.zip"}, {"filename": "A29-11_31_GML.zip", "url": "https://nlftp.mlit.go.jp/ksj/gml/data/A29/A29-11/A29-11_31_GML.zip"}, {"filename": "A29-19_31_GML.zip", "url": "https://nlftp.mlit.go.jp/ksj/gml/data/A29/A29-19/A29-19_31_GML.zip"}, {"filename": "A29-11_32_GML.zip", "url": "https://nlftp.mlit.go.jp/ksj/gml/data/A29/A29-11/A29-11_32_GML.zip"}, {"filename": "A29-19_32_GML.zip", "url": "https://nlftp.mlit.go.jp/ksj/gml/data/A29/A29-19/A29-19_32_GML.zip"}, {"filename": "A29-11_33_GML.zip", "url": "https://nlftp.mlit.go.jp/ksj/gml/data/A29/A29-11/A29-11_33_GML.zip"}, {"filename": "A29-19_33_GML.zip", "url": "https://nlftp.mlit.go.jp/ksj/gml/data/A29/A29-19/A29-19_33_GML.zip"}, {"filename": "A29-11_34_GML.zip", "url": "https://nlftp.mlit.go.jp/ksj/gml/data/A29/A29-11/A29-11_34_GML.zip"}, {"filename": "A29-19_34_GML.zip", "url": "https://nlftp.mlit.go.jp/ksj/gml/data/A29/A29-19/A29-19_34_GML.zip"}, {"filename": "A29-11_35_GML.zip", "url": "https://nlftp.mlit.go.jp/ksj/gml/data/A29/A29-11/A29-11_35_GML.zip"}, {"filename": "A29-19_35_GML.zip", "url": "https://nlftp.mlit.go.jp/ksj/gml/data/A29/A29-19/A29-19_35_GML.zip"}, {"filename": "A29-11_36_GML.zip", "url": "https://nlftp.mlit.go.jp/ksj/gml/data/A29/A29-11/A29-11_36_GML.zip"}, {"filename": "A29-19_36_GML.zip", "url": "https://nlftp.mlit.go.jp/ksj/gml/data/A29/A29-19/A29-19_36_GML.zip"}, {"filename": "A29-11_37_GML.zip", "url": "https://nlftp.mlit.go.jp/ksj/gml/data/A29/A29-11/A29-11_37_GML.zip"}, {"filename": "A29-19_37_GML.zip", "url": "https://nlftp.mlit.go.jp/ksj/gml/data/A29/A29-19/A29-19_37_GML.zip"}, {"filename": "A29-11_38_GML.zip", "url": "https://nlftp.mlit.go.jp/ksj/gml/data/A29/A29-11/A29-11_38_GML.zip"}, {"filename": "A29-19_38_GML.zip", "url": "https://nlftp.mlit.go.jp/ksj/gml/data/A29/A29-19/A29-19_38_GML.zip"}, {"filename": "A29-11_39_GML.zip", "url": "https://nlftp.mlit.go.jp/ksj/gml/data/A29/A29-11/A29-11_39_GML.zip"}, {"filename": "A29-19_39_GML.zip", "url": "https://nlftp.mlit.go.jp/ksj/gml/data/A29/A29-19/A29-19_39_GML.zip"}, {"filename": "A29-11_40_GML.zip", "url": "https://nlftp.mlit.go.jp/ksj/gml/data/A29/A29-11/A29-11_40_GML.zip"}, {"filename": "A29-19_40_GML.zip", "url": "https://nlftp.mlit.go.jp/ksj/gml/data/A29/A29-19/A29-19_40_GML.zip"}, {"filename": "A29-11_41_GML.zip", "url": "https://nlftp.mlit.go.jp/ksj/gml/data/A29/A29-11/A29-11_41_GML.zip"}, {"filename": "A29-19_41_GML.zip", "url": "https://nlftp.mlit.go.jp/ksj/gml/data/A29/A29-19/A29-19_41_GML.zip"}, {"filename": "A29-11_42_GML.zip", "url": "https://nlftp.mlit.go.jp/ksj/gml/data/A29/A29-11/A29-11_42_GML.zip"}, {"filename": "A29-19_42_GML.zip", "url": "https://nlftp.mlit.go.jp/ksj/gml/data/A29/A29-19/A29-19_42_GML.zip"}, {"filename": "A29-11_43_GML.zip", "url": "https://nlftp.mlit.go.jp/ksj/gml/data/A29/A29-11/A29-11_43_GML.zip"}, {"filename": "A29-19_43_GML.zip", "url": "https://nlftp.mlit.go.jp/ksj/gml/data/A29/A29-19/A29-19_43_GML.zip"}, {"filename": "A29-11_44_GML.zip", "url": "https://nlftp.mlit.go.jp/ksj/gml/data/A29/A29-11/A29-11_44_GML.zip"}, {"filename": "A29-19_44_GML.zip", "url": "https://nlftp.mlit.go.jp/ksj/gml/data/A29/A29-19/A29-19_44_GML.zip"}, {"filename": "A29-11_45_GML.zip", "url": "https://nlftp.mlit.go.jp/ksj/gml/data/A29/A29-11/A29-11_45_GML.zip"}, {"filename": "A29-19_45_GML.zip", "url": "https://nlftp.mlit.go.jp/ksj/gml/data/A29/A29-19/A29-19_45_GML.zip"}, {"filename": "A29-11_46_GML.zip", "url": "https://nlftp.mlit.go.jp/ksj/gml/data/A29/A29-11/A29-11_46_GML.zip"}, {"filename": "A29-19_46_GML.zip", "url": "https://nlftp.mlit.go.jp/ksj/gml/data/A29/A29-19/A29-19_46_GML.zip"}, {"filename": "A29-11_47_GML.zip", "url": "https://nlftp.mlit.go.jp/ksj/gml/data/A29/A29-11/A29-11_47_GML.zip"}, {"filename": "A29-19_47_GML.zip", "url": "https://nlftp.mlit.go.jp/ksj/gml/data/A29/A29-19/A29-19_47_GML.zip"}]