北海道,世界測地系,2011年（平成23年）,2.85MB,A29-11_01_GML.zip
北海道,世界測地系,2019年（令和元年）,8.71MB,A29-19_01_GML.zip
青森,世界測地系,2011年（平成23年）,0.91MB,A29-11_02_GML.zip
青森,世界測地系,2019年（令和元年）,2.43MB,A29-19_02_GML.zip
岩手,世界測地系,2011年（平成23年）,1.38MB,A29-11_03_GML.zip
岩手,世界測地系,2019年（令和元年）,3.66MB,A29-19_03_GML.zip
宮城,世界測地系,2011年（平成23年）,1.34MB,A29-11_04_GML.zip
宮城,世界測地系,2019年（令和元年）,5.05MB,A29-19_04_GML.zip
秋田,世界測地系,2011年（平成23年）,0.76MB,A29-11_05_GML.zip
秋田,世界測地系,2019年（令和元年）,1.83MB,A29-19_05_GML.zip
山形,世界測地系,2011年（平成23年）,0.72MB,A29-11_06_GML.zip
山形,世界測地系,2019年（令和元年）,1.93MB,A29-19_06_GML.zip
福島,世界測地系,2011年（平成23年）,1.53MB,A29-11_07_GML.zip
福島,世界測地系,2019年（令和元年）,4.90MB,A29-19_07_GML.zip
茨城,世界測地系,2011年（平成23年）,2.13MB,A29-11_08_GML.zip
茨城,世界測地系,2019年（令和元年）,7.20MB,A29-19_08_GML.zip
栃木,世界測地系,2011年（平成23年）,0.88MB,A29-11_09_GML.zip
栃木,世界測地系,2019年（令和元年）,3.84MB,A29-19_09_GML.zip
群馬,世界測地系,2011年（平成23年）,1.18MB,A29-11_10_GML.zip
群馬,世界測地系,2019年（令和元年）,4.72MB,A29-19_10_GML.zip
埼玉,世界測地系,2011年（平成23年）,2.60MB,A29-11_11_GML.zip
埼玉,世界測地系,2019年（令和元年）,11.6MB,A29-19_11_GML.zip
千葉,世界測地系,2011年（平成23年）,3.09MB,A29-11_12_GML.zip
千葉,世界測地系,2019年（令和元年）,12.9MB,A29-19_12_GML.zip
東京,世界測地系,2011年（平成23年）,6.51MB,A29-11_13_GML.zip
東京,世界測地系,2019年（令和元年）,43.5MB,A29-19_13_GML.zip
神奈川,世界測地系,2011年（平成23年）,5.30MB,A29-11_14_GML.zip
神奈川,世界測地系,2019年（令和元年）,20.2MB,A29-19_14_GML.zip
新潟,世界測地系,2011年（平成23年）,1.16MB,A29-11_15_GML.zip
新潟,世界測地系,2019年（令和元年）,2.76MB,A29-19_15_GML.zip
富山,世界測地系,2011年（平成23年）,0.61MB,A29-11_16_GML.zip
富山,世界測地系,2019年（令和元年）,1.65MB,A29-19_16_GML.zip
石川,世界測地系,2011年（平成23年）,0.69MB,A29-11_17_GML.zip
石川,世界測地系,2019年（令和元年）,3.10MB,A29-19_17_GML.zip
福井,世界測地系,2011年（平成23年）,0.51MB,A29-11_18_GML.zip
福井,世界測地系,2019年（令和元年）,1.24MB,A29-19_18_GML.zip
山梨,世界測地系,2011年（平成23年）,0.43MB,A29-11_19_GML.zip
山梨,世界測地系,2019年（令和元年）,1.41MB,A29-19_19_GML.zip
長野,世界測地系,2011年（平成23年）,1.84MB,A29-11_20_GML.zip
長野,世界測地系,2019年（令和元年）,7.60MB,A29-19_20_GML.zip
岐阜,世界測地系,2011年（平成23年）,1.69MB,A29-11_21_GML.zip
岐阜,世界測地系,2019年（令和元年）,5.08MB,A29-19_21_GML.zip
静岡,世界測地系,2011年（平成23年）,2.20MB,A29-11_22_GML.zip
静岡,世界測地系,2019年（令和元年）,6.48MB,A29-19_22_GML.zip
愛知,世界測地系,2011年（平成23年）,3.22MB,A29-11_23_GML.zip
愛知,世界測地系,2019年（令和元年）,11.8MB,A29-19_23_GML.zip
三重,世界測地系,2011年（平成23年）,1.15MB,A29-11_24_GML.zip
三重,世界測地系,2019年（令和元年）,4.16MB,A29-19_24_GML.zip
滋賀,世界測地系,2011年（平成23年）,0.94MB,A29-11_25_GML.zip
滋賀,世界測地系,2019年（令和元年）,2.56MB,A29-19_25_GML.zip
京都,世界測地系,2011年（平成23年）,1.55MB,A29-11_26_GML.zip
京都,世界測地系,2019年（令和元年）,5.88MB,A29-19_26_GML.zip
大阪,世界測地系,2011年（平成23年）,3.77MB,A29-11_27_GML.zip
大阪,世界測地系,2019年（令和元年）,10.9MB,A29-19_27_GML.zip
兵庫,世界測地系,2011年（平成23年）,3.08MB,A29-11_28_GML.zip
兵庫,世界測地系,2019年（令和元年）,9.50MB,A29-19_28_GML.zip
奈良,世界測地系,2011年（平成23年）,1.40MB,A29-11_29_GML.zip
奈良,世界測地系,2019年（令和元年）,3.70MB,A29-19_29_GML.zip
和歌山,世界測地系,2011年（平成23年）,0.86MB,A29-11_30_GML.zip
和歌山,世界測地系,2019年（令和元年）,2.28MB,A29-19_30_GML.zip
鳥取,世界測地系,2011年（平成23年）,0.24MB,A29-11_31_GML.zip
鳥取,世界測地系,2019年（令和元年）,0.55MB,A29-19_31_GML.zip
島根,世界測地系,2011年（平成23年）,0.74MB,A29-11_32_GML.zip
島根,世界測地系,2019年（令和元年）,1.94MB,A29-19_32_GML.zip
岡山,世界測地系,2011年（平成23年）,1.42MB,A29-11_33_GML.zip
岡山,世界測地系,2019年（令和元年）,4.87MB,A29-19_33_GML.zip
広島,世界測地系,2011年（平成23年）,3.21MB,A29-11_34_GML.zip
広島,世界測地系,2019年（令和元年）,11.0MB,A29-19_34_GML.zip
山口,世界測地系,2011年（平成23年）,2.16MB,A29-11_35_GML.zip
山口,世界測地系,2019年（令和元年）,5.63MB,A29-19_35_GML.zip
徳島,世界測地系,2011年（平成23年）,0.42MB,A29-11_36_GML.zip
徳島,世界測地系,2019年（令和元年）,0.98MB,A29-19_36_GML.zip
香川,世界測地系,2011年（平成23年）,0.40MB,A29-11_37_GML.zip
香川,世界測地系,2019年（令和元年）,1.73MB,A29-19_37_GML.zip
愛媛,世界測地系,2011年（平成23年）,0.97MB,A29-11_38_GML.zip
愛媛,世界測地系,2019年（令和元年）,2.20MB,A29-19_38_GML.zip
高知,世界測地系,2011年（平成23年）,0.40MB,A29-11_39_GML.zip
高知,世界測地系,2019年（令和元年）,2.21MB,A29-19_39_GML.zip
福岡,世界測地系,2011年（平成23年）,3.45MB,A29-11_40_GML.zip
福岡,世界測地系,2019年（令和元年）,10.1MB,A29-19_40_GML.zip
佐賀,世界測地系,2011年（平成23年）,0.49MB,A29-11_41_GML.zip
佐賀,世界測地系,2019年（令和元年）,1.92MB,A29-19_41_GML.zip
長崎,世界測地系,2011年（平成23年）,1.36MB,A29-11_42_GML.zip
長崎,世界測地系,2019年（令和元年）,5.46MB,A29-19_42_GML.zip
熊本,世界測地系,2011年（平成23年）,1.13MB,A29-11_43_GML.zip
熊本,世界測地系,2019年（令和元年）,3.45MB,A29-19_43_GML.zip
大分,世界測地系,2011年（平成23年）,1.23MB,A29-11_44_GML.zip
大分,世界測地系,2019年（令和元年）,4.65MB,A29-19_44_GML.zip
宮崎,世界測地系,2011年（平成23年）,0.92MB,A29-11_45_GML.zip
宮崎,世界測地系,2019年（令和元年）,2.77MB,A29-19_45_GML.zip
鹿児島,世界測地系,2011年（平成23年）,1.46MB,A29-11_46_GML.zip
鹿児島,世界測地系,2019年（令和元年）,4.45MB,A29-19_46_GML.zip
沖縄,世界測地系,2011年（平成23年）,0.91MB,A29-11_47_GML.zip
沖縄,世界測地系,2019年（令和元年）,2.71MB,A29-19_47_GML.zip