[{"filename": "A30a5-11_3927-jgd_GML.zip", "url": "https://nlftp.mlit.go.jp/ksj/gml/data/A30a5/A30a5-11/A30a5-11_3927-jgd_GML.zip"}, {"filename": "A30a5-11_3928-jgd_GML.zip", "url": "https://nlftp.mlit.go.jp/ksj/gml/data/A30a5/A30a5-11/A30a5-11_3928-jgd_GML.zip"}, {"filename": "A30a5-11_4128-jgd_GML.zip", "url": "https://nlftp.mlit.go.jp/ksj/gml/data/A30a5/A30a5-11/A30a5-11_4128-jgd_GML.zip"}, {"filename": "A30a5-11_4229-jgd_GML.zip", "url": "https://nlftp.mlit.go.jp/ksj/gml/data/A30a5/A30a5-11/A30a5-11_4229-jgd_GML.zip"}, {"filename": "A30a5-11_4429-jgd_GML.zip", "url": "https://nlftp.mlit.go.jp/ksj/gml/data/A30a5/A30a5-11/A30a5-11_4429-jgd_GML.zip"}, {"filename": "A30a5-11_4530-jgd_GML.zip", "url": "https://nlftp.mlit.go.jp/ksj/gml/data/A30a5/A30a5-11/A30a5-11_4530-jgd_GML.zip"}, {"filename": "A30a5-11_4531-jgd_GML.zip", "url": "https://nlftp.mlit.go.jp/ksj/gml/data/A30a5/A30a5-11/A30a5-11_4531-jgd_GML.zip"}, {"filename": "A30a5-11_4630-jgd_GML.zip", "url": "https://nlftp.mlit.go.jp/ksj/gml/data/A30a5/A30a5-11/A30a5-11_4630-jgd_GML.zip"}, {"filename": "A30a5-11_4631-jgd_GML.zip", "url": "https://nlftp.mlit.go.jp/ksj/gml/data/A30a5/A30a5-11/A30a5-11_4631-jgd_GML.zip"}, {"filename": "A30a5-11_4729-jgd_GML.zip", "url": "https://nlftp.mlit.go.jp/ksj/gml/data/A30a5/A30a5-11/A30a5-11_4729-jgd_GML.zip"}, {"filename": "A30a5-11_4730-jgd_GML.zip", "url": "https://nlftp.mlit.go.jp/ksj/gml/data/A30a5/A30a5-11/A30a5-11_4730-jgd_GML.zip"}, {"filename": "A30a5-11_4731-jgd_GML.zip", "url": "https://nlftp.mlit.go.jp/ksj/gml/data/A30a5/A30a5-11/A30a5-11_4731-jgd_GML.zip"}, {"filename": "A30a5-11_4829-jgd_GML.zip", "url": "https://nlftp.mlit.go.jp/ksj/gml/data/A30a5/A30a5-11/A30a5-11_4829-jgd_GML.zip"}, {"filename": "A30a5-11_4830-jgd_GML.zip", "url": "https://nlftp.mlit.go.jp/ksj/gml/data/A30a5/A30a5-11/A30a5-11_4830-jgd_GML.zip"}, {"filename": "A30a5-11_4831-jgd_GML.zip", "url": "https://nlftp.mlit.go.jp/ksj/gml/data/A30a5/A30a5-11/A30a5-11_4831-jgd_GML.zip"}, {"filename": "A30a5-11_4928-jgd_GML.zip", "url": "https://nlftp.mlit.go.jp/ksj/gml/data/A30a5/A30a5-11/A30a5-11_4928-jgd_GML.zip"}, {"filename": "A30a5-11_4929-jgd_GML.zip", "url": "https://nlftp.mlit.go.jp/ksj/gml/data/A30a5/A30a5-11/A30a5-11_4929-jgd_GML.zip"}, {"filename": "A30a5-11_4930-jgd_GML.zip", "url": "https://nlftp.mlit.go.jp/ksj/gml/data/A30a5/A30a5-11/A30a5-11_4930-jgd_GML.zip"}, {"filename": "A30a5-11_4931-jgd_GML.zip", "url": "https://nlftp.mlit.go.jp/ksj/gml/data/A30a5/A30a5-11/A30a5-11_4931-jgd_GML.zip"}, {"filename": "A30a5-11_4932-jgd_GML.zip", "url": "https://nlftp.mlit.go.jp/ksj/gml/data/A30a5/A30a5-11/A30a5-11_4932-jgd_GML.zip"}, {"filename": "A30a5-11_4933-jgd_GML.zip", "url": "https://nlftp.mlit.go.jp/ksj/gml/data/A30a5/A30a5-11/A30a5-11_4933-jgd_GML.zip"}, {"filename": "A30a5-11_4934-jgd_GML.zip", "url": "https://nlftp.mlit.go.jp/ksj/gml/data/A30a5/A30a5-11/A30a5-11_4934-jgd_GML.zip"}, {"filename": "A30a5-11_4939-jgd_GML.zip", "url": "https://nlftp.mlit.go.jp/ksj/gml/data/A30a5/A30a5-11/A30a5-11_4939-jgd_GML.zip"}, {"filename": "A30a5-11_5029-jgd_GML.zip", "url": "https://nlftp.mlit.go.jp/ksj/gml/data/A30a5/A30a5-11/A30a5-11_5029-jgd_GML.zip"}, {"filename": "A30a5-11_5030-jgd_GML.zip", "url": "https://nlftp.mlit.go.jp/ksj/gml/data/A30a5/A30a5-11/A30a5-11_5030-jgd_GML.zip"}, {"filename": "A30a5-11_5031-jgd_GML.zip", "url": "https://nlftp.mlit.go.jp/ksj/gml/data/A30a5/A30a5-11/A30a5-11_5031-jgd_GML.zip"}, {"filename": "A30a5-11_5032-jgd_GML.zip", "url": "https://nlftp.mlit.go.jp/ksj/gml/data/A30a5/A30a5-11/A30a5-11_5032-jgd_GML.zip"}, {"filename": "A30a5-11_5033-jgd_GML.zip", "url": "https://nlftp.mlit.go.jp/ksj/gml/data/A30a5/A30a5-11/A30a5-11_5033-jgd_GML.zip"}, {"filename": "A30a5-11_5034-jgd_GML.zip", "url": "https://nlftp.mlit.go.jp/ksj/gml/data/A30a5/A30a5-11/A30a5-11_5034-jgd_GML.zip"}, {"filename": "A30a5-11_5035-jgd_GML.zip", "url": "https://nlftp.mlit.go.jp/ksj/gml/data/A30a5/A30a5-11/A30a5-11_5035-jgd_GML.zip"}, {"filename": "A30a5-11_5036-jgd_GML.zip", "url": "https://nlftp.mlit.go.jp/ksj/gml/data/A30a5/A30a5-11/A30a5-11_5036-jgd_GML.zip"}, {"filename": "A30a5-11_5129-jgd_GML.zip", "url": "https://nlftp.mlit.go.jp/ksj/gml/data/A30a5/A30a5-11/A30a5-11_5129-jgd_GML.zip"}, {"filename": "A30a5-11_5130-jgd_GML.zip", "url": "https://nlftp.mlit.go.jp/ksj/gml/data/A30a5/A30a5-11/A30a5-11_5130-jgd_GML.zip"}, {"filename": "A30a5-11_5131-jgd_GML.zip", "url": "https://nlftp.mlit.go.jp/ksj/gml/data/A30a5/A30a5-11/A30a5-11_5131-jgd_GML.zip"}, {"filename": "A30a5-11_5132-jgd_GML.zip", "url": "https://nlftp.mlit.go.jp/ksj/gml/data/A30a5/A30a5-11/A30a5-11_5132-jgd_GML.zip"}, {"filename": "A30a5-11_5133-jgd_GML.zip", "url": "https://nlftp.mlit.go.jp/ksj/gml/data/A30a5/A30a5-11/A30a5-11_5133-jgd_GML.zip"}, {"filename": "A30a5-11_5134-jgd_GML.zip", "url": "https://nlftp.mlit.go.jp/ksj/gml/data/A30a5/A30a5-11/A30a5-11_5134-jgd_GML.zip"}, {"filename": "A30a5-11_5135-jgd_GML.zip", "url": "https://nlftp.mlit.go.jp/ksj/gml/data/A30a5/A30a5-11/A30a5-11_5135-jgd_GML.zip"}, {"filename": "A30a5-11_5136-jgd_GML.zip", "url": "https://nlftp.mlit.go.jp/ksj/gml/data/A30a5/A30a5-11/A30a5-11_5136-jgd_GML.zip"}, {"filename": "A30a5-11_5138-jgd_GML.zip", "url": "https://nlftp.mlit.go.jp/ksj/gml/data/A30a5/A30a5-11/A30a5-11_5138-jgd_GML.zip"}, {"filename": "A30a5-11_5139-jgd_GML.zip", "url": "https://nlftp.mlit.go.jp/ksj/gml/data/A30a5/A30a5-11/A30a5-11_5139-jgd_GML.zip"}, {"filename": "A30a5-11_5231-jgd_GML.zip", "url": "https://nlftp.mlit.go.jp/ksj/gml/data/A30a5/A30a5-11/A30a5-11_5231-jgd_GML.zip"}, {"filename": "A30a5-11_5232-jgd_GML.zip", "url": "https://nlftp.mlit.go.jp/ksj/gml/data/A30a5/A30a5-11/A30a5-11_5232-jgd_GML.zip"}, {"filename": "A30a5-11_5233-jgd_GML.zip", "url": "https://nlftp.mlit.go.jp/ksj/gml/data/A30a5/A30a5-11/A30a5-11_5233-jgd_GML.zip"}, {"filename": "A30a5-11_5234-jgd_GML.zip", "url": "https://nlftp.mlit.go.jp/ksj/gml/data/A30a5/A30a5-11/A30a5-11_5234-jgd_GML.zip"}, {"filename": "A30a5-11_5235-jgd_GML.zip", "url": "https://nlftp.mlit.go.jp/ksj/gml/data/A30a5/A30a5-11/A30a5-11_5235-jgd_GML.zip"}, {"filename": "A30a5-11_5236-jgd_GML.zip", "url": "https://nlftp.mlit.go.jp/ksj/gml/data/A30a5/A30a5-11/A30a5-11_5236-jgd_GML.zip"}, {"filename": "A30a5-11_5237-jgd_GML.zip", "url": "https://nlftp.mlit.go.jp/ksj/gml/data/A30a5/A30a5-11/A30a5-11_5237-jgd_GML.zip"}, {"filename": "A30a5-11_5238-jgd_GML.zip", "url": "https://nlftp.mlit.go.jp/ksj/gml/data/A30a5/A30a5-11/A30a5-11_5238-jgd_GML.zip"}, {"filename": "A30a5-11_5239-jgd_GML.zip", "url": "https://nlftp.mlit.go.jp/ksj/gml/data/A30a5/A30a5-11/A30a5-11_5239-jgd_GML.zip"}, {"filename": "A30a5-11_5240-jgd_GML.zip", "url": "https://nlftp.mlit.go.jp/ksj/gml/data/A30a5/A30a5-11/A30a5-11_5240-jgd_GML.zip"}, {"filename": "A30a5-11_5332-jgd_GML.zip", "url": "https://nlftp.mlit.go.jp/ksj/gml/data/A30a5/A30a5-11/A30a5-11_5332-jgd_GML.zip"}, {"filename": "A30a5-11_5333-jgd_GML.zip", "url": "https://nlftp.mlit.go.jp/ksj/gml/data/A30a5/A30a5-11/A30a5-11_5333-jgd_GML.zip"}, {"filename": "A30a5-11_5334-jgd_GML.zip", "url": "https://nlftp.mlit.go.jp/ksj/gml/data/A30a5/A30a5-11/A30a5-11_5334-jgd_GML.zip"}, {"filename": "A30a5-11_5335-jgd_GML.zip", "url": "https://nlftp.mlit.go.jp/ksj/gml/data/A30a5/A30a5-11/A30a5-11_5335-jgd_GML.zip"}, {"filename": "A30a5-11_5336-jgd_GML.zip", "url": "https://nlftp.mlit.go.jp/ksj/gml/data/A30a5/A30a5-11/A30a5-11_5336-jgd_GML.zip"}, {"filename": "A30a5-11_5337-jgd_GML.zip", "url": "https://nlftp.mlit.go.jp/ksj/gml/data/A30a5/A30a5-11/A30a5-11_5337-jgd_GML.zip"}, {"filename": "A30a5-11_5338-jgd_GML.zip", "url": "https://nlftp.mlit.go.jp/ksj/gml/data/A30a5/A30a5-11/A30a5-11_5338-jgd_GML.zip"}, {"filename": "A30a5-11_5339-jgd_GML.zip", "url": "https://nlftp.mlit.go.jp/ksj/gml/data/A30a5/A30a5-11/A30a5-11_5339-jgd_GML.zip"}, {"filename": "A30a5-11_5340-jgd_GML.zip", "url": "https://nlftp.mlit.go.jp/ksj/gml/data/A30a5/A30a5-11/A30a5-11_5340-jgd_GML.zip"}, {"filename": "A30a5-11_5432-jgd_GML.zip", "url": "https://nlftp.mlit.go.jp/ksj/gml/data/A30a5/A30a5-11/A30a5-11_5432-jgd_GML.zip"}, {"filename": "A30a5-11_5433-jgd_GML.zip", "url": "https://nlftp.mlit.go.jp/ksj/gml/data/A30a5/A30a5-11/A30a5-11_5433-jgd_GML.zip"}, {"filename": "A30a5-11_5436-jgd_GML.zip", "url": "https://nlftp.mlit.go.jp/ksj/gml/data/A30a5/A30a5-11/A30a5-11_5436-jgd_GML.zip"}, {"filename": "A30a5-11_5437-jgd_GML.zip", "url": "https://nlftp.mlit.go.jp/ksj/gml/data/A30a5/A30a5-11/A30a5-11_5437-jgd_GML.zip"}, {"filename": "A30a5-11_5438-jgd_GML.zip", "url": "https://nlftp.mlit.go.jp/ksj/gml/data/A30a5/A30a5-11/A30a5-11_5438-jgd_GML.zip"}, {"filename": "A30a5-11_5439-jgd_GML.zip", "url": "https://nlftp.mlit.go.jp/ksj/gml/data/A30a5/A30a5-11/A30a5-11_5439-jgd_GML.zip"}, {"filename": "A30a5-11_5440-jgd_GML.zip", "url": "https://nlftp.mlit.go.jp/ksj/gml/data/A30a5/A30a5-11/A30a5-11_5440-jgd_GML.zip"}, {"filename": "A30a5-11_5536-jgd_GML.zip", "url": "https://nlftp.mlit.go.jp/ksj/gml/data/A30a5/A30a5-11/A30a5-11_5536-jgd_GML.zip"}, {"filename": "A30a5-11_5537-jgd_GML.zip", "url": "https://nlftp.mlit.go.jp/ksj/gml/data/A30a5/A30a5-11/A30a5-11_5537-jgd_GML.zip"}, {"filename": "A30a5-11_5538-jgd_GML.zip", "url": "https://nlftp.mlit.go.jp/ksj/gml/data/A30a5/A30a5-11/A30a5-11_5538-jgd_GML.zip"}, {"filename": "A30a5-11_5539-jgd_GML.zip", "url": "https://nlftp.mlit.go.jp/ksj/gml/data/A30a5/A30a5-11/A30a5-11_5539-jgd_GML.zip"}, {"filename": "A30a5-11_5540-jgd_GML.zip", "url": "https://nlftp.mlit.go.jp/ksj/gml/data/A30a5/A30a5-11/A30a5-11_5540-jgd_GML.zip"}, {"filename": "A30a5-11_5636-jgd_GML.zip", "url": "https://nlftp.mlit.go.jp/ksj/gml/data/A30a5/A30a5-11/A30a5-11_5636-jgd_GML.zip"}, {"filename": "A30a5-11_5637-jgd_GML.zip", "url": "https://nlftp.mlit.go.jp/ksj/gml/data/A30a5/A30a5-11/A30a5-11_5637-jgd_GML.zip"}, {"filename": "A30a5-11_5638-jgd_GML.zip", "url": "https://nlftp.mlit.go.jp/ksj/gml/data/A30a5/A30a5-11/A30a5-11_5638-jgd_GML.zip"}, {"filename": "A30a5-11_5639-jgd_GML.zip", "url": "https://nlftp.mlit.go.jp/ksj/gml/data/A30a5/A30a5-11/A30a5-11_5639-jgd_GML.zip"}, {"filename": "A30a5-11_5640-jgd_GML.zip", "url": "https://nlftp.mlit.go.jp/ksj/gml/data/A30a5/A30a5-11/A30a5-11_5640-jgd_GML.zip"}, {"filename": "A30a5-11_5641-jgd_GML.zip", "url": "https://nlftp.mlit.go.jp/ksj/gml/data/A30a5/A30a5-11/A30a5-11_5641-jgd_GML.zip"}, {"filename": "A30a5-11_5738-jgd_GML.zip", "url": "https://nlftp.mlit.go.jp/ksj/gml/data/A30a5/A30a5-11/A30a5-11_5738-jgd_GML.zip"}, {"filename": "A30a5-11_5739-jgd_GML.zip", "url": "https://nlftp.mlit.go.jp/ksj/gml/data/A30a5/A30a5-11/A30a5-11_5739-jgd_GML.zip"}, {"filename": "A30a5-11_5740-jgd_GML.zip", "url": "https://nlftp.mlit.go.jp/ksj/gml/data/A30a5/A30a5-11/A30a5-11_5740-jgd_GML.zip"}, {"filename": "A30a5-11_5741-jgd_GML.zip", "url": "https://nlftp.mlit.go.jp/ksj/gml/data/A30a5/A30a5-11/A30a5-11_5741-jgd_GML.zip"}, {"filename": "A30a5-11_5839-jgd_GML.zip", "url": "https://nlftp.mlit.go.jp/ksj/gml/data/A30a5/A30a5-11/A30a5-11_5839-jgd_GML.zip"}, {"filename": "A30a5-11_5840-jgd_GML.zip", "url": "https://nlftp.mlit.go.jp/ksj/gml/data/A30a5/A30a5-11/A30a5-11_5840-jgd_GML.zip"}, {"filename": "A30a5-11_5841-jgd_GML.zip", "url": "https://nlftp.mlit.go.jp/ksj/gml/data/A30a5/A30a5-11/A30a5-11_5841-jgd_GML.zip"}, {"filename": "A30a5-11_5940-jgd_GML.zip", "url": "https://nlftp.mlit.go.jp/ksj/gml/data/A30a5/A30a5-11/A30a5-11_5940-jgd_GML.zip"}, {"filename": "A30a5-11_5941-jgd_GML.zip", "url": "https://nlftp.mlit.go.jp/ksj/gml/data/A30a5/A30a5-11/A30a5-11_5941-jgd_GML.zip"}, {"filename": "A30a5-11_6040-jgd_GML.zip", "url": "https://nlftp.mlit.go.jp/ksj/gml/data/A30a5/A30a5-11/A30a5-11_6040-jgd_GML.zip"}, {"filename": "A30a5-11_6041-jgd_GML.zip", "url": "https://nlftp.mlit.go.jp/ksj/gml/data/A30a5/A30a5-11/A30a5-11_6041-jgd_GML.zip"}, {"filename": "A30a5-11_6140-jgd_GML.zip", "url": "https://nlftp.mlit.go.jp/ksj/gml/data/A30a5/A30a5-11/A30a5-11_6140-jgd_GML.zip"}, {"filename": "A30a5-11_6141-jgd_GML.zip", "url": "https://nlftp.mlit.go.jp/ksj/gml/data/A30a5/A30a5-11/A30a5-11_6141-jgd_GML.zip"}, {"filename": "A30a5-11_6240-jgd_GML.zip", "url": "https://nlftp.mlit.go.jp/ksj/gml/data/A30a5/A30a5-11/A30a5-11_6240-jgd_GML.zip"}, {"filename": "A30a5-11_6241-jgd_GML.zip", "url": "https://nlftp.mlit.go.jp/ksj/gml/data/A30a5/A30a5-11/A30a5-11_6241-jgd_GML.zip"}, {"filename": "A30a5-11_6340-jgd_GML.zip", "url": "https://nlftp.mlit.go.jp/ksj/gml/data/A30a5/A30a5-11/A30a5-11_6340-jgd_GML.zip"}, {"filename": "A30a5-11_6341-jgd_GML.zip", "url": "https://nlftp.mlit.go.jp/ksj/gml/data/A30a5/A30a5-11/A30a5-11_6341-jgd_GML.zip"}, {"filename": "A30a5-11_6342-jgd_GML.zip", "url": "https://nlftp.mlit.go.jp/ksj/gml/data/A30a5/A30a5-11/A30a5-11_6342-jgd_GML.zip"}, {"filename": "A30a5-11_6440-jgd_GML.zip", "url": "https://nlftp.mlit.go.jp/ksj/gml/data/A30a5/A30a5-11/A30a5-11_6440-jgd_GML.zip"}, {"filename": "A30a5-11_6441-jgd_GML.zip", "url": "https://nlftp.mlit.go.jp/ksj/gml/data/A30a5/A30a5-11/A30a5-11_6441-jgd_GML.zip"}, {"filename": "A30a5-11_6443-jgd_GML.zip", "url": "https://nlftp.mlit.go.jp/ksj/gml/data/A30a5/A30a5-11/A30a5-11_6443-jgd_GML.zip"}, {"filename": "A30a5-11_6444-jgd_GML.zip", "url": "https://nlftp.mlit.go.jp/ksj/gml/data/A30a5/A30a5-11/A30a5-11_6444-jgd_GML.zip"}, {"filename": "A30a5-11_6542-jgd_GML.zip", "url": "https://nlftp.mlit.go.jp/ksj/gml/data/A30a5/A30a5-11/A30a5-11_6542-jgd_GML.zip"}, {"filename": "A30a5-11_6543-jgd_GML.zip", "url": "https://nlftp.mlit.go.jp/ksj/gml/data/A30a5/A30a5-11/A30a5-11_6543-jgd_GML.zip"}, {"filename": "A30a5-11_6643-jgd_GML.zip", "url": "https://nlftp.mlit.go.jp/ksj/gml/data/A30a5/A30a5-11/A30a5-11_6643-jgd_GML.zip"}, {"filename": "A30a5-11_6645-jgd_GML.zip", "url": "https://nlftp.mlit.go.jp/ksj/gml/data/A30a5/A30a5-11/A30a5-11_6645-jgd_GML.zip"}, {"filename": "A30a5-11_6741-jgd_GML.zip", "url": "https://nlftp.mlit.go.jp/ksj/gml/data/A30a5/A30a5-11/A30a5-11_6741-jgd_GML.zip"}, {"filename": "A30a5-11_6841-jgd_GML.zip", "url": "https://nlftp.mlit.go.jp/ksj/gml/data/A30a5/A30a5-11/A30a5-11_6841-jgd_GML.zip"}]