[{"filename": "A31a-24_81_10_GML.zip", "url": "https://nlftp.mlit.go.jp/ksj/gml/data/A31a/A31a-24/A31a-24_81_10_GML.zip"}, {"filename": "A31a-23_81_10_GML.zip", "url": "https://nlftp.mlit.go.jp/ksj/gml/data/A31a/A31a-23/A31a-23_81_10_GML.zip"}, {"filename": "A31-21_81_GML.zip", "url": "https://nlftp.mlit.go.jp/ksj/gml/data/A31/A31-21/A31-21_81_GML.zip"}, {"filename": "A31-20_81_GML.zip", "url": "https://nlftp.mlit.go.jp/ksj/gml/data/A31/A31-20/A31-20_81_GML.zip"}, {"filename": "A31-19_81_GML.zip", "url": "https://nlftp.mlit.go.jp/ksj/gml/data/A31/A31-19/A31-19_81_GML.zip"}, {"filename": "A31a-24_81_10_SHP.zip", "url": "https://nlftp.mlit.go.jp/ksj/gml/data/A31a/A31a-24/A31a-24_81_10_SHP.zip"}, {"filename": "A31a-23_81_10_SHP.zip", "url": "https://nlftp.mlit.go.jp/ksj/gml/data/A31a/A31a-23/A31a-23_81_10_SHP.zip"}, {"filename": "A31-21_81_SHP.zip", "url": "https://nlftp.mlit.go.jp/ksj/gml/data/A31/A31-21/A31-21_81_SHP.zip"}, {"filename": "A31-20_81_SHP.zip", "url": "https://nlftp.mlit.go.jp/ksj/gml/data/A31/A31-20/A31-20_81_SHP.zip"}, {"filename": "A31-19_81_SHP.zip", "url": "https://nlftp.mlit.go.jp/ksj/gml/data/A31/A31-19/A31-19_81_SHP.zip"}, {"filename": "A31a-24_81_10_GEOJSON.zip", "url": "https://nlftp.mlit.go.jp/ksj/gml/data/A31a/A31a-24/A31a-24_81_10_GEOJSON.zip"}, {"filename": "A31a-23_81_10_GEOJSON.zip", "url": "https://nlftp.mlit.go.jp/ksj/gml/data/A31a/A31a-23/A31a-23_81_10_GEOJSON.zip"}, {"filename": "A31-21_81_GEOJSON.zip", "url": "https://nlftp.mlit.go.jp/ksj/gml/data/A31/A31-21/A31-21_81_GEOJSON.zip"}, {"filename": "A31-20_81_GEOJSON.zip", "url": "https://nlftp.mlit.go.jp/ksj/gml/data/A31/A31-20/A31-20_81_GEOJSON.zip"}, {"filename": "A31-19_81_GEOJSON.zip", "url": "https://nlftp.mlit.go.jp/ksj/gml/data/A31/A31-19/A31-19_81_GEOJSON.zip"}, {"filename": "A31a-24_82_10_GML.zip", "url": "https://nlftp.mlit.go.jp/ksj/gml/data/A31a/A31a-24/A31a-24_82_10_GML.zip"}, {"filename": "A31a-23_82_10_GML.zip", "url": "https://nlftp.mlit.go.jp/ksj/gml/data/A31a/A31a-23/A31a-23_82_10_GML.zip"}, {"filename": "A31a-22_82_10_GML.zip", "url": "https://nlftp.mlit.go.jp/ksj/gml/data/A31a/A31a-22/A31a-22_82_10_GML.zip"}, {"filename": "A31-21_82_GML.zip", "url": "https://nlftp.mlit.go.jp/ksj/gml/data/A31/A31-21/A31-21_82_GML.zip"}, {"filename": "A31-20_82_GML.zip", "url": "https://nlftp.mlit.go.jp/ksj/gml/data/A31/A31-20/A31-20_82_GML.zip"}, {"filename": "A31-19_82_GML.zip", "url": "https://nlftp.mlit.go.jp/ksj/gml/data/A31/A31-19/A31-19_82_GML.zip"}, {"filename": "A31a-24_82_10_SHP.zip", "url": "https://nlftp.mlit.go.jp/ksj/gml/data/A31a/A31a-24/A31a-24_82_10_SHP.zip"}, {"filename": "A31a-23_82_10_SHP.zip", "url": "https://nlftp.mlit.go.jp/ksj/gml/data/A31a/A31a-23/A31a-23_82_10_SHP.zip"}, {"filename": "A31a-22_82_10_SHP.zip", "url": "https://nlftp.mlit.go.jp/ksj/gml/data/A31a/A31a-22/A31a-22_82_10_SHP.zip"}, {"filename": "A31-21_82_SHP.zip", "url": "https://nlftp.mlit.go.jp/ksj/gml/data/A31/A31-21/A31-21_82_SHP.zip"}, {"filename": "A31-20_82_SHP.zip", "url": "https://nlftp.mlit.go.jp/ksj/gml/data/A31/A31-20/A31-20_82_SHP.zip"}, {"filename": "A31-19_82_SHP.zip", "url": "https://nlftp.mlit.go.jp/ksj/gml/data/A31/A31-19/A31-19_82_SHP.zip"}, {"filename": "A31a-24_82_10_GEOJSON.zip", "url": "https://nlftp.mlit.go.jp/ksj/gml/data/A31a/A31a-24/A31a-24_82_10_GEOJSON.zip"}, {"filename": "A31a-23_82_10_GEOJSON.zip", "url": "https://nlftp.mlit.go.jp/ksj/gml/data/A31a/A31a-23/A31a-23_82_10_GEOJSON.zip"}, {"filename": "A31a-22_82_10_GEOJSON.zip", "url": "https://nlftp.mlit.go.jp/ksj/gml/data/A31a/A31a-22/A31a-22_82_10_GEOJSON.zip"}, {"filename": "A31-21_82_GEOJSON.zip", "url": "https://nlftp.mlit.go.jp/ksj/gml/data/A31/A31-21/A31-21_82_GEOJSON.zip"}, {"filename": "A31-20_82_GEOJSON.zip", "url": "https://nlftp.mlit.go.jp/ksj/gml/data/A31/A31-20/A31-20_82_GEOJSON.zip"}, {"filename": "A31-19_82_GEOJSON.zip", "url": "https://nlftp.mlit.go.jp/ksj/gml/data/A31/A31-19/A31-19_82_GEOJSON.zip"}, {"filename": "A31a-24_83_10_GML.zip", "url": "https://nlftp.mlit.go.jp/ksj/gml/data/A31a/A31a-24/A31a-24_83_10_GML.zip"}, {"filename": "A31a-23_83_10_GML.zip", "url": "https://nlftp.mlit.go.jp/ksj/gml/data/A31a/A31a-23/A31a-23_83_10_GML.zip"}, {"filename": "A31a-22_83_10_GML.zip", "url": "https://nlftp.mlit.go.jp/ksj/gml/data/A31a/A31a-22/A31a-22_83_10_GML.zip"}, {"filename": "A31-21_83_GML.zip", "url": "https://nlftp.mlit.go.jp/ksj/gml/data/A31/A31-21/A31-21_83_GML.zip"}, {"filename": "A31-20_83_GML.zip", "url": "https://nlftp.mlit.go.jp/ksj/gml/data/A31/A31-20/A31-20_83_GML.zip"}, {"filename": "A31-19_83_GML.zip", "url": "https://nlftp.mlit.go.jp/ksj/gml/data/A31/A31-19/A31-19_83_GML.zip"}, {"filename": "A31a-24_83_10_SHP.zip", "url": "https://nlftp.mlit.go.jp/ksj/gml/data/A31a/A31a-24/A31a-24_83_10_SHP.zip"}, {"filename": "A31a-23_83_10_SHP.zip", "url": "https://nlftp.mlit.go.jp/ksj/gml/data/A31a/A31a-23/A31a-23_83_10_SHP.zip"}, {"filename": "A31a-22_83_10_SHP.zip", "url": "https://nlftp.mlit.go.jp/ksj/gml/data/A31a/A31a-22/A31a-22_83_10_SHP.zip"}, {"filename": "A31-21_83_SHP.zip", "url": "https://nlftp.mlit.go.jp/ksj/gml/data/A31/A31-21/A31-21_83_SHP.zip"}, {"filename": "A31-20_83_SHP.zip", "url": "https://nlftp.mlit.go.jp/ksj/gml/data/A31/A31-20/A31-20_83_SHP.zip"}, {"filename": "A31-19_83_SHP.zip", "url": "https://nlftp.mlit.go.jp/ksj/gml/data/A31/A31-19/A31-19_83_SHP.zip"}, {"filename": "A31a-24_83_10_GEOJSON.zip", "url": "https://nlftp.mlit.go.jp/ksj/gml/data/A31a/A31a-24/A31a-24_83_10_GEOJSON.zip"}, {"filename": "A31a-23_83_10_GEOJSON.zip", "url": "https://nlftp.mlit.go.jp/ksj/gml/data/A31a/A31a-23/A31a-23_83_10_GEOJSON.zip"}, {"filename": "A31a-22_83_10_GEOJSON.zip", "url": "https://nlftp.mlit.go.jp/ksj/gml/data/A31a/A31a-22/A31a-22_83_10_GEOJSON.zip"}, {"filename": "A31-21_83_GEOJSON.zip", "url": "https://nlftp.mlit.go.jp/ksj/gml/data/A31/A31-21/A31-21_83_GEOJSON.zip"}, {"filename": "A31-20_83_GEOJSON.zip", "url": "https://nlftp.mlit.go.jp/ksj/gml/data/A31/A31-20/A31-20_83_GEOJSON.zip"}, {"filename": "A31-19_83_GEOJSON.zip", "url": "https://nlftp.mlit.go.jp/ksj/gml/data/A31/A31-19/A31-19_83_GEOJSON.zip"}, {"filename": "A31a-24_84_10_GML.zip", "url": "https://nlftp.mlit.go.jp/ksj/gml/data/A31a/A31a-24/A31a-24_84_10_GML.zip"}, {"filename": "A31a-23_84_10_GML.zip", "url": "https://nlftp.mlit.go.jp/ksj/gml/data/A31a/A31a-23/A31a-23_84_10_GML.zip"}, {"filename": "A31-21_84_GML.zip", "url": "https://nlftp.mlit.go.jp/ksj/gml/data/A31/A31-21/A31-21_84_GML.zip"}, {"filename": "A31-20_84_GML.zip", "url": "https://nlftp.mlit.go.jp/ksj/gml/data/A31/A31-20/A31-20_84_GML.zip"}, {"filename": "A31-19_84_GML.zip", "url": "https://nlftp.mlit.go.jp/ksj/gml/data/A31/A31-19/A31-19_84_GML.zip"}, {"filename": "A31a-24_84_10_SHP.zip", "url": "https://nlftp.mlit.go.jp/ksj/gml/data/A31a/A31a-24/A31a-24_84_10_SHP.zip"}, {"filename": "A31a-23_84_10_SHP.zip", "url": "https://nlftp.mlit.go.jp/ksj/gml/data/A31a/A31a-23/A31a-23_84_10_SHP.zip"}, {"filename": "A31-21_84_SHP.zip", "url": "https://nlftp.mlit.go.jp/ksj/gml/data/A31/A31-21/A31-21_84_SHP.zip"}, {"filename": "A31-20_84_SHP.zip", "url": "https://nlftp.mlit.go.jp/ksj/gml/data/A31/A31-20/A31-20_84_SHP.zip"}, {"filename": "A31-19_84_SHP.zip", "url": "https://nlftp.mlit.go.jp/ksj/gml/data/A31/A31-19/A31-19_84_SHP.zip"}, {"filename": "A31a-24_84_10_GEOJSON.zip", "url": "https://nlftp.mlit.go.jp/ksj/gml/data/A31a/A31a-24/A31a-24_84_10_GEOJSON.zip"}, {"filename": "A31a-23_84_10_GEOJSON.zip", "url": "https://nlftp.mlit.go.jp/ksj/gml/data/A31a/A31a-23/A31a-23_84_10_GEOJSON.zip"}, {"filename": "A31-21_84_GEOJSON.zip", "url": "https://nlftp.mlit.go.jp/ksj/gml/data/A31/A31-21/A31-21_84_GEOJSON.zip"}, {"filename": "A31-20_84_GEOJSON.zip", "url": "https://nlftp.mlit.go.jp/ksj/gml/data/A31/A31-20/A31-20_84_GEOJSON.zip"}, {"filename": "A31-19_84_GEOJSON.zip", "url": "https://nlftp.mlit.go.jp/ksj/gml/data/A31/A31-19/A31-19_84_GEOJSON.zip"}, {"filename": "A31a-24_85_10_GML.zip", "url": "https://nlftp.mlit.go.jp/ksj/gml/data/A31a/A31a-24/A31a-24_85_10_GML.zip"}, {"filename": "A31a-23_85_10_GML.zip", "url": "https://nlftp.mlit.go.jp/ksj/gml/data/A31a/A31a-23/A31a-23_85_10_GML.zip"}, {"filename": "A31-21_85_GML.zip", "url": "https://nlftp.mlit.go.jp/ksj/gml/data/A31/A31-21/A31-21_85_GML.zip"}, {"filename": "A31-20_85_GML.zip", "url": "https://nlftp.mlit.go.jp/ksj/gml/data/A31/A31-20/A31-20_85_GML.zip"}, {"filename": "A31-19_85_GML.zip", "url": "https://nlftp.mlit.go.jp/ksj/gml/data/A31/A31-19/A31-19_85_GML.zip"}, {"filename": "A31a-24_85_10_SHP.zip", "url": "https://nlftp.mlit.go.jp/ksj/gml/data/A31a/A31a-24/A31a-24_85_10_SHP.zip"}, {"filename": "A31a-23_85_10_SHP.zip", "url": "https://nlftp.mlit.go.jp/ksj/gml/data/A31a/A31a-23/A31a-23_85_10_SHP.zip"}, {"filename": "A31-21_85_SHP.zip", "url": "https://nlftp.mlit.go.jp/ksj/gml/data/A31/A31-21/A31-21_85_SHP.zip"}, {"filename": "A31-20_85_SHP.zip", "url": "https://nlftp.mlit.go.jp/ksj/gml/data/A31/A31-20/A31-20_85_SHP.zip"}, {"filename": "A31-19_85_SHP.zip", "url": "https://nlftp.mlit.go.jp/ksj/gml/data/A31/A31-19/A31-19_85_SHP.zip"}, {"filename": "A31a-24_85_10_GEOJSON.zip", "url": "https://nlftp.mlit.go.jp/ksj/gml/data/A31a/A31a-24/A31a-24_85_10_GEOJSON.zip"}, {"filename": "A31a-23_85_10_GEOJSON.zip", "url": "https://nlftp.mlit.go.jp/ksj/gml/data/A31a/A31a-23/A31a-23_85_10_GEOJSON.zip"}, {"filename": "A31-21_85_GEOJSON.zip", "url": "https://nlftp.mlit.go.jp/ksj/gml/data/A31/A31-21/A31-21_85_GEOJSON.zip"}, {"filename": "A31-20_85_GEOJSON.zip", "url": "https://nlftp.mlit.go.jp/ksj/gml/data/A31/A31-20/A31-20_85_GEOJSON.zip"}, {"filename": "A31-19_85_GEOJSON.zip", "url": "https://nlftp.mlit.go.jp/ksj/gml/data/A31/A31-19/A31-19_85_GEOJSON.zip"}, {"filename": "A31a-24_86_10_GML.zip", "url": "https://nlftp.mlit.go.jp/ksj/gml/data/A31a/A31a-24/A31a-24_86_10_GML.zip"}, {"filename": "A31a-23_86_10_GML.zip", "url": "https://nlftp.mlit.go.jp/ksj/gml/data/A31a/A31a-23/A31a-23_86_10_GML.zip"}, {"filename": "A31-21_86_GML.zip", "url": "https://nlftp.mlit.go.jp/ksj/gml/data/A31/A31-21/A31-21_86_GML.zip"}, {"filename": "A31-20_86_GML.zip", "url": "https://nlftp.mlit.go.jp/ksj/gml/data/A31/A31-20/A31-20_86_GML.zip"}, {"filename": "A31-19_86_GML.zip", "url": "https://nlftp.mlit.go.jp/ksj/gml/data/A31/A31-19/A31-19_86_GML.zip"}, {"filename": "A31a-24_86_10_SHP.zip", "url": "https://nlftp.mlit.go.jp/ksj/gml/data/A31a/A31a-24/A31a-24_86_10_SHP.zip"}, {"filename": "A31a-23_86_10_SHP.zip", "url": "https://nlftp.mlit.go.jp/ksj/gml/data/A31a/A31a-23/A31a-23_86_10_SHP.zip"}, {"filename": "A31-21_86_SHP.zip", "url": "https://nlftp.mlit.go.jp/ksj/gml/data/A31/A31-21/A31-21_86_SHP.zip"}, {"filename": "A31-20_86_SHP.zip", "url": "https://nlftp.mlit.go.jp/ksj/gml/data/A31/A31-20/A31-20_86_SHP.zip"}, {"filename": "A31-19_86_SHP.zip", "url": "https://nlftp.mlit.go.jp/ksj/gml/data/A31/A31-19/A31-19_86_SHP.zip"}, {"filename": "A31a-24_86_10_GEOJSON.zip", "url": "https://nlftp.mlit.go.jp/ksj/gml/data/A31a/A31a-24/A31a-24_86_10_GEOJSON.zip"}, {"filename": "A31a-23_86_10_GEOJSON.zip", "url": "https://nlftp.mlit.go.jp/ksj/gml/data/A31a/A31a-23/A31a-23_86_10_GEOJSON.zip"}, {"filename": "A31-21_86_GEOJSON.zip", "url": "https://nlftp.mlit.go.jp/ksj/gml/data/A31/A31-21/A31-21_86_GEOJSON.zip"}, {"filename": "A31-20_86_GEOJSON.zip", "url": "https://nlftp.mlit.go.jp/ksj/gml/data/A31/A31-20/A31-20_86_GEOJSON.zip"}, {"filename": "A31-19_86_GEOJSON.zip", "url": "https://nlftp.mlit.go.jp/ksj/gml/data/A31/A31-19/A31-19_86_GEOJSON.zip"}, {"filename": "A31a-24_87_10_GML.zip", "url": "https://nlftp.mlit.go.jp/ksj/gml/data/A31a/A31a-24/A31a-24_87_10_GML.zip"}, {"filename": "A31a-23_87_10_GML.zip", "url": "https://nlftp.mlit.go.jp/ksj/gml/data/A31a/A31a-23/A31a-23_87_10_GML.zip"}, {"filename": "A31-21_87_GML.zip", "url": "https://nlftp.mlit.go.jp/ksj/gml/data/A31/A31-21/A31-21_87_GML.zip"}, {"filename": "A31-20_87_GML.zip", "url": "https://nlftp.mlit.go.jp/ksj/gml/data/A31/A31-20/A31-20_87_GML.zip"}, {"filename": "A31-19_87_GML.zip", "url": "https://nlftp.mlit.go.jp/ksj/gml/data/A31/A31-19/A31-19_87_GML.zip"}, {"filename": "A31a-24_87_10_SHP.zip", "url": "https://nlftp.mlit.go.jp/ksj/gml/data/A31a/A31a-24/A31a-24_87_10_SHP.zip"}, {"filename": "A31a-23_87_10_SHP.zip", "url": "https://nlftp.mlit.go.jp/ksj/gml/data/A31a/A31a-23/A31a-23_87_10_SHP.zip"}, {"filename": "A31-21_87_SHP.zip", "url": "https://nlftp.mlit.go.jp/ksj/gml/data/A31/A31-21/A31-21_87_SHP.zip"}, {"filename": "A31-20_87_SHP.zip", "url": "https://nlftp.mlit.go.jp/ksj/gml/data/A31/A31-20/A31-20_87_SHP.zip"}, {"filename": "A31-19_87_SHP.zip", "url": "https://nlftp.mlit.go.jp/ksj/gml/data/A31/A31-19/A31-19_87_SHP.zip"}, {"filename": "A31a-24_87_10_GEOJSON.zip", "url": "https://nlftp.mlit.go.jp/ksj/gml/data/A31a/A31a-24/A31a-24_87_10_GEOJSON.zip"}, {"filename": "A31a-23_87_10_GEOJSON.zip", "url": "https://nlftp.mlit.go.jp/ksj/gml/data/A31a/A31a-23/A31a-23_87_10_GEOJSON.zip"}, {"filename": "A31-21_87_GEOJSON.zip", "url": "https://nlftp.mlit.go.jp/ksj/gml/data/A31/A31-21/A31-21_87_GEOJSON.zip"}, {"filename": "A31-20_87_GEOJSON.zip", "url": "https://nlftp.mlit.go.jp/ksj/gml/data/A31/A31-20/A31-20_87_GEOJSON.zip"}, {"filename": "A31-19_87_GEOJSON.zip", "url": "https://nlftp.mlit.go.jp/ksj/gml/data/A31/A31-19/A31-19_87_GEOJSON.zip"}, {"filename": "A31a-24_88_10_GML.zip", "url": "https://nlftp.mlit.go.jp/ksj/gml/data/A31a/A31a-24/A31a-24_88_10_GML.zip"}, {"filename": "A31a-23_88_10_GML.zip", "url": "https://nlftp.mlit.go.jp/ksj/gml/data/A31a/A31a-23/A31a-23_88_10_GML.zip"}, {"filename": "A31-20_88_GML.zip", "url": "https://nlftp.mlit.go.jp/ksj/gml/data/A31/A31-20/A31-20_88_GML.zip"}, {"filename": "A31-19_88_GML.zip", "url": "https://nlftp.mlit.go.jp/ksj/gml/data/A31/A31-19/A31-19_88_GML.zip"}, {"filename": "A31a-24_88_10_SHP.zip", "url": "https://nlftp.mlit.go.jp/ksj/gml/data/A31a/A31a-24/A31a-24_88_10_SHP.zip"}, {"filename": "A31a-23_88_10_SHP.zip", "url": "https://nlftp.mlit.go.jp/ksj/gml/data/A31a/A31a-23/A31a-23_88_10_SHP.zip"}, {"filename": "A31-20_88_SHP.zip", "url": "https://nlftp.mlit.go.jp/ksj/gml/data/A31/A31-20/A31-20_88_SHP.zip"}, {"filename": "A31-19_88_SHP.zip", "url": "https://nlftp.mlit.go.jp/ksj/gml/data/A31/A31-19/A31-19_88_SHP.zip"}, {"filename": "A31a-24_88_10_GEOJSON.zip", "url": "https://nlftp.mlit.go.jp/ksj/gml/data/A31a/A31a-24/A31a-24_88_10_GEOJSON.zip"}, {"filename": "A31a-23_88_10_GEOJSON.zip", "url": "https://nlftp.mlit.go.jp/ksj/gml/data/A31a/A31a-23/A31a-23_88_10_GEOJSON.zip"}, {"filename": "A31-20_88_GEOJSON.zip", "url": "https://nlftp.mlit.go.jp/ksj/gml/data/A31/A31-20/A31-20_88_GEOJSON.zip"}, {"filename": "A31-19_88_GEOJSON.zip", "url": "https://nlftp.mlit.go.jp/ksj/gml/data/A31/A31-19/A31-19_88_GEOJSON.zip"}, {"filename": "A31a-24_89_10_GML.zip", "url": "https://nlftp.mlit.go.jp/ksj/gml/data/A31a/A31a-24/A31a-24_89_10_GML.zip"}, {"filename": "A31a-23_89_10_GML.zip", "url": "https://nlftp.mlit.go.jp/ksj/gml/data/A31a/A31a-23/A31a-23_89_10_GML.zip"}, {"filename": "A31-20_89_GML.zip", "url": "https://nlftp.mlit.go.jp/ksj/gml/data/A31/A31-20/A31-20_89_GML.zip"}, {"filename": "A31-19_89_GML.zip", "url": "https://nlftp.mlit.go.jp/ksj/gml/data/A31/A31-19/A31-19_89_GML.zip"}, {"filename": "A31a-24_89_10_SHP.zip", "url": "https://nlftp.mlit.go.jp/ksj/gml/data/A31a/A31a-24/A31a-24_89_10_SHP.zip"}, {"filename": "A31a-23_89_10_SHP.zip", "url": "https://nlftp.mlit.go.jp/ksj/gml/data/A31a/A31a-23/A31a-23_89_10_SHP.zip"}, {"filename": "A31-20_89_SHP.zip", "url": "https://nlftp.mlit.go.jp/ksj/gml/data/A31/A31-20/A31-20_89_SHP.zip"}, {"filename": "A31-19_89_SHP.zip", "url": "https://nlftp.mlit.go.jp/ksj/gml/data/A31/A31-19/A31-19_89_SHP.zip"}, {"filename": "A31a-24_89_10_GEOJSON.zip", "url": "https://nlftp.mlit.go.jp/ksj/gml/data/A31a/A31a-24/A31a-24_89_10_GEOJSON.zip"}, {"filename": "A31a-23_89_10_GEOJSON.zip", "url": "https://nlftp.mlit.go.jp/ksj/gml/data/A31a/A31a-23/A31a-23_89_10_GEOJSON.zip"}, {"filename": "A31-20_89_GEOJSON.zip", "url": "https://nlftp.mlit.go.jp/ksj/gml/data/A31/A31-20/A31-20_89_GEOJSON.zip"}, {"filename": "A31-19_89_GEOJSON.zip", "url": "https://nlftp.mlit.go.jp/ksj/gml/data/A31/A31-19/A31-19_89_GEOJSON.zip"}, {"filename": "A31a-24_01_10_GML.zip", "url": "https://nlftp.mlit.go.jp/ksj/gml/data/A31a/A31a-24/A31a-24_01_10_GML.zip"}, {"filename": "A31a-23_01_10_GML.zip", "url": "https://nlftp.mlit.go.jp/ksj/gml/data/A31a/A31a-23/A31a-23_01_10_GML.zip"}, {"filename": "A31a-24_01_20_GML.zip", "url": "https://nlftp.mlit.go.jp/ksj/gml/data/A31a/A31a-24/A31a-24_01_20_GML.zip"}, {"filename": "A31a-24_01_10_SHP.zip", "url": "https://nlftp.mlit.go.jp/ksj/gml/data/A31a/A31a-24/A31a-24_01_10_SHP.zip"}, {"filename": "A31a-23_01_10_SHP.zip", "url": "https://nlftp.mlit.go.jp/ksj/gml/data/A31a/A31a-23/A31a-23_01_10_SHP.zip"}, {"filename": "A31a-24_01_20_SHP.zip", "url": "https://nlftp.mlit.go.jp/ksj/gml/data/A31a/A31a-24/A31a-24_01_20_SHP.zip"}, {"filename": "A31a-24_01_10_GEOJSON.zip", "url": "https://nlftp.mlit.go.jp/ksj/gml/data/A31a/A31a-24/A31a-24_01_10_GEOJSON.zip"}, {"filename": "A31a-23_01_10_GEOJSON.zip", "url": "https://nlftp.mlit.go.jp/ksj/gml/data/A31a/A31a-23/A31a-23_01_10_GEOJSON.zip"}, {"filename": "A31a-24_01_20_GEOJSON.zip", "url": "https://nlftp.mlit.go.jp/ksj/gml/data/A31a/A31a-24/A31a-24_01_20_GEOJSON.zip"}, {"filename": "A31-21_01_GML.zip", "url": "https://nlftp.mlit.go.jp/ksj/gml/data/A31/A31-21/A31-21_01_GML.zip"}, {"filename": "A31-20_01_GML.zip", "url": "https://nlftp.mlit.go.jp/ksj/gml/data/A31/A31-20/A31-20_01_GML.zip"}, {"filename": "A31-12_01_GML.zip", "url": "https://nlftp.mlit.go.jp/ksj/gml/data/A31/A31-12/A31-12_01_GML.zip"}, {"filename": "A31a-24_02_10_GML.zip", "url": "https://nlftp.mlit.go.jp/ksj/gml/data/A31a/A31a-24/A31a-24_02_10_GML.zip"}, {"filename": "A31a-23_02_10_GML.zip", "url": "https://nlftp.mlit.go.jp/ksj/gml/data/A31a/A31a-23/A31a-23_02_10_GML.zip"}, {"filename": "A31a-24_02_20_GML.zip", "url": "https://nlftp.mlit.go.jp/ksj/gml/data/A31a/A31a-24/A31a-24_02_20_GML.zip"}, {"filename": "A31a-24_02_10_SHP.zip", "url": "https://nlftp.mlit.go.jp/ksj/gml/data/A31a/A31a-24/A31a-24_02_10_SHP.zip"}, {"filename": "A31a-23_02_10_SHP.zip", "url": "https://nlftp.mlit.go.jp/ksj/gml/data/A31a/A31a-23/A31a-23_02_10_SHP.zip"}, {"filename": "A31a-24_02_20_SHP.zip", "url": "https://nlftp.mlit.go.jp/ksj/gml/data/A31a/A31a-24/A31a-24_02_20_SHP.zip"}, {"filename": "A31a-24_02_10_GEOJSON.zip", "url": "https://nlftp.mlit.go.jp/ksj/gml/data/A31a/A31a-24/A31a-24_02_10_GEOJSON.zip"}, {"filename": "A31a-23_02_10_GEOJSON.zip", "url": "https://nlftp.mlit.go.jp/ksj/gml/data/A31a/A31a-23/A31a-23_02_10_GEOJSON.zip"}, {"filename": "A31a-24_02_20_GEOJSON.zip", "url": "https://nlftp.mlit.go.jp/ksj/gml/data/A31a/A31a-24/A31a-24_02_20_GEOJSON.zip"}, {"filename": "A31-21_02_GML.zip", "url": "https://nlftp.mlit.go.jp/ksj/gml/data/A31/A31-21/A31-21_02_GML.zip"}, {"filename": "A31-12_02_GML.zip", "url": "https://nlftp.mlit.go.jp/ksj/gml/data/A31/A31-12/A31-12_02_GML.zip"}, {"filename": "A31a-24_03_10_GML.zip", "url": "https://nlftp.mlit.go.jp/ksj/gml/data/A31a/A31a-24/A31a-24_03_10_GML.zip"}, {"filename": "A31a-23_03_10_GML.zip", "url": "https://nlftp.mlit.go.jp/ksj/gml/data/A31a/A31a-23/A31a-23_03_10_GML.zip"}, {"filename": "A31a-24_03_20_GML.zip", "url": "https://nlftp.mlit.go.jp/ksj/gml/data/A31a/A31a-24/A31a-24_03_20_GML.zip"}, {"filename": "A31a-23_03_20_GML.zip", "url": "https://nlftp.mlit.go.jp/ksj/gml/data/A31a/A31a-23/A31a-23_03_20_GML.zip"}, {"filename": "A31a-24_03_10_SHP.zip", "url": "https://nlftp.mlit.go.jp/ksj/gml/data/A31a/A31a-24/A31a-24_03_10_SHP.zip"}, {"filename": "A31a-23_03_10_SHP.zip", "url": "https://nlftp.mlit.go.jp/ksj/gml/data/A31a/A31a-23/A31a-23_03_10_SHP.zip"}, {"filename": "A31a-24_03_20_SHP.zip", "url": "https://nlftp.mlit.go.jp/ksj/gml/data/A31a/A31a-24/A31a-24_03_20_SHP.zip"}, {"filename": "A31a-23_03_20_SHP.zip", "url": "https://nlftp.mlit.go.jp/ksj/gml/data/A31a/A31a-23/A31a-23_03_20_SHP.zip"}, {"filename": "A31a-24_03_10_GEOJSON.zip", "url": "https://nlftp.mlit.go.jp/ksj/gml/data/A31a/A31a-24/A31a-24_03_10_GEOJSON.zip"}, {"filename": "A31a-23_03_10_GEOJSON.zip", "url": "https://nlftp.mlit.go.jp/ksj/gml/data/A31a/A31a-23/A31a-23_03_10_GEOJSON.zip"}, {"filename": "A31a-24_03_20_GEOJSON.zip", "url": "https://nlftp.mlit.go.jp/ksj/gml/data/A31a/A31a-24/A31a-24_03_20_GEOJSON.zip"}, {"filename": "A31a-23_03_20_GEOJSON.zip", "url": "https://nlftp.mlit.go.jp/ksj/gml/data/A31a/A31a-23/A31a-23_03_20_GEOJSON.zip"}, {"filename": "A31-21_03_GML.zip", "url": "https://nlftp.mlit.go.jp/ksj/gml/data/A31/A31-21/A31-21_03_GML.zip"}, {"filename": "A31-20_03_GML.zip", "url": "https://nlftp.mlit.go.jp/ksj/gml/data/A31/A31-20/A31-20_03_GML.zip"}, {"filename": "A31-12_03_GML.zip", "url": "https://nlftp.mlit.go.jp/ksj/gml/data/A31/A31-12/A31-12_03_GML.zip"}, {"filename": "A31a-24_04_10_GML.zip", "url": "https://nlftp.mlit.go.jp/ksj/gml/data/A31a/A31a-24/A31a-24_04_10_GML.zip"}, {"filename": "A31a-23_04_10_GML.zip", "url": "https://nlftp.mlit.go.jp/ksj/gml/data/A31a/A31a-23/A31a-23_04_10_GML.zip"}, {"filename": "A31a-22_04_10_GML.zip", "url": "https://nlftp.mlit.go.jp/ksj/gml/data/A31a/A31a-22/A31a-22_04_10_GML.zip"}, {"filename": "A31a-24_04_20_GML.zip", "url": "https://nlftp.mlit.go.jp/ksj/gml/data/A31a/A31a-24/A31a-24_04_20_GML.zip"}, {"filename": "A31a-23_04_20_GML.zip", "url": "https://nlftp.mlit.go.jp/ksj/gml/data/A31a/A31a-23/A31a-23_04_20_GML.zip"}, {"filename": "A31a-22_04_20_GML.zip", "url": "https://nlftp.mlit.go.jp/ksj/gml/data/A31a/A31a-22/A31a-22_04_20_GML.zip"}, {"filename": "A31a-24_04_10_SHP.zip", "url": "https://nlftp.mlit.go.jp/ksj/gml/data/A31a/A31a-24/A31a-24_04_10_SHP.zip"}, {"filename": "A31a-23_04_10_SHP.zip", "url": "https://nlftp.mlit.go.jp/ksj/gml/data/A31a/A31a-23/A31a-23_04_10_SHP.zip"}, {"filename": "A31a-22_04_10_SHP.zip", "url": "https://nlftp.mlit.go.jp/ksj/gml/data/A31a/A31a-22/A31a-22_04_10_SHP.zip"}, {"filename": "A31a-24_04_20_SHP.zip", "url": "https://nlftp.mlit.go.jp/ksj/gml/data/A31a/A31a-24/A31a-24_04_20_SHP.zip"}, {"filename": "A31a-23_04_20_SHP.zip", "url": "https://nlftp.mlit.go.jp/ksj/gml/data/A31a/A31a-23/A31a-23_04_20_SHP.zip"}, {"filename": "A31a-22_04_20_SHP.zip", "url": "https://nlftp.mlit.go.jp/ksj/gml/data/A31a/A31a-22/A31a-22_04_20_SHP.zip"}, {"filename": "A31a-24_04_10_GEOJSON.zip", "url": "https://nlftp.mlit.go.jp/ksj/gml/data/A31a/A31a-24/A31a-24_04_10_GEOJSON.zip"}, {"filename": "A31a-23_04_10_GEOJSON.zip", "url": "https://nlftp.mlit.go.jp/ksj/gml/data/A31a/A31a-23/A31a-23_04_10_GEOJSON.zip"}, {"filename": "A31a-22_04_10_GEOJSON.zip", "url": "https://nlftp.mlit.go.jp/ksj/gml/data/A31a/A31a-22/A31a-22_04_10_GEOJSON.zip"}, {"filename": "A31a-24_04_20_GEOJSON.zip", "url": "https://nlftp.mlit.go.jp/ksj/gml/data/A31a/A31a-24/A31a-24_04_20_GEOJSON.zip"}, {"filename": "A31a-23_04_20_GEOJSON.zip", "url": "https://nlftp.mlit.go.jp/ksj/gml/data/A31a/A31a-23/A31a-23_04_20_GEOJSON.zip"}, {"filename": "A31a-22_04_20_GEOJSON.zip", "url": "https://nlftp.mlit.go.jp/ksj/gml/data/A31a/A31a-22/A31a-22_04_20_GEOJSON.zip"}, {"filename": "A31-21_04_GML.zip", "url": "https://nlftp.mlit.go.jp/ksj/gml/data/A31/A31-21/A31-21_04_GML.zip"}, {"filename": "A31-12_04_GML.zip", "url": "https://nlftp.mlit.go.jp/ksj/gml/data/A31/A31-12/A31-12_04_GML.zip"}, {"filename": "A31a-24_05_10_GML.zip", "url": "https://nlftp.mlit.go.jp/ksj/gml/data/A31a/A31a-24/A31a-24_05_10_GML.zip"}, {"filename": "A31a-23_05_10_GML.zip", "url": "https://nlftp.mlit.go.jp/ksj/gml/data/A31a/A31a-23/A31a-23_05_10_GML.zip"}, {"filename": "A31a-24_05_10_SHP.zip", "url": "https://nlftp.mlit.go.jp/ksj/gml/data/A31a/A31a-24/A31a-24_05_10_SHP.zip"}, {"filename": "A31a-23_05_10_SHP.zip", "url": "https://nlftp.mlit.go.jp/ksj/gml/data/A31a/A31a-23/A31a-23_05_10_SHP.zip"}, {"filename": "A31a-24_05_10_GEOJSON.zip", "url": "https://nlftp.mlit.go.jp/ksj/gml/data/A31a/A31a-24/A31a-24_05_10_GEOJSON.zip"}, {"filename": "A31a-23_05_10_GEOJSON.zip", "url": "https://nlftp.mlit.go.jp/ksj/gml/data/A31a/A31a-23/A31a-23_05_10_GEOJSON.zip"}, {"filename": "A31-21_05_GML.zip", "url": "https://nlftp.mlit.go.jp/ksj/gml/data/A31/A31-21/A31-21_05_GML.zip"}, {"filename": "A31-12_05_GML.zip", "url": "https://nlftp.mlit.go.jp/ksj/gml/data/A31/A31-12/A31-12_05_GML.zip"}, {"filename": "A31a-24_06_10_GML.zip", "url": "https://nlftp.mlit.go.jp/ksj/gml/data/A31a/A31a-24/A31a-24_06_10_GML.zip"}, {"filename": "A31a-23_06_10_GML.zip", "url": "https://nlftp.mlit.go.jp/ksj/gml/data/A31a/A31a-23/A31a-23_06_10_GML.zip"}, {"filename": "A31a-22_06_10_GML.zip", "url": "https://nlftp.mlit.go.jp/ksj/gml/data/A31a/A31a-22/A31a-22_06_10_GML.zip"}, {"filename": "A31a-24_06_10_SHP.zip", "url": "https://nlftp.mlit.go.jp/ksj/gml/data/A31a/A31a-24/A31a-24_06_10_SHP.zip"}, {"filename": "A31a-23_06_10_SHP.zip", "url": "https://nlftp.mlit.go.jp/ksj/gml/data/A31a/A31a-23/A31a-23_06_10_SHP.zip"}, {"filename": "A31a-22_06_10_SHP.zip", "url": "https://nlftp.mlit.go.jp/ksj/gml/data/A31a/A31a-22/A31a-22_06_10_SHP.zip"}, {"filename": "A31a-24_06_10_GEOJSON.zip", "url": "https://nlftp.mlit.go.jp/ksj/gml/data/A31a/A31a-24/A31a-24_06_10_GEOJSON.zip"}, {"filename": "A31a-23_06_10_GEOJSON.zip", "url": "https://nlftp.mlit.go.jp/ksj/gml/data/A31a/A31a-23/A31a-23_06_10_GEOJSON.zip"}, {"filename": "A31a-22_06_10_GEOJSON.zip", "url": "https://nlftp.mlit.go.jp/ksj/gml/data/A31a/A31a-22/A31a-22_06_10_GEOJSON.zip"}, {"filename": "A31-21_06_GML.zip", "url": "https://nlftp.mlit.go.jp/ksj/gml/data/A31/A31-21/A31-21_06_GML.zip"}, {"filename": "A31-20_06_GML.zip", "url": "https://nlftp.mlit.go.jp/ksj/gml/data/A31/A31-20/A31-20_06_GML.zip"}, {"filename": "A31-12_06_GML.zip", "url": "https://nlftp.mlit.go.jp/ksj/gml/data/A31/A31-12/A31-12_06_GML.zip"}, {"filename": "A31a-24_07_10_GML.zip", "url": "https://nlftp.mlit.go.jp/ksj/gml/data/A31a/A31a-24/A31a-24_07_10_GML.zip"}, {"filename": "A31a-23_07_10_GML.zip", "url": "https://nlftp.mlit.go.jp/ksj/gml/data/A31a/A31a-23/A31a-23_07_10_GML.zip"}, {"filename": "A31a-22_07_10_GML.zip", "url": "https://nlftp.mlit.go.jp/ksj/gml/data/A31a/A31a-22/A31a-22_07_10_GML.zip"}, {"filename": "A31a-24_07_20_GML.zip", "url": "https://nlftp.mlit.go.jp/ksj/gml/data/A31a/A31a-24/A31a-24_07_20_GML.zip"}, {"filename": "A31a-24_07_10_SHP.zip", "url": "https://nlftp.mlit.go.jp/ksj/gml/data/A31a/A31a-24/A31a-24_07_10_SHP.zip"}, {"filename": "A31a-23_07_10_SHP.zip", "url": "https://nlftp.mlit.go.jp/ksj/gml/data/A31a/A31a-23/A31a-23_07_10_SHP.zip"}, {"filename": "A31a-22_07_10_SHP.zip", "url": "https://nlftp.mlit.go.jp/ksj/gml/data/A31a/A31a-22/A31a-22_07_10_SHP.zip"}, {"filename": "A31a-24_07_20_SHP.zip", "url": "https://nlftp.mlit.go.jp/ksj/gml/data/A31a/A31a-24/A31a-24_07_20_SHP.zip"}, {"filename": "A31a-24_07_10_GEOJSON.zip", "url": "https://nlftp.mlit.go.jp/ksj/gml/data/A31a/A31a-24/A31a-24_07_10_GEOJSON.zip"}, {"filename": "A31a-23_07_10_GEOJSON.zip", "url": "https://nlftp.mlit.go.jp/ksj/gml/data/A31a/A31a-23/A31a-23_07_10_GEOJSON.zip"}, {"filename": "A31a-22_07_10_GEOJSON.zip", "url": "https://nlftp.mlit.go.jp/ksj/gml/data/A31a/A31a-22/A31a-22_07_10_GEOJSON.zip"}, {"filename": "A31a-24_07_20_GEOJSON.zip", "url": "https://nlftp.mlit.go.jp/ksj/gml/data/A31a/A31a-24/A31a-24_07_20_GEOJSON.zip"}, {"filename": "A31-21_07_GML.zip", "url": "https://nlftp.mlit.go.jp/ksj/gml/data/A31/A31-21/A31-21_07_GML.zip"}, {"filename": "A31-12_07_GML.zip", "url": "https://nlftp.mlit.go.jp/ksj/gml/data/A31/A31-12/A31-12_07_GML.zip"}, {"filename": "A31a-24_08_10_GML.zip", "url": "https://nlftp.mlit.go.jp/ksj/gml/data/A31a/A31a-24/A31a-24_08_10_GML.zip"}, {"filename": "A31a-23_08_10_GML.zip", "url": "https://nlftp.mlit.go.jp/ksj/gml/data/A31a/A31a-23/A31a-23_08_10_GML.zip"}, {"filename": "A31a-24_08_20_GML.zip", "url": "https://nlftp.mlit.go.jp/ksj/gml/data/A31a/A31a-24/A31a-24_08_20_GML.zip"}, {"filename": "A31a-23_08_20_GML.zip", "url": "https://nlftp.mlit.go.jp/ksj/gml/data/A31a/A31a-23/A31a-23_08_20_GML.zip"}, {"filename": "A31a-24_08_10_SHP.zip", "url": "https://nlftp.mlit.go.jp/ksj/gml/data/A31a/A31a-24/A31a-24_08_10_SHP.zip"}, {"filename": "A31a-23_08_10_SHP.zip", "url": "https://nlftp.mlit.go.jp/ksj/gml/data/A31a/A31a-23/A31a-23_08_10_SHP.zip"}, {"filename": "A31a-24_08_20_SHP.zip", "url": "https://nlftp.mlit.go.jp/ksj/gml/data/A31a/A31a-24/A31a-24_08_20_SHP.zip"}, {"filename": "A31a-23_08_20_SHP.zip", "url": "https://nlftp.mlit.go.jp/ksj/gml/data/A31a/A31a-23/A31a-23_08_20_SHP.zip"}, {"filename": "A31a-24_08_10_GEOJSON.zip", "url": "https://nlftp.mlit.go.jp/ksj/gml/data/A31a/A31a-24/A31a-24_08_10_GEOJSON.zip"}, {"filename": "A31a-23_08_10_GEOJSON.zip", "url": "https://nlftp.mlit.go.jp/ksj/gml/data/A31a/A31a-23/A31a-23_08_10_GEOJSON.zip"}, {"filename": "A31a-24_08_20_GEOJSON.zip", "url": "https://nlftp.mlit.go.jp/ksj/gml/data/A31a/A31a-24/A31a-24_08_20_GEOJSON.zip"}, {"filename": "A31a-23_08_20_GEOJSON.zip", "url": "https://nlftp.mlit.go.jp/ksj/gml/data/A31a/A31a-23/A31a-23_08_20_GEOJSON.zip"}, {"filename": "A31-21_08_GML.zip", "url": "https://nlftp.mlit.go.jp/ksj/gml/data/A31/A31-21/A31-21_08_GML.zip"}, {"filename": "A31-12_08_GML.zip", "url": "https://nlftp.mlit.go.jp/ksj/gml/data/A31/A31-12/A31-12_08_GML.zip"}, {"filename": "A31a-24_09_10_GML.zip", "url": "https://nlftp.mlit.go.jp/ksj/gml/data/A31a/A31a-24/A31a-24_09_10_GML.zip"}, {"filename": "A31a-23_09_10_GML.zip", "url": "https://nlftp.mlit.go.jp/ksj/gml/data/A31a/A31a-23/A31a-23_09_10_GML.zip"}, {"filename": "A31a-24_09_20_GML.zip", "url": "https://nlftp.mlit.go.jp/ksj/gml/data/A31a/A31a-24/A31a-24_09_20_GML.zip"}, {"filename": "A31a-23_09_20_GML.zip", "url": "https://nlftp.mlit.go.jp/ksj/gml/data/A31a/A31a-23/A31a-23_09_20_GML.zip"}, {"filename": "A31a-22_09_20_GML.zip", "url": "https://nlftp.mlit.go.jp/ksj/gml/data/A31a/A31a-22/A31a-22_09_20_GML.zip"}, {"filename": "A31a-24_09_10_SHP.zip", "url": "https://nlftp.mlit.go.jp/ksj/gml/data/A31a/A31a-24/A31a-24_09_10_SHP.zip"}, {"filename": "A31a-23_09_10_SHP.zip", "url": "https://nlftp.mlit.go.jp/ksj/gml/data/A31a/A31a-23/A31a-23_09_10_SHP.zip"}, {"filename": "A31a-24_09_20_SHP.zip", "url": "https://nlftp.mlit.go.jp/ksj/gml/data/A31a/A31a-24/A31a-24_09_20_SHP.zip"}, {"filename": "A31a-23_09_20_SHP.zip", "url": "https://nlftp.mlit.go.jp/ksj/gml/data/A31a/A31a-23/A31a-23_09_20_SHP.zip"}, {"filename": "A31a-22_09_20_SHP.zip", "url": "https://nlftp.mlit.go.jp/ksj/gml/data/A31a/A31a-22/A31a-22_09_20_SHP.zip"}, {"filename": "A31a-24_09_10_GEOJSON.zip", "url": "https://nlftp.mlit.go.jp/ksj/gml/data/A31a/A31a-24/A31a-24_09_10_GEOJSON.zip"}, {"filename": "A31a-23_09_10_GEOJSON.zip", "url": "https://nlftp.mlit.go.jp/ksj/gml/data/A31a/A31a-23/A31a-23_09_10_GEOJSON.zip"}, {"filename": "A31a-24_09_20_GEOJSON.zip", "url": "https://nlftp.mlit.go.jp/ksj/gml/data/A31a/A31a-24/A31a-24_09_20_GEOJSON.zip"}, {"filename": "A31a-23_09_20_GEOJSON.zip", "url": "https://nlftp.mlit.go.jp/ksj/gml/data/A31a/A31a-23/A31a-23_09_20_GEOJSON.zip"}, {"filename": "A31a-22_09_20_GEOJSON.zip", "url": "https://nlftp.mlit.go.jp/ksj/gml/data/A31a/A31a-22/A31a-22_09_20_GEOJSON.zip"}, {"filename": "A31-21_09_GML.zip", "url": "https://nlftp.mlit.go.jp/ksj/gml/data/A31/A31-21/A31-21_09_GML.zip"}, {"filename": "A31-20_09_GML.zip", "url": "https://nlftp.mlit.go.jp/ksj/gml/data/A31/A31-20/A31-20_09_GML.zip"}, {"filename": "A31-12_09_GML.zip", "url": "https://nlftp.mlit.go.jp/ksj/gml/data/A31/A31-12/A31-12_09_GML.zip"}, {"filename": "A31a-24_10_10_GML.zip", "url": "https://nlftp.mlit.go.jp/ksj/gml/data/A31a/A31a-24/A31a-24_10_10_GML.zip"}, {"filename": "A31a-23_10_10_GML.zip", "url": "https://nlftp.mlit.go.jp/ksj/gml/data/A31a/A31a-23/A31a-23_10_10_GML.zip"}, {"filename": "A31a-24_10_20_GML.zip", "url": "https://nlftp.mlit.go.jp/ksj/gml/data/A31a/A31a-24/A31a-24_10_20_GML.zip"}, {"filename": "A31a-23_10_20_GML.zip", "url": "https://nlftp.mlit.go.jp/ksj/gml/data/A31a/A31a-23/A31a-23_10_20_GML.zip"}, {"filename": "A31a-24_10_10_SHP.zip", "url": "https://nlftp.mlit.go.jp/ksj/gml/data/A31a/A31a-24/A31a-24_10_10_SHP.zip"}, {"filename": "A31a-23_10_10_SHP.zip", "url": "https://nlftp.mlit.go.jp/ksj/gml/data/A31a/A31a-23/A31a-23_10_10_SHP.zip"}, {"filename": "A31a-24_10_20_SHP.zip", "url": "https://nlftp.mlit.go.jp/ksj/gml/data/A31a/A31a-24/A31a-24_10_20_SHP.zip"}, {"filename": "A31a-23_10_20_SHP.zip", "url": "https://nlftp.mlit.go.jp/ksj/gml/data/A31a/A31a-23/A31a-23_10_20_SHP.zip"}, {"filename": "A31a-24_10_10_GEOJSON.zip", "url": "https://nlftp.mlit.go.jp/ksj/gml/data/A31a/A31a-24/A31a-24_10_10_GEOJSON.zip"}, {"filename": "A31a-23_10_10_GEOJSON.zip", "url": "https://nlftp.mlit.go.jp/ksj/gml/data/A31a/A31a-23/A31a-23_10_10_GEOJSON.zip"}, {"filename": "A31a-24_10_20_GEOJSON.zip", "url": "https://nlftp.mlit.go.jp/ksj/gml/data/A31a/A31a-24/A31a-24_10_20_GEOJSON.zip"}, {"filename": "A31a-23_10_20_GEOJSON.zip", "url": "https://nlftp.mlit.go.jp/ksj/gml/data/A31a/A31a-23/A31a-23_10_20_GEOJSON.zip"}, {"filename": "A31-21_10_GML.zip", "url": "https://nlftp.mlit.go.jp/ksj/gml/data/A31/A31-21/A31-21_10_GML.zip"}, {"filename": "A31-20_10_GML.zip", "url": "https://nlftp.mlit.go.jp/ksj/gml/data/A31/A31-20/A31-20_10_GML.zip"}, {"filename": "A31-12_10_GML.zip", "url": "https://nlftp.mlit.go.jp/ksj/gml/data/A31/A31-12/A31-12_10_GML.zip"}, {"filename": "A31a-24_11_10_GML.zip", "url": "https://nlftp.mlit.go.jp/ksj/gml/data/A31a/A31a-24/A31a-24_11_10_GML.zip"}, {"filename": "A31a-23_11_10_GML.zip", "url": "https://nlftp.mlit.go.jp/ksj/gml/data/A31a/A31a-23/A31a-23_11_10_GML.zip"}, {"filename": "A31a-22_11_10_GML.zip", "url": "https://nlftp.mlit.go.jp/ksj/gml/data/A31a/A31a-22/A31a-22_11_10_GML.zip"}, {"filename": "A31a-24_11_20_GML.zip", "url": "https://nlftp.mlit.go.jp/ksj/gml/data/A31a/A31a-24/A31a-24_11_20_GML.zip"}, {"filename": "A31a-23_11_20_GML.zip", "url": "https://nlftp.mlit.go.jp/ksj/gml/data/A31a/A31a-23/A31a-23_11_20_GML.zip"}, {"filename": "A31a-22_11_20_GML.zip", "url": "https://nlftp.mlit.go.jp/ksj/gml/data/A31a/A31a-22/A31a-22_11_20_GML.zip"}, {"filename": "A31a-24_11_10_SHP.zip", "url": "https://nlftp.mlit.go.jp/ksj/gml/data/A31a/A31a-24/A31a-24_11_10_SHP.zip"}, {"filename": "A31a-23_11_10_SHP.zip", "url": "https://nlftp.mlit.go.jp/ksj/gml/data/A31a/A31a-23/A31a-23_11_10_SHP.zip"}, {"filename": "A31a-22_11_10_SHP.zip", "url": "https://nlftp.mlit.go.jp/ksj/gml/data/A31a/A31a-22/A31a-22_11_10_SHP.zip"}, {"filename": "A31a-24_11_20_SHP.zip", "url": "https://nlftp.mlit.go.jp/ksj/gml/data/A31a/A31a-24/A31a-24_11_20_SHP.zip"}, {"filename": "A31a-23_11_20_SHP.zip", "url": "https://nlftp.mlit.go.jp/ksj/gml/data/A31a/A31a-23/A31a-23_11_20_SHP.zip"}, {"filename": "A31a-22_11_20_SHP.zip", "url": "https://nlftp.mlit.go.jp/ksj/gml/data/A31a/A31a-22/A31a-22_11_20_SHP.zip"}, {"filename": "A31a-24_11_10_GEOJSON.zip", "url": "https://nlftp.mlit.go.jp/ksj/gml/data/A31a/A31a-24/A31a-24_11_10_GEOJSON.zip"}, {"filename": "A31a-23_11_10_GEOJSON.zip", "url": "https://nlftp.mlit.go.jp/ksj/gml/data/A31a/A31a-23/A31a-23_11_10_GEOJSON.zip"}, {"filename": "A31a-22_11_10_GEOJSON.zip", "url": "https://nlftp.mlit.go.jp/ksj/gml/data/A31a/A31a-22/A31a-22_11_10_GEOJSON.zip"}, {"filename": "A31a-24_11_20_GEOJSON.zip", "url": "https://nlftp.mlit.go.jp/ksj/gml/data/A31a/A31a-24/A31a-24_11_20_GEOJSON.zip"}, {"filename": "A31a-23_11_20_GEOJSON.zip", "url": "https://nlftp.mlit.go.jp/ksj/gml/data/A31a/A31a-23/A31a-23_11_20_GEOJSON.zip"}, {"filename": "A31a-22_11_20_GEOJSON.zip", "url": "https://nlftp.mlit.go.jp/ksj/gml/data/A31a/A31a-22/A31a-22_11_20_GEOJSON.zip"}, {"filename": "A31-21_11_GML.zip", "url": "https://nlftp.mlit.go.jp/ksj/gml/data/A31/A31-21/A31-21_11_GML.zip"}, {"filename": "A31-12_11_GML.zip", "url": "https://nlftp.mlit.go.jp/ksj/gml/data/A31/A31-12/A31-12_11_GML.zip"}, {"filename": "A31a-24_12_10_GML.zip", "url": "https://nlftp.mlit.go.jp/ksj/gml/data/A31a/A31a-24/A31a-24_12_10_GML.zip"}, {"filename": "A31a-23_12_10_GML.zip", "url": "https://nlftp.mlit.go.jp/ksj/gml/data/A31a/A31a-23/A31a-23_12_10_GML.zip"}, {"filename": "A31a-24_12_20_GML.zip", "url": "https://nlftp.mlit.go.jp/ksj/gml/data/A31a/A31a-24/A31a-24_12_20_GML.zip"}, {"filename": "A31a-23_12_20_GML.zip", "url": "https://nlftp.mlit.go.jp/ksj/gml/data/A31a/A31a-23/A31a-23_12_20_GML.zip"}, {"filename": "A31a-24_12_10_SHP.zip", "url": "https://nlftp.mlit.go.jp/ksj/gml/data/A31a/A31a-24/A31a-24_12_10_SHP.zip"}, {"filename": "A31a-23_12_10_SHP.zip", "url": "https://nlftp.mlit.go.jp/ksj/gml/data/A31a/A31a-23/A31a-23_12_10_SHP.zip"}, {"filename": "A31a-24_12_20_SHP.zip", "url": "https://nlftp.mlit.go.jp/ksj/gml/data/A31a/A31a-24/A31a-24_12_20_SHP.zip"}, {"filename": "A31a-23_12_20_SHP.zip", "url": "https://nlftp.mlit.go.jp/ksj/gml/data/A31a/A31a-23/A31a-23_12_20_SHP.zip"}, {"filename": "A31a-24_12_10_GEOJSON.zip", "url": "https://nlftp.mlit.go.jp/ksj/gml/data/A31a/A31a-24/A31a-24_12_10_GEOJSON.zip"}, {"filename": "A31a-23_12_10_GEOJSON.zip", "url": "https://nlftp.mlit.go.jp/ksj/gml/data/A31a/A31a-23/A31a-23_12_10_GEOJSON.zip"}, {"filename": "A31a-24_12_20_GEOJSON.zip", "url": "https://nlftp.mlit.go.jp/ksj/gml/data/A31a/A31a-24/A31a-24_12_20_GEOJSON.zip"}, {"filename": "A31a-23_12_20_GEOJSON.zip", "url": "https://nlftp.mlit.go.jp/ksj/gml/data/A31a/A31a-23/A31a-23_12_20_GEOJSON.zip"}, {"filename": "A31-21_12_GML.zip", "url": "https://nlftp.mlit.go.jp/ksj/gml/data/A31/A31-21/A31-21_12_GML.zip"}, {"filename": "A31-12_12_GML.zip", "url": "https://nlftp.mlit.go.jp/ksj/gml/data/A31/A31-12/A31-12_12_GML.zip"}, {"filename": "A31a-24_13_10_GML.zip", "url": "https://nlftp.mlit.go.jp/ksj/gml/data/A31a/A31a-24/A31a-24_13_10_GML.zip"}, {"filename": "A31a-23_13_10_GML.zip", "url": "https://nlftp.mlit.go.jp/ksj/gml/data/A31a/A31a-23/A31a-23_13_10_GML.zip"}, {"filename": "A31a-24_13_20_GML.zip", "url": "https://nlftp.mlit.go.jp/ksj/gml/data/A31a/A31a-24/A31a-24_13_20_GML.zip"}, {"filename": "A31a-23_13_20_GML.zip", "url": "https://nlftp.mlit.go.jp/ksj/gml/data/A31a/A31a-23/A31a-23_13_20_GML.zip"}, {"filename": "A31a-24_13_10_SHP.zip", "url": "https://nlftp.mlit.go.jp/ksj/gml/data/A31a/A31a-24/A31a-24_13_10_SHP.zip"}, {"filename": "A31a-23_13_10_SHP.zip", "url": "https://nlftp.mlit.go.jp/ksj/gml/data/A31a/A31a-23/A31a-23_13_10_SHP.zip"}, {"filename": "A31a-24_13_20_SHP.zip", "url": "https://nlftp.mlit.go.jp/ksj/gml/data/A31a/A31a-24/A31a-24_13_20_SHP.zip"}, {"filename": "A31a-23_13_20_SHP.zip", "url": "https://nlftp.mlit.go.jp/ksj/gml/data/A31a/A31a-23/A31a-23_13_20_SHP.zip"}, {"filename": "A31a-24_13_10_GEOJSON.zip", "url": "https://nlftp.mlit.go.jp/ksj/gml/data/A31a/A31a-24/A31a-24_13_10_GEOJSON.zip"}, {"filename": "A31a-23_13_10_GEOJSON.zip", "url": "https://nlftp.mlit.go.jp/ksj/gml/data/A31a/A31a-23/A31a-23_13_10_GEOJSON.zip"}, {"filename": "A31a-24_13_20_GEOJSON.zip", "url": "https://nlftp.mlit.go.jp/ksj/gml/data/A31a/A31a-24/A31a-24_13_20_GEOJSON.zip"}, {"filename": "A31a-23_13_20_GEOJSON.zip", "url": "https://nlftp.mlit.go.jp/ksj/gml/data/A31a/A31a-23/A31a-23_13_20_GEOJSON.zip"}, {"filename": "A31-21_13_GML.zip", "url": "https://nlftp.mlit.go.jp/ksj/gml/data/A31/A31-21/A31-21_13_GML.zip"}, {"filename": "A31-12_13_GML.zip", "url": "https://nlftp.mlit.go.jp/ksj/gml/data/A31/A31-12/A31-12_13_GML.zip"}, {"filename": "A31a-24_14_10_GML.zip", "url": "https://nlftp.mlit.go.jp/ksj/gml/data/A31a/A31a-24/A31a-24_14_10_GML.zip"}, {"filename": "A31a-23_14_10_GML.zip", "url": "https://nlftp.mlit.go.jp/ksj/gml/data/A31a/A31a-23/A31a-23_14_10_GML.zip"}, {"filename": "A31a-22_14_10_GML.zip", "url": "https://nlftp.mlit.go.jp/ksj/gml/data/A31a/A31a-22/A31a-22_14_10_GML.zip"}, {"filename": "A31a-24_14_20_GML.zip", "url": "https://nlftp.mlit.go.jp/ksj/gml/data/A31a/A31a-24/A31a-24_14_20_GML.zip"}, {"filename": "A31a-23_14_20_GML.zip", "url": "https://nlftp.mlit.go.jp/ksj/gml/data/A31a/A31a-23/A31a-23_14_20_GML.zip"}, {"filename": "A31a-24_14_10_SHP.zip", "url": "https://nlftp.mlit.go.jp/ksj/gml/data/A31a/A31a-24/A31a-24_14_10_SHP.zip"}, {"filename": "A31a-23_14_10_SHP.zip", "url": "https://nlftp.mlit.go.jp/ksj/gml/data/A31a/A31a-23/A31a-23_14_10_SHP.zip"}, {"filename": "A31a-22_14_10_SHP.zip", "url": "https://nlftp.mlit.go.jp/ksj/gml/data/A31a/A31a-22/A31a-22_14_10_SHP.zip"}, {"filename": "A31a-24_14_20_SHP.zip", "url": "https://nlftp.mlit.go.jp/ksj/gml/data/A31a/A31a-24/A31a-24_14_20_SHP.zip"}, {"filename": "A31a-23_14_20_SHP.zip", "url": "https://nlftp.mlit.go.jp/ksj/gml/data/A31a/A31a-23/A31a-23_14_20_SHP.zip"}, {"filename": "A31a-24_14_10_GEOJSON.zip", "url": "https://nlftp.mlit.go.jp/ksj/gml/data/A31a/A31a-24/A31a-24_14_10_GEOJSON.zip"}, {"filename": "A31a-23_14_10_GEOJSON.zip", "url": "https://nlftp.mlit.go.jp/ksj/gml/data/A31a/A31a-23/A31a-23_14_10_GEOJSON.zip"}, {"filename": "A31a-22_14_10_GEOJSON.zip", "url": "https://nlftp.mlit.go.jp/ksj/gml/data/A31a/A31a-22/A31a-22_14_10_GEOJSON.zip"}, {"filename": "A31a-24_14_20_GEOJSON.zip", "url": "https://nlftp.mlit.go.jp/ksj/gml/data/A31a/A31a-24/A31a-24_14_20_GEOJSON.zip"}, {"filename": "A31a-23_14_20_GEOJSON.zip", "url": "https://nlftp.mlit.go.jp/ksj/gml/data/A31a/A31a-23/A31a-23_14_20_GEOJSON.zip"}, {"filename": "A31-21_14_GML.zip", "url": "https://nlftp.mlit.go.jp/ksj/gml/data/A31/A31-21/A31-21_14_GML.zip"}, {"filename": "A31-20_14_GML.zip", "url": "https://nlftp.mlit.go.jp/ksj/gml/data/A31/A31-20/A31-20_14_GML.zip"}, {"filename": "A31-12_14_GML.zip", "url": "https://nlftp.mlit.go.jp/ksj/gml/data/A31/A31-12/A31-12_14_GML.zip"}, {"filename": "A31a-24_15_10_GML.zip", "url": "https://nlftp.mlit.go.jp/ksj/gml/data/A31a/A31a-24/A31a-24_15_10_GML.zip"}, {"filename": "A31a-23_15_10_GML.zip", "url": "https://nlftp.mlit.go.jp/ksj/gml/data/A31a/A31a-23/A31a-23_15_10_GML.zip"}, {"filename": "A31a-24_15_20_GML.zip", "url": "https://nlftp.mlit.go.jp/ksj/gml/data/A31a/A31a-24/A31a-24_15_20_GML.zip"}, {"filename": "A31a-23_15_20_GML.zip", "url": "https://nlftp.mlit.go.jp/ksj/gml/data/A31a/A31a-23/A31a-23_15_20_GML.zip"}, {"filename": "A31a-24_15_10_SHP.zip", "url": "https://nlftp.mlit.go.jp/ksj/gml/data/A31a/A31a-24/A31a-24_15_10_SHP.zip"}, {"filename": "A31a-23_15_10_SHP.zip", "url": "https://nlftp.mlit.go.jp/ksj/gml/data/A31a/A31a-23/A31a-23_15_10_SHP.zip"}, {"filename": "A31a-24_15_20_SHP.zip", "url": "https://nlftp.mlit.go.jp/ksj/gml/data/A31a/A31a-24/A31a-24_15_20_SHP.zip"}, {"filename": "A31a-23_15_20_SHP.zip", "url": "https://nlftp.mlit.go.jp/ksj/gml/data/A31a/A31a-23/A31a-23_15_20_SHP.zip"}, {"filename": "A31a-24_15_10_GEOJSON.zip", "url": "https://nlftp.mlit.go.jp/ksj/gml/data/A31a/A31a-24/A31a-24_15_10_GEOJSON.zip"}, {"filename": "A31a-23_15_10_GEOJSON.zip", "url": "https://nlftp.mlit.go.jp/ksj/gml/data/A31a/A31a-23/A31a-23_15_10_GEOJSON.zip"}, {"filename": "A31a-24_15_20_GEOJSON.zip", "url": "https://nlftp.mlit.go.jp/ksj/gml/data/A31a/A31a-24/A31a-24_15_20_GEOJSON.zip"}, {"filename": "A31a-23_15_20_GEOJSON.zip", "url": "https://nlftp.mlit.go.jp/ksj/gml/data/A31a/A31a-23/A31a-23_15_20_GEOJSON.zip"}, {"filename": "A31-21_15_GML.zip", "url": "https://nlftp.mlit.go.jp/ksj/gml/data/A31/A31-21/A31-21_15_GML.zip"}, {"filename": "A31-12_15_GML.zip", "url": "https://nlftp.mlit.go.jp/ksj/gml/data/A31/A31-12/A31-12_15_GML.zip"}, {"filename": "A31a-24_16_10_GML.zip", "url": "https://nlftp.mlit.go.jp/ksj/gml/data/A31a/A31a-24/A31a-24_16_10_GML.zip"}, {"filename": "A31a-23_16_10_GML.zip", "url": "https://nlftp.mlit.go.jp/ksj/gml/data/A31a/A31a-23/A31a-23_16_10_GML.zip"}, {"filename": "A31a-24_16_20_GML.zip", "url": "https://nlftp.mlit.go.jp/ksj/gml/data/A31a/A31a-24/A31a-24_16_20_GML.zip"}, {"filename": "A31a-23_16_20_GML.zip", "url": "https://nlftp.mlit.go.jp/ksj/gml/data/A31a/A31a-23/A31a-23_16_20_GML.zip"}, {"filename": "A31a-24_16_10_SHP.zip", "url": "https://nlftp.mlit.go.jp/ksj/gml/data/A31a/A31a-24/A31a-24_16_10_SHP.zip"}, {"filename": "A31a-23_16_10_SHP.zip", "url": "https://nlftp.mlit.go.jp/ksj/gml/data/A31a/A31a-23/A31a-23_16_10_SHP.zip"}, {"filename": "A31a-24_16_20_SHP.zip", "url": "https://nlftp.mlit.go.jp/ksj/gml/data/A31a/A31a-24/A31a-24_16_20_SHP.zip"}, {"filename": "A31a-23_16_20_SHP.zip", "url": "https://nlftp.mlit.go.jp/ksj/gml/data/A31a/A31a-23/A31a-23_16_20_SHP.zip"}, {"filename": "A31a-24_16_10_GEOJSON.zip", "url": "https://nlftp.mlit.go.jp/ksj/gml/data/A31a/A31a-24/A31a-24_16_10_GEOJSON.zip"}, {"filename": "A31a-23_16_10_GEOJSON.zip", "url": "https://nlftp.mlit.go.jp/ksj/gml/data/A31a/A31a-23/A31a-23_16_10_GEOJSON.zip"}, {"filename": "A31a-24_16_20_GEOJSON.zip", "url": "https://nlftp.mlit.go.jp/ksj/gml/data/A31a/A31a-24/A31a-24_16_20_GEOJSON.zip"}, {"filename": "A31a-23_16_20_GEOJSON.zip", "url": "https://nlftp.mlit.go.jp/ksj/gml/data/A31a/A31a-23/A31a-23_16_20_GEOJSON.zip"}, {"filename": "A31-21_16_GML.zip", "url": "https://nlftp.mlit.go.jp/ksj/gml/data/A31/A31-21/A31-21_16_GML.zip"}, {"filename": "A31-12_16_GML.zip", "url": "https://nlftp.mlit.go.jp/ksj/gml/data/A31/A31-12/A31-12_16_GML.zip"}, {"filename": "A31a-24_17_10_GML.zip", "url": "https://nlftp.mlit.go.jp/ksj/gml/data/A31a/A31a-24/A31a-24_17_10_GML.zip"}, {"filename": "A31a-23_17_10_GML.zip", "url": "https://nlftp.mlit.go.jp/ksj/gml/data/A31a/A31a-23/A31a-23_17_10_GML.zip"}, {"filename": "A31a-24_17_10_SHP.zip", "url": "https://nlftp.mlit.go.jp/ksj/gml/data/A31a/A31a-24/A31a-24_17_10_SHP.zip"}, {"filename": "A31a-23_17_10_SHP.zip", "url": "https://nlftp.mlit.go.jp/ksj/gml/data/A31a/A31a-23/A31a-23_17_10_SHP.zip"}, {"filename": "A31a-24_17_10_GEOJSON.zip", "url": "https://nlftp.mlit.go.jp/ksj/gml/data/A31a/A31a-24/A31a-24_17_10_GEOJSON.zip"}, {"filename": "A31a-23_17_10_GEOJSON.zip", "url": "https://nlftp.mlit.go.jp/ksj/gml/data/A31a/A31a-23/A31a-23_17_10_GEOJSON.zip"}, {"filename": "A31-21_17_GML.zip", "url": "https://nlftp.mlit.go.jp/ksj/gml/data/A31/A31-21/A31-21_17_GML.zip"}, {"filename": "A31-12_17_GML.zip", "url": "https://nlftp.mlit.go.jp/ksj/gml/data/A31/A31-12/A31-12_17_GML.zip"}, {"filename": "A31a-24_18_10_GML.zip", "url": "https://nlftp.mlit.go.jp/ksj/gml/data/A31a/A31a-24/A31a-24_18_10_GML.zip"}, {"filename": "A31a-23_18_10_GML.zip", "url": "https://nlftp.mlit.go.jp/ksj/gml/data/A31a/A31a-23/A31a-23_18_10_GML.zip"}, {"filename": "A31a-24_18_20_GML.zip", "url": "https://nlftp.mlit.go.jp/ksj/gml/data/A31a/A31a-24/A31a-24_18_20_GML.zip"}, {"filename": "A31a-23_18_20_GML.zip", "url": "https://nlftp.mlit.go.jp/ksj/gml/data/A31a/A31a-23/A31a-23_18_20_GML.zip"}, {"filename": "A31a-24_18_10_SHP.zip", "url": "https://nlftp.mlit.go.jp/ksj/gml/data/A31a/A31a-24/A31a-24_18_10_SHP.zip"}, {"filename": "A31a-23_18_10_SHP.zip", "url": "https://nlftp.mlit.go.jp/ksj/gml/data/A31a/A31a-23/A31a-23_18_10_SHP.zip"}, {"filename": "A31a-24_18_20_SHP.zip", "url": "https://nlftp.mlit.go.jp/ksj/gml/data/A31a/A31a-24/A31a-24_18_20_SHP.zip"}, {"filename": "A31a-23_18_20_SHP.zip", "url": "https://nlftp.mlit.go.jp/ksj/gml/data/A31a/A31a-23/A31a-23_18_20_SHP.zip"}, {"filename": "A31a-24_18_10_GEOJSON.zip", "url": "https://nlftp.mlit.go.jp/ksj/gml/data/A31a/A31a-24/A31a-24_18_10_GEOJSON.zip"}, {"filename": "A31a-23_18_10_GEOJSON.zip", "url": "https://nlftp.mlit.go.jp/ksj/gml/data/A31a/A31a-23/A31a-23_18_10_GEOJSON.zip"}, {"filename": "A31a-24_18_20_GEOJSON.zip", "url": "https://nlftp.mlit.go.jp/ksj/gml/data/A31a/A31a-24/A31a-24_18_20_GEOJSON.zip"}, {"filename": "A31a-23_18_20_GEOJSON.zip", "url": "https://nlftp.mlit.go.jp/ksj/gml/data/A31a/A31a-23/A31a-23_18_20_GEOJSON.zip"}, {"filename": "A31-21_18_GML.zip", "url": "https://nlftp.mlit.go.jp/ksj/gml/data/A31/A31-21/A31-21_18_GML.zip"}, {"filename": "A31-12_18_GML.zip", "url": "https://nlftp.mlit.go.jp/ksj/gml/data/A31/A31-12/A31-12_18_GML.zip"}, {"filename": "A31a-24_19_10_GML.zip", "url": "https://nlftp.mlit.go.jp/ksj/gml/data/A31a/A31a-24/A31a-24_19_10_GML.zip"}, {"filename": "A31a-23_19_10_GML.zip", "url": "https://nlftp.mlit.go.jp/ksj/gml/data/A31a/A31a-23/A31a-23_19_10_GML.zip"}, {"filename": "A31a-24_19_20_GML.zip", "url": "https://nlftp.mlit.go.jp/ksj/gml/data/A31a/A31a-24/A31a-24_19_20_GML.zip"}, {"filename": "A31a-23_19_20_GML.zip", "url": "https://nlftp.mlit.go.jp/ksj/gml/data/A31a/A31a-23/A31a-23_19_20_GML.zip"}, {"filename": "A31a-24_19_10_SHP.zip", "url": "https://nlftp.mlit.go.jp/ksj/gml/data/A31a/A31a-24/A31a-24_19_10_SHP.zip"}, {"filename": "A31a-23_19_10_SHP.zip", "url": "https://nlftp.mlit.go.jp/ksj/gml/data/A31a/A31a-23/A31a-23_19_10_SHP.zip"}, {"filename": "A31a-24_19_20_SHP.zip", "url": "https://nlftp.mlit.go.jp/ksj/gml/data/A31a/A31a-24/A31a-24_19_20_SHP.zip"}, {"filename": "A31a-23_19_20_SHP.zip", "url": "https://nlftp.mlit.go.jp/ksj/gml/data/A31a/A31a-23/A31a-23_19_20_SHP.zip"}, {"filename": "A31a-24_19_10_GEOJSON.zip", "url": "https://nlftp.mlit.go.jp/ksj/gml/data/A31a/A31a-24/A31a-24_19_10_GEOJSON.zip"}, {"filename": "A31a-23_19_10_GEOJSON.zip", "url": "https://nlftp.mlit.go.jp/ksj/gml/data/A31a/A31a-23/A31a-23_19_10_GEOJSON.zip"}, {"filename": "A31a-24_19_20_GEOJSON.zip", "url": "https://nlftp.mlit.go.jp/ksj/gml/data/A31a/A31a-24/A31a-24_19_20_GEOJSON.zip"}, {"filename": "A31a-23_19_20_GEOJSON.zip", "url": "https://nlftp.mlit.go.jp/ksj/gml/data/A31a/A31a-23/A31a-23_19_20_GEOJSON.zip"}, {"filename": "A31-21_19_GML.zip", "url": "https://nlftp.mlit.go.jp/ksj/gml/data/A31/A31-21/A31-21_19_GML.zip"}, {"filename": "A31-20_19_GML.zip", "url": "https://nlftp.mlit.go.jp/ksj/gml/data/A31/A31-20/A31-20_19_GML.zip"}, {"filename": "A31-12_19_GML.zip", "url": "https://nlftp.mlit.go.jp/ksj/gml/data/A31/A31-12/A31-12_19_GML.zip"}, {"filename": "A31a-24_20_10_GML.zip", "url": "https://nlftp.mlit.go.jp/ksj/gml/data/A31a/A31a-24/A31a-24_20_10_GML.zip"}, {"filename": "A31a-23_20_10_GML.zip", "url": "https://nlftp.mlit.go.jp/ksj/gml/data/A31a/A31a-23/A31a-23_20_10_GML.zip"}, {"filename": "A31a-24_20_20_GML.zip", "url": "https://nlftp.mlit.go.jp/ksj/gml/data/A31a/A31a-24/A31a-24_20_20_GML.zip"}, {"filename": "A31a-23_20_20_GML.zip", "url": "https://nlftp.mlit.go.jp/ksj/gml/data/A31a/A31a-23/A31a-23_20_20_GML.zip"}, {"filename": "A31a-24_20_10_SHP.zip", "url": "https://nlftp.mlit.go.jp/ksj/gml/data/A31a/A31a-24/A31a-24_20_10_SHP.zip"}, {"filename": "A31a-23_20_10_SHP.zip", "url": "https://nlftp.mlit.go.jp/ksj/gml/data/A31a/A31a-23/A31a-23_20_10_SHP.zip"}, {"filename": "A31a-24_20_20_SHP.zip", "url": "https://nlftp.mlit.go.jp/ksj/gml/data/A31a/A31a-24/A31a-24_20_20_SHP.zip"}, {"filename": "A31a-23_20_20_SHP.zip", "url": "https://nlftp.mlit.go.jp/ksj/gml/data/A31a/A31a-23/A31a-23_20_20_SHP.zip"}, {"filename": "A31a-24_20_10_GEOJSON.zip", "url": "https://nlftp.mlit.go.jp/ksj/gml/data/A31a/A31a-24/A31a-24_20_10_GEOJSON.zip"}, {"filename": "A31a-23_20_10_GEOJSON.zip", "url": "https://nlftp.mlit.go.jp/ksj/gml/data/A31a/A31a-23/A31a-23_20_10_GEOJSON.zip"}, {"filename": "A31a-24_20_20_GEOJSON.zip", "url": "https://nlftp.mlit.go.jp/ksj/gml/data/A31a/A31a-24/A31a-24_20_20_GEOJSON.zip"}, {"filename": "A31a-23_20_20_GEOJSON.zip", "url": "https://nlftp.mlit.go.jp/ksj/gml/data/A31a/A31a-23/A31a-23_20_20_GEOJSON.zip"}, {"filename": "A31-21_20_GML.zip", "url": "https://nlftp.mlit.go.jp/ksj/gml/data/A31/A31-21/A31-21_20_GML.zip"}, {"filename": "A31-12_20_GML.zip", "url": "https://nlftp.mlit.go.jp/ksj/gml/data/A31/A31-12/A31-12_20_GML.zip"}, {"filename": "A31a-24_21_10_GML.zip", "url": "https://nlftp.mlit.go.jp/ksj/gml/data/A31a/A31a-24/A31a-24_21_10_GML.zip"}, {"filename": "A31a-23_21_10_GML.zip", "url": "https://nlftp.mlit.go.jp/ksj/gml/data/A31a/A31a-23/A31a-23_21_10_GML.zip"}, {"filename": "A31a-24_21_20_GML.zip", "url": "https://nlftp.mlit.go.jp/ksj/gml/data/A31a/A31a-24/A31a-24_21_20_GML.zip"}, {"filename": "A31a-23_21_20_GML.zip", "url": "https://nlftp.mlit.go.jp/ksj/gml/data/A31a/A31a-23/A31a-23_21_20_GML.zip"}, {"filename": "A31a-24_21_10_SHP.zip", "url": "https://nlftp.mlit.go.jp/ksj/gml/data/A31a/A31a-24/A31a-24_21_10_SHP.zip"}, {"filename": "A31a-23_21_10_SHP.zip", "url": "https://nlftp.mlit.go.jp/ksj/gml/data/A31a/A31a-23/A31a-23_21_10_SHP.zip"}, {"filename": "A31a-24_21_20_SHP.zip", "url": "https://nlftp.mlit.go.jp/ksj/gml/data/A31a/A31a-24/A31a-24_21_20_SHP.zip"}, {"filename": "A31a-23_21_20_SHP.zip", "url": "https://nlftp.mlit.go.jp/ksj/gml/data/A31a/A31a-23/A31a-23_21_20_SHP.zip"}, {"filename": "A31a-24_21_10_GEOJSON.zip", "url": "https://nlftp.mlit.go.jp/ksj/gml/data/A31a/A31a-24/A31a-24_21_10_GEOJSON.zip"}, {"filename": "A31a-23_21_10_GEOJSON.zip", "url": "https://nlftp.mlit.go.jp/ksj/gml/data/A31a/A31a-23/A31a-23_21_10_GEOJSON.zip"}, {"filename": "A31a-24_21_20_GEOJSON.zip", "url": "https://nlftp.mlit.go.jp/ksj/gml/data/A31a/A31a-24/A31a-24_21_20_GEOJSON.zip"}, {"filename": "A31a-23_21_20_GEOJSON.zip", "url": "https://nlftp.mlit.go.jp/ksj/gml/data/A31a/A31a-23/A31a-23_21_20_GEOJSON.zip"}, {"filename": "A31-21_21_GML.zip", "url": "https://nlftp.mlit.go.jp/ksj/gml/data/A31/A31-21/A31-21_21_GML.zip"}, {"filename": "A31-20_21_GML.zip", "url": "https://nlftp.mlit.go.jp/ksj/gml/data/A31/A31-20/A31-20_21_GML.zip"}, {"filename": "A31-12_21_GML.zip", "url": "https://nlftp.mlit.go.jp/ksj/gml/data/A31/A31-12/A31-12_21_GML.zip"}, {"filename": "A31a-24_22_10_GML.zip", "url": "https://nlftp.mlit.go.jp/ksj/gml/data/A31a/A31a-24/A31a-24_22_10_GML.zip"}, {"filename": "A31a-23_22_10_GML.zip", "url": "https://nlftp.mlit.go.jp/ksj/gml/data/A31a/A31a-23/A31a-23_22_10_GML.zip"}, {"filename": "A31a-22_22_10_GML.zip", "url": "https://nlftp.mlit.go.jp/ksj/gml/data/A31a/A31a-22/A31a-22_22_10_GML.zip"}, {"filename": "A31a-24_22_20_GML.zip", "url": "https://nlftp.mlit.go.jp/ksj/gml/data/A31a/A31a-24/A31a-24_22_20_GML.zip"}, {"filename": "A31a-23_22_20_GML.zip", "url": "https://nlftp.mlit.go.jp/ksj/gml/data/A31a/A31a-23/A31a-23_22_20_GML.zip"}, {"filename": "A31a-24_22_10_SHP.zip", "url": "https://nlftp.mlit.go.jp/ksj/gml/data/A31a/A31a-24/A31a-24_22_10_SHP.zip"}, {"filename": "A31a-23_22_10_SHP.zip", "url": "https://nlftp.mlit.go.jp/ksj/gml/data/A31a/A31a-23/A31a-23_22_10_SHP.zip"}, {"filename": "A31a-22_22_10_SHP.zip", "url": "https://nlftp.mlit.go.jp/ksj/gml/data/A31a/A31a-22/A31a-22_22_10_SHP.zip"}, {"filename": "A31a-24_22_20_SHP.zip", "url": "https://nlftp.mlit.go.jp/ksj/gml/data/A31a/A31a-24/A31a-24_22_20_SHP.zip"}, {"filename": "A31a-23_22_20_SHP.zip", "url": "https://nlftp.mlit.go.jp/ksj/gml/data/A31a/A31a-23/A31a-23_22_20_SHP.zip"}, {"filename": "A31a-24_22_10_GEOJSON.zip", "url": "https://nlftp.mlit.go.jp/ksj/gml/data/A31a/A31a-24/A31a-24_22_10_GEOJSON.zip"}, {"filename": "A31a-23_22_10_GEOJSON.zip", "url": "https://nlftp.mlit.go.jp/ksj/gml/data/A31a/A31a-23/A31a-23_22_10_GEOJSON.zip"}, {"filename": "A31a-22_22_10_GEOJSON.zip", "url": "https://nlftp.mlit.go.jp/ksj/gml/data/A31a/A31a-22/A31a-22_22_10_GEOJSON.zip"}, {"filename": "A31a-24_22_20_GEOJSON.zip", "url": "https://nlftp.mlit.go.jp/ksj/gml/data/A31a/A31a-24/A31a-24_22_20_GEOJSON.zip"}, {"filename": "A31a-23_22_20_GEOJSON.zip", "url": "https://nlftp.mlit.go.jp/ksj/gml/data/A31a/A31a-23/A31a-23_22_20_GEOJSON.zip"}, {"filename": "A31-21_22_GML.zip", "url": "https://nlftp.mlit.go.jp/ksj/gml/data/A31/A31-21/A31-21_22_GML.zip"}, {"filename": "A31-20_22_GML.zip", "url": "https://nlftp.mlit.go.jp/ksj/gml/data/A31/A31-20/A31-20_22_GML.zip"}, {"filename": "A31-12_22_GML.zip", "url": "https://nlftp.mlit.go.jp/ksj/gml/data/A31/A31-12/A31-12_22_GML.zip"}, {"filename": "A31a-24_23_10_GML.zip", "url": "https://nlftp.mlit.go.jp/ksj/gml/data/A31a/A31a-24/A31a-24_23_10_GML.zip"}, {"filename": "A31a-23_23_10_GML.zip", "url": "https://nlftp.mlit.go.jp/ksj/gml/data/A31a/A31a-23/A31a-23_23_10_GML.zip"}, {"filename": "A31a-24_23_20_GML.zip", "url": "https://nlftp.mlit.go.jp/ksj/gml/data/A31a/A31a-24/A31a-24_23_20_GML.zip"}, {"filename": "A31a-23_23_20_GML.zip", "url": "https://nlftp.mlit.go.jp/ksj/gml/data/A31a/A31a-23/A31a-23_23_20_GML.zip"}, {"filename": "A31a-24_23_10_SHP.zip", "url": "https://nlftp.mlit.go.jp/ksj/gml/data/A31a/A31a-24/A31a-24_23_10_SHP.zip"}, {"filename": "A31a-23_23_10_SHP.zip", "url": "https://nlftp.mlit.go.jp/ksj/gml/data/A31a/A31a-23/A31a-23_23_10_SHP.zip"}, {"filename": "A31a-24_23_20_SHP.zip", "url": "https://nlftp.mlit.go.jp/ksj/gml/data/A31a/A31a-24/A31a-24_23_20_SHP.zip"}, {"filename": "A31a-23_23_20_SHP.zip", "url": "https://nlftp.mlit.go.jp/ksj/gml/data/A31a/A31a-23/A31a-23_23_20_SHP.zip"}, {"filename": "A31a-24_23_10_GEOJSON.zip", "url": "https://nlftp.mlit.go.jp/ksj/gml/data/A31a/A31a-24/A31a-24_23_10_GEOJSON.zip"}, {"filename": "A31a-23_23_10_GEOJSON.zip", "url": "https://nlftp.mlit.go.jp/ksj/gml/data/A31a/A31a-23/A31a-23_23_10_GEOJSON.zip"}, {"filename": "A31a-24_23_20_GEOJSON.zip", "url": "https://nlftp.mlit.go.jp/ksj/gml/data/A31a/A31a-24/A31a-24_23_20_GEOJSON.zip"}, {"filename": "A31a-23_23_20_GEOJSON.zip", "url": "https://nlftp.mlit.go.jp/ksj/gml/data/A31a/A31a-23/A31a-23_23_20_GEOJSON.zip"}, {"filename": "A31-12_23_GML.zip", "url": "https://nlftp.mlit.go.jp/ksj/gml/data/A31/A31-12/A31-12_23_GML.zip"}, {"filename": "A31a-24_24_10_GML.zip", "url": "https://nlftp.mlit.go.jp/ksj/gml/data/A31a/A31a-24/A31a-24_24_10_GML.zip"}, {"filename": "A31a-23_24_10_GML.zip", "url": "https://nlftp.mlit.go.jp/ksj/gml/data/A31a/A31a-23/A31a-23_24_10_GML.zip"}, {"filename": "A31a-24_24_20_GML.zip", "url": "https://nlftp.mlit.go.jp/ksj/gml/data/A31a/A31a-24/A31a-24_24_20_GML.zip"}, {"filename": "A31a-23_24_20_GML.zip", "url": "https://nlftp.mlit.go.jp/ksj/gml/data/A31a/A31a-23/A31a-23_24_20_GML.zip"}, {"filename": "A31a-24_24_10_SHP.zip", "url": "https://nlftp.mlit.go.jp/ksj/gml/data/A31a/A31a-24/A31a-24_24_10_SHP.zip"}, {"filename": "A31a-23_24_10_SHP.zip", "url": "https://nlftp.mlit.go.jp/ksj/gml/data/A31a/A31a-23/A31a-23_24_10_SHP.zip"}, {"filename": "A31a-24_24_20_SHP.zip", "url": "https://nlftp.mlit.go.jp/ksj/gml/data/A31a/A31a-24/A31a-24_24_20_SHP.zip"}, {"filename": "A31a-23_24_20_SHP.zip", "url": "https://nlftp.mlit.go.jp/ksj/gml/data/A31a/A31a-23/A31a-23_24_20_SHP.zip"}, {"filename": "A31a-24_24_10_GEOJSON.zip", "url": "https://nlftp.mlit.go.jp/ksj/gml/data/A31a/A31a-24/A31a-24_24_10_GEOJSON.zip"}, {"filename": "A31a-23_24_10_GEOJSON.zip", "url": "https://nlftp.mlit.go.jp/ksj/gml/data/A31a/A31a-23/A31a-23_24_10_GEOJSON.zip"}, {"filename": "A31a-24_24_20_GEOJSON.zip", "url": "https://nlftp.mlit.go.jp/ksj/gml/data/A31a/A31a-24/A31a-24_24_20_GEOJSON.zip"}, {"filename": "A31a-23_24_20_GEOJSON.zip", "url": "https://nlftp.mlit.go.jp/ksj/gml/data/A31a/A31a-23/A31a-23_24_20_GEOJSON.zip"}, {"filename": "A31-21_24_GML.zip", "url": "https://nlftp.mlit.go.jp/ksj/gml/data/A31/A31-21/A31-21_24_GML.zip"}, {"filename": "A31-12_24_GML.zip", "url": "https://nlftp.mlit.go.jp/ksj/gml/data/A31/A31-12/A31-12_24_GML.zip"}, {"filename": "A31a-24_25_10_GML.zip", "url": "https://nlftp.mlit.go.jp/ksj/gml/data/A31a/A31a-24/A31a-24_25_10_GML.zip"}, {"filename": "A31a-23_25_10_GML.zip", "url": "https://nlftp.mlit.go.jp/ksj/gml/data/A31a/A31a-23/A31a-23_25_10_GML.zip"}, {"filename": "A31a-24_25_20_GML.zip", "url": "https://nlftp.mlit.go.jp/ksj/gml/data/A31a/A31a-24/A31a-24_25_20_GML.zip"}, {"filename": "A31a-23_25_20_GML.zip", "url": "https://nlftp.mlit.go.jp/ksj/gml/data/A31a/A31a-23/A31a-23_25_20_GML.zip"}, {"filename": "A31a-24_25_10_SHP.zip", "url": "https://nlftp.mlit.go.jp/ksj/gml/data/A31a/A31a-24/A31a-24_25_10_SHP.zip"}, {"filename": "A31a-23_25_10_SHP.zip", "url": "https://nlftp.mlit.go.jp/ksj/gml/data/A31a/A31a-23/A31a-23_25_10_SHP.zip"}, {"filename": "A31a-24_25_20_SHP.zip", "url": "https://nlftp.mlit.go.jp/ksj/gml/data/A31a/A31a-24/A31a-24_25_20_SHP.zip"}, {"filename": "A31a-23_25_20_SHP.zip", "url": "https://nlftp.mlit.go.jp/ksj/gml/data/A31a/A31a-23/A31a-23_25_20_SHP.zip"}, {"filename": "A31a-24_25_10_GEOJSON.zip", "url": "https://nlftp.mlit.go.jp/ksj/gml/data/A31a/A31a-24/A31a-24_25_10_GEOJSON.zip"}, {"filename": "A31a-23_25_10_GEOJSON.zip", "url": "https://nlftp.mlit.go.jp/ksj/gml/data/A31a/A31a-23/A31a-23_25_10_GEOJSON.zip"}, {"filename": "A31a-24_25_20_GEOJSON.zip", "url": "https://nlftp.mlit.go.jp/ksj/gml/data/A31a/A31a-24/A31a-24_25_20_GEOJSON.zip"}, {"filename": "A31a-23_25_20_GEOJSON.zip", "url": "https://nlftp.mlit.go.jp/ksj/gml/data/A31a/A31a-23/A31a-23_25_20_GEOJSON.zip"}, {"filename": "A31-21_25_GML.zip", "url": "https://nlftp.mlit.go.jp/ksj/gml/data/A31/A31-21/A31-21_25_GML.zip"}, {"filename": "A31-20_25_GML.zip", "url": "https://nlftp.mlit.go.jp/ksj/gml/data/A31/A31-20/A31-20_25_GML.zip"}, {"filename": "A31-12_25_GML.zip", "url": "https://nlftp.mlit.go.jp/ksj/gml/data/A31/A31-12/A31-12_25_GML.zip"}, {"filename": "A31a-24_26_10_GML.zip", "url": "https://nlftp.mlit.go.jp/ksj/gml/data/A31a/A31a-24/A31a-24_26_10_GML.zip"}, {"filename": "A31a-23_26_10_GML.zip", "url": "https://nlftp.mlit.go.jp/ksj/gml/data/A31a/A31a-23/A31a-23_26_10_GML.zip"}, {"filename": "A31a-24_26_20_GML.zip", "url": "https://nlftp.mlit.go.jp/ksj/gml/data/A31a/A31a-24/A31a-24_26_20_GML.zip"}, {"filename": "A31a-23_26_20_GML.zip", "url": "https://nlftp.mlit.go.jp/ksj/gml/data/A31a/A31a-23/A31a-23_26_20_GML.zip"}, {"filename": "A31a-24_26_10_SHP.zip", "url": "https://nlftp.mlit.go.jp/ksj/gml/data/A31a/A31a-24/A31a-24_26_10_SHP.zip"}, {"filename": "A31a-23_26_10_SHP.zip", "url": "https://nlftp.mlit.go.jp/ksj/gml/data/A31a/A31a-23/A31a-23_26_10_SHP.zip"}, {"filename": "A31a-24_26_20_SHP.zip", "url": "https://nlftp.mlit.go.jp/ksj/gml/data/A31a/A31a-24/A31a-24_26_20_SHP.zip"}, {"filename": "A31a-23_26_20_SHP.zip", "url": "https://nlftp.mlit.go.jp/ksj/gml/data/A31a/A31a-23/A31a-23_26_20_SHP.zip"}, {"filename": "A31a-24_26_10_GEOJSON.zip", "url": "https://nlftp.mlit.go.jp/ksj/gml/data/A31a/A31a-24/A31a-24_26_10_GEOJSON.zip"}, {"filename": "A31a-23_26_10_GEOJSON.zip", "url": "https://nlftp.mlit.go.jp/ksj/gml/data/A31a/A31a-23/A31a-23_26_10_GEOJSON.zip"}, {"filename": "A31a-24_26_20_GEOJSON.zip", "url": "https://nlftp.mlit.go.jp/ksj/gml/data/A31a/A31a-24/A31a-24_26_20_GEOJSON.zip"}, {"filename": "A31a-23_26_20_GEOJSON.zip", "url": "https://nlftp.mlit.go.jp/ksj/gml/data/A31a/A31a-23/A31a-23_26_20_GEOJSON.zip"}, {"filename": "A31-12_26_GML.zip", "url": "https://nlftp.mlit.go.jp/ksj/gml/data/A31/A31-12/A31-12_26_GML.zip"}, {"filename": "A31a-24_27_10_GML.zip", "url": "https://nlftp.mlit.go.jp/ksj/gml/data/A31a/A31a-24/A31a-24_27_10_GML.zip"}, {"filename": "A31a-23_27_10_GML.zip", "url": "https://nlftp.mlit.go.jp/ksj/gml/data/A31a/A31a-23/A31a-23_27_10_GML.zip"}, {"filename": "A31a-22_27_10_GML.zip", "url": "https://nlftp.mlit.go.jp/ksj/gml/data/A31a/A31a-22/A31a-22_27_10_GML.zip"}, {"filename": "A31a-24_27_20_GML.zip", "url": "https://nlftp.mlit.go.jp/ksj/gml/data/A31a/A31a-24/A31a-24_27_20_GML.zip"}, {"filename": "A31a-23_27_20_GML.zip", "url": "https://nlftp.mlit.go.jp/ksj/gml/data/A31a/A31a-23/A31a-23_27_20_GML.zip"}, {"filename": "A31a-22_27_20_GML.zip", "url": "https://nlftp.mlit.go.jp/ksj/gml/data/A31a/A31a-22/A31a-22_27_20_GML.zip"}, {"filename": "A31a-24_27_10_SHP.zip", "url": "https://nlftp.mlit.go.jp/ksj/gml/data/A31a/A31a-24/A31a-24_27_10_SHP.zip"}, {"filename": "A31a-23_27_10_SHP.zip", "url": "https://nlftp.mlit.go.jp/ksj/gml/data/A31a/A31a-23/A31a-23_27_10_SHP.zip"}, {"filename": "A31a-22_27_10_SHP.zip", "url": "https://nlftp.mlit.go.jp/ksj/gml/data/A31a/A31a-22/A31a-22_27_10_SHP.zip"}, {"filename": "A31a-24_27_20_SHP.zip", "url": "https://nlftp.mlit.go.jp/ksj/gml/data/A31a/A31a-24/A31a-24_27_20_SHP.zip"}, {"filename": "A31a-23_27_20_SHP.zip", "url": "https://nlftp.mlit.go.jp/ksj/gml/data/A31a/A31a-23/A31a-23_27_20_SHP.zip"}, {"filename": "A31a-22_27_20_SHP.zip", "url": "https://nlftp.mlit.go.jp/ksj/gml/data/A31a/A31a-22/A31a-22_27_20_SHP.zip"}, {"filename": "A31a-24_27_10_GEOJSON.zip", "url": "https://nlftp.mlit.go.jp/ksj/gml/data/A31a/A31a-24/A31a-24_27_10_GEOJSON.zip"}, {"filename": "A31a-23_27_10_GEOJSON.zip", "url": "https://nlftp.mlit.go.jp/ksj/gml/data/A31a/A31a-23/A31a-23_27_10_GEOJSON.zip"}, {"filename": "A31a-22_27_10_GEOJSON.zip", "url": "https://nlftp.mlit.go.jp/ksj/gml/data/A31a/A31a-22/A31a-22_27_10_GEOJSON.zip"}, {"filename": "A31a-24_27_20_GEOJSON.zip", "url": "https://nlftp.mlit.go.jp/ksj/gml/data/A31a/A31a-24/A31a-24_27_20_GEOJSON.zip"}, {"filename": "A31a-23_27_20_GEOJSON.zip", "url": "https://nlftp.mlit.go.jp/ksj/gml/data/A31a/A31a-23/A31a-23_27_20_GEOJSON.zip"}, {"filename": "A31a-22_27_20_GEOJSON.zip", "url": "https://nlftp.mlit.go.jp/ksj/gml/data/A31a/A31a-22/A31a-22_27_20_GEOJSON.zip"}, {"filename": "A31-21_27_GML.zip", "url": "https://nlftp.mlit.go.jp/ksj/gml/data/A31/A31-21/A31-21_27_GML.zip"}, {"filename": "A31-12_27_GML.zip", "url": "https://nlftp.mlit.go.jp/ksj/gml/data/A31/A31-12/A31-12_27_GML.zip"}, {"filename": "A31a-24_28_10_GML.zip", "url": "https://nlftp.mlit.go.jp/ksj/gml/data/A31a/A31a-24/A31a-24_28_10_GML.zip"}, {"filename": "A31a-23_28_10_GML.zip", "url": "https://nlftp.mlit.go.jp/ksj/gml/data/A31a/A31a-23/A31a-23_28_10_GML.zip"}, {"filename": "A31a-24_28_10_SHP.zip", "url": "https://nlftp.mlit.go.jp/ksj/gml/data/A31a/A31a-24/A31a-24_28_10_SHP.zip"}, {"filename": "A31a-23_28_10_SHP.zip", "url": "https://nlftp.mlit.go.jp/ksj/gml/data/A31a/A31a-23/A31a-23_28_10_SHP.zip"}, {"filename": "A31a-24_28_10_GEOJSON.zip", "url": "https://nlftp.mlit.go.jp/ksj/gml/data/A31a/A31a-24/A31a-24_28_10_GEOJSON.zip"}, {"filename": "A31a-23_28_10_GEOJSON.zip", "url": "https://nlftp.mlit.go.jp/ksj/gml/data/A31a/A31a-23/A31a-23_28_10_GEOJSON.zip"}, {"filename": "A31-21_28_GML.zip", "url": "https://nlftp.mlit.go.jp/ksj/gml/data/A31/A31-21/A31-21_28_GML.zip"}, {"filename": "A31-20_28_GML.zip", "url": "https://nlftp.mlit.go.jp/ksj/gml/data/A31/A31-20/A31-20_28_GML.zip"}, {"filename": "A31-12_28_GML.zip", "url": "https://nlftp.mlit.go.jp/ksj/gml/data/A31/A31-12/A31-12_28_GML.zip"}, {"filename": "A31a-24_29_10_GML.zip", "url": "https://nlftp.mlit.go.jp/ksj/gml/data/A31a/A31a-24/A31a-24_29_10_GML.zip"}, {"filename": "A31a-23_29_10_GML.zip", "url": "https://nlftp.mlit.go.jp/ksj/gml/data/A31a/A31a-23/A31a-23_29_10_GML.zip"}, {"filename": "A31a-24_29_20_GML.zip", "url": "https://nlftp.mlit.go.jp/ksj/gml/data/A31a/A31a-24/A31a-24_29_20_GML.zip"}, {"filename": "A31a-24_29_10_SHP.zip", "url": "https://nlftp.mlit.go.jp/ksj/gml/data/A31a/A31a-24/A31a-24_29_10_SHP.zip"}, {"filename": "A31a-23_29_10_SHP.zip", "url": "https://nlftp.mlit.go.jp/ksj/gml/data/A31a/A31a-23/A31a-23_29_10_SHP.zip"}, {"filename": "A31a-24_29_20_SHP.zip", "url": "https://nlftp.mlit.go.jp/ksj/gml/data/A31a/A31a-24/A31a-24_29_20_SHP.zip"}, {"filename": "A31a-24_29_10_GEOJSON.zip", "url": "https://nlftp.mlit.go.jp/ksj/gml/data/A31a/A31a-24/A31a-24_29_10_GEOJSON.zip"}, {"filename": "A31a-23_29_10_GEOJSON.zip", "url": "https://nlftp.mlit.go.jp/ksj/gml/data/A31a/A31a-23/A31a-23_29_10_GEOJSON.zip"}, {"filename": "A31a-24_29_20_GEOJSON.zip", "url": "https://nlftp.mlit.go.jp/ksj/gml/data/A31a/A31a-24/A31a-24_29_20_GEOJSON.zip"}, {"filename": "A31-12_29_GML.zip", "url": "https://nlftp.mlit.go.jp/ksj/gml/data/A31/A31-12/A31-12_29_GML.zip"}, {"filename": "A31a-24_30_10_GML.zip", "url": "https://nlftp.mlit.go.jp/ksj/gml/data/A31a/A31a-24/A31a-24_30_10_GML.zip"}, {"filename": "A31a-23_30_10_GML.zip", "url": "https://nlftp.mlit.go.jp/ksj/gml/data/A31a/A31a-23/A31a-23_30_10_GML.zip"}, {"filename": "A31a-22_30_10_GML.zip", "url": "https://nlftp.mlit.go.jp/ksj/gml/data/A31a/A31a-22/A31a-22_30_10_GML.zip"}, {"filename": "A31a-24_30_10_SHP.zip", "url": "https://nlftp.mlit.go.jp/ksj/gml/data/A31a/A31a-24/A31a-24_30_10_SHP.zip"}, {"filename": "A31a-23_30_10_SHP.zip", "url": "https://nlftp.mlit.go.jp/ksj/gml/data/A31a/A31a-23/A31a-23_30_10_SHP.zip"}, {"filename": "A31a-22_30_10_SHP.zip", "url": "https://nlftp.mlit.go.jp/ksj/gml/data/A31a/A31a-22/A31a-22_30_10_SHP.zip"}, {"filename": "A31a-24_30_10_GEOJSON.zip", "url": "https://nlftp.mlit.go.jp/ksj/gml/data/A31a/A31a-24/A31a-24_30_10_GEOJSON.zip"}, {"filename": "A31a-23_30_10_GEOJSON.zip", "url": "https://nlftp.mlit.go.jp/ksj/gml/data/A31a/A31a-23/A31a-23_30_10_GEOJSON.zip"}, {"filename": "A31a-22_30_10_GEOJSON.zip", "url": "https://nlftp.mlit.go.jp/ksj/gml/data/A31a/A31a-22/A31a-22_30_10_GEOJSON.zip"}, {"filename": "A31-21_30_GML.zip", "url": "https://nlftp.mlit.go.jp/ksj/gml/data/A31/A31-21/A31-21_30_GML.zip"}, {"filename": "A31-12_30_GML.zip", "url": "https://nlftp.mlit.go.jp/ksj/gml/data/A31/A31-12/A31-12_30_GML.zip"}, {"filename": "A31a-24_31_10_GML.zip", "url": "https://nlftp.mlit.go.jp/ksj/gml/data/A31a/A31a-24/A31a-24_31_10_GML.zip"}, {"filename": "A31a-23_31_10_GML.zip", "url": "https://nlftp.mlit.go.jp/ksj/gml/data/A31a/A31a-23/A31a-23_31_10_GML.zip"}, {"filename": "A31a-24_31_10_SHP.zip", "url": "https://nlftp.mlit.go.jp/ksj/gml/data/A31a/A31a-24/A31a-24_31_10_SHP.zip"}, {"filename": "A31a-23_31_10_SHP.zip", "url": "https://nlftp.mlit.go.jp/ksj/gml/data/A31a/A31a-23/A31a-23_31_10_SHP.zip"}, {"filename": "A31a-24_31_10_GEOJSON.zip", "url": "https://nlftp.mlit.go.jp/ksj/gml/data/A31a/A31a-24/A31a-24_31_10_GEOJSON.zip"}, {"filename": "A31a-23_31_10_GEOJSON.zip", "url": "https://nlftp.mlit.go.jp/ksj/gml/data/A31a/A31a-23/A31a-23_31_10_GEOJSON.zip"}, {"filename": "A31-20_31_GML.zip", "url": "https://nlftp.mlit.go.jp/ksj/gml/data/A31/A31-20/A31-20_31_GML.zip"}, {"filename": "A31-12_31_GML.zip", "url": "https://nlftp.mlit.go.jp/ksj/gml/data/A31/A31-12/A31-12_31_GML.zip"}, {"filename": "A31a-24_32_10_GML.zip", "url": "https://nlftp.mlit.go.jp/ksj/gml/data/A31a/A31a-24/A31a-24_32_10_GML.zip"}, {"filename": "A31a-23_32_10_GML.zip", "url": "https://nlftp.mlit.go.jp/ksj/gml/data/A31a/A31a-23/A31a-23_32_10_GML.zip"}, {"filename": "A31a-24_32_10_SHP.zip", "url": "https://nlftp.mlit.go.jp/ksj/gml/data/A31a/A31a-24/A31a-24_32_10_SHP.zip"}, {"filename": "A31a-23_32_10_SHP.zip", "url": "https://nlftp.mlit.go.jp/ksj/gml/data/A31a/A31a-23/A31a-23_32_10_SHP.zip"}, {"filename": "A31a-24_32_10_GEOJSON.zip", "url": "https://nlftp.mlit.go.jp/ksj/gml/data/A31a/A31a-24/A31a-24_32_10_GEOJSON.zip"}, {"filename": "A31a-23_32_10_GEOJSON.zip", "url": "https://nlftp.mlit.go.jp/ksj/gml/data/A31a/A31a-23/A31a-23_32_10_GEOJSON.zip"}, {"filename": "A31-21_32_GML.zip", "url": "https://nlftp.mlit.go.jp/ksj/gml/data/A31/A31-21/A31-21_32_GML.zip"}, {"filename": "A31-20_32_GML.zip", "url": "https://nlftp.mlit.go.jp/ksj/gml/data/A31/A31-20/A31-20_32_GML.zip"}, {"filename": "A31-12_32_GML.zip", "url": "https://nlftp.mlit.go.jp/ksj/gml/data/A31/A31-12/A31-12_32_GML.zip"}, {"filename": "A31a-24_33_10_GML.zip", "url": "https://nlftp.mlit.go.jp/ksj/gml/data/A31a/A31a-24/A31a-24_33_10_GML.zip"}, {"filename": "A31a-23_33_10_GML.zip", "url": "https://nlftp.mlit.go.jp/ksj/gml/data/A31a/A31a-23/A31a-23_33_10_GML.zip"}, {"filename": "A31a-24_33_10_SHP.zip", "url": "https://nlftp.mlit.go.jp/ksj/gml/data/A31a/A31a-24/A31a-24_33_10_SHP.zip"}, {"filename": "A31a-23_33_10_SHP.zip", "url": "https://nlftp.mlit.go.jp/ksj/gml/data/A31a/A31a-23/A31a-23_33_10_SHP.zip"}, {"filename": "A31a-24_33_10_GEOJSON.zip", "url": "https://nlftp.mlit.go.jp/ksj/gml/data/A31a/A31a-24/A31a-24_33_10_GEOJSON.zip"}, {"filename": "A31a-23_33_10_GEOJSON.zip", "url": "https://nlftp.mlit.go.jp/ksj/gml/data/A31a/A31a-23/A31a-23_33_10_GEOJSON.zip"}, {"filename": "A31-21_33_GML.zip", "url": "https://nlftp.mlit.go.jp/ksj/gml/data/A31/A31-21/A31-21_33_GML.zip"}, {"filename": "A31-20_33_GML.zip", "url": "https://nlftp.mlit.go.jp/ksj/gml/data/A31/A31-20/A31-20_33_GML.zip"}, {"filename": "A31-12_33_GML.zip", "url": "https://nlftp.mlit.go.jp/ksj/gml/data/A31/A31-12/A31-12_33_GML.zip"}, {"filename": "A31a-24_34_10_GML.zip", "url": "https://nlftp.mlit.go.jp/ksj/gml/data/A31a/A31a-24/A31a-24_34_10_GML.zip"}, {"filename": "A31a-23_34_10_GML.zip", "url": "https://nlftp.mlit.go.jp/ksj/gml/data/A31a/A31a-23/A31a-23_34_10_GML.zip"}, {"filename": "A31a-24_34_10_SHP.zip", "url": "https://nlftp.mlit.go.jp/ksj/gml/data/A31a/A31a-24/A31a-24_34_10_SHP.zip"}, {"filename": "A31a-23_34_10_SHP.zip", "url": "https://nlftp.mlit.go.jp/ksj/gml/data/A31a/A31a-23/A31a-23_34_10_SHP.zip"}, {"filename": "A31a-24_34_10_GEOJSON.zip", "url": "https://nlftp.mlit.go.jp/ksj/gml/data/A31a/A31a-24/A31a-24_34_10_GEOJSON.zip"}, {"filename": "A31a-23_34_10_GEOJSON.zip", "url": "https://nlftp.mlit.go.jp/ksj/gml/data/A31a/A31a-23/A31a-23_34_10_GEOJSON.zip"}, {"filename": "A31-21_34_GML.zip", "url": "https://nlftp.mlit.go.jp/ksj/gml/data/A31/A31-21/A31-21_34_GML.zip"}, {"filename": "A31-12_34_GML.zip", "url": "https://nlftp.mlit.go.jp/ksj/gml/data/A31/A31-12/A31-12_34_GML.zip"}, {"filename": "A31a-24_35_10_GML.zip", "url": "https://nlftp.mlit.go.jp/ksj/gml/data/A31a/A31a-24/A31a-24_35_10_GML.zip"}, {"filename": "A31a-23_35_10_GML.zip", "url": "https://nlftp.mlit.go.jp/ksj/gml/data/A31a/A31a-23/A31a-23_35_10_GML.zip"}, {"filename": "A31a-24_35_10_SHP.zip", "url": "https://nlftp.mlit.go.jp/ksj/gml/data/A31a/A31a-24/A31a-24_35_10_SHP.zip"}, {"filename": "A31a-23_35_10_SHP.zip", "url": "https://nlftp.mlit.go.jp/ksj/gml/data/A31a/A31a-23/A31a-23_35_10_SHP.zip"}, {"filename": "A31a-24_35_10_GEOJSON.zip", "url": "https://nlftp.mlit.go.jp/ksj/gml/data/A31a/A31a-24/A31a-24_35_10_GEOJSON.zip"}, {"filename": "A31a-23_35_10_GEOJSON.zip", "url": "https://nlftp.mlit.go.jp/ksj/gml/data/A31a/A31a-23/A31a-23_35_10_GEOJSON.zip"}, {"filename": "A31-21_35_GML.zip", "url": "https://nlftp.mlit.go.jp/ksj/gml/data/A31/A31-21/A31-21_35_GML.zip"}, {"filename": "A31-12_35_GML.zip", "url": "https://nlftp.mlit.go.jp/ksj/gml/data/A31/A31-12/A31-12_35_GML.zip"}, {"filename": "A31a-24_36_10_GML.zip", "url": "https://nlftp.mlit.go.jp/ksj/gml/data/A31a/A31a-24/A31a-24_36_10_GML.zip"}, {"filename": "A31a-23_36_10_GML.zip", "url": "https://nlftp.mlit.go.jp/ksj/gml/data/A31a/A31a-23/A31a-23_36_10_GML.zip"}, {"filename": "A31a-24_36_10_SHP.zip", "url": "https://nlftp.mlit.go.jp/ksj/gml/data/A31a/A31a-24/A31a-24_36_10_SHP.zip"}, {"filename": "A31a-23_36_10_SHP.zip", "url": "https://nlftp.mlit.go.jp/ksj/gml/data/A31a/A31a-23/A31a-23_36_10_SHP.zip"}, {"filename": "A31a-24_36_10_GEOJSON.zip", "url": "https://nlftp.mlit.go.jp/ksj/gml/data/A31a/A31a-24/A31a-24_36_10_GEOJSON.zip"}, {"filename": "A31a-23_36_10_GEOJSON.zip", "url": "https://nlftp.mlit.go.jp/ksj/gml/data/A31a/A31a-23/A31a-23_36_10_GEOJSON.zip"}, {"filename": "A31-21_36_GML.zip", "url": "https://nlftp.mlit.go.jp/ksj/gml/data/A31/A31-21/A31-21_36_GML.zip"}, {"filename": "A31-20_36_GML.zip", "url": "https://nlftp.mlit.go.jp/ksj/gml/data/A31/A31-20/A31-20_36_GML.zip"}, {"filename": "A31-12_36_GML.zip", "url": "https://nlftp.mlit.go.jp/ksj/gml/data/A31/A31-12/A31-12_36_GML.zip"}, {"filename": "A31a-24_37_10_GML.zip", "url": "https://nlftp.mlit.go.jp/ksj/gml/data/A31a/A31a-24/A31a-24_37_10_GML.zip"}, {"filename": "A31a-23_37_10_GML.zip", "url": "https://nlftp.mlit.go.jp/ksj/gml/data/A31a/A31a-23/A31a-23_37_10_GML.zip"}, {"filename": "A31a-22_37_10_GML.zip", "url": "https://nlftp.mlit.go.jp/ksj/gml/data/A31a/A31a-22/A31a-22_37_10_GML.zip"}, {"filename": "A31a-24_37_20_GML.zip", "url": "https://nlftp.mlit.go.jp/ksj/gml/data/A31a/A31a-24/A31a-24_37_20_GML.zip"}, {"filename": "A31a-23_37_20_GML.zip", "url": "https://nlftp.mlit.go.jp/ksj/gml/data/A31a/A31a-23/A31a-23_37_20_GML.zip"}, {"filename": "A31a-22_37_20_GML.zip", "url": "https://nlftp.mlit.go.jp/ksj/gml/data/A31a/A31a-22/A31a-22_37_20_GML.zip"}, {"filename": "A31a-24_37_10_SHP.zip", "url": "https://nlftp.mlit.go.jp/ksj/gml/data/A31a/A31a-24/A31a-24_37_10_SHP.zip"}, {"filename": "A31a-23_37_10_SHP.zip", "url": "https://nlftp.mlit.go.jp/ksj/gml/data/A31a/A31a-23/A31a-23_37_10_SHP.zip"}, {"filename": "A31a-22_37_10_SHP.zip", "url": "https://nlftp.mlit.go.jp/ksj/gml/data/A31a/A31a-22/A31a-22_37_10_SHP.zip"}, {"filename": "A31a-24_37_20_SHP.zip", "url": "https://nlftp.mlit.go.jp/ksj/gml/data/A31a/A31a-24/A31a-24_37_20_SHP.zip"}, {"filename": "A31a-23_37_20_SHP.zip", "url": "https://nlftp.mlit.go.jp/ksj/gml/data/A31a/A31a-23/A31a-23_37_20_SHP.zip"}, {"filename": "A31a-22_37_20_SHP.zip", "url": "https://nlftp.mlit.go.jp/ksj/gml/data/A31a/A31a-22/A31a-22_37_20_SHP.zip"}, {"filename": "A31a-24_37_10_GEOJSON.zip", "url": "https://nlftp.mlit.go.jp/ksj/gml/data/A31a/A31a-24/A31a-24_37_10_GEOJSON.zip"}, {"filename": "A31a-23_37_10_GEOJSON.zip", "url": "https://nlftp.mlit.go.jp/ksj/gml/data/A31a/A31a-23/A31a-23_37_10_GEOJSON.zip"}, {"filename": "A31a-22_37_10_GEOJSON.zip", "url": "https://nlftp.mlit.go.jp/ksj/gml/data/A31a/A31a-22/A31a-22_37_10_GEOJSON.zip"}, {"filename": "A31a-24_37_20_GEOJSON.zip", "url": "https://nlftp.mlit.go.jp/ksj/gml/data/A31a/A31a-24/A31a-24_37_20_GEOJSON.zip"}, {"filename": "A31a-23_37_20_GEOJSON.zip", "url": "https://nlftp.mlit.go.jp/ksj/gml/data/A31a/A31a-23/A31a-23_37_20_GEOJSON.zip"}, {"filename": "A31a-22_37_20_GEOJSON.zip", "url": "https://nlftp.mlit.go.jp/ksj/gml/data/A31a/A31a-22/A31a-22_37_20_GEOJSON.zip"}, {"filename": "A31-21_37_GML.zip", "url": "https://nlftp.mlit.go.jp/ksj/gml/data/A31/A31-21/A31-21_37_GML.zip"}, {"filename": "A31-12_37_GML.zip", "url": "https://nlftp.mlit.go.jp/ksj/gml/data/A31/A31-12/A31-12_37_GML.zip"}, {"filename": "A31a-24_38_10_GML.zip", "url": "https://nlftp.mlit.go.jp/ksj/gml/data/A31a/A31a-24/A31a-24_38_10_GML.zip"}, {"filename": "A31a-23_38_10_GML.zip", "url": "https://nlftp.mlit.go.jp/ksj/gml/data/A31a/A31a-23/A31a-23_38_10_GML.zip"}, {"filename": "A31a-24_38_10_SHP.zip", "url": "https://nlftp.mlit.go.jp/ksj/gml/data/A31a/A31a-24/A31a-24_38_10_SHP.zip"}, {"filename": "A31a-23_38_10_SHP.zip", "url": "https://nlftp.mlit.go.jp/ksj/gml/data/A31a/A31a-23/A31a-23_38_10_SHP.zip"}, {"filename": "A31a-24_38_10_GEOJSON.zip", "url": "https://nlftp.mlit.go.jp/ksj/gml/data/A31a/A31a-24/A31a-24_38_10_GEOJSON.zip"}, {"filename": "A31a-23_38_10_GEOJSON.zip", "url": "https://nlftp.mlit.go.jp/ksj/gml/data/A31a/A31a-23/A31a-23_38_10_GEOJSON.zip"}, {"filename": "A31-21_38_GML.zip", "url": "https://nlftp.mlit.go.jp/ksj/gml/data/A31/A31-21/A31-21_38_GML.zip"}, {"filename": "A31-12_38_GML.zip", "url": "https://nlftp.mlit.go.jp/ksj/gml/data/A31/A31-12/A31-12_38_GML.zip"}, {"filename": "A31a-24_39_10_GML.zip", "url": "https://nlftp.mlit.go.jp/ksj/gml/data/A31a/A31a-24/A31a-24_39_10_GML.zip"}, {"filename": "A31a-23_39_10_GML.zip", "url": "https://nlftp.mlit.go.jp/ksj/gml/data/A31a/A31a-23/A31a-23_39_10_GML.zip"}, {"filename": "A31a-24_39_20_GML.zip", "url": "https://nlftp.mlit.go.jp/ksj/gml/data/A31a/A31a-24/A31a-24_39_20_GML.zip"}, {"filename": "A31a-23_39_20_GML.zip", "url": "https://nlftp.mlit.go.jp/ksj/gml/data/A31a/A31a-23/A31a-23_39_20_GML.zip"}, {"filename": "A31a-24_39_10_SHP.zip", "url": "https://nlftp.mlit.go.jp/ksj/gml/data/A31a/A31a-24/A31a-24_39_10_SHP.zip"}, {"filename": "A31a-23_39_10_SHP.zip", "url": "https://nlftp.mlit.go.jp/ksj/gml/data/A31a/A31a-23/A31a-23_39_10_SHP.zip"}, {"filename": "A31a-24_39_20_SHP.zip", "url": "https://nlftp.mlit.go.jp/ksj/gml/data/A31a/A31a-24/A31a-24_39_20_SHP.zip"}, {"filename": "A31a-23_39_20_SHP.zip", "url": "https://nlftp.mlit.go.jp/ksj/gml/data/A31a/A31a-23/A31a-23_39_20_SHP.zip"}, {"filename": "A31a-24_39_10_GEOJSON.zip", "url": "https://nlftp.mlit.go.jp/ksj/gml/data/A31a/A31a-24/A31a-24_39_10_GEOJSON.zip"}, {"filename": "A31a-23_39_10_GEOJSON.zip", "url": "https://nlftp.mlit.go.jp/ksj/gml/data/A31a/A31a-23/A31a-23_39_10_GEOJSON.zip"}, {"filename": "A31a-24_39_20_GEOJSON.zip", "url": "https://nlftp.mlit.go.jp/ksj/gml/data/A31a/A31a-24/A31a-24_39_20_GEOJSON.zip"}, {"filename": "A31a-23_39_20_GEOJSON.zip", "url": "https://nlftp.mlit.go.jp/ksj/gml/data/A31a/A31a-23/A31a-23_39_20_GEOJSON.zip"}, {"filename": "A31-21_39_GML.zip", "url": "https://nlftp.mlit.go.jp/ksj/gml/data/A31/A31-21/A31-21_39_GML.zip"}, {"filename": "A31-12_39_GML.zip", "url": "https://nlftp.mlit.go.jp/ksj/gml/data/A31/A31-12/A31-12_39_GML.zip"}, {"filename": "A31a-24_40_10_GML.zip", "url": "https://nlftp.mlit.go.jp/ksj/gml/data/A31a/A31a-24/A31a-24_40_10_GML.zip"}, {"filename": "A31a-23_40_10_GML.zip", "url": "https://nlftp.mlit.go.jp/ksj/gml/data/A31a/A31a-23/A31a-23_40_10_GML.zip"}, {"filename": "A31a-24_40_20_GML.zip", "url": "https://nlftp.mlit.go.jp/ksj/gml/data/A31a/A31a-24/A31a-24_40_20_GML.zip"}, {"filename": "A31a-23_40_20_GML.zip", "url": "https://nlftp.mlit.go.jp/ksj/gml/data/A31a/A31a-23/A31a-23_40_20_GML.zip"}, {"filename": "A31a-24_40_10_SHP.zip", "url": "https://nlftp.mlit.go.jp/ksj/gml/data/A31a/A31a-24/A31a-24_40_10_SHP.zip"}, {"filename": "A31a-23_40_10_SHP.zip", "url": "https://nlftp.mlit.go.jp/ksj/gml/data/A31a/A31a-23/A31a-23_40_10_SHP.zip"}, {"filename": "A31a-24_40_20_SHP.zip", "url": "https://nlftp.mlit.go.jp/ksj/gml/data/A31a/A31a-24/A31a-24_40_20_SHP.zip"}, {"filename": "A31a-23_40_20_SHP.zip", "url": "https://nlftp.mlit.go.jp/ksj/gml/data/A31a/A31a-23/A31a-23_40_20_SHP.zip"}, {"filename": "A31a-24_40_10_GEOJSON.zip", "url": "https://nlftp.mlit.go.jp/ksj/gml/data/A31a/A31a-24/A31a-24_40_10_GEOJSON.zip"}, {"filename": "A31a-23_40_10_GEOJSON.zip", "url": "https://nlftp.mlit.go.jp/ksj/gml/data/A31a/A31a-23/A31a-23_40_10_GEOJSON.zip"}, {"filename": "A31a-24_40_20_GEOJSON.zip", "url": "https://nlftp.mlit.go.jp/ksj/gml/data/A31a/A31a-24/A31a-24_40_20_GEOJSON.zip"}, {"filename": "A31a-23_40_20_GEOJSON.zip", "url": "https://nlftp.mlit.go.jp/ksj/gml/data/A31a/A31a-23/A31a-23_40_20_GEOJSON.zip"}, {"filename": "A31-21_40_GML.zip", "url": "https://nlftp.mlit.go.jp/ksj/gml/data/A31/A31-21/A31-21_40_GML.zip"}, {"filename": "A31-12_40_GML.zip", "url": "https://nlftp.mlit.go.jp/ksj/gml/data/A31/A31-12/A31-12_40_GML.zip"}, {"filename": "A31a-24_41_10_GML.zip", "url": "https://nlftp.mlit.go.jp/ksj/gml/data/A31a/A31a-24/A31a-24_41_10_GML.zip"}, {"filename": "A31a-23_41_10_GML.zip", "url": "https://nlftp.mlit.go.jp/ksj/gml/data/A31a/A31a-23/A31a-23_41_10_GML.zip"}, {"filename": "A31a-24_41_10_SHP.zip", "url": "https://nlftp.mlit.go.jp/ksj/gml/data/A31a/A31a-24/A31a-24_41_10_SHP.zip"}, {"filename": "A31a-23_41_10_SHP.zip", "url": "https://nlftp.mlit.go.jp/ksj/gml/data/A31a/A31a-23/A31a-23_41_10_SHP.zip"}, {"filename": "A31a-24_41_10_GEOJSON.zip", "url": "https://nlftp.mlit.go.jp/ksj/gml/data/A31a/A31a-24/A31a-24_41_10_GEOJSON.zip"}, {"filename": "A31a-23_41_10_GEOJSON.zip", "url": "https://nlftp.mlit.go.jp/ksj/gml/data/A31a/A31a-23/A31a-23_41_10_GEOJSON.zip"}, {"filename": "A31-21_41_GML.zip", "url": "https://nlftp.mlit.go.jp/ksj/gml/data/A31/A31-21/A31-21_41_GML.zip"}, {"filename": "A31-12_41_GML.zip", "url": "https://nlftp.mlit.go.jp/ksj/gml/data/A31/A31-12/A31-12_41_GML.zip"}, {"filename": "A31a-24_42_10_GML.zip", "url": "https://nlftp.mlit.go.jp/ksj/gml/data/A31a/A31a-24/A31a-24_42_10_GML.zip"}, {"filename": "A31a-23_42_10_GML.zip", "url": "https://nlftp.mlit.go.jp/ksj/gml/data/A31a/A31a-23/A31a-23_42_10_GML.zip"}, {"filename": "A31a-24_42_10_SHP.zip", "url": "https://nlftp.mlit.go.jp/ksj/gml/data/A31a/A31a-24/A31a-24_42_10_SHP.zip"}, {"filename": "A31a-23_42_10_SHP.zip", "url": "https://nlftp.mlit.go.jp/ksj/gml/data/A31a/A31a-23/A31a-23_42_10_SHP.zip"}, {"filename": "A31a-24_42_10_GEOJSON.zip", "url": "https://nlftp.mlit.go.jp/ksj/gml/data/A31a/A31a-24/A31a-24_42_10_GEOJSON.zip"}, {"filename": "A31a-23_42_10_GEOJSON.zip", "url": "https://nlftp.mlit.go.jp/ksj/gml/data/A31a/A31a-23/A31a-23_42_10_GEOJSON.zip"}, {"filename": "A31-21_42_GML.zip", "url": "https://nlftp.mlit.go.jp/ksj/gml/data/A31/A31-21/A31-21_42_GML.zip"}, {"filename": "A31-12_42_GML.zip", "url": "https://nlftp.mlit.go.jp/ksj/gml/data/A31/A31-12/A31-12_42_GML.zip"}, {"filename": "A31a-24_43_10_GML.zip", "url": "https://nlftp.mlit.go.jp/ksj/gml/data/A31a/A31a-24/A31a-24_43_10_GML.zip"}, {"filename": "A31a-23_43_10_GML.zip", "url": "https://nlftp.mlit.go.jp/ksj/gml/data/A31a/A31a-23/A31a-23_43_10_GML.zip"}, {"filename": "A31a-22_43_10_GML.zip", "url": "https://nlftp.mlit.go.jp/ksj/gml/data/A31a/A31a-22/A31a-22_43_10_GML.zip"}, {"filename": "A31a-24_43_20_GML.zip", "url": "https://nlftp.mlit.go.jp/ksj/gml/data/A31a/A31a-24/A31a-24_43_20_GML.zip"}, {"filename": "A31a-23_43_20_GML.zip", "url": "https://nlftp.mlit.go.jp/ksj/gml/data/A31a/A31a-23/A31a-23_43_20_GML.zip"}, {"filename": "A31a-24_43_10_SHP.zip", "url": "https://nlftp.mlit.go.jp/ksj/gml/data/A31a/A31a-24/A31a-24_43_10_SHP.zip"}, {"filename": "A31a-23_43_10_SHP.zip", "url": "https://nlftp.mlit.go.jp/ksj/gml/data/A31a/A31a-23/A31a-23_43_10_SHP.zip"}, {"filename": "A31a-22_43_10_SHP.zip", "url": "https://nlftp.mlit.go.jp/ksj/gml/data/A31a/A31a-22/A31a-22_43_10_SHP.zip"}, {"filename": "A31a-24_43_20_SHP.zip", "url": "https://nlftp.mlit.go.jp/ksj/gml/data/A31a/A31a-24/A31a-24_43_20_SHP.zip"}, {"filename": "A31a-23_43_20_SHP.zip", "url": "https://nlftp.mlit.go.jp/ksj/gml/data/A31a/A31a-23/A31a-23_43_20_SHP.zip"}, {"filename": "A31a-24_43_10_GEOJSON.zip", "url": "https://nlftp.mlit.go.jp/ksj/gml/data/A31a/A31a-24/A31a-24_43_10_GEOJSON.zip"}, {"filename": "A31a-23_43_10_GEOJSON.zip", "url": "https://nlftp.mlit.go.jp/ksj/gml/data/A31a/A31a-23/A31a-23_43_10_GEOJSON.zip"}, {"filename": "A31a-22_43_10_GEOJSON.zip", "url": "https://nlftp.mlit.go.jp/ksj/gml/data/A31a/A31a-22/A31a-22_43_10_GEOJSON.zip"}, {"filename": "A31a-24_43_20_GEOJSON.zip", "url": "https://nlftp.mlit.go.jp/ksj/gml/data/A31a/A31a-24/A31a-24_43_20_GEOJSON.zip"}, {"filename": "A31a-23_43_20_GEOJSON.zip", "url": "https://nlftp.mlit.go.jp/ksj/gml/data/A31a/A31a-23/A31a-23_43_20_GEOJSON.zip"}, {"filename": "A31-21_43_GML.zip", "url": "https://nlftp.mlit.go.jp/ksj/gml/data/A31/A31-21/A31-21_43_GML.zip"}, {"filename": "A31-12_43_GML.zip", "url": "https://nlftp.mlit.go.jp/ksj/gml/data/A31/A31-12/A31-12_43_GML.zip"}, {"filename": "A31a-24_44_10_GML.zip", "url": "https://nlftp.mlit.go.jp/ksj/gml/data/A31a/A31a-24/A31a-24_44_10_GML.zip"}, {"filename": "A31a-23_44_10_GML.zip", "url": "https://nlftp.mlit.go.jp/ksj/gml/data/A31a/A31a-23/A31a-23_44_10_GML.zip"}, {"filename": "A31a-22_44_10_GML.zip", "url": "https://nlftp.mlit.go.jp/ksj/gml/data/A31a/A31a-22/A31a-22_44_10_GML.zip"}, {"filename": "A31a-22_44_20_GML.zip", "url": "https://nlftp.mlit.go.jp/ksj/gml/data/A31a/A31a-22/A31a-22_44_20_GML.zip"}, {"filename": "A31a-24_44_10_SHP.zip", "url": "https://nlftp.mlit.go.jp/ksj/gml/data/A31a/A31a-24/A31a-24_44_10_SHP.zip"}, {"filename": "A31a-23_44_10_SHP.zip", "url": "https://nlftp.mlit.go.jp/ksj/gml/data/A31a/A31a-23/A31a-23_44_10_SHP.zip"}, {"filename": "A31a-22_44_10_SHP.zip", "url": "https://nlftp.mlit.go.jp/ksj/gml/data/A31a/A31a-22/A31a-22_44_10_SHP.zip"}, {"filename": "A31a-22_44_20_SHP.zip", "url": "https://nlftp.mlit.go.jp/ksj/gml/data/A31a/A31a-22/A31a-22_44_20_SHP.zip"}, {"filename": "A31a-24_44_10_GEOJSON.zip", "url": "https://nlftp.mlit.go.jp/ksj/gml/data/A31a/A31a-24/A31a-24_44_10_GEOJSON.zip"}, {"filename": "A31a-23_44_10_GEOJSON.zip", "url": "https://nlftp.mlit.go.jp/ksj/gml/data/A31a/A31a-23/A31a-23_44_10_GEOJSON.zip"}, {"filename": "A31a-22_44_10_GEOJSON.zip", "url": "https://nlftp.mlit.go.jp/ksj/gml/data/A31a/A31a-22/A31a-22_44_10_GEOJSON.zip"}, {"filename": "A31a-22_44_20_GEOJSON.zip", "url": "https://nlftp.mlit.go.jp/ksj/gml/data/A31a/A31a-22/A31a-22_44_20_GEOJSON.zip"}, {"filename": "A31-21_44_GML.zip", "url": "https://nlftp.mlit.go.jp/ksj/gml/data/A31/A31-21/A31-21_44_GML.zip"}, {"filename": "A31-12_44_GML.zip", "url": "https://nlftp.mlit.go.jp/ksj/gml/data/A31/A31-12/A31-12_44_GML.zip"}, {"filename": "A31a-24_45_10_GML.zip", "url": "https://nlftp.mlit.go.jp/ksj/gml/data/A31a/A31a-24/A31a-24_45_10_GML.zip"}, {"filename": "A31a-23_45_10_GML.zip", "url": "https://nlftp.mlit.go.jp/ksj/gml/data/A31a/A31a-23/A31a-23_45_10_GML.zip"}, {"filename": "A31a-22_45_10_GML.zip", "url": "https://nlftp.mlit.go.jp/ksj/gml/data/A31a/A31a-22/A31a-22_45_10_GML.zip"}, {"filename": "A31a-24_45_10_SHP.zip", "url": "https://nlftp.mlit.go.jp/ksj/gml/data/A31a/A31a-24/A31a-24_45_10_SHP.zip"}, {"filename": "A31a-23_45_10_SHP.zip", "url": "https://nlftp.mlit.go.jp/ksj/gml/data/A31a/A31a-23/A31a-23_45_10_SHP.zip"}, {"filename": "A31a-22_45_10_SHP.zip", "url": "https://nlftp.mlit.go.jp/ksj/gml/data/A31a/A31a-22/A31a-22_45_10_SHP.zip"}, {"filename": "A31a-24_45_10_GEOJSON.zip", "url": "https://nlftp.mlit.go.jp/ksj/gml/data/A31a/A31a-24/A31a-24_45_10_GEOJSON.zip"}, {"filename": "A31a-23_45_10_GEOJSON.zip", "url": "https://nlftp.mlit.go.jp/ksj/gml/data/A31a/A31a-23/A31a-23_45_10_GEOJSON.zip"}, {"filename": "A31a-22_45_10_GEOJSON.zip", "url": "https://nlftp.mlit.go.jp/ksj/gml/data/A31a/A31a-22/A31a-22_45_10_GEOJSON.zip"}, {"filename": "A31-21_45_GML.zip", "url": "https://nlftp.mlit.go.jp/ksj/gml/data/A31/A31-21/A31-21_45_GML.zip"}, {"filename": "A31-12_45_GML.zip", "url": "https://nlftp.mlit.go.jp/ksj/gml/data/A31/A31-12/A31-12_45_GML.zip"}, {"filename": "A31a-24_46_10_GML.zip", "url": "https://nlftp.mlit.go.jp/ksj/gml/data/A31a/A31a-24/A31a-24_46_10_GML.zip"}, {"filename": "A31a-23_46_10_GML.zip", "url": "https://nlftp.mlit.go.jp/ksj/gml/data/A31a/A31a-23/A31a-23_46_10_GML.zip"}, {"filename": "A31a-22_46_10_GML.zip", "url": "https://nlftp.mlit.go.jp/ksj/gml/data/A31a/A31a-22/A31a-22_46_10_GML.zip"}, {"filename": "A31a-24_46_20_GML.zip", "url": "https://nlftp.mlit.go.jp/ksj/gml/data/A31a/A31a-24/A31a-24_46_20_GML.zip"}, {"filename": "A31a-23_46_20_GML.zip", "url": "https://nlftp.mlit.go.jp/ksj/gml/data/A31a/A31a-23/A31a-23_46_20_GML.zip"}, {"filename": "A31a-22_46_20_GML.zip", "url": "https://nlftp.mlit.go.jp/ksj/gml/data/A31a/A31a-22/A31a-22_46_20_GML.zip"}, {"filename": "A31a-24_46_10_SHP.zip", "url": "https://nlftp.mlit.go.jp/ksj/gml/data/A31a/A31a-24/A31a-24_46_10_SHP.zip"}, {"filename": "A31a-23_46_10_SHP.zip", "url": "https://nlftp.mlit.go.jp/ksj/gml/data/A31a/A31a-23/A31a-23_46_10_SHP.zip"}, {"filename": "A31a-22_46_10_SHP.zip", "url": "https://nlftp.mlit.go.jp/ksj/gml/data/A31a/A31a-22/A31a-22_46_10_SHP.zip"}, {"filename": "A31a-24_46_20_SHP.zip", "url": "https://nlftp.mlit.go.jp/ksj/gml/data/A31a/A31a-24/A31a-24_46_20_SHP.zip"}, {"filename": "A31a-23_46_20_SHP.zip", "url": "https://nlftp.mlit.go.jp/ksj/gml/data/A31a/A31a-23/A31a-23_46_20_SHP.zip"}, {"filename": "A31a-22_46_20_SHP.zip", "url": "https://nlftp.mlit.go.jp/ksj/gml/data/A31a/A31a-22/A31a-22_46_20_SHP.zip"}, {"filename": "A31a-24_46_10_GEOJSON.zip", "url": "https://nlftp.mlit.go.jp/ksj/gml/data/A31a/A31a-24/A31a-24_46_10_GEOJSON.zip"}, {"filename": "A31a-23_46_10_GEOJSON.zip", "url": "https://nlftp.mlit.go.jp/ksj/gml/data/A31a/A31a-23/A31a-23_46_10_GEOJSON.zip"}, {"filename": "A31a-22_46_10_GEOJSON.zip", "url": "https://nlftp.mlit.go.jp/ksj/gml/data/A31a/A31a-22/A31a-22_46_10_GEOJSON.zip"}, {"filename": "A31a-24_46_20_GEOJSON.zip", "url": "https://nlftp.mlit.go.jp/ksj/gml/data/A31a/A31a-24/A31a-24_46_20_GEOJSON.zip"}, {"filename": "A31a-23_46_20_GEOJSON.zip", "url": "https://nlftp.mlit.go.jp/ksj/gml/data/A31a/A31a-23/A31a-23_46_20_GEOJSON.zip"}, {"filename": "A31a-22_46_20_GEOJSON.zip", "url": "https://nlftp.mlit.go.jp/ksj/gml/data/A31a/A31a-22/A31a-22_46_20_GEOJSON.zip"}, {"filename": "A31-21_46_GML.zip", "url": "https://nlftp.mlit.go.jp/ksj/gml/data/A31/A31-21/A31-21_46_GML.zip"}, {"filename": "A31-20_46_GML.zip", "url": "https://nlftp.mlit.go.jp/ksj/gml/data/A31/A31-20/A31-20_46_GML.zip"}, {"filename": "A31-12_46_GML.zip", "url": "https://nlftp.mlit.go.jp/ksj/gml/data/A31/A31-12/A31-12_46_GML.zip"}, {"filename": "A31a-24_47_10_GML.zip", "url": "https://nlftp.mlit.go.jp/ksj/gml/data/A31a/A31a-24/A31a-24_47_10_GML.zip"}, {"filename": "A31a-23_47_10_GML.zip", "url": "https://nlftp.mlit.go.jp/ksj/gml/data/A31a/A31a-23/A31a-23_47_10_GML.zip"}, {"filename": "A31a-24_47_20_GML.zip", "url": "https://nlftp.mlit.go.jp/ksj/gml/data/A31a/A31a-24/A31a-24_47_20_GML.zip"}, {"filename": "A31a-23_47_20_GML.zip", "url": "https://nlftp.mlit.go.jp/ksj/gml/data/A31a/A31a-23/A31a-23_47_20_GML.zip"}, {"filename": "A31a-24_47_10_SHP.zip", "url": "https://nlftp.mlit.go.jp/ksj/gml/data/A31a/A31a-24/A31a-24_47_10_SHP.zip"}, {"filename": "A31a-23_47_10_SHP.zip", "url": "https://nlftp.mlit.go.jp/ksj/gml/data/A31a/A31a-23/A31a-23_47_10_SHP.zip"}, {"filename": "A31a-24_47_20_SHP.zip", "url": "https://nlftp.mlit.go.jp/ksj/gml/data/A31a/A31a-24/A31a-24_47_20_SHP.zip"}, {"filename": "A31a-23_47_20_SHP.zip", "url": "https://nlftp.mlit.go.jp/ksj/gml/data/A31a/A31a-23/A31a-23_47_20_SHP.zip"}, {"filename": "A31a-24_47_10_GEOJSON.zip", "url": "https://nlftp.mlit.go.jp/ksj/gml/data/A31a/A31a-24/A31a-24_47_10_GEOJSON.zip"}, {"filename": "A31a-23_47_10_GEOJSON.zip", "url": "https://nlftp.mlit.go.jp/ksj/gml/data/A31a/A31a-23/A31a-23_47_10_GEOJSON.zip"}, {"filename": "A31a-24_47_20_GEOJSON.zip", "url": "https://nlftp.mlit.go.jp/ksj/gml/data/A31a/A31a-24/A31a-24_47_20_GEOJSON.zip"}, {"filename": "A31a-23_47_20_GEOJSON.zip", "url": "https://nlftp.mlit.go.jp/ksj/gml/data/A31a/A31a-23/A31a-23_47_20_GEOJSON.zip"}, {"filename": "A31-21_47_GML.zip", "url": "https://nlftp.mlit.go.jp/ksj/gml/data/A31/A31-21/A31-21_47_GML.zip"}, {"filename": "A31-12_47_GML.zip", "url": "https://nlftp.mlit.go.jp/ksj/gml/data/A31/A31-12/A31-12_47_GML.zip"}]