北海道開発局,GML形式,洪水予報河川･水位周知河川,世界測地系,2024年（令和6年）,309MB,A31a-24_81_10_GML.zip
北海道開発局,GML形式,洪水予報河川･水位周知河川,世界測地系,2023年（令和5年）,325MB,A31a-23_81_10_GML.zip
北海道開発局,GML形式,洪水予報河川･水位周知河川,世界測地系,2021年（令和3年）,11.7MB,A31-21_81_GML.zip
北海道開発局,GML形式,洪水予報河川･水位周知河川,世界測地系,2020年（令和2年）,341MB,A31-20_81_GML.zip
北海道開発局,GML形式,洪水予報河川･水位周知河川,世界測地系,2019年（令和元年）,314MB,A31-19_81_GML.zip
北海道開発局,シェープ形式,洪水予報河川･水位周知河川,世界測地系,2024年（令和6年）,286MB,A31a-24_81_10_SHP.zip
北海道開発局,シェープ形式,洪水予報河川･水位周知河川,世界測地系,2023年（令和5年）,286MB,A31a-23_81_10_SHP.zip
北海道開発局,シェープ形式,洪水予報河川･水位周知河川,世界測地系,2021年（令和3年）,11.8MB,A31-21_81_SHP.zip
北海道開発局,シェープ形式,洪水予報河川･水位周知河川,世界測地系,2020年（令和2年）,307MB,A31-20_81_SHP.zip
北海道開発局,シェープ形式,洪水予報河川･水位周知河川,世界測地系,2019年（令和元年）,282MB,A31-19_81_SHP.zip
北海道開発局,GeoJSON形式,洪水予報河川･水位周知河川,世界測地系,2024年（令和6年）,210MB,A31a-24_81_10_GEOJSON.zip
北海道開発局,GeoJSON形式,洪水予報河川･水位周知河川,世界測地系,2023年（令和5年）,211MB,A31a-23_81_10_GEOJSON.zip
北海道開発局,GeoJSON形式,洪水予報河川･水位周知河川,世界測地系,2021年（令和3年）,14.3MB,A31-21_81_GEOJSON.zip
北海道開発局,GeoJSON形式,洪水予報河川･水位周知河川,世界測地系,2020年（令和2年）,384MB,A31-20_81_GEOJSON.zip
北海道開発局,GeoJSON形式,洪水予報河川･水位周知河川,世界測地系,2019年（令和元年）,353MB,A31-19_81_GEOJSON.zip
東北地方整備局,GML形式,洪水予報河川･水位周知河川,世界測地系,2024年（令和6年）,187MB,A31a-24_82_10_GML.zip
東北地方整備局,GML形式,洪水予報河川･水位周知河川,世界測地系,2023年（令和5年）,193MB,A31a-23_82_10_GML.zip
東北地方整備局,GML形式,洪水予報河川･水位周知河川,世界測地系,2022年（令和4年）,11.8MB,A31a-22_82_10_GML.zip
東北地方整備局,GML形式,洪水予報河川･水位周知河川,世界測地系,2021年（令和3年）,9.40MB,A31-21_82_GML.zip
東北地方整備局,GML形式,洪水予報河川･水位周知河川,世界測地系,2020年（令和2年）,172MB,A31-20_82_GML.zip
東北地方整備局,GML形式,洪水予報河川･水位周知河川,世界測地系,2019年（令和元年）,155MB,A31-19_82_GML.zip
東北地方整備局,シェープ形式,洪水予報河川･水位周知河川,世界測地系,2024年（令和6年）,302MB,A31a-24_82_10_SHP.zip
東北地方整備局,シェープ形式,洪水予報河川･水位周知河川,世界測地系,2023年（令和5年）,302MB,A31a-23_82_10_SHP.zip
東北地方整備局,シェープ形式,洪水予報河川･水位周知河川,世界測地系,2022年（令和4年）,22.1MB,A31a-22_82_10_SHP.zip
東北地方整備局,シェープ形式,洪水予報河川･水位周知河川,世界測地系,2021年（令和3年）,22.7MB,A31-21_82_SHP.zip
東北地方整備局,シェープ形式,洪水予報河川･水位周知河川,世界測地系,2020年（令和2年）,318MB,A31-20_82_SHP.zip
東北地方整備局,シェープ形式,洪水予報河川･水位周知河川,世界測地系,2019年（令和元年）,284MB,A31-19_82_SHP.zip
東北地方整備局,GeoJSON形式,洪水予報河川･水位周知河川,世界測地系,2024年（令和6年）,168MB,A31a-24_82_10_GEOJSON.zip
東北地方整備局,GeoJSON形式,洪水予報河川･水位周知河川,世界測地系,2023年（令和5年）,128MB,A31a-23_82_10_GEOJSON.zip
東北地方整備局,GeoJSON形式,洪水予報河川･水位周知河川,世界測地系,2022年（令和4年）,28.8MB,A31a-22_82_10_GEOJSON.zip
東北地方整備局,GeoJSON形式,洪水予報河川･水位周知河川,世界測地系,2021年（令和3年）,24.6MB,A31-21_82_GEOJSON.zip
東北地方整備局,GeoJSON形式,洪水予報河川･水位周知河川,世界測地系,2020年（令和2年）,187MB,A31-20_82_GEOJSON.zip
東北地方整備局,GeoJSON形式,洪水予報河川･水位周知河川,世界測地系,2019年（令和元年）,169MB,A31-19_82_GEOJSON.zip
関東地方整備局,GML形式,洪水予報河川･水位周知河川,世界測地系,2024年（令和6年）,507MB,A31a-24_83_10_GML.zip
関東地方整備局,GML形式,洪水予報河川･水位周知河川,世界測地系,2023年（令和5年）,522MB,A31a-23_83_10_GML.zip
関東地方整備局,GML形式,洪水予報河川･水位周知河川,世界測地系,2022年（令和4年）,3.06MB,A31a-22_83_10_GML.zip
関東地方整備局,GML形式,洪水予報河川･水位周知河川,世界測地系,2021年（令和3年）,73.8MB,A31-21_83_GML.zip
関東地方整備局,GML形式,洪水予報河川･水位周知河川,世界測地系,2020年（令和2年）,443MB,A31-20_83_GML.zip
関東地方整備局,GML形式,洪水予報河川･水位周知河川,世界測地系,2019年（令和元年）,400MB,A31-19_83_GML.zip
関東地方整備局,シェープ形式,洪水予報河川･水位周知河川,世界測地系,2024年（令和6年）,947MB,A31a-24_83_10_SHP.zip
関東地方整備局,シェープ形式,洪水予報河川･水位周知河川,世界測地系,2023年（令和5年）,947MB,A31a-23_83_10_SHP.zip
関東地方整備局,シェープ形式,洪水予報河川･水位周知河川,世界測地系,2022年（令和4年）,5.70MB,A31a-22_83_10_SHP.zip
関東地方整備局,シェープ形式,洪水予報河川･水位周知河川,世界測地系,2021年（令和3年）,155MB,A31-21_83_SHP.zip
関東地方整備局,シェープ形式,洪水予報河川･水位周知河川,世界測地系,2020年（令和2年）,902MB,A31-20_83_SHP.zip
関東地方整備局,シェープ形式,洪水予報河川･水位周知河川,世界測地系,2019年（令和元年）,812MB,A31-19_83_SHP.zip
関東地方整備局,GeoJSON形式,洪水予報河川･水位周知河川,世界測地系,2024年（令和6年）,471MB,A31a-24_83_10_GEOJSON.zip
関東地方整備局,GeoJSON形式,洪水予報河川･水位周知河川,世界測地系,2023年（令和5年）,343MB,A31a-23_83_10_GEOJSON.zip
関東地方整備局,GeoJSON形式,洪水予報河川･水位周知河川,世界測地系,2022年（令和4年）,7.45MB,A31a-22_83_10_GEOJSON.zip
関東地方整備局,GeoJSON形式,洪水予報河川･水位周知河川,世界測地系,2021年（令和3年）,170MB,A31-21_83_GEOJSON.zip
関東地方整備局,GeoJSON形式,洪水予報河川･水位周知河川,世界測地系,2020年（令和2年）,472MB,A31-20_83_GEOJSON.zip
関東地方整備局,GeoJSON形式,洪水予報河川･水位周知河川,世界測地系,2019年（令和元年）,425MB,A31-19_83_GEOJSON.zip
北陸地方整備局,GML形式,洪水予報河川･水位周知河川,世界測地系,2024年（令和6年）,305MB,A31a-24_84_10_GML.zip
北陸地方整備局,GML形式,洪水予報河川･水位周知河川,世界測地系,2023年（令和5年）,317MB,A31a-23_84_10_GML.zip
北陸地方整備局,GML形式,洪水予報河川･水位周知河川,世界測地系,2021年（令和3年）,1.36MB,A31-21_84_GML.zip
北陸地方整備局,GML形式,洪水予報河川･水位周知河川,世界測地系,2020年（令和2年）,192MB,A31-20_84_GML.zip
北陸地方整備局,GML形式,洪水予報河川･水位周知河川,世界測地系,2019年（令和元年）,180MB,A31-19_84_GML.zip
北陸地方整備局,シェープ形式,洪水予報河川･水位周知河川,世界測地系,2024年（令和6年）,454MB,A31a-24_84_10_SHP.zip
北陸地方整備局,シェープ形式,洪水予報河川･水位周知河川,世界測地系,2023年（令和5年）,454MB,A31a-23_84_10_SHP.zip
北陸地方整備局,シェープ形式,洪水予報河川･水位周知河川,世界測地系,2021年（令和3年）,2.53MB,A31-21_84_SHP.zip
北陸地方整備局,シェープ形式,洪水予報河川･水位周知河川,世界測地系,2020年（令和2年）,371MB,A31-20_84_SHP.zip
北陸地方整備局,シェープ形式,洪水予報河川･水位周知河川,世界測地系,2019年（令和元年）,344MB,A31-19_84_SHP.zip
北陸地方整備局,GeoJSON形式,洪水予報河川･水位周知河川,世界測地系,2024年（令和6年）,276MB,A31a-24_84_10_GEOJSON.zip
北陸地方整備局,GeoJSON形式,洪水予報河川･水位周知河川,世界測地系,2023年（令和5年）,202MB,A31a-23_84_10_GEOJSON.zip
北陸地方整備局,GeoJSON形式,洪水予報河川･水位周知河川,世界測地系,2021年（令和3年）,2.71MB,A31-21_84_GEOJSON.zip
北陸地方整備局,GeoJSON形式,洪水予報河川･水位周知河川,世界測地系,2020年（令和2年）,214MB,A31-20_84_GEOJSON.zip
北陸地方整備局,GeoJSON形式,洪水予報河川･水位周知河川,世界測地系,2019年（令和元年）,201MB,A31-19_84_GEOJSON.zip
中部地方整備局,GML形式,洪水予報河川･水位周知河川,世界測地系,2024年（令和6年）,160MB,A31a-24_85_10_GML.zip
中部地方整備局,GML形式,洪水予報河川･水位周知河川,世界測地系,2023年（令和5年）,166MB,A31a-23_85_10_GML.zip
中部地方整備局,GML形式,洪水予報河川･水位周知河川,世界測地系,2021年（令和3年）,76.4MB,A31-21_85_GML.zip
中部地方整備局,GML形式,洪水予報河川･水位周知河川,世界測地系,2020年（令和2年）,195MB,A31-20_85_GML.zip
中部地方整備局,GML形式,洪水予報河川･水位周知河川,世界測地系,2019年（令和元年）,191MB,A31-19_85_GML.zip
中部地方整備局,シェープ形式,洪水予報河川･水位周知河川,世界測地系,2024年（令和6年）,212MB,A31a-24_85_10_SHP.zip
中部地方整備局,シェープ形式,洪水予報河川･水位周知河川,世界測地系,2023年（令和5年）,212MB,A31a-23_85_10_SHP.zip
中部地方整備局,シェープ形式,洪水予報河川･水位周知河川,世界測地系,2021年（令和3年）,117MB,A31-21_85_SHP.zip
中部地方整備局,シェープ形式,洪水予報河川･水位周知河川,世界測地系,2020年（令和2年）,267MB,A31-20_85_SHP.zip
中部地方整備局,シェープ形式,洪水予報河川･水位周知河川,世界測地系,2019年（令和元年）,262MB,A31-19_85_SHP.zip
中部地方整備局,GeoJSON形式,洪水予報河川･水位周知河川,世界測地系,2024年（令和6年）,122MB,A31a-24_85_10_GEOJSON.zip
中部地方整備局,GeoJSON形式,洪水予報河川･水位周知河川,世界測地系,2023年（令和5年）,114MB,A31a-23_85_10_GEOJSON.zip
中部地方整備局,GeoJSON形式,洪水予報河川･水位周知河川,世界測地系,2021年（令和3年）,132MB,A31-21_85_GEOJSON.zip
中部地方整備局,GeoJSON形式,洪水予報河川･水位周知河川,世界測地系,2020年（令和2年）,212MB,A31-20_85_GEOJSON.zip
中部地方整備局,GeoJSON形式,洪水予報河川･水位周知河川,世界測地系,2019年（令和元年）,207MB,A31-19_85_GEOJSON.zip
近畿地方整備局,GML形式,洪水予報河川･水位周知河川,世界測地系,2024年（令和6年）,84.2MB,A31a-24_86_10_GML.zip
近畿地方整備局,GML形式,洪水予報河川･水位周知河川,世界測地系,2023年（令和5年）,88.1MB,A31a-23_86_10_GML.zip
近畿地方整備局,GML形式,洪水予報河川･水位周知河川,世界測地系,2021年（令和3年）,19.7MB,A31-21_86_GML.zip
近畿地方整備局,GML形式,洪水予報河川･水位周知河川,世界測地系,2020年（令和2年）,54.6MB,A31-20_86_GML.zip
近畿地方整備局,GML形式,洪水予報河川･水位周知河川,世界測地系,2019年（令和元年）,46.1MB,A31-19_86_GML.zip
近畿地方整備局,シェープ形式,洪水予報河川･水位周知河川,世界測地系,2024年（令和6年）,99.2MB,A31a-24_86_10_SHP.zip
近畿地方整備局,シェープ形式,洪水予報河川･水位周知河川,世界測地系,2023年（令和5年）,99.1MB,A31a-23_86_10_SHP.zip
近畿地方整備局,シェープ形式,洪水予報河川･水位周知河川,世界測地系,2021年（令和3年）,32.9MB,A31-21_86_SHP.zip
近畿地方整備局,シェープ形式,洪水予報河川･水位周知河川,世界測地系,2020年（令和2年）,56.0MB,A31-20_86_SHP.zip
近畿地方整備局,シェープ形式,洪水予報河川･水位周知河川,世界測地系,2019年（令和元年）,48.3MB,A31-19_86_SHP.zip
近畿地方整備局,GeoJSON形式,洪水予報河川･水位周知河川,世界測地系,2024年（令和6年）,59.7MB,A31a-24_86_10_GEOJSON.zip
近畿地方整備局,GeoJSON形式,洪水予報河川･水位周知河川,世界測地系,2023年（令和5年）,53.5MB,A31a-23_86_10_GEOJSON.zip
近畿地方整備局,GeoJSON形式,洪水予報河川･水位周知河川,世界測地系,2021年（令和3年）,37.2MB,A31-21_86_GEOJSON.zip
近畿地方整備局,GeoJSON形式,洪水予報河川･水位周知河川,世界測地系,2020年（令和2年）,57.1MB,A31-20_86_GEOJSON.zip
近畿地方整備局,GeoJSON形式,洪水予報河川･水位周知河川,世界測地系,2019年（令和元年）,47.6MB,A31-19_86_GEOJSON.zip
中国地方整備局,GML形式,洪水予報河川･水位周知河川,世界測地系,2024年（令和6年）,102MB,A31a-24_87_10_GML.zip
中国地方整備局,GML形式,洪水予報河川･水位周知河川,世界測地系,2023年（令和5年）,107MB,A31a-23_87_10_GML.zip
中国地方整備局,GML形式,洪水予報河川･水位周知河川,世界測地系,2021年（令和3年）,44.4MB,A31-21_87_GML.zip
中国地方整備局,GML形式,洪水予報河川･水位周知河川,世界測地系,2020年（令和2年）,74.4MB,A31-20_87_GML.zip
中国地方整備局,GML形式,洪水予報河川･水位周知河川,世界測地系,2019年（令和元年）,73.6MB,A31-19_87_GML.zip
中国地方整備局,シェープ形式,洪水予報河川･水位周知河川,世界測地系,2024年（令和6年）,101MB,A31a-24_87_10_SHP.zip
中国地方整備局,シェープ形式,洪水予報河川･水位周知河川,世界測地系,2023年（令和5年）,101MB,A31a-23_87_10_SHP.zip
中国地方整備局,シェープ形式,洪水予報河川･水位周知河川,世界測地系,2021年（令和3年）,40.6MB,A31-21_87_SHP.zip
中国地方整備局,シェープ形式,洪水予報河川･水位周知河川,世界測地系,2020年（令和2年）,73.6MB,A31-20_87_SHP.zip
中国地方整備局,シェープ形式,洪水予報河川･水位周知河川,世界測地系,2019年（令和元年）,72.4MB,A31-19_87_SHP.zip
中国地方整備局,GeoJSON形式,洪水予報河川･水位周知河川,世界測地系,2024年（令和6年）,70.4MB,A31a-24_87_10_GEOJSON.zip
中国地方整備局,GeoJSON形式,洪水予報河川･水位周知河川,世界測地系,2023年（令和5年）,64.3MB,A31a-23_87_10_GEOJSON.zip
中国地方整備局,GeoJSON形式,洪水予報河川･水位周知河川,世界測地系,2021年（令和3年）,49.0MB,A31-21_87_GEOJSON.zip
中国地方整備局,GeoJSON形式,洪水予報河川･水位周知河川,世界測地系,2020年（令和2年）,82.3MB,A31-20_87_GEOJSON.zip
中国地方整備局,GeoJSON形式,洪水予報河川･水位周知河川,世界測地系,2019年（令和元年）,81.4MB,A31-19_87_GEOJSON.zip
四国地方整備局,GML形式,洪水予報河川･水位周知河川,世界測地系,2024年（令和6年）,59.7MB,A31a-24_88_10_GML.zip
四国地方整備局,GML形式,洪水予報河川･水位周知河川,世界測地系,2023年（令和5年）,62.5MB,A31a-23_88_10_GML.zip
四国地方整備局,GML形式,洪水予報河川･水位周知河川,世界測地系,2020年（令和2年）,145MB,A31-20_88_GML.zip
四国地方整備局,GML形式,洪水予報河川･水位周知河川,世界測地系,2019年（令和元年）,136MB,A31-19_88_GML.zip
四国地方整備局,シェープ形式,洪水予報河川･水位周知河川,世界測地系,2024年（令和6年）,57.5MB,A31a-24_88_10_SHP.zip
四国地方整備局,シェープ形式,洪水予報河川･水位周知河川,世界測地系,2023年（令和5年）,57.5MB,A31a-23_88_10_SHP.zip
四国地方整備局,シェープ形式,洪水予報河川･水位周知河川,世界測地系,2020年（令和2年）,120MB,A31-20_88_SHP.zip
四国地方整備局,シェープ形式,洪水予報河川･水位周知河川,世界測地系,2019年（令和元年）,109MB,A31-19_88_SHP.zip
四国地方整備局,GeoJSON形式,洪水予報河川･水位周知河川,世界測地系,2024年（令和6年）,40.9MB,A31a-24_88_10_GEOJSON.zip
四国地方整備局,GeoJSON形式,洪水予報河川･水位周知河川,世界測地系,2023年（令和5年）,40.3MB,A31a-23_88_10_GEOJSON.zip
四国地方整備局,GeoJSON形式,洪水予報河川･水位周知河川,世界測地系,2020年（令和2年）,151MB,A31-20_88_GEOJSON.zip
四国地方整備局,GeoJSON形式,洪水予報河川･水位周知河川,世界測地系,2019年（令和元年）,140MB,A31-19_88_GEOJSON.zip
九州地方整備局,GML形式,洪水予報河川･水位周知河川,世界測地系,2024年（令和6年）,146MB,A31a-24_89_10_GML.zip
九州地方整備局,GML形式,洪水予報河川･水位周知河川,世界測地系,2023年（令和5年）,155MB,A31a-23_89_10_GML.zip
九州地方整備局,GML形式,洪水予報河川･水位周知河川,世界測地系,2020年（令和2年）,172MB,A31-20_89_GML.zip
九州地方整備局,GML形式,洪水予報河川･水位周知河川,世界測地系,2019年（令和元年）,123MB,A31-19_89_GML.zip
九州地方整備局,シェープ形式,洪水予報河川･水位周知河川,世界測地系,2024年（令和6年）,141MB,A31a-24_89_10_SHP.zip
九州地方整備局,シェープ形式,洪水予報河川･水位周知河川,世界測地系,2023年（令和5年）,141MB,A31a-23_89_10_SHP.zip
九州地方整備局,シェープ形式,洪水予報河川･水位周知河川,世界測地系,2020年（令和2年）,164MB,A31-20_89_SHP.zip
九州地方整備局,シェープ形式,洪水予報河川･水位周知河川,世界測地系,2019年（令和元年）,115MB,A31-19_89_SHP.zip
九州地方整備局,GeoJSON形式,洪水予報河川･水位周知河川,世界測地系,2024年（令和6年）,102MB,A31a-24_89_10_GEOJSON.zip
九州地方整備局,GeoJSON形式,洪水予報河川･水位周知河川,世界測地系,2023年（令和5年）,98.7MB,A31a-23_89_10_GEOJSON.zip
九州地方整備局,GeoJSON形式,洪水予報河川･水位周知河川,世界測地系,2020年（令和2年）,192MB,A31-20_89_GEOJSON.zip
九州地方整備局,GeoJSON形式,洪水予報河川･水位周知河川,世界測地系,2019年（令和元年）,140MB,A31-19_89_GEOJSON.zip
北海道,GML形式,洪水予報河川･水位周知河川,世界測地系,2024年（令和6年）,87.5MB,A31a-24_01_10_GML.zip
北海道,GML形式,洪水予報河川･水位周知河川,世界測地系,2023年（令和5年）,89.0MB,A31a-23_01_10_GML.zip
北海道,GML形式,その他の河川,世界測地系,2024年（令和6年）,16.8MB,A31a-24_01_20_GML.zip
北海道,シェープ形式,洪水予報河川･水位周知河川,世界測地系,2024年（令和6年）,85.0MB,A31a-24_01_10_SHP.zip
北海道,シェープ形式,洪水予報河川･水位周知河川,世界測地系,2023年（令和5年）,81.3MB,A31a-23_01_10_SHP.zip
北海道,シェープ形式,その他の河川,世界測地系,2024年（令和6年）,26.9MB,A31a-24_01_20_SHP.zip
北海道,GeoJSON形式,洪水予報河川･水位周知河川,世界測地系,2024年（令和6年）,61.9MB,A31a-24_01_10_GEOJSON.zip
北海道,GeoJSON形式,洪水予報河川･水位周知河川,世界測地系,2023年（令和5年）,60.0MB,A31a-23_01_10_GEOJSON.zip
北海道,GeoJSON形式,その他の河川,世界測地系,2024年（令和6年）,19.1MB,A31a-24_01_20_GEOJSON.zip
北海道,,,世界測地系,2021年（令和3年）,191MB,A31-21_01_GML.zip
北海道,,,世界測地系,2020年（令和2年）,87.1MB,A31-20_01_GML.zip
北海道,,,世界測地系,2012年（平成24年）,290MB,A31-12_01_GML.zip
青森,GML形式,洪水予報河川･水位周知河川,世界測地系,2024年（令和6年）,28.4MB,A31a-24_02_10_GML.zip
青森,GML形式,洪水予報河川･水位周知河川,世界測地系,2023年（令和5年）,27.9MB,A31a-23_02_10_GML.zip
青森,GML形式,その他の河川,世界測地系,2024年（令和6年）,2.12MB,A31a-24_02_20_GML.zip
青森,シェープ形式,洪水予報河川･水位周知河川,世界測地系,2024年（令和6年）,56.0MB,A31a-24_02_10_SHP.zip
青森,シェープ形式,洪水予報河川･水位周知河川,世界測地系,2023年（令和5年）,50.8MB,A31a-23_02_10_SHP.zip
青森,シェープ形式,その他の河川,世界測地系,2024年（令和6年）,4.80MB,A31a-24_02_20_SHP.zip
青森,GeoJSON形式,洪水予報河川･水位周知河川,世界測地系,2024年（令和6年）,26.8MB,A31a-24_02_10_GEOJSON.zip
青森,GeoJSON形式,洪水予報河川･水位周知河川,世界測地系,2023年（令和5年）,17.1MB,A31a-23_02_10_GEOJSON.zip
青森,GeoJSON形式,その他の河川,世界測地系,2024年（令和6年）,1.97MB,A31a-24_02_20_GEOJSON.zip
青森,,,世界測地系,2021年（令和3年）,137MB,A31-21_02_GML.zip
青森,,,世界測地系,2012年（平成24年）,3.20MB,A31-12_02_GML.zip
岩手,GML形式,洪水予報河川･水位周知河川,世界測地系,2024年（令和6年）,34.4MB,A31a-24_03_10_GML.zip
岩手,GML形式,洪水予報河川･水位周知河川,世界測地系,2023年（令和5年）,35.6MB,A31a-23_03_10_GML.zip
岩手,GML形式,その他の河川,世界測地系,2024年（令和6年）,3.45MB,A31a-24_03_20_GML.zip
岩手,GML形式,その他の河川,世界測地系,2023年（令和5年）,3.57MB,A31a-23_03_20_GML.zip
岩手,シェープ形式,洪水予報河川･水位周知河川,世界測地系,2024年（令和6年）,67.7MB,A31a-24_03_10_SHP.zip
岩手,シェープ形式,洪水予報河川･水位周知河川,世界測地系,2023年（令和5年）,67.6MB,A31a-23_03_10_SHP.zip
岩手,シェープ形式,その他の河川,世界測地系,2024年（令和6年）,6.09MB,A31a-24_03_20_SHP.zip
岩手,シェープ形式,その他の河川,世界測地系,2023年（令和5年）,6.07MB,A31a-23_03_20_SHP.zip
岩手,GeoJSON形式,洪水予報河川･水位周知河川,世界測地系,2024年（令和6年）,35.3MB,A31a-24_03_10_GEOJSON.zip
岩手,GeoJSON形式,洪水予報河川･水位周知河川,世界測地系,2023年（令和5年）,22.1MB,A31a-23_03_10_GEOJSON.zip
岩手,GeoJSON形式,その他の河川,世界測地系,2024年（令和6年）,3.46MB,A31a-24_03_20_GEOJSON.zip
岩手,GeoJSON形式,その他の河川,世界測地系,2023年（令和5年）,2.09MB,A31a-23_03_20_GEOJSON.zip
岩手,,,世界測地系,2021年（令和3年）,120MB,A31-21_03_GML.zip
岩手,,,世界測地系,2020年（令和2年）,39.6MB,A31-20_03_GML.zip
岩手,,,世界測地系,2012年（平成24年）,3.18MB,A31-12_03_GML.zip
宮城,GML形式,洪水予報河川･水位周知河川,世界測地系,2024年（令和6年）,63.9MB,A31a-24_04_10_GML.zip
宮城,GML形式,洪水予報河川･水位周知河川,世界測地系,2023年（令和5年）,59.6MB,A31a-23_04_10_GML.zip
宮城,GML形式,洪水予報河川･水位周知河川,世界測地系,2022年（令和4年）,5.45MB,A31a-22_04_10_GML.zip
宮城,GML形式,その他の河川,世界測地系,2024年（令和6年）,22.4MB,A31a-24_04_20_GML.zip
宮城,GML形式,その他の河川,世界測地系,2023年（令和5年）,14.1MB,A31a-23_04_20_GML.zip
宮城,GML形式,その他の河川,世界測地系,2022年（令和4年）,0.38MB,A31a-22_04_20_GML.zip
宮城,シェープ形式,洪水予報河川･水位周知河川,世界測地系,2024年（令和6年）,122MB,A31a-24_04_10_SHP.zip
宮城,シェープ形式,洪水予報河川･水位周知河川,世界測地系,2023年（令和5年）,113MB,A31a-23_04_10_SHP.zip
宮城,シェープ形式,洪水予報河川･水位周知河川,世界測地系,2022年（令和4年）,7.45MB,A31a-22_04_10_SHP.zip
宮城,シェープ形式,その他の河川,世界測地系,2024年（令和6年）,46.0MB,A31a-24_04_20_SHP.zip
宮城,シェープ形式,その他の河川,世界測地系,2023年（令和5年）,27.5MB,A31a-23_04_20_SHP.zip
宮城,シェープ形式,その他の河川,世界測地系,2022年（令和4年）,0.76MB,A31a-22_04_20_SHP.zip
宮城,GeoJSON形式,洪水予報河川･水位周知河川,世界測地系,2024年（令和6年）,67.3MB,A31a-24_04_10_GEOJSON.zip
宮城,GeoJSON形式,洪水予報河川･水位周知河川,世界測地系,2023年（令和5年）,44.9MB,A31a-23_04_10_GEOJSON.zip
宮城,GeoJSON形式,洪水予報河川･水位周知河川,世界測地系,2022年（令和4年）,9.21MB,A31a-22_04_10_GEOJSON.zip
宮城,GeoJSON形式,その他の河川,世界測地系,2024年（令和6年）,24.2MB,A31a-24_04_20_GEOJSON.zip
宮城,GeoJSON形式,その他の河川,世界測地系,2023年（令和5年）,10.8MB,A31a-23_04_20_GEOJSON.zip
宮城,GeoJSON形式,その他の河川,世界測地系,2022年（令和4年）,0.97MB,A31a-22_04_20_GEOJSON.zip
宮城,,,世界測地系,2021年（令和3年）,55.9MB,A31-21_04_GML.zip
宮城,,,世界測地系,2012年（平成24年）,3.72MB,A31-12_04_GML.zip
秋田,GML形式,洪水予報河川･水位周知河川,世界測地系,2024年（令和6年）,37.4MB,A31a-24_05_10_GML.zip
秋田,GML形式,洪水予報河川･水位周知河川,世界測地系,2023年（令和5年）,38.9MB,A31a-23_05_10_GML.zip
秋田,シェープ形式,洪水予報河川･水位周知河川,世界測地系,2024年（令和6年）,69.2MB,A31a-24_05_10_SHP.zip
秋田,シェープ形式,洪水予報河川･水位周知河川,世界測地系,2023年（令和5年）,69.1MB,A31a-23_05_10_SHP.zip
秋田,GeoJSON形式,洪水予報河川･水位周知河川,世界測地系,2024年（令和6年）,34.4MB,A31a-24_05_10_GEOJSON.zip
秋田,GeoJSON形式,洪水予報河川･水位周知河川,世界測地系,2023年（令和5年）,24.4MB,A31a-23_05_10_GEOJSON.zip
秋田,,,世界測地系,2021年（令和3年）,147MB,A31-21_05_GML.zip
秋田,,,世界測地系,2012年（平成24年）,3.57MB,A31-12_05_GML.zip
山形,GML形式,洪水予報河川･水位周知河川,世界測地系,2024年（令和6年）,45.1MB,A31a-24_06_10_GML.zip
山形,GML形式,洪水予報河川･水位周知河川,世界測地系,2023年（令和5年）,46.8MB,A31a-23_06_10_GML.zip
山形,GML形式,洪水予報河川･水位周知河川,世界測地系,2022年（令和4年）,4.66MB,A31a-22_06_10_GML.zip
山形,シェープ形式,洪水予報河川･水位周知河川,世界測地系,2024年（令和6年）,89.1MB,A31a-24_06_10_SHP.zip
山形,シェープ形式,洪水予報河川･水位周知河川,世界測地系,2023年（令和5年）,88.9MB,A31a-23_06_10_SHP.zip
山形,シェープ形式,洪水予報河川･水位周知河川,世界測地系,2022年（令和4年）,8.99MB,A31a-22_06_10_SHP.zip
山形,GeoJSON形式,洪水予報河川･水位周知河川,世界測地系,2024年（令和6年）,43.5MB,A31a-24_06_10_GEOJSON.zip
山形,GeoJSON形式,洪水予報河川･水位周知河川,世界測地系,2023年（令和5年）,30.5MB,A31a-23_06_10_GEOJSON.zip
山形,GeoJSON形式,洪水予報河川･水位周知河川,世界測地系,2022年（令和4年）,11.7MB,A31a-22_06_10_GEOJSON.zip
山形,,,世界測地系,2021年（令和3年）,193MB,A31-21_06_GML.zip
山形,,,世界測地系,2020年（令和2年）,40.3MB,A31-20_06_GML.zip
山形,,,世界測地系,2012年（平成24年）,4.18MB,A31-12_06_GML.zip
福島,GML形式,洪水予報河川･水位周知河川,世界測地系,2024年（令和6年）,31.6MB,A31a-24_07_10_GML.zip
福島,GML形式,洪水予報河川･水位周知河川,世界測地系,2023年（令和5年）,20.5MB,A31a-23_07_10_GML.zip
福島,GML形式,洪水予報河川･水位周知河川,世界測地系,2022年（令和4年）,1.74MB,A31a-22_07_10_GML.zip
福島,GML形式,その他の河川,世界測地系,2024年（令和6年）,0.93MB,A31a-24_07_20_GML.zip
福島,シェープ形式,洪水予報河川･水位周知河川,世界測地系,2024年（令和6年）,68.0MB,A31a-24_07_10_SHP.zip
福島,シェープ形式,洪水予報河川･水位周知河川,世界測地系,2023年（令和5年）,42.3MB,A31a-23_07_10_SHP.zip
福島,シェープ形式,洪水予報河川･水位周知河川,世界測地系,2022年（令和4年）,3.19MB,A31a-22_07_10_SHP.zip
福島,シェープ形式,その他の河川,世界測地系,2024年（令和6年）,1.95MB,A31a-24_07_20_SHP.zip
福島,GeoJSON形式,洪水予報河川･水位周知河川,世界測地系,2024年（令和6年）,32.8MB,A31a-24_07_10_GEOJSON.zip
福島,GeoJSON形式,洪水予報河川･水位周知河川,世界測地系,2023年（令和5年）,13.4MB,A31a-23_07_10_GEOJSON.zip
福島,GeoJSON形式,洪水予報河川･水位周知河川,世界測地系,2022年（令和4年）,4.12MB,A31a-22_07_10_GEOJSON.zip
福島,GeoJSON形式,その他の河川,世界測地系,2024年（令和6年）,0.97MB,A31a-24_07_20_GEOJSON.zip
福島,,,世界測地系,2021年（令和3年）,98.3MB,A31-21_07_GML.zip
福島,,,世界測地系,2012年（平成24年）,2.39MB,A31-12_07_GML.zip
茨城,GML形式,洪水予報河川･水位周知河川,世界測地系,2024年（令和6年）,12.0MB,A31a-24_08_10_GML.zip
茨城,GML形式,洪水予報河川･水位周知河川,世界測地系,2023年（令和5年）,12.5MB,A31a-23_08_10_GML.zip
茨城,GML形式,その他の河川,世界測地系,2024年（令和6年）,4.62MB,A31a-24_08_20_GML.zip
茨城,GML形式,その他の河川,世界測地系,2023年（令和5年）,4.81MB,A31a-23_08_20_GML.zip
茨城,シェープ形式,洪水予報河川･水位周知河川,世界測地系,2024年（令和6年）,23.4MB,A31a-24_08_10_SHP.zip
茨城,シェープ形式,洪水予報河川･水位周知河川,世界測地系,2023年（令和5年）,23.3MB,A31a-23_08_10_SHP.zip
茨城,シェープ形式,その他の河川,世界測地系,2024年（令和6年）,7.98MB,A31a-24_08_20_SHP.zip
茨城,シェープ形式,その他の河川,世界測地系,2023年（令和5年）,7.97MB,A31a-23_08_20_SHP.zip
茨城,GeoJSON形式,洪水予報河川･水位周知河川,世界測地系,2024年（令和6年）,12.2MB,A31a-24_08_10_GEOJSON.zip
茨城,GeoJSON形式,洪水予報河川･水位周知河川,世界測地系,2023年（令和5年）,7.96MB,A31a-23_08_10_GEOJSON.zip
茨城,GeoJSON形式,その他の河川,世界測地系,2024年（令和6年）,4.66MB,A31a-24_08_20_GEOJSON.zip
茨城,GeoJSON形式,その他の河川,世界測地系,2023年（令和5年）,3.04MB,A31a-23_08_20_GEOJSON.zip
茨城,,,世界測地系,2021年（令和3年）,48.5MB,A31-21_08_GML.zip
茨城,,,世界測地系,2012年（平成24年）,6.41MB,A31-12_08_GML.zip
栃木,GML形式,洪水予報河川･水位周知河川,世界測地系,2024年（令和6年）,48.1MB,A31a-24_09_10_GML.zip
栃木,GML形式,洪水予報河川･水位周知河川,世界測地系,2023年（令和5年）,49.5MB,A31a-23_09_10_GML.zip
栃木,GML形式,その他の河川,世界測地系,2024年（令和6年）,28.9MB,A31a-24_09_20_GML.zip
栃木,GML形式,その他の河川,世界測地系,2023年（令和5年）,29.2MB,A31a-23_09_20_GML.zip
栃木,GML形式,その他の河川,世界測地系,2022年（令和4年）,0.02MB,A31a-22_09_20_GML.zip
栃木,シェープ形式,洪水予報河川･水位周知河川,世界測地系,2024年（令和6年）,101MB,A31a-24_09_10_SHP.zip
栃木,シェープ形式,洪水予報河川･水位周知河川,世界測地系,2023年（令和5年）,101MB,A31a-23_09_10_SHP.zip
栃木,シェープ形式,その他の河川,世界測地系,2024年（令和6年）,54.5MB,A31a-24_09_20_SHP.zip
栃木,シェープ形式,その他の河川,世界測地系,2023年（令和5年）,54.3MB,A31a-23_09_20_SHP.zip
栃木,シェープ形式,その他の河川,世界測地系,2022年（令和4年）,0.04MB,A31a-22_09_20_SHP.zip
栃木,GeoJSON形式,洪水予報河川･水位周知河川,世界測地系,2024年（令和6年）,46.6MB,A31a-24_09_10_GEOJSON.zip
栃木,GeoJSON形式,洪水予報河川･水位周知河川,世界測地系,2023年（令和5年）,38.5MB,A31a-23_09_10_GEOJSON.zip
栃木,GeoJSON形式,その他の河川,世界測地系,2024年（令和6年）,26.6MB,A31a-24_09_20_GEOJSON.zip
栃木,GeoJSON形式,その他の河川,世界測地系,2023年（令和5年）,24.0MB,A31a-23_09_20_GEOJSON.zip
栃木,GeoJSON形式,その他の河川,世界測地系,2022年（令和4年）,0.05MB,A31a-22_09_20_GEOJSON.zip
栃木,,,世界測地系,2021年（令和3年）,161MB,A31-21_09_GML.zip
栃木,,,世界測地系,2020年（令和2年）,134MB,A31-20_09_GML.zip
栃木,,,世界測地系,2012年（平成24年）,3.82MB,A31-12_09_GML.zip
群馬,GML形式,洪水予報河川･水位周知河川,世界測地系,2024年（令和6年）,26.8MB,A31a-24_10_10_GML.zip
群馬,GML形式,洪水予報河川･水位周知河川,世界測地系,2023年（令和5年）,26.8MB,A31a-23_10_10_GML.zip
群馬,GML形式,その他の河川,世界測地系,2024年（令和6年）,35.0MB,A31a-24_10_20_GML.zip
群馬,GML形式,その他の河川,世界測地系,2023年（令和5年）,35.0MB,A31a-23_10_20_GML.zip
群馬,シェープ形式,洪水予報河川･水位周知河川,世界測地系,2024年（令和6年）,42.2MB,A31a-24_10_10_SHP.zip
群馬,シェープ形式,洪水予報河川･水位周知河川,世界測地系,2023年（令和5年）,42.1MB,A31a-23_10_10_SHP.zip
群馬,シェープ形式,その他の河川,世界測地系,2024年（令和6年）,52.9MB,A31a-24_10_20_SHP.zip
群馬,シェープ形式,その他の河川,世界測地系,2023年（令和5年）,52.9MB,A31a-23_10_20_SHP.zip
群馬,GeoJSON形式,洪水予報河川･水位周知河川,世界測地系,2024年（令和6年）,23.5MB,A31a-24_10_10_GEOJSON.zip
群馬,GeoJSON形式,洪水予報河川･水位周知河川,世界測地系,2023年（令和5年）,23.5MB,A31a-23_10_10_GEOJSON.zip
群馬,GeoJSON形式,その他の河川,世界測地系,2024年（令和6年）,32.8MB,A31a-24_10_20_GEOJSON.zip
群馬,GeoJSON形式,その他の河川,世界測地系,2023年（令和5年）,32.8MB,A31a-23_10_20_GEOJSON.zip
群馬,,,世界測地系,2021年（令和3年）,282MB,A31-21_10_GML.zip
群馬,,,世界測地系,2020年（令和2年）,55.3MB,A31-20_10_GML.zip
群馬,,,世界測地系,2012年（平成24年）,3.58MB,A31-12_10_GML.zip
埼玉,GML形式,洪水予報河川･水位周知河川,世界測地系,2024年（令和6年）,31.2MB,A31a-24_11_10_GML.zip
埼玉,GML形式,洪水予報河川･水位周知河川,世界測地系,2023年（令和5年）,31.9MB,A31a-23_11_10_GML.zip
埼玉,GML形式,洪水予報河川･水位周知河川,世界測地系,2022年（令和4年）,16.6MB,A31a-22_11_10_GML.zip
埼玉,GML形式,その他の河川,世界測地系,2024年（令和6年）,43.1MB,A31a-24_11_20_GML.zip
埼玉,GML形式,その他の河川,世界測地系,2023年（令和5年）,44.6MB,A31a-23_11_20_GML.zip
埼玉,GML形式,その他の河川,世界測地系,2022年（令和4年）,9.97MB,A31a-22_11_20_GML.zip
埼玉,シェープ形式,洪水予報河川･水位周知河川,世界測地系,2024年（令和6年）,61.9MB,A31a-24_11_10_SHP.zip
埼玉,シェープ形式,洪水予報河川･水位周知河川,世界測地系,2023年（令和5年）,61.9MB,A31a-23_11_10_SHP.zip
埼玉,シェープ形式,洪水予報河川･水位周知河川,世界測地系,2022年（令和4年）,34.0MB,A31a-22_11_10_SHP.zip
埼玉,シェープ形式,その他の河川,世界測地系,2024年（令和6年）,92.3MB,A31a-24_11_20_SHP.zip
埼玉,シェープ形式,その他の河川,世界測地系,2023年（令和5年）,92.2MB,A31a-23_11_20_SHP.zip
埼玉,シェープ形式,その他の河川,世界測地系,2022年（令和4年）,19.3MB,A31a-22_11_20_SHP.zip
埼玉,GeoJSON形式,洪水予報河川･水位周知河川,世界測地系,2024年（令和6年）,29.4MB,A31a-24_11_10_GEOJSON.zip
埼玉,GeoJSON形式,洪水予報河川･水位周知河川,世界測地系,2023年（令和5年）,26.1MB,A31a-23_11_10_GEOJSON.zip
埼玉,GeoJSON形式,洪水予報河川･水位周知河川,世界測地系,2022年（令和4年）,44.6MB,A31a-22_11_10_GEOJSON.zip
埼玉,GeoJSON形式,その他の河川,世界測地系,2024年（令和6年）,39.7MB,A31a-24_11_20_GEOJSON.zip
埼玉,GeoJSON形式,その他の河川,世界測地系,2023年（令和5年）,31.9MB,A31a-23_11_20_GEOJSON.zip
埼玉,GeoJSON形式,その他の河川,世界測地系,2022年（令和4年）,24.9MB,A31a-22_11_20_GEOJSON.zip
埼玉,,,世界測地系,2021年（令和3年）,200MB,A31-21_11_GML.zip
埼玉,,,世界測地系,2012年（平成24年）,11.5MB,A31-12_11_GML.zip
千葉,GML形式,洪水予報河川･水位周知河川,世界測地系,2024年（令和6年）,46.5MB,A31a-24_12_10_GML.zip
千葉,GML形式,洪水予報河川･水位周知河川,世界測地系,2023年（令和5年）,48.6MB,A31a-23_12_10_GML.zip
千葉,GML形式,その他の河川,世界測地系,2024年（令和6年）,12.5MB,A31a-24_12_20_GML.zip
千葉,GML形式,その他の河川,世界測地系,2023年（令和5年）,13.0MB,A31a-23_12_20_GML.zip
千葉,シェープ形式,洪水予報河川･水位周知河川,世界測地系,2024年（令和6年）,81.5MB,A31a-24_12_10_SHP.zip
千葉,シェープ形式,洪水予報河川･水位周知河川,世界測地系,2023年（令和5年）,81.4MB,A31a-23_12_10_SHP.zip
千葉,シェープ形式,その他の河川,世界測地系,2024年（令和6年）,19.0MB,A31a-24_12_20_SHP.zip
千葉,シェープ形式,その他の河川,世界測地系,2023年（令和5年）,19.0MB,A31a-23_12_20_SHP.zip
千葉,GeoJSON形式,洪水予報河川･水位周知河川,世界測地系,2024年（令和6年）,43.8MB,A31a-24_12_10_GEOJSON.zip
千葉,GeoJSON形式,洪水予報河川･水位周知河川,世界測地系,2023年（令和5年）,31.0MB,A31a-23_12_10_GEOJSON.zip
千葉,GeoJSON形式,その他の河川,世界測地系,2024年（令和6年）,11.7MB,A31a-24_12_20_GEOJSON.zip
千葉,GeoJSON形式,その他の河川,世界測地系,2023年（令和5年）,8.02MB,A31a-23_12_20_GEOJSON.zip
千葉,,,世界測地系,2021年（令和3年）,132MB,A31-21_12_GML.zip
千葉,,,世界測地系,2012年（平成24年）,5.61MB,A31-12_12_GML.zip
東京,GML形式,洪水予報河川･水位周知河川,世界測地系,2024年（令和6年）,10.3MB,A31a-24_13_10_GML.zip
東京,GML形式,洪水予報河川･水位周知河川,世界測地系,2023年（令和5年）,10.8MB,A31a-23_13_10_GML.zip
東京,GML形式,その他の河川,世界測地系,2024年（令和6年）,19.1MB,A31a-24_13_20_GML.zip
東京,GML形式,その他の河川,世界測地系,2023年（令和5年）,19.8MB,A31a-23_13_20_GML.zip
東京,シェープ形式,洪水予報河川･水位周知河川,世界測地系,2024年（令和6年）,19.2MB,A31a-24_13_10_SHP.zip
東京,シェープ形式,洪水予報河川･水位周知河川,世界測地系,2023年（令和5年）,19.2MB,A31a-23_13_10_SHP.zip
東京,シェープ形式,その他の河川,世界測地系,2024年（令和6年）,30.2MB,A31a-24_13_20_SHP.zip
東京,シェープ形式,その他の河川,世界測地系,2023年（令和5年）,30.2MB,A31a-23_13_20_SHP.zip
東京,GeoJSON形式,洪水予報河川･水位周知河川,世界測地系,2024年（令和6年）,10.5MB,A31a-24_13_10_GEOJSON.zip
東京,GeoJSON形式,洪水予報河川･水位周知河川,世界測地系,2023年（令和5年）,7.24MB,A31a-23_13_10_GEOJSON.zip
東京,GeoJSON形式,その他の河川,世界測地系,2024年（令和6年）,17.7MB,A31a-24_13_20_GEOJSON.zip
東京,GeoJSON形式,その他の河川,世界測地系,2023年（令和5年）,11.5MB,A31a-23_13_20_GEOJSON.zip
東京,,,世界測地系,2021年（令和3年）,31.8MB,A31-21_13_GML.zip
東京,,,世界測地系,2012年（平成24年）,2.53MB,A31-12_13_GML.zip
神奈川,GML形式,洪水予報河川･水位周知河川,世界測地系,2024年（令和6年）,30.9MB,A31a-24_14_10_GML.zip
神奈川,GML形式,洪水予報河川･水位周知河川,世界測地系,2023年（令和5年）,32.3MB,A31a-23_14_10_GML.zip
神奈川,GML形式,洪水予報河川･水位周知河川,世界測地系,2022年（令和4年）,0.96MB,A31a-22_14_10_GML.zip
神奈川,GML形式,その他の河川,世界測地系,2024年（令和6年）,0.01MB,A31a-24_14_20_GML.zip
神奈川,GML形式,その他の河川,世界測地系,2023年（令和5年）,0.01MB,A31a-23_14_20_GML.zip
神奈川,シェープ形式,洪水予報河川･水位周知河川,世界測地系,2024年（令和6年）,50.3MB,A31a-24_14_10_SHP.zip
神奈川,シェープ形式,洪水予報河川･水位周知河川,世界測地系,2023年（令和5年）,50.2MB,A31a-23_14_10_SHP.zip
神奈川,シェープ形式,洪水予報河川･水位周知河川,世界測地系,2022年（令和4年）,1.83MB,A31a-22_14_10_SHP.zip
神奈川,シェープ形式,その他の河川,世界測地系,2024年（令和6年）,0.01MB,A31a-24_14_20_SHP.zip
神奈川,シェープ形式,その他の河川,世界測地系,2023年（令和5年）,0.01MB,A31a-23_14_20_SHP.zip
神奈川,GeoJSON形式,洪水予報河川･水位周知河川,世界測地系,2024年（令和6年）,28.9MB,A31a-24_14_10_GEOJSON.zip
神奈川,GeoJSON形式,洪水予報河川･水位周知河川,世界測地系,2023年（令和5年）,21.2MB,A31a-23_14_10_GEOJSON.zip
神奈川,GeoJSON形式,洪水予報河川･水位周知河川,世界測地系,2022年（令和4年）,2.27MB,A31a-22_14_10_GEOJSON.zip
神奈川,GeoJSON形式,その他の河川,世界測地系,2024年（令和6年）,0.01MB,A31a-24_14_20_GEOJSON.zip
神奈川,GeoJSON形式,その他の河川,世界測地系,2023年（令和5年）,0.01MB,A31a-23_14_20_GEOJSON.zip
神奈川,,,世界測地系,2021年（令和3年）,14.6MB,A31-21_14_GML.zip
神奈川,,,世界測地系,2020年（令和2年）,5.01MB,A31-20_14_GML.zip
神奈川,,,世界測地系,2012年（平成24年）,2.60MB,A31-12_14_GML.zip
新潟,GML形式,洪水予報河川･水位周知河川,世界測地系,2024年（令和6年）,85.2MB,A31a-24_15_10_GML.zip
新潟,GML形式,洪水予報河川･水位周知河川,世界測地系,2023年（令和5年）,88.7MB,A31a-23_15_10_GML.zip
新潟,GML形式,その他の河川,世界測地系,2024年（令和6年）,62.4MB,A31a-24_15_20_GML.zip
新潟,GML形式,その他の河川,世界測地系,2023年（令和5年）,65.1MB,A31a-23_15_20_GML.zip
新潟,シェープ形式,洪水予報河川･水位周知河川,世界測地系,2024年（令和6年）,155MB,A31a-24_15_10_SHP.zip
新潟,シェープ形式,洪水予報河川･水位周知河川,世界測地系,2023年（令和5年）,155MB,A31a-23_15_10_SHP.zip
新潟,シェープ形式,その他の河川,世界測地系,2024年（令和6年）,92.5MB,A31a-24_15_20_SHP.zip
新潟,シェープ形式,その他の河川,世界測地系,2023年（令和5年）,92.3MB,A31a-23_15_20_SHP.zip
新潟,GeoJSON形式,洪水予報河川･水位周知河川,世界測地系,2024年（令和6年）,76.8MB,A31a-24_15_10_GEOJSON.zip
新潟,GeoJSON形式,洪水予報河川･水位周知河川,世界測地系,2023年（令和5年）,54.1MB,A31a-23_15_10_GEOJSON.zip
新潟,GeoJSON形式,その他の河川,世界測地系,2024年（令和6年）,56.2MB,A31a-24_15_20_GEOJSON.zip
新潟,GeoJSON形式,その他の河川,世界測地系,2023年（令和5年）,39.5MB,A31a-23_15_20_GEOJSON.zip
新潟,,,世界測地系,2021年（令和3年）,393MB,A31-21_15_GML.zip
新潟,,,世界測地系,2012年（平成24年）,6.84MB,A31-12_15_GML.zip
富山,GML形式,洪水予報河川･水位周知河川,世界測地系,2024年（令和6年）,36.0MB,A31a-24_16_10_GML.zip
富山,GML形式,洪水予報河川･水位周知河川,世界測地系,2023年（令和5年）,37.9MB,A31a-23_16_10_GML.zip
富山,GML形式,その他の河川,世界測地系,2024年（令和6年）,5.19MB,A31a-24_16_20_GML.zip
富山,GML形式,その他の河川,世界測地系,2023年（令和5年）,5.39MB,A31a-23_16_20_GML.zip
富山,シェープ形式,洪水予報河川･水位周知河川,世界測地系,2024年（令和6年）,76.4MB,A31a-24_16_10_SHP.zip
富山,シェープ形式,洪水予報河川･水位周知河川,世界測地系,2023年（令和5年）,76.3MB,A31a-23_16_10_SHP.zip
富山,シェープ形式,その他の河川,世界測地系,2024年（令和6年）,7.04MB,A31a-24_16_20_SHP.zip
富山,シェープ形式,その他の河川,世界測地系,2023年（令和5年）,7.03MB,A31a-23_16_20_SHP.zip
富山,GeoJSON形式,洪水予報河川･水位周知河川,世界測地系,2024年（令和6年）,33.4MB,A31a-24_16_10_GEOJSON.zip
富山,GeoJSON形式,洪水予報河川･水位周知河川,世界測地系,2023年（令和5年）,24.3MB,A31a-23_16_10_GEOJSON.zip
富山,GeoJSON形式,その他の河川,世界測地系,2024年（令和6年）,4.27MB,A31a-24_16_20_GEOJSON.zip
富山,GeoJSON形式,その他の河川,世界測地系,2023年（令和5年）,3.10MB,A31a-23_16_20_GEOJSON.zip
富山,,,世界測地系,2021年（令和3年）,189MB,A31-21_16_GML.zip
富山,,,世界測地系,2012年（平成24年）,4.15MB,A31-12_16_GML.zip
石川,GML形式,洪水予報河川･水位周知河川,世界測地系,2024年（令和6年）,26.2MB,A31a-24_17_10_GML.zip
石川,GML形式,洪水予報河川･水位周知河川,世界測地系,2023年（令和5年）,27.6MB,A31a-23_17_10_GML.zip
石川,シェープ形式,洪水予報河川･水位周知河川,世界測地系,2024年（令和6年）,45.8MB,A31a-24_17_10_SHP.zip
石川,シェープ形式,洪水予報河川･水位周知河川,世界測地系,2023年（令和5年）,45.7MB,A31a-23_17_10_SHP.zip
石川,GeoJSON形式,洪水予報河川･水位周知河川,世界測地系,2024年（令和6年）,23.4MB,A31a-24_17_10_GEOJSON.zip
石川,GeoJSON形式,洪水予報河川･水位周知河川,世界測地系,2023年（令和5年）,17.6MB,A31a-23_17_10_GEOJSON.zip
石川,,,世界測地系,2021年（令和3年）,88.7MB,A31-21_17_GML.zip
石川,,,世界測地系,2012年（平成24年）,3.74MB,A31-12_17_GML.zip
福井,GML形式,洪水予報河川･水位周知河川,世界測地系,2024年（令和6年）,32.4MB,A31a-24_18_10_GML.zip
福井,GML形式,洪水予報河川･水位周知河川,世界測地系,2023年（令和5年）,34.0MB,A31a-23_18_10_GML.zip
福井,GML形式,その他の河川,世界測地系,2024年（令和6年）,0.27MB,A31a-24_18_20_GML.zip
福井,GML形式,その他の河川,世界測地系,2023年（令和5年）,0.29MB,A31a-23_18_20_GML.zip
福井,シェープ形式,洪水予報河川･水位周知河川,世界測地系,2024年（令和6年）,59.8MB,A31a-24_18_10_SHP.zip
福井,シェープ形式,洪水予報河川･水位周知河川,世界測地系,2023年（令和5年）,59.8MB,A31a-23_18_10_SHP.zip
福井,シェープ形式,その他の河川,世界測地系,2024年（令和6年）,0.58MB,A31a-24_18_20_SHP.zip
福井,シェープ形式,その他の河川,世界測地系,2023年（令和5年）,0.58MB,A31a-23_18_20_SHP.zip
福井,GeoJSON形式,洪水予報河川･水位周知河川,世界測地系,2024年（令和6年）,29.0MB,A31a-24_18_10_GEOJSON.zip
福井,GeoJSON形式,洪水予報河川･水位周知河川,世界測地系,2023年（令和5年）,22.1MB,A31a-23_18_10_GEOJSON.zip
福井,GeoJSON形式,その他の河川,世界測地系,2024年（令和6年）,0.24MB,A31a-24_18_20_GEOJSON.zip
福井,GeoJSON形式,その他の河川,世界測地系,2023年（令和5年）,0.19MB,A31a-23_18_20_GEOJSON.zip
福井,,,世界測地系,2021年（令和3年）,132MB,A31-21_18_GML.zip
福井,,,世界測地系,2012年（平成24年）,1.44MB,A31-12_18_GML.zip
山梨,GML形式,洪水予報河川･水位周知河川,世界測地系,2024年（令和6年）,24.5MB,A31a-24_19_10_GML.zip
山梨,GML形式,洪水予報河川･水位周知河川,世界測地系,2023年（令和5年）,25.3MB,A31a-23_19_10_GML.zip
山梨,GML形式,その他の河川,世界測地系,2024年（令和6年）,5.61MB,A31a-24_19_20_GML.zip
山梨,GML形式,その他の河川,世界測地系,2023年（令和5年）,5.25MB,A31a-23_19_20_GML.zip
山梨,シェープ形式,洪水予報河川･水位周知河川,世界測地系,2024年（令和6年）,47.0MB,A31a-24_19_10_SHP.zip
山梨,シェープ形式,洪水予報河川･水位周知河川,世界測地系,2023年（令和5年）,46.6MB,A31a-23_19_10_SHP.zip
山梨,シェープ形式,その他の河川,世界測地系,2024年（令和6年）,8.68MB,A31a-24_19_20_SHP.zip
山梨,シェープ形式,その他の河川,世界測地系,2023年（令和5年）,7.94MB,A31a-23_19_20_SHP.zip
山梨,GeoJSON形式,洪水予報河川･水位周知河川,世界測地系,2024年（令和6年）,21.7MB,A31a-24_19_10_GEOJSON.zip
山梨,GeoJSON形式,洪水予報河川･水位周知河川,世界測地系,2023年（令和5年）,15.4MB,A31a-23_19_10_GEOJSON.zip
山梨,GeoJSON形式,その他の河川,世界測地系,2024年（令和6年）,4.48MB,A31a-24_19_20_GEOJSON.zip
山梨,GeoJSON形式,その他の河川,世界測地系,2023年（令和5年）,4.17MB,A31a-23_19_20_GEOJSON.zip
山梨,,,世界測地系,2021年（令和3年）,108MB,A31-21_19_GML.zip
山梨,,,世界測地系,2020年（令和2年）,46.4MB,A31-20_19_GML.zip
山梨,,,世界測地系,2012年（平成24年）,1.87MB,A31-12_19_GML.zip
長野,GML形式,洪水予報河川･水位周知河川,世界測地系,2024年（令和6年）,29.6MB,A31a-24_20_10_GML.zip
長野,GML形式,洪水予報河川･水位周知河川,世界測地系,2023年（令和5年）,30.9MB,A31a-23_20_10_GML.zip
長野,GML形式,その他の河川,世界測地系,2024年（令和6年）,20.6MB,A31a-24_20_20_GML.zip
長野,GML形式,その他の河川,世界測地系,2023年（令和5年）,5.13MB,A31a-23_20_20_GML.zip
長野,シェープ形式,洪水予報河川･水位周知河川,世界測地系,2024年（令和6年）,57.9MB,A31a-24_20_10_SHP.zip
長野,シェープ形式,洪水予報河川･水位周知河川,世界測地系,2023年（令和5年）,57.8MB,A31a-23_20_10_SHP.zip
長野,シェープ形式,その他の河川,世界測地系,2024年（令和6年）,36.6MB,A31a-24_20_20_SHP.zip
長野,シェープ形式,その他の河川,世界測地系,2023年（令和5年）,10.7MB,A31a-23_20_20_SHP.zip
長野,GeoJSON形式,洪水予報河川･水位周知河川,世界測地系,2024年（令和6年）,26.4MB,A31a-24_20_10_GEOJSON.zip
長野,GeoJSON形式,洪水予報河川･水位周知河川,世界測地系,2023年（令和5年）,19.7MB,A31a-23_20_10_GEOJSON.zip
長野,GeoJSON形式,その他の河川,世界測地系,2024年（令和6年）,16.5MB,A31a-24_20_20_GEOJSON.zip
長野,GeoJSON形式,その他の河川,世界測地系,2023年（令和5年）,3.36MB,A31a-23_20_20_GEOJSON.zip
長野,,,世界測地系,2021年（令和3年）,165MB,A31-21_20_GML.zip
長野,,,世界測地系,2012年（平成24年）,12.3MB,A31-12_20_GML.zip
岐阜,GML形式,洪水予報河川･水位周知河川,世界測地系,2024年（令和6年）,15.1MB,A31a-24_21_10_GML.zip
岐阜,GML形式,洪水予報河川･水位周知河川,世界測地系,2023年（令和5年）,15.9MB,A31a-23_21_10_GML.zip
岐阜,GML形式,その他の河川,世界測地系,2024年（令和6年）,0.91MB,A31a-24_21_20_GML.zip
岐阜,GML形式,その他の河川,世界測地系,2023年（令和5年）,1.15MB,A31a-23_21_20_GML.zip
岐阜,シェープ形式,洪水予報河川･水位周知河川,世界測地系,2024年（令和6年）,29.3MB,A31a-24_21_10_SHP.zip
岐阜,シェープ形式,洪水予報河川･水位周知河川,世界測地系,2023年（令和5年）,29.3MB,A31a-23_21_10_SHP.zip
岐阜,シェープ形式,その他の河川,世界測地系,2024年（令和6年）,1.74MB,A31a-24_21_20_SHP.zip
岐阜,シェープ形式,その他の河川,世界測地系,2023年（令和5年）,1.73MB,A31a-23_21_20_SHP.zip
岐阜,GeoJSON形式,洪水予報河川･水位周知河川,世界測地系,2024年（令和6年）,13.2MB,A31a-24_21_10_GEOJSON.zip
岐阜,GeoJSON形式,洪水予報河川･水位周知河川,世界測地系,2023年（令和5年）,9.64MB,A31a-23_21_10_GEOJSON.zip
岐阜,GeoJSON形式,その他の河川,世界測地系,2024年（令和6年）,0.78MB,A31a-24_21_20_GEOJSON.zip
岐阜,GeoJSON形式,その他の河川,世界測地系,2023年（令和5年）,0.72MB,A31a-23_21_20_GEOJSON.zip
岐阜,,,世界測地系,2021年（令和3年）,72.1MB,A31-21_21_GML.zip
岐阜,,,世界測地系,2020年（令和2年）,29.0MB,A31-20_21_GML.zip
岐阜,,,世界測地系,2012年（平成24年）,5.09MB,A31-12_21_GML.zip
静岡,GML形式,洪水予報河川･水位周知河川,世界測地系,2024年（令和6年）,47.8MB,A31a-24_22_10_GML.zip
静岡,GML形式,洪水予報河川･水位周知河川,世界測地系,2023年（令和5年）,50.5MB,A31a-23_22_10_GML.zip
静岡,GML形式,洪水予報河川･水位周知河川,世界測地系,2022年（令和4年）,6.11MB,A31a-22_22_10_GML.zip
静岡,GML形式,その他の河川,世界測地系,2024年（令和6年）,2.63MB,A31a-24_22_20_GML.zip
静岡,GML形式,その他の河川,世界測地系,2023年（令和5年）,2.62MB,A31a-23_22_20_GML.zip
静岡,シェープ形式,洪水予報河川･水位周知河川,世界測地系,2024年（令和6年）,47.9MB,A31a-24_22_10_SHP.zip
静岡,シェープ形式,洪水予報河川･水位周知河川,世界測地系,2023年（令和5年）,47.8MB,A31a-23_22_10_SHP.zip
静岡,シェープ形式,洪水予報河川･水位周知河川,世界測地系,2022年（令和4年）,5.50MB,A31a-22_22_10_SHP.zip
静岡,シェープ形式,その他の河川,世界測地系,2024年（令和6年）,2.66MB,A31a-24_22_20_SHP.zip
静岡,シェープ形式,その他の河川,世界測地系,2023年（令和5年）,2.62MB,A31a-23_22_20_SHP.zip
静岡,GeoJSON形式,洪水予報河川･水位周知河川,世界測地系,2024年（令和6年）,34.2MB,A31a-24_22_10_GEOJSON.zip
静岡,GeoJSON形式,洪水予報河川･水位周知河川,世界測地系,2023年（令和5年）,32.4MB,A31a-23_22_10_GEOJSON.zip
静岡,GeoJSON形式,洪水予報河川･水位周知河川,世界測地系,2022年（令和4年）,6.31MB,A31a-22_22_10_GEOJSON.zip
静岡,GeoJSON形式,その他の河川,世界測地系,2024年（令和6年）,1.78MB,A31a-24_22_20_GEOJSON.zip
静岡,GeoJSON形式,その他の河川,世界測地系,2023年（令和5年）,1.78MB,A31a-23_22_20_GEOJSON.zip
静岡,,,世界測地系,2021年（令和3年）,141MB,A31-21_22_GML.zip
静岡,,,世界測地系,2020年（令和2年）,74.8MB,A31-20_22_GML.zip
静岡,,,世界測地系,2012年（平成24年）,2.13MB,A31-12_22_GML.zip
愛知,GML形式,洪水予報河川･水位周知河川,世界測地系,2024年（令和6年）,16.5MB,A31a-24_23_10_GML.zip
愛知,GML形式,洪水予報河川･水位周知河川,世界測地系,2023年（令和5年）,17.4MB,A31a-23_23_10_GML.zip
愛知,GML形式,その他の河川,世界測地系,2024年（令和6年）,3.83MB,A31a-24_23_20_GML.zip
愛知,GML形式,その他の河川,世界測地系,2023年（令和5年）,4.01MB,A31a-23_23_20_GML.zip
愛知,シェープ形式,洪水予報河川･水位周知河川,世界測地系,2024年（令和6年）,15.6MB,A31a-24_23_10_SHP.zip
愛知,シェープ形式,洪水予報河川･水位周知河川,世界測地系,2023年（令和5年）,15.6MB,A31a-23_23_10_SHP.zip
愛知,シェープ形式,その他の河川,世界測地系,2024年（令和6年）,4.13MB,A31a-24_23_20_SHP.zip
愛知,シェープ形式,その他の河川,世界測地系,2023年（令和5年）,4.11MB,A31a-23_23_20_SHP.zip
愛知,GeoJSON形式,洪水予報河川･水位周知河川,世界測地系,2024年（令和6年）,11.2MB,A31a-24_23_10_GEOJSON.zip
愛知,GeoJSON形式,洪水予報河川･水位周知河川,世界測地系,2023年（令和5年）,11.0MB,A31a-23_23_10_GEOJSON.zip
愛知,GeoJSON形式,その他の河川,世界測地系,2024年（令和6年）,2.73MB,A31a-24_23_20_GEOJSON.zip
愛知,GeoJSON形式,その他の河川,世界測地系,2023年（令和5年）,2.48MB,A31a-23_23_20_GEOJSON.zip
愛知,,,世界測地系,2012年（平成24年）,136MB,A31-12_23_GML.zip
三重,GML形式,洪水予報河川･水位周知河川,世界測地系,2024年（令和6年）,34.2MB,A31a-24_24_10_GML.zip
三重,GML形式,洪水予報河川･水位周知河川,世界測地系,2023年（令和5年）,36.2MB,A31a-23_24_10_GML.zip
三重,GML形式,その他の河川,世界測地系,2024年（令和6年）,46.0MB,A31a-24_24_20_GML.zip
三重,GML形式,その他の河川,世界測地系,2023年（令和5年）,47.8MB,A31a-23_24_20_GML.zip
三重,シェープ形式,洪水予報河川･水位周知河川,世界測地系,2024年（令和6年）,33.2MB,A31a-24_24_10_SHP.zip
三重,シェープ形式,洪水予報河川･水位周知河川,世界測地系,2023年（令和5年）,33.1MB,A31a-23_24_10_SHP.zip
三重,シェープ形式,その他の河川,世界測地系,2024年（令和6年）,48.7MB,A31a-24_24_20_SHP.zip
三重,シェープ形式,その他の河川,世界測地系,2023年（令和5年）,47.8MB,A31a-23_24_20_SHP.zip
三重,GeoJSON形式,洪水予報河川･水位周知河川,世界測地系,2024年（令和6年）,23.6MB,A31a-24_24_10_GEOJSON.zip
三重,GeoJSON形式,洪水予報河川･水位周知河川,世界測地系,2023年（令和5年）,22.5MB,A31a-23_24_10_GEOJSON.zip
三重,GeoJSON形式,その他の河川,世界測地系,2024年（令和6年）,32.0MB,A31a-24_24_20_GEOJSON.zip
三重,GeoJSON形式,その他の河川,世界測地系,2023年（令和5年）,29.4MB,A31a-23_24_20_GEOJSON.zip
三重,,,世界測地系,2021年（令和3年）,86.0MB,A31-21_24_GML.zip
三重,,,世界測地系,2012年（平成24年）,90.0MB,A31-12_24_GML.zip
滋賀,GML形式,洪水予報河川･水位周知河川,世界測地系,2024年（令和6年）,61.6MB,A31a-24_25_10_GML.zip
滋賀,GML形式,洪水予報河川･水位周知河川,世界測地系,2023年（令和5年）,65.0MB,A31a-23_25_10_GML.zip
滋賀,GML形式,その他の河川,世界測地系,2024年（令和6年）,0.02MB,A31a-24_25_20_GML.zip
滋賀,GML形式,その他の河川,世界測地系,2023年（令和5年）,0.02MB,A31a-23_25_20_GML.zip
滋賀,シェープ形式,洪水予報河川･水位周知河川,世界測地系,2024年（令和6年）,57.2MB,A31a-24_25_10_SHP.zip
滋賀,シェープ形式,洪水予報河川･水位周知河川,世界測地系,2023年（令和5年）,57.1MB,A31a-23_25_10_SHP.zip
滋賀,シェープ形式,その他の河川,世界測地系,2024年（令和6年）,0.03MB,A31a-24_25_20_SHP.zip
滋賀,シェープ形式,その他の河川,世界測地系,2023年（令和5年）,0.03MB,A31a-23_25_20_SHP.zip
滋賀,GeoJSON形式,洪水予報河川･水位周知河川,世界測地系,2024年（令和6年）,40.9MB,A31a-24_25_10_GEOJSON.zip
滋賀,GeoJSON形式,洪水予報河川･水位周知河川,世界測地系,2023年（令和5年）,40.3MB,A31a-23_25_10_GEOJSON.zip
滋賀,GeoJSON形式,その他の河川,世界測地系,2024年（令和6年）,0.02MB,A31a-24_25_20_GEOJSON.zip
滋賀,GeoJSON形式,その他の河川,世界測地系,2023年（令和5年）,0.02MB,A31a-23_25_20_GEOJSON.zip
滋賀,,,世界測地系,2021年（令和3年）,104MB,A31-21_25_GML.zip
滋賀,,,世界測地系,2020年（令和2年）,28.7MB,A31-20_25_GML.zip
滋賀,,,世界測地系,2012年（平成24年）,16.6MB,A31-12_25_GML.zip
京都,GML形式,洪水予報河川･水位周知河川,世界測地系,2024年（令和6年）,14.7MB,A31a-24_26_10_GML.zip
京都,GML形式,洪水予報河川･水位周知河川,世界測地系,2023年（令和5年）,14.7MB,A31a-23_26_10_GML.zip
京都,GML形式,その他の河川,世界測地系,2024年（令和6年）,14.6MB,A31a-24_26_20_GML.zip
京都,GML形式,その他の河川,世界測地系,2023年（令和5年）,14.6MB,A31a-23_26_20_GML.zip
京都,シェープ形式,洪水予報河川･水位周知河川,世界測地系,2024年（令和6年）,15.4MB,A31a-24_26_10_SHP.zip
京都,シェープ形式,洪水予報河川･水位周知河川,世界測地系,2023年（令和5年）,15.4MB,A31a-23_26_10_SHP.zip
京都,シェープ形式,その他の河川,世界測地系,2024年（令和6年）,15.2MB,A31a-24_26_20_SHP.zip
京都,シェープ形式,その他の河川,世界測地系,2023年（令和5年）,15.1MB,A31a-23_26_20_SHP.zip
京都,GeoJSON形式,洪水予報河川･水位周知河川,世界測地系,2024年（令和6年）,10.7MB,A31a-24_26_10_GEOJSON.zip
京都,GeoJSON形式,洪水予報河川･水位周知河川,世界測地系,2023年（令和5年）,10.7MB,A31a-23_26_10_GEOJSON.zip
京都,GeoJSON形式,その他の河川,世界測地系,2024年（令和6年）,10.3MB,A31a-24_26_20_GEOJSON.zip
京都,GeoJSON形式,その他の河川,世界測地系,2023年（令和5年）,10.3MB,A31a-23_26_20_GEOJSON.zip
京都,,,世界測地系,2012年（平成24年）,2.35MB,A31-12_26_GML.zip
大阪,GML形式,洪水予報河川･水位周知河川,世界測地系,2024年（令和6年）,20.9MB,A31a-24_27_10_GML.zip
大阪,GML形式,洪水予報河川･水位周知河川,世界測地系,2023年（令和5年）,22.1MB,A31a-23_27_10_GML.zip
大阪,GML形式,洪水予報河川･水位周知河川,世界測地系,2022年（令和4年）,0.08MB,A31a-22_27_10_GML.zip
大阪,GML形式,その他の河川,世界測地系,2024年（令和6年）,3.30MB,A31a-24_27_20_GML.zip
大阪,GML形式,その他の河川,世界測地系,2023年（令和5年）,3.37MB,A31a-23_27_20_GML.zip
大阪,GML形式,その他の河川,世界測地系,2022年（令和4年）,2.43MB,A31a-22_27_20_GML.zip
大阪,シェープ形式,洪水予報河川･水位周知河川,世界測地系,2024年（令和6年）,20.4MB,A31a-24_27_10_SHP.zip
大阪,シェープ形式,洪水予報河川･水位周知河川,世界測地系,2023年（令和5年）,20.3MB,A31a-23_27_10_SHP.zip
大阪,シェープ形式,洪水予報河川･水位周知河川,世界測地系,2022年（令和4年）,0.07MB,A31a-22_27_10_SHP.zip
大阪,シェープ形式,その他の河川,世界測地系,2024年（令和6年）,3.27MB,A31a-24_27_20_SHP.zip
大阪,シェープ形式,その他の河川,世界測地系,2023年（令和5年）,3.2MB,A31a-23_27_20_SHP.zip
大阪,シェープ形式,その他の河川,世界測地系,2022年（令和4年）,2.12MB,A31a-22_27_20_SHP.zip
大阪,GeoJSON形式,洪水予報河川･水位周知河川,世界測地系,2024年（令和6年）,15.0MB,A31a-24_27_10_GEOJSON.zip
大阪,GeoJSON形式,洪水予報河川･水位周知河川,世界測地系,2023年（令和5年）,14.2MB,A31a-23_27_10_GEOJSON.zip
大阪,GeoJSON形式,洪水予報河川･水位周知河川,世界測地系,2022年（令和4年）,0.08MB,A31a-22_27_10_GEOJSON.zip
大阪,GeoJSON形式,その他の河川,世界測地系,2024年（令和6年）,2.27MB,A31a-24_27_20_GEOJSON.zip
大阪,GeoJSON形式,その他の河川,世界測地系,2023年（令和5年）,2.17MB,A31a-23_27_20_GEOJSON.zip
大阪,GeoJSON形式,その他の河川,世界測地系,2022年（令和4年）,2.25MB,A31a-22_27_20_GEOJSON.zip
大阪,,,世界測地系,2021年（令和3年）,73.7MB,A31-21_27_GML.zip
大阪,,,世界測地系,2012年（平成24年）,2.71MB,A31-12_27_GML.zip
兵庫,GML形式,洪水予報河川･水位周知河川,世界測地系,2024年（令和6年）,90.0MB,A31a-24_28_10_GML.zip
兵庫,GML形式,洪水予報河川･水位周知河川,世界測地系,2023年（令和5年）,94.7MB,A31a-23_28_10_GML.zip
兵庫,シェープ形式,洪水予報河川･水位周知河川,世界測地系,2024年（令和6年）,106MB,A31a-24_28_10_SHP.zip
兵庫,シェープ形式,洪水予報河川･水位周知河川,世界測地系,2023年（令和5年）,106MB,A31a-23_28_10_SHP.zip
兵庫,GeoJSON形式,洪水予報河川･水位周知河川,世界測地系,2024年（令和6年）,73.7MB,A31a-24_28_10_GEOJSON.zip
兵庫,GeoJSON形式,洪水予報河川･水位周知河川,世界測地系,2023年（令和5年）,58.0MB,A31a-23_28_10_GEOJSON.zip
兵庫,,,世界測地系,2021年（令和3年）,21.2MB,A31-21_28_GML.zip
兵庫,,,世界測地系,2020年（令和2年）,32.7MB,A31-20_28_GML.zip
兵庫,,,世界測地系,2012年（平成24年）,7.72MB,A31-12_28_GML.zip
奈良,GML形式,洪水予報河川･水位周知河川,世界測地系,2024年（令和6年）,24.7MB,A31a-24_29_10_GML.zip
奈良,GML形式,洪水予報河川･水位周知河川,世界測地系,2023年（令和5年）,26.1MB,A31a-23_29_10_GML.zip
奈良,GML形式,その他の河川,世界測地系,2024年（令和6年）,27.0MB,A31a-24_29_20_GML.zip
奈良,シェープ形式,洪水予報河川･水位周知河川,世界測地系,2024年（令和6年）,22.9MB,A31a-24_29_10_SHP.zip
奈良,シェープ形式,洪水予報河川･水位周知河川,世界測地系,2023年（令和5年）,22.8MB,A31a-23_29_10_SHP.zip
奈良,シェープ形式,その他の河川,世界測地系,2024年（令和6年）,28.7MB,A31a-24_29_20_SHP.zip
奈良,GeoJSON形式,洪水予報河川･水位周知河川,世界測地系,2024年（令和6年）,16.6MB,A31a-24_29_10_GEOJSON.zip
奈良,GeoJSON形式,洪水予報河川･水位周知河川,世界測地系,2023年（令和5年）,16.3MB,A31a-23_29_10_GEOJSON.zip
奈良,GeoJSON形式,その他の河川,世界測地系,2024年（令和6年）,18.5MB,A31a-24_29_20_GEOJSON.zip
奈良,,,世界測地系,2012年（平成24年）,3.37MB,A31-12_29_GML.zip
和歌山,GML形式,洪水予報河川･水位周知河川,世界測地系,2024年（令和6年）,18.7MB,A31a-24_30_10_GML.zip
和歌山,GML形式,洪水予報河川･水位周知河川,世界測地系,2023年（令和5年）,19.5MB,A31a-23_30_10_GML.zip
和歌山,GML形式,洪水予報河川･水位周知河川,世界測地系,2022年（令和4年）,0.55MB,A31a-22_30_10_GML.zip
和歌山,シェープ形式,洪水予報河川･水位周知河川,世界測地系,2024年（令和6年）,23.1MB,A31a-24_30_10_SHP.zip
和歌山,シェープ形式,洪水予報河川･水位周知河川,世界測地系,2023年（令和5年）,23.0MB,A31a-23_30_10_SHP.zip
和歌山,シェープ形式,洪水予報河川･水位周知河川,世界測地系,2022年（令和4年）,0.49MB,A31a-22_30_10_SHP.zip
和歌山,GeoJSON形式,洪水予報河川･水位周知河川,世界測地系,2024年（令和6年）,14.8MB,A31a-24_30_10_GEOJSON.zip
和歌山,GeoJSON形式,洪水予報河川･水位周知河川,世界測地系,2023年（令和5年）,10.7MB,A31a-23_30_10_GEOJSON.zip
和歌山,GeoJSON形式,洪水予報河川･水位周知河川,世界測地系,2022年（令和4年）,0.56MB,A31a-22_30_10_GEOJSON.zip
和歌山,,,世界測地系,2021年（令和3年）,26.5MB,A31-21_30_GML.zip
和歌山,,,世界測地系,2012年（平成24年）,3.58MB,A31-12_30_GML.zip
鳥取,GML形式,洪水予報河川･水位周知河川,世界測地系,2024年（令和6年）,6.91MB,A31a-24_31_10_GML.zip
鳥取,GML形式,洪水予報河川･水位周知河川,世界測地系,2023年（令和5年）,7.13MB,A31a-23_31_10_GML.zip
鳥取,シェープ形式,洪水予報河川･水位周知河川,世界測地系,2024年（令和6年）,7.51MB,A31a-24_31_10_SHP.zip
鳥取,シェープ形式,洪水予報河川･水位周知河川,世界測地系,2023年（令和5年）,7.39MB,A31a-23_31_10_SHP.zip
鳥取,GeoJSON形式,洪水予報河川･水位周知河川,世界測地系,2024年（令和6年）,5.24MB,A31a-24_31_10_GEOJSON.zip
鳥取,GeoJSON形式,洪水予報河川･水位周知河川,世界測地系,2023年（令和5年）,4.31MB,A31a-23_31_10_GEOJSON.zip
鳥取,,,世界測地系,2020年（令和2年）,0.15MB,A31-20_31_GML.zip
鳥取,,,世界測地系,2012年（平成24年）,1.59MB,A31-12_31_GML.zip
島根,GML形式,洪水予報河川･水位周知河川,世界測地系,2024年（令和6年）,8.49MB,A31a-24_32_10_GML.zip
島根,GML形式,洪水予報河川･水位周知河川,世界測地系,2023年（令和5年）,8.90MB,A31a-23_32_10_GML.zip
島根,シェープ形式,洪水予報河川･水位周知河川,世界測地系,2024年（令和6年）,8.09MB,A31a-24_32_10_SHP.zip
島根,シェープ形式,洪水予報河川･水位周知河川,世界測地系,2023年（令和5年）,8.05MB,A31a-23_32_10_SHP.zip
島根,GeoJSON形式,洪水予報河川･水位周知河川,世界測地系,2024年（令和6年）,6.01MB,A31a-24_32_10_GEOJSON.zip
島根,GeoJSON形式,洪水予報河川･水位周知河川,世界測地系,2023年（令和5年）,5.41MB,A31a-23_32_10_GEOJSON.zip
島根,,,世界測地系,2021年（令和3年）,21.4MB,A31-21_32_GML.zip
島根,,,世界測地系,2020年（令和2年）,3.99MB,A31-20_32_GML.zip
島根,,,世界測地系,2012年（平成24年）,2.82MB,A31-12_32_GML.zip
岡山,GML形式,洪水予報河川･水位周知河川,世界測地系,2024年（令和6年）,131MB,A31a-24_33_10_GML.zip
岡山,GML形式,洪水予報河川･水位周知河川,世界測地系,2023年（令和5年）,138MB,A31a-23_33_10_GML.zip
岡山,シェープ形式,洪水予報河川･水位周知河川,世界測地系,2024年（令和6年）,181MB,A31a-24_33_10_SHP.zip
岡山,シェープ形式,洪水予報河川･水位周知河川,世界測地系,2023年（令和5年）,181MB,A31a-23_33_10_SHP.zip
岡山,GeoJSON形式,洪水予報河川･水位周知河川,世界測地系,2024年（令和6年）,105MB,A31a-24_33_10_GEOJSON.zip
岡山,GeoJSON形式,洪水予報河川･水位周知河川,世界測地系,2023年（令和5年）,76.0MB,A31a-23_33_10_GEOJSON.zip
岡山,,,世界測地系,2021年（令和3年）,71.5MB,A31-21_33_GML.zip
岡山,,,世界測地系,2020年（令和2年）,9.47MB,A31-20_33_GML.zip
岡山,,,世界測地系,2012年（平成24年）,7.01MB,A31-12_33_GML.zip
広島,GML形式,洪水予報河川･水位周知河川,世界測地系,2024年（令和6年）,23.2MB,A31a-24_34_10_GML.zip
広島,GML形式,洪水予報河川･水位周知河川,世界測地系,2023年（令和5年）,24.5MB,A31a-23_34_10_GML.zip
広島,シェープ形式,洪水予報河川･水位周知河川,世界測地系,2024年（令和6年）,26.7MB,A31a-24_34_10_SHP.zip
広島,シェープ形式,洪水予報河川･水位周知河川,世界測地系,2023年（令和5年）,26.6MB,A31a-23_34_10_SHP.zip
広島,GeoJSON形式,洪水予報河川･水位周知河川,世界測地系,2024年（令和6年）,17.2MB,A31a-24_34_10_GEOJSON.zip
広島,GeoJSON形式,洪水予報河川･水位周知河川,世界測地系,2023年（令和5年）,15.0MB,A31a-23_34_10_GEOJSON.zip
広島,,,世界測地系,2021年（令和3年）,50.1MB,A31-21_34_GML.zip
広島,,,世界測地系,2012年（平成24年）,7.87MB,A31-12_34_GML.zip
山口,GML形式,洪水予報河川･水位周知河川,世界測地系,2024年（令和6年）,25.0MB,A31a-24_35_10_GML.zip
山口,GML形式,洪水予報河川･水位周知河川,世界測地系,2023年（令和5年）,26.3MB,A31a-23_35_10_GML.zip
山口,シェープ形式,洪水予報河川･水位周知河川,世界測地系,2024年（令和6年）,26.0MB,A31a-24_35_10_SHP.zip
山口,シェープ形式,洪水予報河川･水位周知河川,世界測地系,2023年（令和5年）,25.8MB,A31a-23_35_10_SHP.zip
山口,GeoJSON形式,洪水予報河川･水位周知河川,世界測地系,2024年（令和6年）,18.4MB,A31a-24_35_10_GEOJSON.zip
山口,GeoJSON形式,洪水予報河川･水位周知河川,世界測地系,2023年（令和5年）,16.3MB,A31a-23_35_10_GEOJSON.zip
山口,,,世界測地系,2021年（令和3年）,25.1MB,A31-21_35_GML.zip
山口,,,世界測地系,2012年（平成24年）,2.83MB,A31-12_35_GML.zip
徳島,GML形式,洪水予報河川･水位周知河川,世界測地系,2024年（令和6年）,14.7MB,A31a-24_36_10_GML.zip
徳島,GML形式,洪水予報河川･水位周知河川,世界測地系,2023年（令和5年）,15.6MB,A31a-23_36_10_GML.zip
徳島,シェープ形式,洪水予報河川･水位周知河川,世界測地系,2024年（令和6年）,13.6MB,A31a-24_36_10_SHP.zip
徳島,シェープ形式,洪水予報河川･水位周知河川,世界測地系,2023年（令和5年）,13.6MB,A31a-23_36_10_SHP.zip
徳島,GeoJSON形式,洪水予報河川･水位周知河川,世界測地系,2024年（令和6年）,9.91MB,A31a-24_36_10_GEOJSON.zip
徳島,GeoJSON形式,洪水予報河川･水位周知河川,世界測地系,2023年（令和5年）,10.0MB,A31a-23_36_10_GEOJSON.zip
徳島,,,世界測地系,2021年（令和3年）,40.7MB,A31-21_36_GML.zip
徳島,,,世界測地系,2020年（令和2年）,18.6MB,A31-20_36_GML.zip
徳島,,,世界測地系,2012年（平成24年）,4.12MB,A31-12_36_GML.zip
香川,GML形式,洪水予報河川･水位周知河川,世界測地系,2024年（令和6年）,19.5MB,A31a-24_37_10_GML.zip
香川,GML形式,洪水予報河川･水位周知河川,世界測地系,2023年（令和5年）,18.5MB,A31a-23_37_10_GML.zip
香川,GML形式,洪水予報河川･水位周知河川,世界測地系,2022年（令和4年）,1.43MB,A31a-22_37_10_GML.zip
香川,GML形式,その他の河川,世界測地系,2024年（令和6年）,6.74MB,A31a-24_37_20_GML.zip
香川,GML形式,その他の河川,世界測地系,2023年（令和5年）,1.51MB,A31a-23_37_20_GML.zip
香川,GML形式,その他の河川,世界測地系,2022年（令和4年）,1.06MB,A31a-22_37_20_GML.zip
香川,シェープ形式,洪水予報河川･水位周知河川,世界測地系,2024年（令和6年）,18.4MB,A31a-24_37_10_SHP.zip
香川,シェープ形式,洪水予報河川･水位周知河川,世界測地系,2023年（令和5年）,17.2MB,A31a-23_37_10_SHP.zip
香川,シェープ形式,洪水予報河川･水位周知河川,世界測地系,2022年（令和4年）,1.34MB,A31a-22_37_10_SHP.zip
香川,シェープ形式,その他の河川,世界測地系,2024年（令和6年）,5.99MB,A31a-24_37_20_SHP.zip
香川,シェープ形式,その他の河川,世界測地系,2023年（令和5年）,1.35MB,A31a-23_37_20_SHP.zip
香川,シェープ形式,その他の河川,世界測地系,2022年（令和4年）,1.04MB,A31a-22_37_20_SHP.zip
香川,GeoJSON形式,洪水予報河川･水位周知河川,世界測地系,2024年（令和6年）,13.3MB,A31a-24_37_10_GEOJSON.zip
香川,GeoJSON形式,洪水予報河川･水位周知河川,世界測地系,2023年（令和5年）,12.0MB,A31a-23_37_10_GEOJSON.zip
香川,GeoJSON形式,洪水予報河川･水位周知河川,世界測地系,2022年（令和4年）,1.50MB,A31a-22_37_10_GEOJSON.zip
香川,GeoJSON形式,その他の河川,世界測地系,2024年（令和6年）,4.56MB,A31a-24_37_20_GEOJSON.zip
香川,GeoJSON形式,その他の河川,世界測地系,2023年（令和5年）,0.96MB,A31a-23_37_20_GEOJSON.zip
香川,GeoJSON形式,その他の河川,世界測地系,2022年（令和4年）,1.16MB,A31a-22_37_20_GEOJSON.zip
香川,,,世界測地系,2021年（令和3年）,24.8MB,A31-21_37_GML.zip
香川,,,世界測地系,2012年（平成24年）,2.52MB,A31-12_37_GML.zip
愛媛,GML形式,洪水予報河川･水位周知河川,世界測地系,2024年（令和6年）,20.4MB,A31a-24_38_10_GML.zip
愛媛,GML形式,洪水予報河川･水位周知河川,世界測地系,2023年（令和5年）,21.6MB,A31a-23_38_10_GML.zip
愛媛,シェープ形式,洪水予報河川･水位周知河川,世界測地系,2024年（令和6年）,20.5MB,A31a-24_38_10_SHP.zip
愛媛,シェープ形式,洪水予報河川･水位周知河川,世界測地系,2023年（令和5年）,20.5MB,A31a-23_38_10_SHP.zip
愛媛,GeoJSON形式,洪水予報河川･水位周知河川,世界測地系,2024年（令和6年）,14.1MB,A31a-24_38_10_GEOJSON.zip
愛媛,GeoJSON形式,洪水予報河川･水位周知河川,世界測地系,2023年（令和5年）,13.9MB,A31a-23_38_10_GEOJSON.zip
愛媛,,,世界測地系,2021年（令和3年）,23.2MB,A31-21_38_GML.zip
愛媛,,,世界測地系,2012年（平成24年）,4.69MB,A31-12_38_GML.zip
高知,GML形式,洪水予報河川･水位周知河川,世界測地系,2024年（令和6年）,3.07MB,A31a-24_39_10_GML.zip
高知,GML形式,洪水予報河川･水位周知河川,世界測地系,2023年（令和5年）,3.24MB,A31a-23_39_10_GML.zip
高知,GML形式,その他の河川,世界測地系,2024年（令和6年）,4.05MB,A31a-24_39_20_GML.zip
高知,GML形式,その他の河川,世界測地系,2023年（令和5年）,2.75MB,A31a-23_39_20_GML.zip
高知,シェープ形式,洪水予報河川･水位周知河川,世界測地系,2024年（令和6年）,2.95MB,A31a-24_39_10_SHP.zip
高知,シェープ形式,洪水予報河川･水位周知河川,世界測地系,2023年（令和5年）,2.94MB,A31a-23_39_10_SHP.zip
高知,シェープ形式,その他の河川,世界測地系,2024年（令和6年）,4.14MB,A31a-24_39_20_SHP.zip
高知,シェープ形式,その他の河川,世界測地系,2023年（令和5年）,2.70MB,A31a-23_39_20_SHP.zip
高知,GeoJSON形式,洪水予報河川･水位周知河川,世界測地系,2024年（令和6年）,2.06MB,A31a-24_39_10_GEOJSON.zip
高知,GeoJSON形式,洪水予報河川･水位周知河川,世界測地系,2023年（令和5年）,2.01MB,A31a-23_39_10_GEOJSON.zip
高知,GeoJSON形式,その他の河川,世界測地系,2024年（令和6年）,2.73MB,A31a-24_39_20_GEOJSON.zip
高知,GeoJSON形式,その他の河川,世界測地系,2023年（令和5年）,1.68MB,A31a-23_39_20_GEOJSON.zip
高知,,,世界測地系,2021年（令和3年）,1.21MB,A31-21_39_GML.zip
高知,,,世界測地系,2012年（平成24年）,1.83MB,A31-12_39_GML.zip
福岡,GML形式,洪水予報河川･水位周知河川,世界測地系,2024年（令和6年）,52.6MB,A31a-24_40_10_GML.zip
福岡,GML形式,洪水予報河川･水位周知河川,世界測地系,2023年（令和5年）,55.7MB,A31a-23_40_10_GML.zip
福岡,GML形式,その他の河川,世界測地系,2024年（令和6年）,23.6MB,A31a-24_40_20_GML.zip
福岡,GML形式,その他の河川,世界測地系,2023年（令和5年）,24.7MB,A31a-23_40_20_GML.zip
福岡,シェープ形式,洪水予報河川･水位周知河川,世界測地系,2024年（令和6年）,49.3MB,A31a-24_40_10_SHP.zip
福岡,シェープ形式,洪水予報河川･水位周知河川,世界測地系,2023年（令和5年）,49.2MB,A31a-23_40_10_SHP.zip
福岡,シェープ形式,その他の河川,世界測地系,2024年（令和6年）,21.5MB,A31a-24_40_20_SHP.zip
福岡,シェープ形式,その他の河川,世界測地系,2023年（令和5年）,21.5MB,A31a-23_40_20_SHP.zip
福岡,GeoJSON形式,洪水予報河川･水位周知河川,世界測地系,2024年（令和6年）,35.8MB,A31a-24_40_10_GEOJSON.zip
福岡,GeoJSON形式,洪水予報河川･水位周知河川,世界測地系,2023年（令和5年）,35.5MB,A31a-23_40_10_GEOJSON.zip
福岡,GeoJSON形式,その他の河川,世界測地系,2024年（令和6年）,15.3MB,A31a-24_40_20_GEOJSON.zip
福岡,GeoJSON形式,その他の河川,世界測地系,2023年（令和5年）,15.5MB,A31a-23_40_20_GEOJSON.zip
福岡,,,世界測地系,2021年（令和3年）,152MB,A31-21_40_GML.zip
福岡,,,世界測地系,2012年（平成24年）,7.16MB,A31-12_40_GML.zip
佐賀,GML形式,洪水予報河川･水位周知河川,世界測地系,2024年（令和6年）,44.1MB,A31a-24_41_10_GML.zip
佐賀,GML形式,洪水予報河川･水位周知河川,世界測地系,2023年（令和5年）,46.8MB,A31a-23_41_10_GML.zip
佐賀,シェープ形式,洪水予報河川･水位周知河川,世界測地系,2024年（令和6年）,41.6MB,A31a-24_41_10_SHP.zip
佐賀,シェープ形式,洪水予報河川･水位周知河川,世界測地系,2023年（令和5年）,41.6MB,A31a-23_41_10_SHP.zip
佐賀,GeoJSON形式,洪水予報河川･水位周知河川,世界測地系,2024年（令和6年）,30.8MB,A31a-24_41_10_GEOJSON.zip
佐賀,GeoJSON形式,洪水予報河川･水位周知河川,世界測地系,2023年（令和5年）,29.3MB,A31a-23_41_10_GEOJSON.zip
佐賀,,,世界測地系,2021年（令和3年）,121MB,A31-21_41_GML.zip
佐賀,,,世界測地系,2012年（平成24年）,7.09MB,A31-12_41_GML.zip
長崎,GML形式,洪水予報河川･水位周知河川,世界測地系,2024年（令和6年）,5.52MB,A31a-24_42_10_GML.zip
長崎,GML形式,洪水予報河川･水位周知河川,世界測地系,2023年（令和5年）,5.84MB,A31a-23_42_10_GML.zip
長崎,シェープ形式,洪水予報河川･水位周知河川,世界測地系,2024年（令和6年）,5.49MB,A31a-24_42_10_SHP.zip
長崎,シェープ形式,洪水予報河川･水位周知河川,世界測地系,2023年（令和5年）,5.45MB,A31a-23_42_10_SHP.zip
長崎,GeoJSON形式,洪水予報河川･水位周知河川,世界測地系,2024年（令和6年）,3.76MB,A31a-24_42_10_GEOJSON.zip
長崎,GeoJSON形式,洪水予報河川･水位周知河川,世界測地系,2023年（令和5年）,3.69MB,A31a-23_42_10_GEOJSON.zip
長崎,,,世界測地系,2021年（令和3年）,8.63MB,A31-21_42_GML.zip
長崎,,,世界測地系,2012年（平成24年）,0.77MB,A31-12_42_GML.zip
熊本,GML形式,洪水予報河川･水位周知河川,世界測地系,2024年（令和6年）,42.9MB,A31a-24_43_10_GML.zip
熊本,GML形式,洪水予報河川･水位周知河川,世界測地系,2023年（令和5年）,44.2MB,A31a-23_43_10_GML.zip
熊本,GML形式,洪水予報河川･水位周知河川,世界測地系,2022年（令和4年）,0.47MB,A31a-22_43_10_GML.zip
熊本,GML形式,その他の河川,世界測地系,2024年（令和6年）,14.1MB,A31a-24_43_20_GML.zip
熊本,GML形式,その他の河川,世界測地系,2023年（令和5年）,14.1MB,A31a-23_43_20_GML.zip
熊本,シェープ形式,洪水予報河川･水位周知河川,世界測地系,2024年（令和6年）,40.9MB,A31a-24_43_10_SHP.zip
熊本,シェープ形式,洪水予報河川･水位周知河川,世界測地系,2023年（令和5年）,40.7MB,A31a-23_43_10_SHP.zip
熊本,シェープ形式,洪水予報河川･水位周知河川,世界測地系,2022年（令和4年）,0.47MB,A31a-22_43_10_SHP.zip
熊本,シェープ形式,その他の河川,世界測地系,2024年（令和6年）,17.9MB,A31a-24_43_20_SHP.zip
熊本,シェープ形式,その他の河川,世界測地系,2023年（令和5年）,17.8MB,A31a-23_43_20_SHP.zip
熊本,GeoJSON形式,洪水予報河川･水位周知河川,世界測地系,2024年（令和6年）,30.1MB,A31a-24_43_10_GEOJSON.zip
熊本,GeoJSON形式,洪水予報河川･水位周知河川,世界測地系,2023年（令和5年）,28.2MB,A31a-23_43_10_GEOJSON.zip
熊本,GeoJSON形式,洪水予報河川･水位周知河川,世界測地系,2022年（令和4年）,0.51MB,A31a-22_43_10_GEOJSON.zip
熊本,GeoJSON形式,その他の河川,世界測地系,2024年（令和6年）,9.86MB,A31a-24_43_20_GEOJSON.zip
熊本,GeoJSON形式,その他の河川,世界測地系,2023年（令和5年）,9.83MB,A31a-23_43_20_GEOJSON.zip
熊本,,,世界測地系,2021年（令和3年）,71.7MB,A31-21_43_GML.zip
熊本,,,世界測地系,2012年（平成24年）,7.13MB,A31-12_43_GML.zip
大分,GML形式,洪水予報河川･水位周知河川,世界測地系,2024年（令和6年）,13.4MB,A31a-24_44_10_GML.zip
大分,GML形式,洪水予報河川･水位周知河川,世界測地系,2023年（令和5年）,13.9MB,A31a-23_44_10_GML.zip
大分,GML形式,洪水予報河川･水位周知河川,世界測地系,2022年（令和4年）,1.20MB,A31a-22_44_10_GML.zip
大分,GML形式,その他の河川,世界測地系,2022年（令和4年）,0.16MB,A31a-22_44_20_GML.zip
大分,シェープ形式,洪水予報河川･水位周知河川,世界測地系,2024年（令和6年）,13.8MB,A31a-24_44_10_SHP.zip
大分,シェープ形式,洪水予報河川･水位周知河川,世界測地系,2023年（令和5年）,13.6MB,A31a-23_44_10_SHP.zip
大分,シェープ形式,洪水予報河川･水位周知河川,世界測地系,2022年（令和4年）,1.40MB,A31a-22_44_10_SHP.zip
大分,シェープ形式,その他の河川,世界測地系,2022年（令和4年）,0.17MB,A31a-22_44_20_SHP.zip
大分,GeoJSON形式,洪水予報河川･水位周知河川,世界測地系,2024年（令和6年）,9.24MB,A31a-24_44_10_GEOJSON.zip
大分,GeoJSON形式,洪水予報河川･水位周知河川,世界測地系,2023年（令和5年）,8.85MB,A31a-23_44_10_GEOJSON.zip
大分,GeoJSON形式,洪水予報河川･水位周知河川,世界測地系,2022年（令和4年）,1.48MB,A31a-22_44_10_GEOJSON.zip
大分,GeoJSON形式,その他の河川,世界測地系,2022年（令和4年）,0.17MB,A31a-22_44_20_GEOJSON.zip
大分,,,世界測地系,2021年（令和3年）,12.5MB,A31-21_44_GML.zip
大分,,,世界測地系,2012年（平成24年）,1.73MB,A31-12_44_GML.zip
宮崎,GML形式,洪水予報河川･水位周知河川,世界測地系,2024年（令和6年）,18.2MB,A31a-24_45_10_GML.zip
宮崎,GML形式,洪水予報河川･水位周知河川,世界測地系,2023年（令和5年）,19.2MB,A31a-23_45_10_GML.zip
宮崎,GML形式,洪水予報河川･水位周知河川,世界測地系,2022年（令和4年）,0.14MB,A31a-22_45_10_GML.zip
宮崎,シェープ形式,洪水予報河川･水位周知河川,世界測地系,2024年（令和6年）,17.9MB,A31a-24_45_10_SHP.zip
宮崎,シェープ形式,洪水予報河川･水位周知河川,世界測地系,2023年（令和5年）,17.8MB,A31a-23_45_10_SHP.zip
宮崎,シェープ形式,洪水予報河川･水位周知河川,世界測地系,2022年（令和4年）,0.14MB,A31a-22_45_10_SHP.zip
宮崎,GeoJSON形式,洪水予報河川･水位周知河川,世界測地系,2024年（令和6年）,12.3MB,A31a-24_45_10_GEOJSON.zip
宮崎,GeoJSON形式,洪水予報河川･水位周知河川,世界測地系,2023年（令和5年）,11.9MB,A31a-23_45_10_GEOJSON.zip
宮崎,GeoJSON形式,洪水予報河川･水位周知河川,世界測地系,2022年（令和4年）,0.16MB,A31a-22_45_10_GEOJSON.zip
宮崎,,,世界測地系,2021年（令和3年）,25.7MB,A31-21_45_GML.zip
宮崎,,,世界測地系,2012年（平成24年）,1.93MB,A31-12_45_GML.zip
鹿児島,GML形式,洪水予報河川･水位周知河川,世界測地系,2024年（令和6年）,6.87MB,A31a-24_46_10_GML.zip
鹿児島,GML形式,洪水予報河川･水位周知河川,世界測地系,2023年（令和5年）,7.23MB,A31a-23_46_10_GML.zip
鹿児島,GML形式,洪水予報河川･水位周知河川,世界測地系,2022年（令和4年）,0.46MB,A31a-22_46_10_GML.zip
鹿児島,GML形式,その他の河川,世界測地系,2024年（令和6年）,0.33MB,A31a-24_46_20_GML.zip
鹿児島,GML形式,その他の河川,世界測地系,2023年（令和5年）,0.32MB,A31a-23_46_20_GML.zip
鹿児島,GML形式,その他の河川,世界測地系,2022年（令和4年）,0.61MB,A31a-22_46_20_GML.zip
鹿児島,シェープ形式,洪水予報河川･水位周知河川,世界測地系,2024年（令和6年）,6.85MB,A31a-24_46_10_SHP.zip
鹿児島,シェープ形式,洪水予報河川･水位周知河川,世界測地系,2023年（令和5年）,6.82MB,A31a-23_46_10_SHP.zip
鹿児島,シェープ形式,洪水予報河川･水位周知河川,世界測地系,2022年（令和4年）,0.48MB,A31a-22_46_10_SHP.zip
鹿児島,シェープ形式,その他の河川,世界測地系,2024年（令和6年）,0.30MB,A31a-24_46_20_SHP.zip
鹿児島,シェープ形式,その他の河川,世界測地系,2023年（令和5年）,0.30MB,A31a-23_46_20_SHP.zip
鹿児島,シェープ形式,その他の河川,世界測地系,2022年（令和4年）,0.58MB,A31a-22_46_20_SHP.zip
鹿児島,GeoJSON形式,洪水予報河川･水位周知河川,世界測地系,2024年（令和6年）,4.75MB,A31a-24_46_10_GEOJSON.zip
鹿児島,GeoJSON形式,洪水予報河川･水位周知河川,世界測地系,2023年（令和5年）,4.68MB,A31a-23_46_10_GEOJSON.zip
鹿児島,GeoJSON形式,洪水予報河川･水位周知河川,世界測地系,2022年（令和4年）,0.53MB,A31a-22_46_10_GEOJSON.zip
鹿児島,GeoJSON形式,その他の河川,世界測地系,2024年（令和6年）,0.22MB,A31a-24_46_20_GEOJSON.zip
鹿児島,GeoJSON形式,その他の河川,世界測地系,2023年（令和5年）,0.22MB,A31a-23_46_20_GEOJSON.zip
鹿児島,GeoJSON形式,その他の河川,世界測地系,2022年（令和4年）,0.64MB,A31a-22_46_20_GEOJSON.zip
鹿児島,,,世界測地系,2021年（令和3年）,6.86MB,A31-21_46_GML.zip
鹿児島,,,世界測地系,2020年（令和2年）,8.03MB,A31-20_46_GML.zip
鹿児島,,,世界測地系,2012年（平成24年）,1.41MB,A31-12_46_GML.zip
沖縄,GML形式,洪水予報河川･水位周知河川,世界測地系,2024年（令和6年）,1.17MB,A31a-24_47_10_GML.zip
沖縄,GML形式,洪水予報河川･水位周知河川,世界測地系,2023年（令和5年）,1.24MB,A31a-23_47_10_GML.zip
沖縄,GML形式,その他の河川,世界測地系,2024年（令和6年）,0.08MB,A31a-24_47_20_GML.zip
沖縄,GML形式,その他の河川,世界測地系,2023年（令和5年）,0.08MB,A31a-23_47_20_GML.zip
沖縄,シェープ形式,洪水予報河川･水位周知河川,世界測地系,2024年（令和6年）,1.41MB,A31a-24_47_10_SHP.zip
沖縄,シェープ形式,洪水予報河川･水位周知河川,世界測地系,2023年（令和5年）,1.40MB,A31a-23_47_10_SHP.zip
沖縄,シェープ形式,その他の河川,世界測地系,2024年（令和6年）,0.07MB,A31a-24_47_20_SHP.zip
沖縄,シェープ形式,その他の河川,世界測地系,2023年（令和5年）,0.07MB,A31a-23_47_20_SHP.zip
沖縄,GeoJSON形式,洪水予報河川･水位周知河川,世界測地系,2024年（令和6年）,0.94MB,A31a-24_47_10_GEOJSON.zip
沖縄,GeoJSON形式,洪水予報河川･水位周知河川,世界測地系,2023年（令和5年）,0.74MB,A31a-23_47_10_GEOJSON.zip
沖縄,GeoJSON形式,その他の河川,世界測地系,2024年（令和6年）,0.05MB,A31a-24_47_20_GEOJSON.zip
沖縄,GeoJSON形式,その他の河川,世界測地系,2023年（令和5年）,0.05MB,A31a-23_47_20_GEOJSON.zip
沖縄,,,世界測地系,2021年（令和3年）,2.15MB,A31-21_47_GML.zip
沖縄,,,世界測地系,2012年（平成24年）,0.29MB,A31-12_47_GML.zip