全国,世界測地系,2023年（令和5年）,261.41MB,A32-23_GML.zip
北海道,世界測地系,2023年（令和5年）,67.42MB,A32-23_01_GML.zip
北海道,世界測地系,2021年（令和3年）,20.6MB,A32-21_01_GML.zip
北海道,世界測地系,2016年（平成28年）,15.88MB,A32-16_01_GML.zip
北海道,世界測地系,2013年（平成25年）,20.03MB,A32-13_01_GML.zip
東北地方,世界測地系,2023年（令和5年）,52.74MB,A32-23_52_GML.zip
東北地方,世界測地系,2021年（令和3年）,50.6MB,A32-21_52_GML.zip
青森,世界測地系,2023年（令和5年）,7.42MB,A32-23_02_GML.zip
青森,世界測地系,2021年（令和3年）,7.69MB,A32-21_02_GML.zip
青森,世界測地系,2016年（平成28年）,4.23MB,A32-16_02_GML.zip
青森,世界測地系,2013年（平成25年）,4.55MB,A32-13_02_GML.zip
岩手,世界測地系,2023年（令和5年）,26.77MB,A32-23_03_GML.zip
岩手,世界測地系,2021年（令和3年）,9.44MB,A32-21_03_GML.zip
岩手,世界測地系,2016年（平成28年）,4.81MB,A32-16_03_GML.zip
岩手,世界測地系,2013年（平成25年）,5.71MB,A32-13_03_GML.zip
宮城,世界測地系,2023年（令和5年）,9.69MB,A32-23_04_GML.zip
宮城,世界測地系,2021年（令和3年）,9.39MB,A32-21_04_GML.zip
宮城,世界測地系,2016年（平成28年）,5.10MB,A32-16_04_GML.zip
宮城,世界測地系,2013年（平成25年）,5.21MB,A32-13_04_GML.zip
秋田,世界測地系,2023年（令和5年）,6.07MB,A32-23_05_GML.zip
秋田,世界測地系,2021年（令和3年）,5.49MB,A32-21_05_GML.zip
秋田,世界測地系,2016年（平成28年）,2.87MB,A32-16_05_GML.zip
秋田,世界測地系,2013年（平成25年）,3.90MB,A32-13_05_GML.zip
山形,世界測地系,2023年（令和5年）,5.46MB,A32-23_06_GML.zip
山形,世界測地系,2021年（令和3年）,5.19MB,A32-21_06_GML.zip
山形,世界測地系,2016年（平成28年）,2.58MB,A32-16_06_GML.zip
山形,世界測地系,2013年（平成25年）,3.32MB,A32-13_06_GML.zip
福島,世界測地系,2023年（令和5年）,14.27MB,A32-23_07_GML.zip
福島,世界測地系,2021年（令和3年）,13.7MB,A32-21_07_GML.zip
福島,世界測地系,2016年（平成28年）,7.13MB,A32-16_07_GML.zip
福島,世界測地系,2013年（平成25年）,8.28MB,A32-13_07_GML.zip
関東地方,世界測地系,2023年（令和5年）,45.45MB,A32-23_53_GML.zip
関東地方,世界測地系,2021年（令和3年）,49.4MB,A32-21_53_GML.zip
茨城,世界測地系,2023年（令和5年）,6.72MB,A32-23_08_GML.zip
茨城,世界測地系,2021年（令和3年）,6.43MB,A32-21_08_GML.zip
茨城,世界測地系,2016年（平成28年）,3.51MB,A32-16_08_GML.zip
茨城,世界測地系,2013年（平成25年）,4.48MB,A32-13_08_GML.zip
栃木,世界測地系,2023年（令和5年）,5.52MB,A32-23_09_GML.zip
栃木,世界測地系,2021年（令和3年）,5.98MB,A32-21_09_GML.zip
栃木,世界測地系,2016年（平成28年）,2.28MB,A32-16_09_GML.zip
栃木,世界測地系,2013年（平成25年）,2.98MB,A32-13_09_GML.zip
群馬,世界測地系,2023年（令和5年）,5.15MB,A32-23_10_GML.zip
群馬,世界測地系,2021年（令和3年）,4.79MB,A32-21_10_GML.zip
群馬,世界測地系,2016年（平成28年）,2.50MB,A32-16_10_GML.zip
群馬,世界測地系,2013年（平成25年）,3.56MB,A32-13_10_GML.zip
埼玉,世界測地系,2023年（令和5年）,6.88MB,A32-23_11_GML.zip
埼玉,世界測地系,2021年（令和3年）,7.39MB,A32-21_11_GML.zip
埼玉,世界測地系,2016年（平成28年）,3.48MB,A32-16_11_GML.zip
埼玉,世界測地系,2013年（平成25年）,4.15MB,A32-13_11_GML.zip
千葉,世界測地系,2023年（令和5年）,24.05MB,A32-23_12_GML.zip
千葉,世界測地系,2021年（令和3年）,9.56MB,A32-21_12_GML.zip
千葉,世界測地系,2016年（平成28年）,4.82MB,A32-16_12_GML.zip
千葉,世界測地系,2013年（平成25年）,5.94MB,A32-13_12_GML.zip
東京,世界測地系,2023年（令和5年）,6.11MB,A32-23_13_GML.zip
東京,世界測地系,2021年（令和3年）,6.36MB,A32-21_13_GML.zip
東京,世界測地系,2016年（平成28年）,3.68MB,A32-16_13_GML.zip
東京,世界測地系,2013年（平成25年）,4.18MB,A32-13_13_GML.zip
神奈川,世界測地系,2023年（令和5年）,6.45MB,A32-23_14_GML.zip
神奈川,世界測地系,2021年（令和3年）,9.25MB,A32-21_14_GML.zip
神奈川,世界測地系,2016年（平成28年）,4.73MB,A32-16_14_GML.zip
神奈川,世界測地系,2013年（平成25年）,3.80MB,A32-13_14_GML.zip
甲信越・北陸地方,世界測地系,2023年（令和5年）,36.67MB,A32-23_54_GML.zip
甲信越・北陸地方,世界測地系,2021年（令和3年）,35.2MB,A32-21_54_GML.zip
新潟,世界測地系,2023年（令和5年）,8.56MB,A32-23_15_GML.zip
新潟,世界測地系,2021年（令和3年）,8.18MB,A32-21_15_GML.zip
新潟,世界測地系,2016年（平成28年）,3.26MB,A32-16_15_GML.zip
新潟,世界測地系,2013年（平成25年）,5.66MB,A32-13_15_GML.zip
富山,世界測地系,2023年（令和5年）,6.63MB,A32-23_16_GML.zip
富山,世界測地系,2021年（令和3年）,2.36MB,A32-21_16_GML.zip
富山,世界測地系,2016年（平成28年）,1.26MB,A32-16_16_GML.zip
富山,世界測地系,2013年（平成25年）,1.36MB,A32-13_16_GML.zip
石川,世界測地系,2023年（令和5年）,5.18MB,A32-23_17_GML.zip
石川,世界測地系,2021年（令和3年）,5.01MB,A32-21_17_GML.zip
石川,世界測地系,2016年（平成28年）,2.77MB,A32-16_17_GML.zip
石川,世界測地系,2013年（平成25年）,2.93MB,A32-13_17_GML.zip
福井,世界測地系,2023年（令和5年）,4.68MB,A32-23_18_GML.zip
福井,世界測地系,2021年（令和3年）,4.32MB,A32-21_18_GML.zip
福井,世界測地系,2016年（平成28年）,2.24MB,A32-16_18_GML.zip
福井,世界測地系,2013年（平成25年）,2.61MB,A32-13_18_GML.zip
山梨,世界測地系,2023年（令和5年）,5.14MB,A32-23_19_GML.zip
山梨,世界測地系,2021年（令和3年）,5.44MB,A32-21_19_GML.zip
山梨,世界測地系,2016年（平成28年）,2.76MB,A32-16_19_GML.zip
山梨,世界測地系,2013年（平成25年）,3.36MB,A32-13_19_GML.zip
長野,世界測地系,2023年（令和5年）,10.82MB,A32-23_20_GML.zip
長野,世界測地系,2021年（令和3年）,10.1MB,A32-21_20_GML.zip
長野,世界測地系,2016年（平成28年）,5.07MB,A32-16_20_GML.zip
長野,世界測地系,2013年（平成25年）,6.22MB,A32-13_20_GML.zip
東海地方,世界測地系,2023年（令和5年）,22.47MB,A32-23_55_GML.zip
東海地方,世界測地系,2021年（令和3年）,23.7MB,A32-21_55_GML.zip
岐阜,世界測地系,2023年（令和5年）,19.98MB,A32-23_21_GML.zip
岐阜,世界測地系,2021年（令和3年）,7.03MB,A32-21_21_GML.zip
岐阜,世界測地系,2016年（平成28年）,3.78MB,A32-16_21_GML.zip
岐阜,世界測地系,2013年（平成25年）,4.92MB,A32-13_21_GML.zip
静岡,世界測地系,2023年（令和5年）,5.18MB,A32-23_22_GML.zip
静岡,世界測地系,2021年（令和3年）,5.64MB,A32-21_22_GML.zip
静岡,世界測地系,2016年（平成28年）,3.90MB,A32-16_22_GML.zip
静岡,世界測地系,2013年（平成25年）,5.47MB,A32-13_22_GML.zip
愛知,世界測地系,2023年（令和5年）,5.35MB,A32-23_23_GML.zip
愛知,世界測地系,2021年（令和3年）,5.57MB,A32-21_23_GML.zip
愛知,世界測地系,2016年（平成28年）,3.55MB,A32-16_23_GML.zip
愛知,世界測地系,2013年（平成25年）,5.73MB,A32-13_23_GML.zip
三重,世界測地系,2023年（令和5年）,4.75MB,A32-23_24_GML.zip
三重,世界測地系,2021年（令和3年）,5.75MB,A32-21_24_GML.zip
三重,世界測地系,2016年（平成28年）,3.46MB,A32-16_24_GML.zip
三重,世界測地系,2013年（平成25年）,4.20MB,A32-13_24_GML.zip
近畿地方,世界測地系,2023年（令和5年）,17.2MB,A32-23_56_GML.zip
近畿地方,世界測地系,2021年（令和3年）,19.5MB,A32-21_56_GML.zip
滋賀,世界測地系,2023年（令和5年）,1.94MB,A32-23_25_GML.zip
滋賀,世界測地系,2021年（令和3年）,2.46MB,A32-21_25_GML.zip
滋賀,世界測地系,2016年（平成28年）,1.53MB,A32-16_25_GML.zip
滋賀,世界測地系,2013年（平成25年）,2.18MB,A32-13_25_GML.zip
京都,世界測地系,2023年（令和5年）,2.54MB,A32-23_26_GML.zip
京都,世界測地系,2021年（令和3年）,2.90MB,A32-21_26_GML.zip
京都,世界測地系,2016年（平成28年）,1.93MB,A32-16_26_GML.zip
京都,世界測地系,2013年（平成25年）,2.59MB,A32-13_26_GML.zip
大阪,世界測地系,2023年（令和5年）,2.17MB,A32-23_27_GML.zip
大阪,世界測地系,2021年（令和3年）,2.51MB,A32-21_27_GML.zip
大阪,世界測地系,2016年（平成28年）,1.82MB,A32-16_27_GML.zip
大阪,世界測地系,2013年（平成25年）,3.00MB,A32-13_27_GML.zip
兵庫,世界測地系,2023年（令和5年）,5.96MB,A32-23_28_GML.zip
兵庫,世界測地系,2021年（令和3年）,6.67MB,A32-21_28_GML.zip
兵庫,世界測地系,2016年（平成28年）,5.50MB,A32-16_28_GML.zip
兵庫,世界測地系,2013年（平成25年）,6.81MB,A32-13_28_GML.zip
奈良,世界測地系,2023年（令和5年）,2.01MB,A32-23_29_GML.zip
奈良,世界測地系,2021年（令和3年）,2.24MB,A32-21_29_GML.zip
奈良,世界測地系,2016年（平成28年）,1.36MB,A32-16_29_GML.zip
奈良,世界測地系,2013年（平成25年）,2.37MB,A32-13_29_GML.zip
和歌山,世界測地系,2023年（令和5年）,2.66MB,A32-23_30_GML.zip
和歌山,世界測地系,2021年（令和3年）,2.80MB,A32-21_30_GML.zip
和歌山,世界測地系,2016年（平成28年）,1.92MB,A32-16_30_GML.zip
和歌山,世界測地系,2013年（平成25年）,3.06MB,A32-13_30_GML.zip
中国地方,世界測地系,2023年（令和5年）,17.63MB,A32-23_57_GML.zip
中国地方,世界測地系,2021年（令和3年）,19.7MB,A32-21_57_GML.zip
鳥取,世界測地系,2023年（令和5年）,1.7MB,A32-23_31_GML.zip
鳥取,世界測地系,2021年（令和3年）,2.00MB,A32-21_31_GML.zip
鳥取,世界測地系,2016年（平成28年）,1.44MB,A32-16_31_GML.zip
鳥取,世界測地系,2013年（平成25年）,1.71MB,A32-13_31_GML.zip
島根,世界測地系,2023年（令和5年）,3.25MB,A32-23_32_GML.zip
島根,世界測地系,2021年（令和3年）,3.77MB,A32-21_32_GML.zip
島根,世界測地系,2016年（平成28年）,2.83MB,A32-16_32_GML.zip
島根,世界測地系,2013年（平成25年）,4.02MB,A32-13_32_GML.zip
岡山,世界測地系,2023年（令和5年）,3.97MB,A32-23_33_GML.zip
岡山,世界測地系,2021年（令和3年）,4.87MB,A32-21_33_GML.zip
岡山,世界測地系,2016年（平成28年）,3.69MB,A32-16_33_GML.zip
岡山,世界測地系,2013年（平成25年）,4.97MB,A32-13_33_GML.zip
広島,世界測地系,2023年（令和5年）,5.59MB,A32-23_34_GML.zip
広島,世界測地系,2021年（令和3年）,5.42MB,A32-21_34_GML.zip
広島,世界測地系,2016年（平成28年）,3.34MB,A32-16_34_GML.zip
広島,世界測地系,2013年（平成25年）,5.75MB,A32-13_34_GML.zip
山口,世界測地系,2023年（令和5年）,3.21MB,A32-23_35_GML.zip
山口,世界測地系,2021年（令和3年）,3.86MB,A32-21_35_GML.zip
山口,世界測地系,2016年（平成28年）,3.41MB,A32-16_35_GML.zip
山口,世界測地系,2013年（平成25年）,4.02MB,A32-13_35_GML.zip
四国地方,世界測地系,2023年（令和5年）,12.14MB,A32-23_58_GML.zip
四国地方,世界測地系,2021年（令和3年）,13.9MB,A32-21_58_GML.zip
徳島,世界測地系,2023年（令和5年）,1.73MB,A32-23_36_GML.zip
徳島,世界測地系,2021年（令和3年）,2.07MB,A32-21_36_GML.zip
徳島,世界測地系,2016年（平成28年）,1.33MB,A32-16_36_GML.zip
徳島,世界測地系,2013年（平成25年）,2.14MB,A32-13_36_GML.zip
香川,世界測地系,2023年（令和5年）,1.99MB,A32-23_37_GML.zip
香川,世界測地系,2021年（令和3年）,2.29MB,A32-21_37_GML.zip
香川,世界測地系,2016年（平成28年）,1.59MB,A32-16_37_GML.zip
香川,世界測地系,2013年（平成25年）,2.56MB,A32-13_37_GML.zip
愛媛,世界測地系,2023年（令和5年）,4.52MB,A32-23_38_GML.zip
愛媛,世界測地系,2021年（令和3年）,5.29MB,A32-21_38_GML.zip
愛媛,世界測地系,2016年（平成28年）,3.20MB,A32-16_38_GML.zip
愛媛,世界測地系,2013年（平成25年）,4.74MB,A32-13_38_GML.zip
高知,世界測地系,2023年（令和5年）,3.98MB,A32-23_39_GML.zip
高知,世界測地系,2021年（令和3年）,4.43MB,A32-21_39_GML.zip
高知,世界測地系,2016年（平成28年）,2.96MB,A32-16_39_GML.zip
高知,世界測地系,2013年（平成25年）,4.07MB,A32-13_39_GML.zip
九州地方,世界測地系,2023年（令和5年）,34.32MB,A32-23_59_GML.zip
九州地方,世界測地系,2021年（令和3年）,36.7MB,A32-21_59_GML.zip
福岡,世界測地系,2023年（令和5年）,3.19MB,A32-23_40_GML.zip
福岡,世界測地系,2021年（令和3年）,3.65MB,A32-21_40_GML.zip
福岡,世界測地系,2016年（平成28年）,2.63MB,A32-16_40_GML.zip
福岡,世界測地系,2013年（平成25年）,4.64MB,A32-13_40_GML.zip
佐賀,世界測地系,2023年（令和5年）,1.79MB,A32-23_41_GML.zip
佐賀,世界測地系,2021年（令和3年）,2.32MB,A32-21_41_GML.zip
佐賀,世界測地系,2016年（平成28年）,1.70MB,A32-16_41_GML.zip
佐賀,世界測地系,2013年（平成25年）,2.07MB,A32-13_41_GML.zip
長崎,世界測地系,2023年（令和5年）,9.04MB,A32-23_42_GML.zip
長崎,世界測地系,2021年（令和3年）,9.34MB,A32-21_42_GML.zip
長崎,世界測地系,2016年（平成28年）,5.56MB,A32-16_42_GML.zip
長崎,世界測地系,2013年（平成25年）,8.36MB,A32-13_42_GML.zip
熊本,世界測地系,2023年（令和5年）,4.59MB,A32-23_43_GML.zip
熊本,世界測地系,2021年（令和3年）,5.29MB,A32-21_43_GML.zip
熊本,世界測地系,2016年（平成28年）,3.95MB,A32-16_43_GML.zip
熊本,世界測地系,2013年（平成25年）,5.34MB,A32-13_43_GML.zip
大分,世界測地系,2023年（令和5年）,3.52MB,A32-23_44_GML.zip
大分,世界測地系,2021年（令和3年）,4.20MB,A32-21_44_GML.zip
大分,世界測地系,2016年（平成28年）,2.75MB,A32-16_44_GML.zip
大分,世界測地系,2013年（平成25年）,3.80MB,A32-13_44_GML.zip
宮崎,世界測地系,2023年（令和5年）,3.69MB,A32-23_45_GML.zip
宮崎,世界測地系,2021年（令和3年）,3.42MB,A32-21_45_GML.zip
宮崎,世界測地系,2016年（平成28年）,2.94MB,A32-16_45_GML.zip
宮崎,世界測地系,2013年（平成25年）,3.44MB,A32-13_45_GML.zip
鹿児島,世界測地系,2023年（令和5年）,30.59MB,A32-23_46_GML.zip
鹿児島,世界測地系,2021年（令和3年）,8.97MB,A32-21_46_GML.zip
鹿児島,世界測地系,2016年（平成28年）,6.35MB,A32-16_46_GML.zip
鹿児島,世界測地系,2013年（平成25年）,8.34MB,A32-13_46_GML.zip
沖縄,世界測地系,2023年（令和5年）,9.99MB,A32-23_47_GML.zip
沖縄,世界測地系,2021年（令和3年）,3.47MB,A32-21_47_GML.zip
沖縄,世界測地系,2016年（平成28年）,2.52MB,A32-16_47_GML.zip
沖縄,世界測地系,2013年（平成25年）,2.99MB,A32-13_47_GML.zip