[{"filename": "A32-23_GML.zip", "url": "https://nlftp.mlit.go.jp/ksj/gml/data/A32/A32-23/A32-23_GML.zip"}, {"filename": "A32-23_01_GML.zip", "url": "https://nlftp.mlit.go.jp/ksj/gml/data/A32/A32-23/A32-23_01_GML.zip"}, {"filename": "A32-21_01_GML.zip", "url": "https://nlftp.mlit.go.jp/ksj/gml/data/A32/A32-21/A32-21_01_GML.zip"}, {"filename": "A32-16_01_GML.zip", "url": "https://nlftp.mlit.go.jp/ksj/gml/data/A32/A32-16/A32-16_01_GML.zip"}, {"filename": "A32-13_01_GML.zip", "url": "https://nlftp.mlit.go.jp/ksj/gml/data/A32/A32-13/A32-13_01_GML.zip"}, {"filename": "A32-23_52_GML.zip", "url": "https://nlftp.mlit.go.jp/ksj/gml/data/A32/A32-23/A32-23_52_GML.zip"}, {"filename": "A32-21_52_GML.zip", "url": "https://nlftp.mlit.go.jp/ksj/gml/data/A32/A32-21/A32-21_52_GML.zip"}, {"filename": "A32-23_02_GML.zip", "url": "https://nlftp.mlit.go.jp/ksj/gml/data/A32/A32-23/A32-23_02_GML.zip"}, {"filename": "A32-21_02_GML.zip", "url": "https://nlftp.mlit.go.jp/ksj/gml/data/A32/A32-21/A32-21_02_GML.zip"}, {"filename": "A32-16_02_GML.zip", "url": "https://nlftp.mlit.go.jp/ksj/gml/data/A32/A32-16/A32-16_02_GML.zip"}, {"filename": "A32-13_02_GML.zip", "url": "https://nlftp.mlit.go.jp/ksj/gml/data/A32/A32-13/A32-13_02_GML.zip"}, {"filename": "A32-23_03_GML.zip", "url": "https://nlftp.mlit.go.jp/ksj/gml/data/A32/A32-23/A32-23_03_GML.zip"}, {"filename": "A32-21_03_GML.zip", "url": "https://nlftp.mlit.go.jp/ksj/gml/data/A32/A32-21/A32-21_03_GML.zip"}, {"filename": "A32-16_03_GML.zip", "url": "https://nlftp.mlit.go.jp/ksj/gml/data/A32/A32-16/A32-16_03_GML.zip"}, {"filename": "A32-13_03_GML.zip", "url": "https://nlftp.mlit.go.jp/ksj/gml/data/A32/A32-13/A32-13_03_GML.zip"}, {"filename": "A32-23_04_GML.zip", "url": "https://nlftp.mlit.go.jp/ksj/gml/data/A32/A32-23/A32-23_04_GML.zip"}, {"filename": "A32-21_04_GML.zip", "url": "https://nlftp.mlit.go.jp/ksj/gml/data/A32/A32-21/A32-21_04_GML.zip"}, {"filename": "A32-16_04_GML.zip", "url": "https://nlftp.mlit.go.jp/ksj/gml/data/A32/A32-16/A32-16_04_GML.zip"}, {"filename": "A32-13_04_GML.zip", "url": "https://nlftp.mlit.go.jp/ksj/gml/data/A32/A32-13/A32-13_04_GML.zip"}, {"filename": "A32-23_05_GML.zip", "url": "https://nlftp.mlit.go.jp/ksj/gml/data/A32/A32-23/A32-23_05_GML.zip"}, {"filename": "A32-21_05_GML.zip", "url": "https://nlftp.mlit.go.jp/ksj/gml/data/A32/A32-21/A32-21_05_GML.zip"}, {"filename": "A32-16_05_GML.zip", "url": "https://nlftp.mlit.go.jp/ksj/gml/data/A32/A32-16/A32-16_05_GML.zip"}, {"filename": "A32-13_05_GML.zip", "url": "https://nlftp.mlit.go.jp/ksj/gml/data/A32/A32-13/A32-13_05_GML.zip"}, {"filename": "A32-23_06_GML.zip", "url": "https://nlftp.mlit.go.jp/ksj/gml/data/A32/A32-23/A32-23_06_GML.zip"}, {"filename": "A32-21_06_GML.zip", "url": "https://nlftp.mlit.go.jp/ksj/gml/data/A32/A32-21/A32-21_06_GML.zip"}, {"filename": "A32-16_06_GML.zip", "url": "https://nlftp.mlit.go.jp/ksj/gml/data/A32/A32-16/A32-16_06_GML.zip"}, {"filename": "A32-13_06_GML.zip", "url": "https://nlftp.mlit.go.jp/ksj/gml/data/A32/A32-13/A32-13_06_GML.zip"}, {"filename": "A32-23_07_GML.zip", "url": "https://nlftp.mlit.go.jp/ksj/gml/data/A32/A32-23/A32-23_07_GML.zip"}, {"filename": "A32-21_07_GML.zip", "url": "https://nlftp.mlit.go.jp/ksj/gml/data/A32/A32-21/A32-21_07_GML.zip"}, {"filename": "A32-16_07_GML.zip", "url": "https://nlftp.mlit.go.jp/ksj/gml/data/A32/A32-16/A32-16_07_GML.zip"}, {"filename": "A32-13_07_GML.zip", "url": "https://nlftp.mlit.go.jp/ksj/gml/data/A32/A32-13/A32-13_07_GML.zip"}, {"filename": "A32-23_53_GML.zip", "url": "https://nlftp.mlit.go.jp/ksj/gml/data/A32/A32-23/A32-23_53_GML.zip"}, {"filename": "A32-21_53_GML.zip", "url": "https://nlftp.mlit.go.jp/ksj/gml/data/A32/A32-21/A32-21_53_GML.zip"}, {"filename": "A32-23_08_GML.zip", "url": "https://nlftp.mlit.go.jp/ksj/gml/data/A32/A32-23/A32-23_08_GML.zip"}, {"filename": "A32-21_08_GML.zip", "url": "https://nlftp.mlit.go.jp/ksj/gml/data/A32/A32-21/A32-21_08_GML.zip"}, {"filename": "A32-16_08_GML.zip", "url": "https://nlftp.mlit.go.jp/ksj/gml/data/A32/A32-16/A32-16_08_GML.zip"}, {"filename": "A32-13_08_GML.zip", "url": "https://nlftp.mlit.go.jp/ksj/gml/data/A32/A32-13/A32-13_08_GML.zip"}, {"filename": "A32-23_09_GML.zip", "url": "https://nlftp.mlit.go.jp/ksj/gml/data/A32/A32-23/A32-23_09_GML.zip"}, {"filename": "A32-21_09_GML.zip", "url": "https://nlftp.mlit.go.jp/ksj/gml/data/A32/A32-21/A32-21_09_GML.zip"}, {"filename": "A32-16_09_GML.zip", "url": "https://nlftp.mlit.go.jp/ksj/gml/data/A32/A32-16/A32-16_09_GML.zip"}, {"filename": "A32-13_09_GML.zip", "url": "https://nlftp.mlit.go.jp/ksj/gml/data/A32/A32-13/A32-13_09_GML.zip"}, {"filename": "A32-23_10_GML.zip", "url": "https://nlftp.mlit.go.jp/ksj/gml/data/A32/A32-23/A32-23_10_GML.zip"}, {"filename": "A32-21_10_GML.zip", "url": "https://nlftp.mlit.go.jp/ksj/gml/data/A32/A32-21/A32-21_10_GML.zip"}, {"filename": "A32-16_10_GML.zip", "url": "https://nlftp.mlit.go.jp/ksj/gml/data/A32/A32-16/A32-16_10_GML.zip"}, {"filename": "A32-13_10_GML.zip", "url": "https://nlftp.mlit.go.jp/ksj/gml/data/A32/A32-13/A32-13_10_GML.zip"}, {"filename": "A32-23_11_GML.zip", "url": "https://nlftp.mlit.go.jp/ksj/gml/data/A32/A32-23/A32-23_11_GML.zip"}, {"filename": "A32-21_11_GML.zip", "url": "https://nlftp.mlit.go.jp/ksj/gml/data/A32/A32-21/A32-21_11_GML.zip"}, {"filename": "A32-16_11_GML.zip", "url": "https://nlftp.mlit.go.jp/ksj/gml/data/A32/A32-16/A32-16_11_GML.zip"}, {"filename": "A32-13_11_GML.zip", "url": "https://nlftp.mlit.go.jp/ksj/gml/data/A32/A32-13/A32-13_11_GML.zip"}, {"filename": "A32-23_12_GML.zip", "url": "https://nlftp.mlit.go.jp/ksj/gml/data/A32/A32-23/A32-23_12_GML.zip"}, {"filename": "A32-21_12_GML.zip", "url": "https://nlftp.mlit.go.jp/ksj/gml/data/A32/A32-21/A32-21_12_GML.zip"}, {"filename": "A32-16_12_GML.zip", "url": "https://nlftp.mlit.go.jp/ksj/gml/data/A32/A32-16/A32-16_12_GML.zip"}, {"filename": "A32-13_12_GML.zip", "url": "https://nlftp.mlit.go.jp/ksj/gml/data/A32/A32-13/A32-13_12_GML.zip"}, {"filename": "A32-23_13_GML.zip", "url": "https://nlftp.mlit.go.jp/ksj/gml/data/A32/A32-23/A32-23_13_GML.zip"}, {"filename": "A32-21_13_GML.zip", "url": "https://nlftp.mlit.go.jp/ksj/gml/data/A32/A32-21/A32-21_13_GML.zip"}, {"filename": "A32-16_13_GML.zip", "url": "https://nlftp.mlit.go.jp/ksj/gml/data/A32/A32-16/A32-16_13_GML.zip"}, {"filename": "A32-13_13_GML.zip", "url": "https://nlftp.mlit.go.jp/ksj/gml/data/A32/A32-13/A32-13_13_GML.zip"}, {"filename": "A32-23_14_GML.zip", "url": "https://nlftp.mlit.go.jp/ksj/gml/data/A32/A32-23/A32-23_14_GML.zip"}, {"filename": "A32-21_14_GML.zip", "url": "https://nlftp.mlit.go.jp/ksj/gml/data/A32/A32-21/A32-21_14_GML.zip"}, {"filename": "A32-16_14_GML.zip", "url": "https://nlftp.mlit.go.jp/ksj/gml/data/A32/A32-16/A32-16_14_GML.zip"}, {"filename": "A32-13_14_GML.zip", "url": "https://nlftp.mlit.go.jp/ksj/gml/data/A32/A32-13/A32-13_14_GML.zip"}, {"filename": "A32-23_54_GML.zip", "url": "https://nlftp.mlit.go.jp/ksj/gml/data/A32/A32-23/A32-23_54_GML.zip"}, {"filename": "A32-21_54_GML.zip", "url": "https://nlftp.mlit.go.jp/ksj/gml/data/A32/A32-21/A32-21_54_GML.zip"}, {"filename": "A32-23_15_GML.zip", "url": "https://nlftp.mlit.go.jp/ksj/gml/data/A32/A32-23/A32-23_15_GML.zip"}, {"filename": "A32-21_15_GML.zip", "url": "https://nlftp.mlit.go.jp/ksj/gml/data/A32/A32-21/A32-21_15_GML.zip"}, {"filename": "A32-16_15_GML.zip", "url": "https://nlftp.mlit.go.jp/ksj/gml/data/A32/A32-16/A32-16_15_GML.zip"}, {"filename": "A32-13_15_GML.zip", "url": "https://nlftp.mlit.go.jp/ksj/gml/data/A32/A32-13/A32-13_15_GML.zip"}, {"filename": "A32-23_16_GML.zip", "url": "https://nlftp.mlit.go.jp/ksj/gml/data/A32/A32-23/A32-23_16_GML.zip"}, {"filename": "A32-21_16_GML.zip", "url": "https://nlftp.mlit.go.jp/ksj/gml/data/A32/A32-21/A32-21_16_GML.zip"}, {"filename": "A32-16_16_GML.zip", "url": "https://nlftp.mlit.go.jp/ksj/gml/data/A32/A32-16/A32-16_16_GML.zip"}, {"filename": "A32-13_16_GML.zip", "url": "https://nlftp.mlit.go.jp/ksj/gml/data/A32/A32-13/A32-13_16_GML.zip"}, {"filename": "A32-23_17_GML.zip", "url": "https://nlftp.mlit.go.jp/ksj/gml/data/A32/A32-23/A32-23_17_GML.zip"}, {"filename": "A32-21_17_GML.zip", "url": "https://nlftp.mlit.go.jp/ksj/gml/data/A32/A32-21/A32-21_17_GML.zip"}, {"filename": "A32-16_17_GML.zip", "url": "https://nlftp.mlit.go.jp/ksj/gml/data/A32/A32-16/A32-16_17_GML.zip"}, {"filename": "A32-13_17_GML.zip", "url": "https://nlftp.mlit.go.jp/ksj/gml/data/A32/A32-13/A32-13_17_GML.zip"}, {"filename": "A32-23_18_GML.zip", "url": "https://nlftp.mlit.go.jp/ksj/gml/data/A32/A32-23/A32-23_18_GML.zip"}, {"filename": "A32-21_18_GML.zip", "url": "https://nlftp.mlit.go.jp/ksj/gml/data/A32/A32-21/A32-21_18_GML.zip"}, {"filename": "A32-16_18_GML.zip", "url": "https://nlftp.mlit.go.jp/ksj/gml/data/A32/A32-16/A32-16_18_GML.zip"}, {"filename": "A32-13_18_GML.zip", "url": "https://nlftp.mlit.go.jp/ksj/gml/data/A32/A32-13/A32-13_18_GML.zip"}, {"filename": "A32-23_19_GML.zip", "url": "https://nlftp.mlit.go.jp/ksj/gml/data/A32/A32-23/A32-23_19_GML.zip"}, {"filename": "A32-21_19_GML.zip", "url": "https://nlftp.mlit.go.jp/ksj/gml/data/A32/A32-21/A32-21_19_GML.zip"}, {"filename": "A32-16_19_GML.zip", "url": "https://nlftp.mlit.go.jp/ksj/gml/data/A32/A32-16/A32-16_19_GML.zip"}, {"filename": "A32-13_19_GML.zip", "url": "https://nlftp.mlit.go.jp/ksj/gml/data/A32/A32-13/A32-13_19_GML.zip"}, {"filename": "A32-23_20_GML.zip", "url": "https://nlftp.mlit.go.jp/ksj/gml/data/A32/A32-23/A32-23_20_GML.zip"}, {"filename": "A32-21_20_GML.zip", "url": "https://nlftp.mlit.go.jp/ksj/gml/data/A32/A32-21/A32-21_20_GML.zip"}, {"filename": "A32-16_20_GML.zip", "url": "https://nlftp.mlit.go.jp/ksj/gml/data/A32/A32-16/A32-16_20_GML.zip"}, {"filename": "A32-13_20_GML.zip", "url": "https://nlftp.mlit.go.jp/ksj/gml/data/A32/A32-13/A32-13_20_GML.zip"}, {"filename": "A32-23_55_GML.zip", "url": "https://nlftp.mlit.go.jp/ksj/gml/data/A32/A32-23/A32-23_55_GML.zip"}, {"filename": "A32-21_55_GML.zip", "url": "https://nlftp.mlit.go.jp/ksj/gml/data/A32/A32-21/A32-21_55_GML.zip"}, {"filename": "A32-23_21_GML.zip", "url": "https://nlftp.mlit.go.jp/ksj/gml/data/A32/A32-23/A32-23_21_GML.zip"}, {"filename": "A32-21_21_GML.zip", "url": "https://nlftp.mlit.go.jp/ksj/gml/data/A32/A32-21/A32-21_21_GML.zip"}, {"filename": "A32-16_21_GML.zip", "url": "https://nlftp.mlit.go.jp/ksj/gml/data/A32/A32-16/A32-16_21_GML.zip"}, {"filename": "A32-13_21_GML.zip", "url": "https://nlftp.mlit.go.jp/ksj/gml/data/A32/A32-13/A32-13_21_GML.zip"}, {"filename": "A32-23_22_GML.zip", "url": "https://nlftp.mlit.go.jp/ksj/gml/data/A32/A32-23/A32-23_22_GML.zip"}, {"filename": "A32-21_22_GML.zip", "url": "https://nlftp.mlit.go.jp/ksj/gml/data/A32/A32-21/A32-21_22_GML.zip"}, {"filename": "A32-16_22_GML.zip", "url": "https://nlftp.mlit.go.jp/ksj/gml/data/A32/A32-16/A32-16_22_GML.zip"}, {"filename": "A32-13_22_GML.zip", "url": "https://nlftp.mlit.go.jp/ksj/gml/data/A32/A32-13/A32-13_22_GML.zip"}, {"filename": "A32-23_23_GML.zip", "url": "https://nlftp.mlit.go.jp/ksj/gml/data/A32/A32-23/A32-23_23_GML.zip"}, {"filename": "A32-21_23_GML.zip", "url": "https://nlftp.mlit.go.jp/ksj/gml/data/A32/A32-21/A32-21_23_GML.zip"}, {"filename": "A32-16_23_GML.zip", "url": "https://nlftp.mlit.go.jp/ksj/gml/data/A32/A32-16/A32-16_23_GML.zip"}, {"filename": "A32-13_23_GML.zip", "url": "https://nlftp.mlit.go.jp/ksj/gml/data/A32/A32-13/A32-13_23_GML.zip"}, {"filename": "A32-23_24_GML.zip", "url": "https://nlftp.mlit.go.jp/ksj/gml/data/A32/A32-23/A32-23_24_GML.zip"}, {"filename": "A32-21_24_GML.zip", "url": "https://nlftp.mlit.go.jp/ksj/gml/data/A32/A32-21/A32-21_24_GML.zip"}, {"filename": "A32-16_24_GML.zip", "url": "https://nlftp.mlit.go.jp/ksj/gml/data/A32/A32-16/A32-16_24_GML.zip"}, {"filename": "A32-13_24_GML.zip", "url": "https://nlftp.mlit.go.jp/ksj/gml/data/A32/A32-13/A32-13_24_GML.zip"}, {"filename": "A32-23_56_GML.zip", "url": "https://nlftp.mlit.go.jp/ksj/gml/data/A32/A32-23/A32-23_56_GML.zip"}, {"filename": "A32-21_56_GML.zip", "url": "https://nlftp.mlit.go.jp/ksj/gml/data/A32/A32-21/A32-21_56_GML.zip"}, {"filename": "A32-23_25_GML.zip", "url": "https://nlftp.mlit.go.jp/ksj/gml/data/A32/A32-23/A32-23_25_GML.zip"}, {"filename": "A32-21_25_GML.zip", "url": "https://nlftp.mlit.go.jp/ksj/gml/data/A32/A32-21/A32-21_25_GML.zip"}, {"filename": "A32-16_25_GML.zip", "url": "https://nlftp.mlit.go.jp/ksj/gml/data/A32/A32-16/A32-16_25_GML.zip"}, {"filename": "A32-13_25_GML.zip", "url": "https://nlftp.mlit.go.jp/ksj/gml/data/A32/A32-13/A32-13_25_GML.zip"}, {"filename": "A32-23_26_GML.zip", "url": "https://nlftp.mlit.go.jp/ksj/gml/data/A32/A32-23/A32-23_26_GML.zip"}, {"filename": "A32-21_26_GML.zip", "url": "https://nlftp.mlit.go.jp/ksj/gml/data/A32/A32-21/A32-21_26_GML.zip"}, {"filename": "A32-16_26_GML.zip", "url": "https://nlftp.mlit.go.jp/ksj/gml/data/A32/A32-16/A32-16_26_GML.zip"}, {"filename": "A32-13_26_GML.zip", "url": "https://nlftp.mlit.go.jp/ksj/gml/data/A32/A32-13/A32-13_26_GML.zip"}, {"filename": "A32-23_27_GML.zip", "url": "https://nlftp.mlit.go.jp/ksj/gml/data/A32/A32-23/A32-23_27_GML.zip"}, {"filename": "A32-21_27_GML.zip", "url": "https://nlftp.mlit.go.jp/ksj/gml/data/A32/A32-21/A32-21_27_GML.zip"}, {"filename": "A32-16_27_GML.zip", "url": "https://nlftp.mlit.go.jp/ksj/gml/data/A32/A32-16/A32-16_27_GML.zip"}, {"filename": "A32-13_27_GML.zip", "url": "https://nlftp.mlit.go.jp/ksj/gml/data/A32/A32-13/A32-13_27_GML.zip"}, {"filename": "A32-23_28_GML.zip", "url": "https://nlftp.mlit.go.jp/ksj/gml/data/A32/A32-23/A32-23_28_GML.zip"}, {"filename": "A32-21_28_GML.zip", "url": "https://nlftp.mlit.go.jp/ksj/gml/data/A32/A32-21/A32-21_28_GML.zip"}, {"filename": "A32-16_28_GML.zip", "url": "https://nlftp.mlit.go.jp/ksj/gml/data/A32/A32-16/A32-16_28_GML.zip"}, {"filename": "A32-13_28_GML.zip", "url": "https://nlftp.mlit.go.jp/ksj/gml/data/A32/A32-13/A32-13_28_GML.zip"}, {"filename": "A32-23_29_GML.zip", "url": "https://nlftp.mlit.go.jp/ksj/gml/data/A32/A32-23/A32-23_29_GML.zip"}, {"filename": "A32-21_29_GML.zip", "url": "https://nlftp.mlit.go.jp/ksj/gml/data/A32/A32-21/A32-21_29_GML.zip"}, {"filename": "A32-16_29_GML.zip", "url": "https://nlftp.mlit.go.jp/ksj/gml/data/A32/A32-16/A32-16_29_GML.zip"}, {"filename": "A32-13_29_GML.zip", "url": "https://nlftp.mlit.go.jp/ksj/gml/data/A32/A32-13/A32-13_29_GML.zip"}, {"filename": "A32-23_30_GML.zip", "url": "https://nlftp.mlit.go.jp/ksj/gml/data/A32/A32-23/A32-23_30_GML.zip"}, {"filename": "A32-21_30_GML.zip", "url": "https://nlftp.mlit.go.jp/ksj/gml/data/A32/A32-21/A32-21_30_GML.zip"}, {"filename": "A32-16_30_GML.zip", "url": "https://nlftp.mlit.go.jp/ksj/gml/data/A32/A32-16/A32-16_30_GML.zip"}, {"filename": "A32-13_30_GML.zip", "url": "https://nlftp.mlit.go.jp/ksj/gml/data/A32/A32-13/A32-13_30_GML.zip"}, {"filename": "A32-23_57_GML.zip", "url": "https://nlftp.mlit.go.jp/ksj/gml/data/A32/A32-23/A32-23_57_GML.zip"}, {"filename": "A32-21_57_GML.zip", "url": "https://nlftp.mlit.go.jp/ksj/gml/data/A32/A32-21/A32-21_57_GML.zip"}, {"filename": "A32-23_31_GML.zip", "url": "https://nlftp.mlit.go.jp/ksj/gml/data/A32/A32-23/A32-23_31_GML.zip"}, {"filename": "A32-21_31_GML.zip", "url": "https://nlftp.mlit.go.jp/ksj/gml/data/A32/A32-21/A32-21_31_GML.zip"}, {"filename": "A32-16_31_GML.zip", "url": "https://nlftp.mlit.go.jp/ksj/gml/data/A32/A32-16/A32-16_31_GML.zip"}, {"filename": "A32-13_31_GML.zip", "url": "https://nlftp.mlit.go.jp/ksj/gml/data/A32/A32-13/A32-13_31_GML.zip"}, {"filename": "A32-23_32_GML.zip", "url": "https://nlftp.mlit.go.jp/ksj/gml/data/A32/A32-23/A32-23_32_GML.zip"}, {"filename": "A32-21_32_GML.zip", "url": "https://nlftp.mlit.go.jp/ksj/gml/data/A32/A32-21/A32-21_32_GML.zip"}, {"filename": "A32-16_32_GML.zip", "url": "https://nlftp.mlit.go.jp/ksj/gml/data/A32/A32-16/A32-16_32_GML.zip"}, {"filename": "A32-13_32_GML.zip", "url": "https://nlftp.mlit.go.jp/ksj/gml/data/A32/A32-13/A32-13_32_GML.zip"}, {"filename": "A32-23_33_GML.zip", "url": "https://nlftp.mlit.go.jp/ksj/gml/data/A32/A32-23/A32-23_33_GML.zip"}, {"filename": "A32-21_33_GML.zip", "url": "https://nlftp.mlit.go.jp/ksj/gml/data/A32/A32-21/A32-21_33_GML.zip"}, {"filename": "A32-16_33_GML.zip", "url": "https://nlftp.mlit.go.jp/ksj/gml/data/A32/A32-16/A32-16_33_GML.zip"}, {"filename": "A32-13_33_GML.zip", "url": "https://nlftp.mlit.go.jp/ksj/gml/data/A32/A32-13/A32-13_33_GML.zip"}, {"filename": "A32-23_34_GML.zip", "url": "https://nlftp.mlit.go.jp/ksj/gml/data/A32/A32-23/A32-23_34_GML.zip"}, {"filename": "A32-21_34_GML.zip", "url": "https://nlftp.mlit.go.jp/ksj/gml/data/A32/A32-21/A32-21_34_GML.zip"}, {"filename": "A32-16_34_GML.zip", "url": "https://nlftp.mlit.go.jp/ksj/gml/data/A32/A32-16/A32-16_34_GML.zip"}, {"filename": "A32-13_34_GML.zip", "url": "https://nlftp.mlit.go.jp/ksj/gml/data/A32/A32-13/A32-13_34_GML.zip"}, {"filename": "A32-23_35_GML.zip", "url": "https://nlftp.mlit.go.jp/ksj/gml/data/A32/A32-23/A32-23_35_GML.zip"}, {"filename": "A32-21_35_GML.zip", "url": "https://nlftp.mlit.go.jp/ksj/gml/data/A32/A32-21/A32-21_35_GML.zip"}, {"filename": "A32-16_35_GML.zip", "url": "https://nlftp.mlit.go.jp/ksj/gml/data/A32/A32-16/A32-16_35_GML.zip"}, {"filename": "A32-13_35_GML.zip", "url": "https://nlftp.mlit.go.jp/ksj/gml/data/A32/A32-13/A32-13_35_GML.zip"}, {"filename": "A32-23_58_GML.zip", "url": "https://nlftp.mlit.go.jp/ksj/gml/data/A32/A32-23/A32-23_58_GML.zip"}, {"filename": "A32-21_58_GML.zip", "url": "https://nlftp.mlit.go.jp/ksj/gml/data/A32/A32-21/A32-21_58_GML.zip"}, {"filename": "A32-23_36_GML.zip", "url": "https://nlftp.mlit.go.jp/ksj/gml/data/A32/A32-23/A32-23_36_GML.zip"}, {"filename": "A32-21_36_GML.zip", "url": "https://nlftp.mlit.go.jp/ksj/gml/data/A32/A32-21/A32-21_36_GML.zip"}, {"filename": "A32-16_36_GML.zip", "url": "https://nlftp.mlit.go.jp/ksj/gml/data/A32/A32-16/A32-16_36_GML.zip"}, {"filename": "A32-13_36_GML.zip", "url": "https://nlftp.mlit.go.jp/ksj/gml/data/A32/A32-13/A32-13_36_GML.zip"}, {"filename": "A32-23_37_GML.zip", "url": "https://nlftp.mlit.go.jp/ksj/gml/data/A32/A32-23/A32-23_37_GML.zip"}, {"filename": "A32-21_37_GML.zip", "url": "https://nlftp.mlit.go.jp/ksj/gml/data/A32/A32-21/A32-21_37_GML.zip"}, {"filename": "A32-16_37_GML.zip", "url": "https://nlftp.mlit.go.jp/ksj/gml/data/A32/A32-16/A32-16_37_GML.zip"}, {"filename": "A32-13_37_GML.zip", "url": "https://nlftp.mlit.go.jp/ksj/gml/data/A32/A32-13/A32-13_37_GML.zip"}, {"filename": "A32-23_38_GML.zip", "url": "https://nlftp.mlit.go.jp/ksj/gml/data/A32/A32-23/A32-23_38_GML.zip"}, {"filename": "A32-21_38_GML.zip", "url": "https://nlftp.mlit.go.jp/ksj/gml/data/A32/A32-21/A32-21_38_GML.zip"}, {"filename": "A32-16_38_GML.zip", "url": "https://nlftp.mlit.go.jp/ksj/gml/data/A32/A32-16/A32-16_38_GML.zip"}, {"filename": "A32-13_38_GML.zip", "url": "https://nlftp.mlit.go.jp/ksj/gml/data/A32/A32-13/A32-13_38_GML.zip"}, {"filename": "A32-23_39_GML.zip", "url": "https://nlftp.mlit.go.jp/ksj/gml/data/A32/A32-23/A32-23_39_GML.zip"}, {"filename": "A32-21_39_GML.zip", "url": "https://nlftp.mlit.go.jp/ksj/gml/data/A32/A32-21/A32-21_39_GML.zip"}, {"filename": "A32-16_39_GML.zip", "url": "https://nlftp.mlit.go.jp/ksj/gml/data/A32/A32-16/A32-16_39_GML.zip"}, {"filename": "A32-13_39_GML.zip", "url": "https://nlftp.mlit.go.jp/ksj/gml/data/A32/A32-13/A32-13_39_GML.zip"}, {"filename": "A32-23_59_GML.zip", "url": "https://nlftp.mlit.go.jp/ksj/gml/data/A32/A32-23/A32-23_59_GML.zip"}, {"filename": "A32-21_59_GML.zip", "url": "https://nlftp.mlit.go.jp/ksj/gml/data/A32/A32-21/A32-21_59_GML.zip"}, {"filename": "A32-23_40_GML.zip", "url": "https://nlftp.mlit.go.jp/ksj/gml/data/A32/A32-23/A32-23_40_GML.zip"}, {"filename": "A32-21_40_GML.zip", "url": "https://nlftp.mlit.go.jp/ksj/gml/data/A32/A32-21/A32-21_40_GML.zip"}, {"filename": "A32-16_40_GML.zip", "url": "https://nlftp.mlit.go.jp/ksj/gml/data/A32/A32-16/A32-16_40_GML.zip"}, {"filename": "A32-13_40_GML.zip", "url": "https://nlftp.mlit.go.jp/ksj/gml/data/A32/A32-13/A32-13_40_GML.zip"}, {"filename": "A32-23_41_GML.zip", "url": "https://nlftp.mlit.go.jp/ksj/gml/data/A32/A32-23/A32-23_41_GML.zip"}, {"filename": "A32-21_41_GML.zip", "url": "https://nlftp.mlit.go.jp/ksj/gml/data/A32/A32-21/A32-21_41_GML.zip"}, {"filename": "A32-16_41_GML.zip", "url": "https://nlftp.mlit.go.jp/ksj/gml/data/A32/A32-16/A32-16_41_GML.zip"}, {"filename": "A32-13_41_GML.zip", "url": "https://nlftp.mlit.go.jp/ksj/gml/data/A32/A32-13/A32-13_41_GML.zip"}, {"filename": "A32-23_42_GML.zip", "url": "https://nlftp.mlit.go.jp/ksj/gml/data/A32/A32-23/A32-23_42_GML.zip"}, {"filename": "A32-21_42_GML.zip", "url": "https://nlftp.mlit.go.jp/ksj/gml/data/A32/A32-21/A32-21_42_GML.zip"}, {"filename": "A32-16_42_GML.zip", "url": "https://nlftp.mlit.go.jp/ksj/gml/data/A32/A32-16/A32-16_42_GML.zip"}, {"filename": "A32-13_42_GML.zip", "url": "https://nlftp.mlit.go.jp/ksj/gml/data/A32/A32-13/A32-13_42_GML.zip"}, {"filename": "A32-23_43_GML.zip", "url": "https://nlftp.mlit.go.jp/ksj/gml/data/A32/A32-23/A32-23_43_GML.zip"}, {"filename": "A32-21_43_GML.zip", "url": "https://nlftp.mlit.go.jp/ksj/gml/data/A32/A32-21/A32-21_43_GML.zip"}, {"filename": "A32-16_43_GML.zip", "url": "https://nlftp.mlit.go.jp/ksj/gml/data/A32/A32-16/A32-16_43_GML.zip"}, {"filename": "A32-13_43_GML.zip", "url": "https://nlftp.mlit.go.jp/ksj/gml/data/A32/A32-13/A32-13_43_GML.zip"}, {"filename": "A32-23_44_GML.zip", "url": "https://nlftp.mlit.go.jp/ksj/gml/data/A32/A32-23/A32-23_44_GML.zip"}, {"filename": "A32-21_44_GML.zip", "url": "https://nlftp.mlit.go.jp/ksj/gml/data/A32/A32-21/A32-21_44_GML.zip"}, {"filename": "A32-16_44_GML.zip", "url": "https://nlftp.mlit.go.jp/ksj/gml/data/A32/A32-16/A32-16_44_GML.zip"}, {"filename": "A32-13_44_GML.zip", "url": "https://nlftp.mlit.go.jp/ksj/gml/data/A32/A32-13/A32-13_44_GML.zip"}, {"filename": "A32-23_45_GML.zip", "url": "https://nlftp.mlit.go.jp/ksj/gml/data/A32/A32-23/A32-23_45_GML.zip"}, {"filename": "A32-21_45_GML.zip", "url": "https://nlftp.mlit.go.jp/ksj/gml/data/A32/A32-21/A32-21_45_GML.zip"}, {"filename": "A32-16_45_GML.zip", "url": "https://nlftp.mlit.go.jp/ksj/gml/data/A32/A32-16/A32-16_45_GML.zip"}, {"filename": "A32-13_45_GML.zip", "url": "https://nlftp.mlit.go.jp/ksj/gml/data/A32/A32-13/A32-13_45_GML.zip"}, {"filename": "A32-23_46_GML.zip", "url": "https://nlftp.mlit.go.jp/ksj/gml/data/A32/A32-23/A32-23_46_GML.zip"}, {"filename": "A32-21_46_GML.zip", "url": "https://nlftp.mlit.go.jp/ksj/gml/data/A32/A32-21/A32-21_46_GML.zip"}, {"filename": "A32-16_46_GML.zip", "url": "https://nlftp.mlit.go.jp/ksj/gml/data/A32/A32-16/A32-16_46_GML.zip"}, {"filename": "A32-13_46_GML.zip", "url": "https://nlftp.mlit.go.jp/ksj/gml/data/A32/A32-13/A32-13_46_GML.zip"}, {"filename": "A32-23_47_GML.zip", "url": "https://nlftp.mlit.go.jp/ksj/gml/data/A32/A32-23/A32-23_47_GML.zip"}, {"filename": "A32-21_47_GML.zip", "url": "https://nlftp.mlit.go.jp/ksj/gml/data/A32/A32-21/A32-21_47_GML.zip"}, {"filename": "A32-16_47_GML.zip", "url": "https://nlftp.mlit.go.jp/ksj/gml/data/A32/A32-16/A32-16_47_GML.zip"}, {"filename": "A32-13_47_GML.zip", "url": "https://nlftp.mlit.go.jp/ksj/gml/data/A32/A32-13/A32-13_47_GML.zip"}]