全国,GML形式,世界測地系,2024年（令和6年）,377MB,A33-24_00_GML.zip
全国,シェープ形式,世界測地系,2024年（令和6年）,615MB,A33-24_00_SHP.zip
全国,GEOJSON形式,世界測地系,2024年（令和6年）,403MB,A33-24_00_GEOJSON.zip
全国,,世界測地系,2023年（令和5年）,1591MB,A33-23_00_GML.zip
全国,,世界測地系,2022年（令和4年）,1371MB,A33-22_00_GML.zip
全国,,世界測地系,2021年（令和3年）,1530MB,A33-21_00_GML.zip
全国,,世界測地系,2020年（令和2年）,1310MB,A33-20_00_GML.zip
全国,,世界測地系,2019年（令和元年）,866MB,A33-19_00_GML.zip
全国,,世界測地系,2018年（平成30年）,739MB,A33-18_00_GML.zip
全国,,世界測地系,2017年（平成29年）,1105MB,A33-17_00_GML.zip
全国,,世界測地系,2016年（平成28年）,540MB,A33-16_00_GML.zip
全国,,世界測地系,2015年（平成27年）,444MB,A33-15_00_GML.zip
全国,,世界測地系,2013年（平成25年）,269MB,A33-13_00_GML.zip
北海道,GML形式,世界測地系,2024年（令和6年）,4.31MB,A33-24_01_GML.zip
北海道,シェープ形式,世界測地系,2024年（令和6年）,6.68MB,A33-24_01_SHP.zip
北海道,GEOJSON形式,世界測地系,2024年（令和6年）,4.53MB,A33-24_01_GEOJSON.zip
北海道,,世界測地系,2023年（令和5年）,17.71MB,A33-23_01_GML.zip
北海道,,世界測地系,2022年（令和4年）,15.5MB,A33-22_01_GML.zip
北海道,,世界測地系,2021年（令和3年）,17.9MB,A33-21_01_GML.zip
北海道,,世界測地系,2020年（令和2年）,15.1MB,A33-20_01_GML.zip
北海道,,世界測地系,2019年（令和元年）,5.82MB,A33-19_01_GML.zip
北海道,,世界測地系,2018年（平成30年）,4.52MB,A33-18_01_GML.zip
北海道,,世界測地系,2017年（平成29年）,5.83MB,A33-17_01_GML.zip
北海道,,世界測地系,2016年（平成28年）,3.44MB,A33-16_01_GML.zip
北海道,,世界測地系,2015年（平成27年）,1.40MB,A33-15_01_GML.zip
東北地方,GML形式,世界測地系,2024年（令和6年）,26.05MB,A33-24_52_GML.zip
東北地方,シェープ形式,世界測地系,2024年（令和6年）,42.25MB,A33-24_52_SHP.zip
東北地方,GEOJSON形式,世界測地系,2024年（令和6年）,27.68MB,A33-24_52_GEOJSON.zip
東北地方,,世界測地系,2023年（令和5年）,109.68MB,A33-23_52_GML.zip
東北地方,,世界測地系,2022年（令和4年）,96.9MB,A33-22_52_GML.zip
青森,GML形式,世界測地系,2024年（令和6年）,2.23MB,A33-24_02_GML.zip
青森,シェープ形式,世界測地系,2024年（令和6年）,3.55MB,A33-24_02_SHP.zip
青森,GEOJSON形式,世界測地系,2024年（令和6年）,2.42MB,A33-24_02_GEOJSON.zip
青森,,世界測地系,2023年（令和5年）,9.63MB,A33-23_02_GML.zip
青森,,世界測地系,2022年（令和4年）,8.20MB,A33-22_02_GML.zip
青森,,世界測地系,2021年（令和3年）,9.83MB,A33-21_02_GML.zip
青森,,世界測地系,2020年（令和2年）,8.27MB,A33-20_02_GML.zip
青森,,世界測地系,2019年（令和元年）,6.46MB,A33-19_02_GML.zip
青森,,世界測地系,2018年（平成30年）,5.76MB,A33-18_02_GML.zip
青森,,世界測地系,2017年（平成29年）,9.55MB,A33-17_02_GML.zip
青森,,世界測地系,2016年（平成28年）,5.68MB,A33-16_02_GML.zip
青森,,世界測地系,2015年（平成27年）,5.67MB,A33-15_02_GML.zip
青森,,世界測地系,2013年（平成25年）,5.52MB,A33-13_02_GML.zip
岩手,GML形式,世界測地系,2024年（令和6年）,7.97MB,A33-24_03_GML.zip
岩手,シェープ形式,世界測地系,2024年（令和6年）,12.95MB,A33-24_03_SHP.zip
岩手,GEOJSON形式,世界測地系,2024年（令和6年）,8.64MB,A33-24_03_GEOJSON.zip
岩手,,世界測地系,2023年（令和5年）,34.95MB,A33-23_03_GML.zip
岩手,,世界測地系,2022年（令和4年）,29.9MB,A33-22_03_GML.zip
岩手,,世界測地系,2021年（令和3年）,35.1MB,A33-21_03_GML.zip
岩手,,世界測地系,2020年（令和2年）,25.4MB,A33-20_03_GML.zip
岩手,,世界測地系,2019年（令和元年）,15.62MB,A33-19_03_GML.zip
岩手,,世界測地系,2018年（平成30年）,11.02MB,A33-18_03_GML.zip
岩手,,世界測地系,2017年（平成29年）,14.23MB,A33-17_03_GML.zip
岩手,,世界測地系,2016年（平成28年）,6.88MB,A33-16_03_GML.zip
岩手,,世界測地系,2015年（平成27年）,5.23MB,A33-15_03_GML.zip
岩手,,世界測地系,2013年（平成25年）,2.57MB,A33-13_03_GML.zip
宮城,GML形式,世界測地系,2024年（令和6年）,5.09MB,A33-24_04_GML.zip
宮城,シェープ形式,世界測地系,2024年（令和6年）,8.08MB,A33-24_04_SHP.zip
宮城,GEOJSON形式,世界測地系,2024年（令和6年）,5.43MB,A33-24_04_GEOJSON.zip
宮城,,世界測地系,2023年（令和5年）,19.55MB,A33-23_04_GML.zip
宮城,,世界測地系,2022年（令和4年）,16.8MB,A33-22_04_GML.zip
宮城,,世界測地系,2021年（令和3年）,16.2MB,A33-21_04_GML.zip
宮城,,世界測地系,2020年（令和2年）,12.7MB,A33-20_04_GML.zip
宮城,,世界測地系,2019年（令和元年）,8.24MB,A33-19_04_GML.zip
宮城,,世界測地系,2018年（平成30年）,5.55MB,A33-18_04_GML.zip
宮城,,世界測地系,2017年（平成29年）,6.11MB,A33-17_04_GML.zip
宮城,,世界測地系,2016年（平成28年）,3.11MB,A33-16_04_GML.zip
宮城,,世界測地系,2015年（平成27年）,2.69MB,A33-15_04_GML.zip
宮城,,世界測地系,2013年（平成25年）,1.68MB,A33-13_04_GML.zip
秋田,GML形式,世界測地系,2024年（令和6年）,4.14MB,A33-24_05_GML.zip
秋田,シェープ形式,世界測地系,2024年（令和6年）,6.45MB,A33-24_05_SHP.zip
秋田,GEOJSON形式,世界測地系,2024年（令和6年）,4.5MB,A33-24_05_GEOJSON.zip
秋田,,世界測地系,2023年（令和5年）,17.73MB,A33-23_05_GML.zip
秋田,,世界測地系,2022年（令和4年）,15.2MB,A33-22_05_GML.zip
秋田,,世界測地系,2021年（令和3年）,17.6MB,A33-21_05_GML.zip
秋田,,世界測地系,2020年（令和2年）,15.1MB,A33-20_05_GML.zip
秋田,,世界測地系,2019年（令和元年）,7.60MB,A33-19_05_GML.zip
秋田,,世界測地系,2018年（平成30年）,6.14MB,A33-18_05_GML.zip
秋田,,世界測地系,2017年（平成29年）,7.40MB,A33-17_05_GML.zip
秋田,,世界測地系,2016年（平成28年）,2.76MB,A33-16_05_GML.zip
秋田,,世界測地系,2015年（平成27年）,1.12MB,A33-15_05_GML.zip
秋田,,世界測地系,2013年（平成25年）,1.04MB,A33-13_05_GML.zip
山形,GML形式,世界測地系,2024年（令和6年）,3.19MB,A33-24_06_GML.zip
山形,シェープ形式,世界測地系,2024年（令和6年）,5.28MB,A33-24_06_SHP.zip
山形,GEOJSON形式,世界測地系,2024年（令和6年）,3.57MB,A33-24_06_GEOJSON.zip
山形,,世界測地系,2023年（令和5年）,14.22MB,A33-23_06_GML.zip
山形,,世界測地系,2022年（令和4年）,12.1MB,A33-22_06_GML.zip
山形,,世界測地系,2021年（令和3年）,14.0MB,A33-21_06_GML.zip
山形,,世界測地系,2020年（令和2年）,12.1MB,A33-20_06_GML.zip
山形,,世界測地系,2019年（令和元年）,9.56MB,A33-19_06_GML.zip
山形,,世界測地系,2018年（平成30年）,8.53MB,A33-18_06_GML.zip
山形,,世界測地系,2017年（平成29年）,22.62MB,A33-17_06_GML.zip
山形,,世界測地系,2016年（平成28年）,8.33MB,A33-16_06_GML.zip
山形,,世界測地系,2015年（平成27年）,8.20MB,A33-15_06_GML.zip
山形,,世界測地系,2013年（平成25年）,3.42MB,A33-13_06_GML.zip
福島,GML形式,世界測地系,2024年（令和6年）,3.43MB,A33-24_07_GML.zip
福島,シェープ形式,世界測地系,2024年（令和6年）,5.93MB,A33-24_07_SHP.zip
福島,GEOJSON形式,世界測地系,2024年（令和6年）,3.11MB,A33-24_07_GEOJSON.zip
福島,,世界測地系,2023年（令和5年）,13.59MB,A33-23_07_GML.zip
福島,,世界測地系,2022年（令和4年）,15.7MB,A33-22_07_GML.zip
福島,,世界測地系,2021年（令和3年）,14.3MB,A33-21_07_GML.zip
福島,,世界測地系,2020年（令和2年）,12.3MB,A33-20_07_GML.zip
福島,,世界測地系,2019年（令和元年）,8.30MB,A33-19_07_GML.zip
福島,,世界測地系,2018年（平成30年）,6.77MB,A33-18_07_GML.zip
福島,,世界測地系,2017年（平成29年）,9.90MB,A33-17_07_GML.zip
福島,,世界測地系,2016年（平成28年）,5.14MB,A33-16_07_GML.zip
福島,,世界測地系,2015年（平成27年）,4.75MB,A33-15_07_GML.zip
福島,,世界測地系,2013年（平成25年）,3.87MB,A33-13_07_GML.zip
関東地方,GML形式,世界測地系,2024年（令和6年）,39.93MB,A33-24_53_GML.zip
関東地方,シェープ形式,世界測地系,2024年（令和6年）,64.21MB,A33-24_53_SHP.zip
関東地方,GEOJSON形式,世界測地系,2024年（令和6年）,41.76MB,A33-24_53_GEOJSON.zip
関東地方,,世界測地系,2023年（令和5年）,155.21MB,A33-23_53_GML.zip
関東地方,,世界測地系,2022年（令和4年）,135MB,A33-22_53_GML.zip
茨城,GML形式,世界測地系,2024年（令和6年）,2.43MB,A33-24_08_GML.zip
茨城,シェープ形式,世界測地系,2024年（令和6年）,3.92MB,A33-24_08_SHP.zip
茨城,GEOJSON形式,世界測地系,2024年（令和6年）,2.61MB,A33-24_08_GEOJSON.zip
茨城,,世界測地系,2023年（令和5年）,10.36MB,A33-23_08_GML.zip
茨城,,世界測地系,2022年（令和4年）,8.85MB,A33-22_08_GML.zip
茨城,,世界測地系,2021年（令和3年）,10.4MB,A33-21_08_GML.zip
茨城,,世界測地系,2020年（令和2年）,8.88MB,A33-20_08_GML.zip
茨城,,世界測地系,2018年（平成30年）,4.90MB,A33-18_08_GML.zip
茨城,,世界測地系,2017年（平成29年）,8.08MB,A33-17_08_GML.zip
茨城,,世界測地系,2016年（平成28年）,4.24MB,A33-16_08_GML.zip
茨城,,世界測地系,2015年（平成27年）,3.57MB,A33-15_08_GML.zip
茨城,,世界測地系,2013年（平成25年）,2.66MB,A33-13_08_GML.zip
栃木,GML形式,世界測地系,2024年（令和6年）,4.41MB,A33-24_09_GML.zip
栃木,シェープ形式,世界測地系,2024年（令和6年）,6.92MB,A33-24_09_SHP.zip
栃木,GEOJSON形式,世界測地系,2024年（令和6年）,4.2MB,A33-24_09_GEOJSON.zip
栃木,,世界測地系,2023年（令和5年）,15.82MB,A33-23_09_GML.zip
栃木,,世界測地系,2022年（令和4年）,15.8MB,A33-22_09_GML.zip
栃木,,世界測地系,2021年（令和3年）,12.3MB,A33-21_09_GML.zip
栃木,,世界測地系,2020年（令和2年）,11.3MB,A33-20_09_GML.zip
栃木,,世界測地系,2019年（令和元年）,8.99MB,A33-19_09_GML.zip
栃木,,世界測地系,2018年（平成30年）,7.96MB,A33-18_09_GML.zip
栃木,,世界測地系,2017年（平成29年）,13.18MB,A33-17_09_GML.zip
栃木,,世界測地系,2016年（平成28年）,7.23MB,A33-16_09_GML.zip
栃木,,世界測地系,2015年（平成27年）,7.22MB,A33-15_09_GML.zip
栃木,,世界測地系,2013年（平成25年）,7.31MB,A33-13_09_GML.zip
群馬,GML形式,世界測地系,2024年（令和6年）,4.84MB,A33-24_10_GML.zip
群馬,シェープ形式,世界測地系,2024年（令和6年）,7.98MB,A33-24_10_SHP.zip
群馬,GEOJSON形式,世界測地系,2024年（令和6年）,5.26MB,A33-24_10_GEOJSON.zip
群馬,,世界測地系,2023年（令和5年）,21.38MB,A33-23_10_GML.zip
群馬,,世界測地系,2022年（令和4年）,18.1MB,A33-22_10_GML.zip
群馬,,世界測地系,2021年（令和3年）,21.4MB,A33-21_10_GML.zip
群馬,,世界測地系,2020年（令和2年）,18.1MB,A33-20_10_GML.zip
群馬,,世界測地系,2019年（令和元年）,14.40MB,A33-19_10_GML.zip
群馬,,世界測地系,2018年（平成30年）,12.68MB,A33-18_10_GML.zip
群馬,,世界測地系,2017年（平成29年）,21.16MB,A33-17_10_GML.zip
群馬,,世界測地系,2016年（平成28年）,12.50MB,A33-16_10_GML.zip
群馬,,世界測地系,2015年（平成27年）,12.50MB,A33-15_10_GML.zip
埼玉,GML形式,世界測地系,2024年（令和6年）,2.47MB,A33-24_11_GML.zip
埼玉,シェープ形式,世界測地系,2024年（令和6年）,4MB,A33-24_11_SHP.zip
埼玉,GEOJSON形式,世界測地系,2024年（令和6年）,2.66MB,A33-24_11_GEOJSON.zip
埼玉,,世界測地系,2023年（令和5年）,10.5MB,A33-23_11_GML.zip
埼玉,,世界測地系,2022年（令和4年）,8.95MB,A33-22_11_GML.zip
埼玉,,世界測地系,2021年（令和3年）,10.6MB,A33-21_11_GML.zip
埼玉,,世界測地系,2020年（令和2年）,9.07MB,A33-20_11_GML.zip
埼玉,,世界測地系,2019年（令和元年）,6.82MB,A33-19_11_GML.zip
埼玉,,世界測地系,2018年（平成30年）,6.17MB,A33-18_11_GML.zip
埼玉,,世界測地系,2016年（平成28年）,4.82MB,A33-16_11_GML.zip
埼玉,,世界測地系,2015年（平成27年）,3.20MB,A33-15_11_GML.zip
千葉,GML形式,世界測地系,2024年（令和6年）,7.87MB,A33-24_12_GML.zip
千葉,シェープ形式,世界測地系,2024年（令和6年）,12.47MB,A33-24_12_SHP.zip
千葉,GEOJSON形式,世界測地系,2024年（令和6年）,8.23MB,A33-24_12_GEOJSON.zip
千葉,,世界測地系,2023年（令和5年）,20.33MB,A33-23_12_GML.zip
千葉,,世界測地系,2022年（令和4年）,20.3MB,A33-22_12_GML.zip
千葉,,世界測地系,2021年（令和3年）,23.5MB,A33-21_12_GML.zip
千葉,,世界測地系,2020年（令和2年）,20.1MB,A33-20_12_GML.zip
千葉,,世界測地系,2019年（令和元年）,11.95MB,A33-19_12_GML.zip
千葉,,世界測地系,2018年（平成30年）,9.07MB,A33-18_12_GML.zip
千葉,,世界測地系,2017年（平成29年）,12.63MB,A33-17_12_GML.zip
千葉,,世界測地系,2016年（平成28年）,6.23MB,A33-16_12_GML.zip
千葉,,世界測地系,2015年（平成27年）,3.30MB,A33-15_12_GML.zip
千葉,,世界測地系,2013年（平成25年）,2.50MB,A33-13_12_GML.zip
東京,GML形式,世界測地系,2024年（令和6年）,5.72MB,A33-24_13_GML.zip
東京,シェープ形式,世界測地系,2024年（令和6年）,9.31MB,A33-24_13_SHP.zip
東京,GEOJSON形式,世界測地系,2024年（令和6年）,6.05MB,A33-24_13_GEOJSON.zip
東京,,世界測地系,2023年（令和5年）,24.8MB,A33-23_13_GML.zip
東京,,世界測地系,2022年（令和4年）,21.0MB,A33-22_13_GML.zip
東京,,世界測地系,2021年（令和3年）,24.5MB,A33-21_13_GML.zip
東京,,世界測地系,2020年（令和2年）,20.9MB,A33-20_13_GML.zip
東京,,世界測地系,2019年（令和元年）,16.02MB,A33-19_13_GML.zip
東京,,世界測地系,2018年（平成30年）,13.15MB,A33-18_13_GML.zip
東京,,世界測地系,2017年（平成29年）,19.30MB,A33-17_13_GML.zip
東京,,世界測地系,2016年（平成28年）,10.00MB,A33-16_13_GML.zip
東京,,世界測地系,2015年（平成27年）,7.89MB,A33-15_13_GML.zip
東京,,世界測地系,2013年（平成25年）,6.86MB,A33-13_13_GML.zip
神奈川,GML形式,世界測地系,2024年（令和6年）,12.19MB,A33-24_14_GML.zip
神奈川,シェープ形式,世界測地系,2024年（令和6年）,19.61MB,A33-24_14_SHP.zip
神奈川,GEOJSON形式,世界測地系,2024年（令和6年）,12.74MB,A33-24_14_GEOJSON.zip
神奈川,,世界測地系,2023年（令和5年）,52.02MB,A33-23_14_GML.zip
神奈川,,世界測地系,2022年（令和4年）,44.2MB,A33-22_14_GML.zip
神奈川,,世界測地系,2021年（令和3年）,52.6MB,A33-21_14_GML.zip
神奈川,,世界測地系,2020年（令和2年）,41.5MB,A33-20_14_GML.zip
神奈川,,世界測地系,2019年（令和元年）,29.28MB,A33-19_14_GML.zip
神奈川,,世界測地系,2018年（平成30年）,20.78MB,A33-18_14_GML.zip
神奈川,,世界測地系,2017年（平成29年）,33.98MB,A33-17_14_GML.zip
神奈川,,世界測地系,2016年（平成28年）,17.30MB,A33-16_14_GML.zip
神奈川,,世界測地系,2015年（平成27年）,15.60MB,A33-15_14_GML.zip
神奈川,,世界測地系,2013年（平成25年）,10.77MB,A33-13_14_GML.zip
甲信越・北陸地方,GML形式,世界測地系,2024年（令和6年）,40.29MB,A33-24_54_GML.zip
甲信越・北陸地方,シェープ形式,世界測地系,2024年（令和6年）,70.22MB,A33-24_54_SHP.zip
甲信越・北陸地方,GEOJSON形式,世界測地系,2024年（令和6年）,44.58MB,A33-24_54_GEOJSON.zip
甲信越・北陸地方,,世界測地系,2023年（令和5年）,177.69MB,A33-23_54_GML.zip
甲信越・北陸地方,,世界測地系,2022年（令和4年）,157MB,A33-22_54_GML.zip
新潟,GML形式,世界測地系,2024年（令和6年）,11.84MB,A33-24_15_GML.zip
新潟,シェープ形式,世界測地系,2024年（令和6年）,20.13MB,A33-24_15_SHP.zip
新潟,GEOJSON形式,世界測地系,2024年（令和6年）,13.16MB,A33-24_15_GEOJSON.zip
新潟,,世界測地系,2023年（令和5年）,53.95MB,A33-23_15_GML.zip
新潟,,世界測地系,2022年（令和4年）,45.7MB,A33-22_15_GML.zip
新潟,,世界測地系,2021年（令和3年）,50.4MB,A33-21_15_GML.zip
新潟,,世界測地系,2020年（令和2年）,43.8MB,A33-20_15_GML.zip
新潟,,世界測地系,2019年（令和元年）,36.21MB,A33-19_15_GML.zip
新潟,,世界測地系,2018年（平成30年）,31.58MB,A33-18_15_GML.zip
新潟,,世界測地系,2017年（平成29年）,53.66MB,A33-17_15_GML.zip
新潟,,世界測地系,2016年（平成28年）,13.40MB,A33-16_15_GML.zip
新潟,,世界測地系,2015年（平成27年）,10.90MB,A33-15_15_GML.zip
新潟,,世界測地系,2013年（平成25年）,7.92MB,A33-13_15_GML.zip
富山,GML形式,世界測地系,2024年（令和6年）,4.88MB,A33-24_16_GML.zip
富山,シェープ形式,世界測地系,2024年（令和6年）,8.28MB,A33-24_16_SHP.zip
富山,GEOJSON形式,世界測地系,2024年（令和6年）,4.57MB,A33-24_16_GEOJSON.zip
富山,,世界測地系,2023年（令和5年）,20.1MB,A33-23_16_GML.zip
富山,,世界測地系,2022年（令和4年）,18.2MB,A33-22_16_GML.zip
富山,,世界測地系,2021年（令和3年）,20.2MB,A33-21_16_GML.zip
富山,,世界測地系,2020年（令和2年）,18.3MB,A33-20_16_GML.zip
富山,,世界測地系,2019年（令和元年）,15.21MB,A33-19_16_GML.zip
石川,GML形式,世界測地系,2024年（令和6年）,3.32MB,A33-24_17_GML.zip
石川,シェープ形式,世界測地系,2024年（令和6年）,5.32MB,A33-24_17_SHP.zip
石川,GEOJSON形式,世界測地系,2024年（令和6年）,3.58MB,A33-24_17_GEOJSON.zip
石川,,世界測地系,2023年（令和5年）,14.43MB,A33-23_17_GML.zip
石川,,世界測地系,2022年（令和4年）,12.0MB,A33-22_17_GML.zip
石川,,世界測地系,2021年（令和3年）,14.2MB,A33-21_17_GML.zip
石川,,世界測地系,2020年（令和2年）,11.7MB,A33-20_17_GML.zip
石川,,世界測地系,2018年（平成30年）,8.23MB,A33-18_17_GML.zip
石川,,世界測地系,2017年（平成29年）,13.65MB,A33-17_17_GML.zip
石川,,世界測地系,2016年（平成28年）,8.05MB,A33-16_17_GML.zip
石川,,世界測地系,2015年（平成27年）,8.08MB,A33-15_17_GML.zip
石川,,世界測地系,2013年（平成25年）,6.58MB,A33-13_17_GML.zip
福井,GML形式,世界測地系,2024年（令和6年）,5.23MB,A33-24_18_GML.zip
福井,シェープ形式,世界測地系,2024年（令和6年）,8.53MB,A33-24_18_SHP.zip
福井,GEOJSON形式,世界測地系,2024年（令和6年）,5.59MB,A33-24_18_GEOJSON.zip
福井,,世界測地系,2023年（令和5年）,22.76MB,A33-23_18_GML.zip
福井,,世界測地系,2022年（令和4年）,19.5MB,A33-22_18_GML.zip
福井,,世界測地系,2021年（令和3年）,22.7MB,A33-21_18_GML.zip
福井,,世界測地系,2020年（令和2年）,19.5MB,A33-20_18_GML.zip
福井,,世界測地系,2019年（令和元年）,15.46MB,A33-19_18_GML.zip
福井,,世界測地系,2018年（平成30年）,13.89MB,A33-18_18_GML.zip
福井,,世界測地系,2017年（平成29年）,22.78MB,A33-17_18_GML.zip
福井,,世界測地系,2016年（平成28年）,13.60MB,A33-16_18_GML.zip
福井,,世界測地系,2015年（平成27年）,13.70MB,A33-15_18_GML.zip
福井,,世界測地系,2013年（平成25年）,13.53MB,A33-13_18_GML.zip
山梨,GML形式,世界測地系,2024年（令和6年）,4.26MB,A33-24_19_GML.zip
山梨,シェープ形式,世界測地系,2024年（令和6年）,6.96MB,A33-24_19_SHP.zip
山梨,GEOJSON形式,世界測地系,2024年（令和6年）,4.71MB,A33-24_19_GEOJSON.zip
山梨,,世界測地系,2023年（令和5年）,18.28MB,A33-23_19_GML.zip
山梨,,世界測地系,2022年（令和4年）,15.4MB,A33-22_19_GML.zip
山梨,,世界測地系,2021年（令和3年）,18.0MB,A33-21_19_GML.zip
山梨,,世界測地系,2020年（令和2年）,14.7MB,A33-20_19_GML.zip
山梨,,世界測地系,2019年（令和元年）,12.06MB,A33-19_19_GML.zip
山梨,,世界測地系,2018年（平成30年）,10.74MB,A33-18_19_GML.zip
山梨,,世界測地系,2017年（平成29年）,17.97MB,A33-17_19_GML.zip
山梨,,世界測地系,2016年（平成28年）,10.30MB,A33-16_19_GML.zip
山梨,,世界測地系,2015年（平成27年）,10.30MB,A33-15_19_GML.zip
山梨,,世界測地系,2013年（平成25年）,10.53MB,A33-13_19_GML.zip
長野,GML形式,世界測地系,2024年（令和6年）,10.77MB,A33-24_20_GML.zip
長野,シェープ形式,世界測地系,2024年（令和6年）,21MB,A33-24_20_SHP.zip
長野,GEOJSON形式,世界測地系,2024年（令和6年）,12.96MB,A33-24_20_GEOJSON.zip
長野,,世界測地系,2023年（令和5年）,48.17MB,A33-23_20_GML.zip
長野,,世界測地系,2022年（令和4年）,48.2MB,A33-22_20_GML.zip
長野,,世界測地系,2021年（令和3年）,56.7MB,A33-21_20_GML.zip
長野,,世界測地系,2020年（令和2年）,48.3MB,A33-20_20_GML.zip
長野,,世界測地系,2019年（令和元年）,38.34MB,A33-19_20_GML.zip
長野,,世界測地系,2018年（平成30年）,33.95MB,A33-18_20_GML.zip
長野,,世界測地系,2017年（平成29年）,56.41MB,A33-17_20_GML.zip
長野,,世界測地系,2016年（平成28年）,29.50MB,A33-16_20_GML.zip
長野,,世界測地系,2015年（平成27年）,26.90MB,A33-15_20_GML.zip
長野,,世界測地系,2013年（平成25年）,19.25MB,A33-13_20_GML.zip
東海地方,GML形式,世界測地系,2024年（令和6年）,41.03MB,A33-24_55_GML.zip
東海地方,シェープ形式,世界測地系,2024年（令和6年）,66.42MB,A33-24_55_SHP.zip
東海地方,GEOJSON形式,世界測地系,2024年（令和6年）,44.28MB,A33-24_55_GEOJSON.zip
東海地方,,世界測地系,2023年（令和5年）,172.1MB,A33-23_55_GML.zip
東海地方,,世界測地系,2022年（令和4年）,137MB,A33-22_55_GML.zip
岐阜,GML形式,世界測地系,2024年（令和6年）,12.2MB,A33-24_21_GML.zip
岐阜,シェープ形式,世界測地系,2024年（令和6年）,20.04MB,A33-24_21_SHP.zip
岐阜,GEOJSON形式,世界測地系,2024年（令和6年）,13.34MB,A33-24_21_GEOJSON.zip
岐阜,,世界測地系,2023年（令和5年）,50.04MB,A33-23_21_GML.zip
岐阜,,世界測地系,2022年（令和4年）,45.6MB,A33-22_21_GML.zip
岐阜,,世界測地系,2021年（令和3年）,51.9MB,A33-21_21_GML.zip
岐阜,,世界測地系,2020年（令和2年）,42.3MB,A33-20_21_GML.zip
岐阜,,世界測地系,2019年（令和元年）,30.43MB,A33-19_21_GML.zip
岐阜,,世界測地系,2018年（平成30年）,26.80MB,A33-18_21_GML.zip
岐阜,,世界測地系,2017年（平成29年）,44.71MB,A33-17_21_GML.zip
岐阜,,世界測地系,2016年（平成28年）,26.10MB,A33-16_21_GML.zip
岐阜,,世界測地系,2015年（平成27年）,26.10MB,A33-15_21_GML.zip
静岡,GML形式,世界測地系,2024年（令和6年）,11.37MB,A33-24_22_GML.zip
静岡,シェープ形式,世界測地系,2024年（令和6年）,18.34MB,A33-24_22_SHP.zip
静岡,GEOJSON形式,世界測地系,2024年（令和6年）,12.25MB,A33-24_22_GEOJSON.zip
静岡,,世界測地系,2023年（令和5年）,48.92MB,A33-23_22_GML.zip
静岡,,世界測地系,2022年（令和4年）,41.9MB,A33-22_22_GML.zip
静岡,,世界測地系,2021年（令和3年）,42.0MB,A33-21_22_GML.zip
静岡,,世界測地系,2020年（令和2年）,41.4MB,A33-20_22_GML.zip
静岡,,世界測地系,2019年（令和元年）,27.68MB,A33-19_22_GML.zip
静岡,,世界測地系,2018年（平成30年）,22.33MB,A33-18_22_GML.zip
静岡,,世界測地系,2017年（平成29年）,33.22MB,A33-17_22_GML.zip
静岡,,世界測地系,2016年（平成28年）,16.60MB,A33-16_22_GML.zip
静岡,,世界測地系,2015年（平成27年）,14.70MB,A33-15_22_GML.zip
静岡,,世界測地系,2013年（平成25年）,9.34MB,A33-13_22_GML.zip
愛知,GML形式,世界測地系,2024年（令和6年）,7.72MB,A33-24_23_GML.zip
愛知,シェープ形式,世界測地系,2024年（令和6年）,12.32MB,A33-24_23_SHP.zip
愛知,GEOJSON形式,世界測地系,2024年（令和6年）,8.24MB,A33-24_23_GEOJSON.zip
愛知,,世界測地系,2023年（令和5年）,31.01MB,A33-23_23_GML.zip
愛知,,世界測地系,2022年（令和4年）,23.6MB,A33-22_23_GML.zip
愛知,,世界測地系,2021年（令和3年）,29.7MB,A33-21_23_GML.zip
愛知,,世界測地系,2020年（令和2年）,25.6MB,A33-20_23_GML.zip
愛知,,世界測地系,2019年（令和元年）,18.87MB,A33-19_23_GML.zip
三重,GML形式,世界測地系,2024年（令和6年）,9.74MB,A33-24_24_GML.zip
三重,シェープ形式,世界測地系,2024年（令和6年）,15.72MB,A33-24_24_SHP.zip
三重,GEOJSON形式,世界測地系,2024年（令和6年）,10.45MB,A33-24_24_GEOJSON.zip
三重,,世界測地系,2023年（令和5年）,42.13MB,A33-23_24_GML.zip
三重,,世界測地系,2022年（令和4年）,27.7MB,A33-22_24_GML.zip
三重,,世界測地系,2021年（令和3年）,40.7MB,A33-21_24_GML.zip
三重,,世界測地系,2020年（令和2年）,32.3MB,A33-20_24_GML.zip
三重,,世界測地系,2019年（令和元年）,19.14MB,A33-19_24_GML.zip
三重,,世界測地系,2018年（平成30年）,16.90MB,A33-18_24_GML.zip
三重,,世界測地系,2017年（平成29年）,22.37MB,A33-17_24_GML.zip
三重,,世界測地系,2016年（平成28年）,10.50MB,A33-16_24_GML.zip
三重,,世界測地系,2015年（平成27年）,8.42MB,A33-15_24_GML.zip
三重,,世界測地系,2013年（平成25年）,1.91MB,A33-13_24_GML.zip
近畿地方,GML形式,世界測地系,2024年（令和6年）,40.96MB,A33-24_56_GML.zip
近畿地方,シェープ形式,世界測地系,2024年（令和6年）,66.55MB,A33-24_56_SHP.zip
近畿地方,GEOJSON形式,世界測地系,2024年（令和6年）,43.94MB,A33-24_56_GEOJSON.zip
近畿地方,,世界測地系,2023年（令和5年）,172.19MB,A33-23_56_GML.zip
近畿地方,,世界測地系,2022年（令和4年）,150MB,A33-22_56_GML.zip
滋賀,GML形式,世界測地系,2024年（令和6年）,2.33MB,A33-24_25_GML.zip
滋賀,シェープ形式,世界測地系,2024年（令和6年）,3.6MB,A33-24_25_SHP.zip
滋賀,GEOJSON形式,世界測地系,2024年（令和6年）,2.4MB,A33-24_25_GEOJSON.zip
滋賀,,世界測地系,2023年（令和5年）,8.39MB,A33-23_25_GML.zip
滋賀,,世界測地系,2022年（令和4年）,8.39MB,A33-22_25_GML.zip
滋賀,,世界測地系,2021年（令和3年）,9.17MB,A33-21_25_GML.zip
滋賀,,世界測地系,2020年（令和2年）,7.14MB,A33-20_25_GML.zip
滋賀,,世界測地系,2019年（令和元年）,5.66MB,A33-19_25_GML.zip
滋賀,,世界測地系,2018年（平成30年）,4.28MB,A33-18_25_GML.zip
滋賀,,世界測地系,2017年（平成29年）,5.99MB,A33-17_25_GML.zip
滋賀,,世界測地系,2016年（平成28年）,3.21MB,A33-16_25_GML.zip
滋賀,,世界測地系,2015年（平成27年）,2.94MB,A33-15_25_GML.zip
滋賀,,世界測地系,2013年（平成25年）,2.78MB,A33-13_25_GML.zip
京都,GML形式,世界測地系,2024年（令和6年）,8.11MB,A33-24_26_GML.zip
京都,シェープ形式,世界測地系,2024年（令和6年）,13.17MB,A33-24_26_SHP.zip
京都,GEOJSON形式,世界測地系,2024年（令和6年）,8.63MB,A33-24_26_GEOJSON.zip
京都,,世界測地系,2023年（令和5年）,35.2MB,A33-23_26_GML.zip
京都,,世界測地系,2022年（令和4年）,29.9MB,A33-22_26_GML.zip
京都,,世界測地系,2021年（令和3年）,35.0MB,A33-21_26_GML.zip
京都,,世界測地系,2020年（令和2年）,29.8MB,A33-20_26_GML.zip
京都,,世界測地系,2019年（令和元年）,22.01MB,A33-19_26_GML.zip
京都,,世界測地系,2018年（平成30年）,19.18MB,A33-18_26_GML.zip
京都,,世界測地系,2017年（平成29年）,34.66MB,A33-17_26_GML.zip
京都,,世界測地系,2016年（平成28年）,13.00MB,A33-16_26_GML.zip
京都,,世界測地系,2015年（平成27年）,15.20MB,A33-15_26_GML.zip
京都,,世界測地系,2013年（平成25年）,9.85MB,A33-13_26_GML.zip
大阪,GML形式,世界測地系,2024年（令和6年）,3.25MB,A33-24_27_GML.zip
大阪,シェープ形式,世界測地系,2024年（令和6年）,5.18MB,A33-24_27_SHP.zip
大阪,GEOJSON形式,世界測地系,2024年（令和6年）,3.42MB,A33-24_27_GEOJSON.zip
大阪,,世界測地系,2023年（令和5年）,12.56MB,A33-23_27_GML.zip
大阪,,世界測地系,2022年（令和4年）,11.5MB,A33-22_27_GML.zip
大阪,,世界測地系,2021年（令和3年）,12.6MB,A33-21_27_GML.zip
大阪,,世界測地系,2020年（令和2年）,11.6MB,A33-20_27_GML.zip
大阪,,世界測地系,2019年（令和元年）,9.49MB,A33-19_27_GML.zip
大阪,,世界測地系,2018年（平成30年）,8.53MB,A33-18_27_GML.zip
大阪,,世界測地系,2017年（平成29年）,13.97MB,A33-17_27_GML.zip
大阪,,世界測地系,2016年（平成28年）,8.33MB,A33-16_27_GML.zip
大阪,,世界測地系,2015年（平成27年）,3.07MB,A33-15_27_GML.zip
大阪,,世界測地系,2013年（平成25年）,2.15MB,A33-13_27_GML.zip
兵庫,GML形式,世界測地系,2024年（令和6年）,9.38MB,A33-24_28_GML.zip
兵庫,シェープ形式,世界測地系,2024年（令和6年）,15.22MB,A33-24_28_SHP.zip
兵庫,GEOJSON形式,世界測地系,2024年（令和6年）,10.16MB,A33-24_28_GEOJSON.zip
兵庫,,世界測地系,2023年（令和5年）,41.05MB,A33-23_28_GML.zip
兵庫,,世界測地系,2022年（令和4年）,35.1MB,A33-22_28_GML.zip
兵庫,,世界測地系,2021年（令和3年）,40.5MB,A33-21_28_GML.zip
兵庫,,世界測地系,2020年（令和2年）,31.2MB,A33-20_28_GML.zip
兵庫,,世界測地系,2019年（令和元年）,22.63MB,A33-19_28_GML.zip
兵庫,,世界測地系,2018年（平成30年）,18.73MB,A33-18_28_GML.zip
兵庫,,世界測地系,2017年（平成29年）,29.76MB,A33-17_28_GML.zip
兵庫,,世界測地系,2016年（平成28年）,16.00MB,A33-16_28_GML.zip
兵庫,,世界測地系,2015年（平成27年）,16.90MB,A33-15_28_GML.zip
奈良,GML形式,世界測地系,2024年（令和6年）,5.91MB,A33-24_29_GML.zip
奈良,シェープ形式,世界測地系,2024年（令和6年）,9.65MB,A33-24_29_SHP.zip
奈良,GEOJSON形式,世界測地系,2024年（令和6年）,6.34MB,A33-24_29_GEOJSON.zip
奈良,,世界測地系,2023年（令和5年）,22.11MB,A33-23_29_GML.zip
奈良,,世界測地系,2022年（令和4年）,22.1MB,A33-22_29_GML.zip
奈良,,世界測地系,2021年（令和3年）,22.1MB,A33-21_29_GML.zip
奈良,,世界測地系,2020年（令和2年）,22.1MB,A33-20_29_GML.zip
奈良,,世界測地系,2019年（令和元年）,18.80MB,A33-19_29_GML.zip
奈良,,世界測地系,2018年（平成30年）,13.99MB,A33-18_29_GML.zip
奈良,,世界測地系,2017年（平成29年）,17.97MB,A33-17_29_GML.zip
奈良,,世界測地系,2016年（平成28年）,9.75MB,A33-16_29_GML.zip
奈良,,世界測地系,2015年（平成27年）,5.54MB,A33-15_29_GML.zip
奈良,,世界測地系,2013年（平成25年）,2.72MB,A33-13_29_GML.zip
和歌山,GML形式,世界測地系,2024年（令和6年）,11.99MB,A33-24_30_GML.zip
和歌山,シェープ形式,世界測地系,2024年（令和6年）,19.72MB,A33-24_30_SHP.zip
和歌山,GEOJSON形式,世界測地系,2024年（令和6年）,12.99MB,A33-24_30_GEOJSON.zip
和歌山,,世界測地系,2023年（令和5年）,52.87MB,A33-23_30_GML.zip
和歌山,,世界測地系,2022年（令和4年）,44.8MB,A33-22_30_GML.zip
和歌山,,世界測地系,2021年（令和3年）,49.0MB,A33-21_30_GML.zip
和歌山,,世界測地系,2020年（令和2年）,45.1MB,A33-20_30_GML.zip
和歌山,,世界測地系,2019年（令和元年）,31.85MB,A33-19_30_GML.zip
和歌山,,世界測地系,2018年（平成30年）,24.25MB,A33-18_30_GML.zip
和歌山,,世界測地系,2017年（平成29年）,34.11MB,A33-17_30_GML.zip
和歌山,,世界測地系,2016年（平成28年）,17.60MB,A33-16_30_GML.zip
和歌山,,世界測地系,2015年（平成27年）,9.11MB,A33-15_30_GML.zip
和歌山,,世界測地系,2013年（平成25年）,6.68MB,A33-13_30_GML.zip
中国地方,GML形式,世界測地系,2024年（令和6年）,64.06MB,A33-24_57_GML.zip
中国地方,シェープ形式,世界測地系,2024年（令和6年）,102.17MB,A33-24_57_SHP.zip
中国地方,GEOJSON形式,世界測地系,2024年（令和6年）,66.94MB,A33-24_57_GEOJSON.zip
中国地方,,世界測地系,2023年（令和5年）,275.88MB,A33-23_57_GML.zip
中国地方,,世界測地系,2022年（令和4年）,233MB,A33-22_57_GML.zip
鳥取,GML形式,世界測地系,2024年（令和6年）,3.73MB,A33-24_31_GML.zip
鳥取,シェープ形式,世界測地系,2024年（令和6年）,6.08MB,A33-24_31_SHP.zip
鳥取,GEOJSON形式,世界測地系,2024年（令和6年）,4.03MB,A33-24_31_GEOJSON.zip
鳥取,,世界測地系,2023年（令和5年）,16.35MB,A33-23_31_GML.zip
鳥取,,世界測地系,2022年（令和4年）,14.1MB,A33-22_31_GML.zip
鳥取,,世界測地系,2021年（令和3年）,16.3MB,A33-21_31_GML.zip
鳥取,,世界測地系,2020年（令和2年）,14.2MB,A33-20_31_GML.zip
鳥取,,世界測地系,2019年（令和元年）,11.32MB,A33-19_31_GML.zip
鳥取,,世界測地系,2018年（平成30年）,9.98MB,A33-18_31_GML.zip
鳥取,,世界測地系,2017年（平成29年）,16.43MB,A33-17_31_GML.zip
鳥取,,世界測地系,2016年（平成28年）,9.75MB,A33-16_31_GML.zip
鳥取,,世界測地系,2015年（平成27年）,9.66MB,A33-15_31_GML.zip
鳥取,,世界測地系,2013年（平成25年）,8.56MB,A33-13_31_GML.zip
島根,GML形式,世界測地系,2024年（令和6年）,14.42MB,A33-24_32_GML.zip
島根,シェープ形式,世界測地系,2024年（令和6年）,22.46MB,A33-24_32_SHP.zip
島根,GEOJSON形式,世界測地系,2024年（令和6年）,14.65MB,A33-24_32_GEOJSON.zip
島根,,世界測地系,2023年（令和5年）,60.6MB,A33-23_32_GML.zip
島根,,世界測地系,2022年（令和4年）,52.0MB,A33-22_32_GML.zip
島根,,世界測地系,2021年（令和3年）,60.3MB,A33-21_32_GML.zip
島根,,世界測地系,2020年（令和2年）,68.5MB,A33-20_32_GML.zip
島根,,世界測地系,2019年（令和元年）,53.53MB,A33-19_32_GML.zip
島根,,世界測地系,2018年（平成30年）,33.97MB,A33-18_32_GML.zip
島根,,世界測地系,2017年（平成29年）,50.88MB,A33-17_32_GML.zip
島根,,世界測地系,2016年（平成28年）,31.40MB,A33-16_32_GML.zip
島根,,世界測地系,2015年（平成27年）,26.90MB,A33-15_32_GML.zip
島根,,世界測地系,2013年（平成25年）,22.18MB,A33-13_32_GML.zip
岡山,GML形式,世界測地系,2024年（令和6年）,6.98MB,A33-24_33_GML.zip
岡山,シェープ形式,世界測地系,2024年（令和6年）,11.37MB,A33-24_33_SHP.zip
岡山,GEOJSON形式,世界測地系,2024年（令和6年）,7.55MB,A33-24_33_GEOJSON.zip
岡山,,世界測地系,2023年（令和5年）,30.59MB,A33-23_33_GML.zip
岡山,,世界測地系,2022年（令和4年）,26.1MB,A33-22_33_GML.zip
岡山,,世界測地系,2021年（令和3年）,30.5MB,A33-21_33_GML.zip
岡山,,世界測地系,2020年（令和2年）,26.8MB,A33-20_33_GML.zip
岡山,,世界測地系,2019年（令和元年）,16.58MB,A33-19_33_GML.zip
岡山,,世界測地系,2018年（平成30年）,13.52MB,A33-18_33_GML.zip
岡山,,世界測地系,2017年（平成29年）,21.39MB,A33-17_33_GML.zip
岡山,,世界測地系,2016年（平成28年）,12.50MB,A33-16_33_GML.zip
岡山,,世界測地系,2015年（平成27年）,11.80MB,A33-15_33_GML.zip
岡山,,世界測地系,2013年（平成25年）,7.66MB,A33-13_33_GML.zip
広島,GML形式,世界測地系,2024年（令和6年）,23.37MB,A33-24_34_GML.zip
広島,シェープ形式,世界測地系,2024年（令和6年）,36.86MB,A33-24_34_SHP.zip
広島,GEOJSON形式,世界測地系,2024年（令和6年）,24.21MB,A33-24_34_GEOJSON.zip
広島,,世界測地系,2023年（令和5年）,100.39MB,A33-23_34_GML.zip
広島,,世界測地系,2022年（令和4年）,85.7MB,A33-22_34_GML.zip
広島,,世界測地系,2021年（令和3年）,91.4MB,A33-21_34_GML.zip
広島,,世界測地系,2020年（令和2年）,84.7MB,A33-20_34_GML.zip
広島,,世界測地系,2019年（令和元年）,65.16MB,A33-19_34_GML.zip
広島,,世界測地系,2018年（平成30年）,38.58MB,A33-18_34_GML.zip
広島,,世界測地系,2017年（平成29年）,40.20MB,A33-17_34_GML.zip
広島,,世界測地系,2016年（平成28年）,16.40MB,A33-16_34_GML.zip
広島,,世界測地系,2015年（平成27年）,11.20MB,A33-15_34_GML.zip
広島,,世界測地系,2013年（平成25年）,9.25MB,A33-13_34_GML.zip
山口,GML形式,世界測地系,2024年（令和6年）,15.57MB,A33-24_35_GML.zip
山口,シェープ形式,世界測地系,2024年（令和6年）,25.41MB,A33-24_35_SHP.zip
山口,GEOJSON形式,世界測地系,2024年（令和6年）,16.49MB,A33-24_35_GEOJSON.zip
山口,,世界測地系,2023年（令和5年）,67.95MB,A33-23_35_GML.zip
山口,,世界測地系,2022年（令和4年）,57.6MB,A33-22_35_GML.zip
山口,,世界測地系,2021年（令和3年）,67.1MB,A33-21_35_GML.zip
山口,,世界測地系,2020年（令和2年）,57.1MB,A33-20_35_GML.zip
山口,,世界測地系,2019年（令和元年）,45.34MB,A33-19_35_GML.zip
山口,,世界測地系,2018年（平成30年）,41.36MB,A33-18_35_GML.zip
山口,,世界測地系,2017年（平成29年）,68.05MB,A33-17_35_GML.zip
山口,,世界測地系,2016年（平成28年）,37.00MB,A33-16_35_GML.zip
山口,,世界測地系,2015年（平成27年）,30.40MB,A33-15_35_GML.zip
四国地方,GML形式,世界測地系,2024年（令和6年）,38.38MB,A33-24_58_GML.zip
四国地方,シェープ形式,世界測地系,2024年（令和6年）,62.64MB,A33-24_58_SHP.zip
四国地方,GEOJSON形式,世界測地系,2024年（令和6年）,41.22MB,A33-24_58_GEOJSON.zip
四国地方,,世界測地系,2023年（令和5年）,168.07MB,A33-23_58_GML.zip
四国地方,,世界測地系,2022年（令和4年）,142MB,A33-22_58_GML.zip
徳島,GML形式,世界測地系,2024年（令和6年）,8.24MB,A33-24_36_GML.zip
徳島,シェープ形式,世界測地系,2024年（令和6年）,13.3MB,A33-24_36_SHP.zip
徳島,GEOJSON形式,世界測地系,2024年（令和6年）,8.8MB,A33-24_36_GEOJSON.zip
徳島,,世界測地系,2023年（令和5年）,35.85MB,A33-23_36_GML.zip
徳島,,世界測地系,2022年（令和4年）,30.0MB,A33-22_36_GML.zip
徳島,,世界測地系,2021年（令和3年）,34.1MB,A33-21_36_GML.zip
徳島,,世界測地系,2020年（令和2年）,29.1MB,A33-20_36_GML.zip
徳島,,世界測地系,2019年（令和元年）,22.71MB,A33-19_36_GML.zip
徳島,,世界測地系,2018年（平成30年）,11.73MB,A33-18_36_GML.zip
徳島,,世界測地系,2017年（平成29年）,13.93MB,A33-17_36_GML.zip
徳島,,世界測地系,2016年（平成28年）,5.67MB,A33-16_36_GML.zip
徳島,,世界測地系,2015年（平成27年）,4.64MB,A33-15_36_GML.zip
徳島,,世界測地系,2013年（平成25年）,3.61MB,A33-13_36_GML.zip
香川,GML形式,世界測地系,2024年（令和6年）,3.49MB,A33-24_37_GML.zip
香川,シェープ形式,世界測地系,2024年（令和6年）,5.66MB,A33-24_37_SHP.zip
香川,GEOJSON形式,世界測地系,2024年（令和6年）,3.76MB,A33-24_37_GEOJSON.zip
香川,,世界測地系,2023年（令和5年）,15.29MB,A33-23_37_GML.zip
香川,,世界測地系,2022年（令和4年）,13.1MB,A33-22_37_GML.zip
香川,,世界測地系,2021年（令和3年）,13.0MB,A33-21_37_GML.zip
香川,,世界測地系,2020年（令和2年）,13.0MB,A33-20_37_GML.zip
香川,,世界測地系,2019年（令和元年）,10.31MB,A33-19_37_GML.zip
香川,,世界測地系,2018年（平成30年）,9.19MB,A33-18_37_GML.zip
香川,,世界測地系,2017年（平成29年）,15.19MB,A33-17_37_GML.zip
香川,,世界測地系,2016年（平成28年）,9.05MB,A33-16_37_GML.zip
香川,,世界測地系,2015年（平成27年）,8.86MB,A33-15_37_GML.zip
香川,,世界測地系,2013年（平成25年）,3.30MB,A33-13_37_GML.zip
愛媛,GML形式,世界測地系,2024年（令和6年）,10.52MB,A33-24_38_GML.zip
愛媛,シェープ形式,世界測地系,2024年（令和6年）,17.23MB,A33-24_38_SHP.zip
愛媛,GEOJSON形式,世界測地系,2024年（令和6年）,11.29MB,A33-24_38_GEOJSON.zip
愛媛,,世界測地系,2023年（令和5年）,45.84MB,A33-23_38_GML.zip
愛媛,,世界測地系,2022年（令和4年）,39.3MB,A33-22_38_GML.zip
愛媛,,世界測地系,2021年（令和3年）,45.7MB,A33-21_38_GML.zip
愛媛,,世界測地系,2020年（令和2年）,38.9MB,A33-20_38_GML.zip
愛媛,,世界測地系,2019年（令和元年）,15.23MB,A33-19_38_GML.zip
愛媛,,世界測地系,2018年（平成30年）,10.99MB,A33-18_38_GML.zip
愛媛,,世界測地系,2017年（平成29年）,12.35MB,A33-17_38_GML.zip
愛媛,,世界測地系,2016年（平成28年）,5.35MB,A33-16_38_GML.zip
愛媛,,世界測地系,2015年（平成27年）,4.82MB,A33-15_38_GML.zip
愛媛,,世界測地系,2013年（平成25年）,2.62MB,A33-13_38_GML.zip
高知,GML形式,世界測地系,2024年（令和6年）,16.13MB,A33-24_39_GML.zip
高知,シェープ形式,世界測地系,2024年（令和6年）,26.44MB,A33-24_39_SHP.zip
高知,GEOJSON形式,世界測地系,2024年（令和6年）,17.37MB,A33-24_39_GEOJSON.zip
高知,,世界測地系,2023年（令和5年）,71.09MB,A33-23_39_GML.zip
高知,,世界測地系,2022年（令和4年）,60.6MB,A33-22_39_GML.zip
高知,,世界測地系,2021年（令和3年）,69.4MB,A33-21_39_GML.zip
高知,,世界測地系,2020年（令和2年）,48.7.2MB,A33-20_39_GML.zip
高知,,世界測地系,2019年（令和元年）,56.72MB,A33-19_39_GML.zip
高知,,世界測地系,2018年（平成30年）,15.66MB,A33-18_39_GML.zip
高知,,世界測地系,2017年（平成29年）,26.22MB,A33-17_39_GML.zip
高知,,世界測地系,2016年（平成28年）,11.40MB,A33-16_39_GML.zip
高知,,世界測地系,2015年（平成27年）,6.73MB,A33-15_39_GML.zip
高知,,世界測地系,2013年（平成25年）,7.42MB,A33-13_39_GML.zip
九州地方,GML形式,世界測地系,2024年（令和6年）,81.64MB,A33-24_59_GML.zip
九州地方,シェープ形式,世界測地系,2024年（令和6年）,133.47MB,A33-24_59_SHP.zip
九州地方,GEOJSON形式,世界測地系,2024年（令和6年）,87.6MB,A33-24_59_GEOJSON.zip
九州地方,,世界測地系,2023年（令和5年）,339.94MB,A33-23_59_GML.zip
九州地方,,世界測地系,2022年（令和4年）,287MB,A33-22_59_GML.zip
福岡,GML形式,世界測地系,2024年（令和6年）,9.04MB,A33-24_40_GML.zip
福岡,シェープ形式,世界測地系,2024年（令和6年）,14.8MB,A33-24_40_SHP.zip
福岡,GEOJSON形式,世界測地系,2024年（令和6年）,9.83MB,A33-24_40_GEOJSON.zip
福岡,,世界測地系,2023年（令和5年）,39.77MB,A33-23_40_GML.zip
福岡,,世界測地系,2022年（令和4年）,34.0MB,A33-22_40_GML.zip
福岡,,世界測地系,2021年（令和3年）,39.7MB,A33-21_40_GML.zip
福岡,,世界測地系,2020年（令和2年）,32.3MB,A33-20_40_GML.zip
福岡,,世界測地系,2019年（令和元年）,25.66MB,A33-19_40_GML.zip
福岡,,世界測地系,2018年（平成30年）,22.76MB,A33-18_40_GML.zip
福岡,,世界測地系,2017年（平成29年）,37.98MB,A33-17_40_GML.zip
福岡,,世界測地系,2013年（平成25年）,12.29MB,A33-13_40_GML.zip
佐賀,GML形式,世界測地系,2024年（令和6年）,6.11MB,A33-24_41_GML.zip
佐賀,シェープ形式,世界測地系,2024年（令和6年）,9.91MB,A33-24_41_SHP.zip
佐賀,GEOJSON形式,世界測地系,2024年（令和6年）,6.57MB,A33-24_41_GEOJSON.zip
佐賀,,世界測地系,2023年（令和5年）,24.89MB,A33-23_41_GML.zip
佐賀,,世界測地系,2022年（令和4年）,21.6MB,A33-22_41_GML.zip
佐賀,,世界測地系,2021年（令和3年）,25.0MB,A33-21_41_GML.zip
佐賀,,世界測地系,2020年（令和2年）,22.9MB,A33-20_41_GML.zip
佐賀,,世界測地系,2019年（令和元年）,16.30MB,A33-19_41_GML.zip
佐賀,,世界測地系,2018年（平成30年）,13.56MB,A33-18_41_GML.zip
佐賀,,世界測地系,2017年（平成29年）,20.58MB,A33-17_41_GML.zip
佐賀,,世界測地系,2016年（平成28年）,10.90MB,A33-16_41_GML.zip
佐賀,,世界測地系,2015年（平成27年）,2.55MB,A33-15_41_GML.zip
佐賀,,世界測地系,2013年（平成25年）,0.86MB,A33-13_41_GML.zip
長崎,GML形式,世界測地系,2024年（令和6年）,15.52MB,A33-24_42_GML.zip
長崎,シェープ形式,世界測地系,2024年（令和6年）,25.21MB,A33-24_42_SHP.zip
長崎,GEOJSON形式,世界測地系,2024年（令和6年）,16.45MB,A33-24_42_GEOJSON.zip
長崎,,世界測地系,2023年（令和5年）,59.32MB,A33-23_42_GML.zip
長崎,,世界測地系,2022年（令和4年）,49.9MB,A33-22_42_GML.zip
長崎,,世界測地系,2021年（令和3年）,57.9MB,A33-21_42_GML.zip
長崎,,世界測地系,2020年（令和2年）,48.6MB,A33-20_42_GML.zip
長崎,,世界測地系,2019年（令和元年）,32.57MB,A33-19_42_GML.zip
長崎,,世界測地系,2018年（平成30年）,23.97MB,A33-18_42_GML.zip
長崎,,世界測地系,2017年（平成29年）,30.52MB,A33-17_42_GML.zip
長崎,,世界測地系,2016年（平成28年）,15.50MB,A33-16_42_GML.zip
長崎,,世界測地系,2015年（平成27年）,11.80MB,A33-15_42_GML.zip
長崎,,世界測地系,2013年（平成25年）,7.70MB,A33-13_42_GML.zip
熊本,GML形式,世界測地系,2024年（令和6年）,13.54MB,A33-24_43_GML.zip
熊本,シェープ形式,世界測地系,2024年（令和6年）,22.07MB,A33-24_43_SHP.zip
熊本,GEOJSON形式,世界測地系,2024年（令和6年）,14.62MB,A33-24_43_GEOJSON.zip
熊本,,世界測地系,2023年（令和5年）,58.25MB,A33-23_43_GML.zip
熊本,,世界測地系,2022年（令和4年）,46.3MB,A33-22_43_GML.zip
熊本,,世界測地系,2021年（令和3年）,56.9MB,A33-21_43_GML.zip
熊本,,世界測地系,2020年（令和2年）,41.4MB,A33-20_43_GML.zip
熊本,,世界測地系,2019年（令和元年）,29.81MB,A33-19_43_GML.zip
熊本,,世界測地系,2018年（平成30年）,28.27MB,A33-18_43_GML.zip
熊本,,世界測地系,2017年（平成29年）,46.77MB,A33-17_43_GML.zip
熊本,,世界測地系,2016年（平成28年）,22.70MB,A33-16_43_GML.zip
熊本,,世界測地系,2015年（平成27年）,14.80MB,A33-15_43_GML.zip
熊本,,世界測地系,2013年（平成25年）,5.57MB,A33-13_43_GML.zip
大分,GML形式,世界測地系,2024年（令和6年）,10.33MB,A33-24_44_GML.zip
大分,シェープ形式,世界測地系,2024年（令和6年）,17.05MB,A33-24_44_SHP.zip
大分,GEOJSON形式,世界測地系,2024年（令和6年）,10.91MB,A33-24_44_GEOJSON.zip
大分,,世界測地系,2023年（令和5年）,44.43MB,A33-23_44_GML.zip
大分,,世界測地系,2022年（令和4年）,37.7MB,A33-22_44_GML.zip
大分,,世界測地系,2021年（令和3年）,43.9MB,A33-21_44_GML.zip
大分,,世界測地系,2020年（令和2年）,36.9MB,A33-20_44_GML.zip
大分,,世界測地系,2019年（令和元年）,19.05MB,A33-19_44_GML.zip
大分,,世界測地系,2018年（平成30年）,16.12MB,A33-18_44_GML.zip
大分,,世界測地系,2017年（平成29年）,15.44MB,A33-17_44_GML.zip
大分,,世界測地系,2016年（平成28年）,7.20MB,A33-16_44_GML.zip
大分,,世界測地系,2015年（平成27年）,5.17MB,A33-15_44_GML.zip
大分,,世界測地系,2013年（平成25年）,3.46MB,A33-13_44_GML.zip
宮崎,GML形式,世界測地系,2024年（令和6年）,7.66MB,A33-24_45_GML.zip
宮崎,シェープ形式,世界測地系,2024年（令和6年）,12.47MB,A33-24_45_SHP.zip
宮崎,GEOJSON形式,世界測地系,2024年（令和6年）,8.29MB,A33-24_45_GEOJSON.zip
宮崎,,世界測地系,2023年（令和5年）,28.73MB,A33-23_45_GML.zip
宮崎,,世界測地系,2022年（令和4年）,28.7MB,A33-22_45_GML.zip
宮崎,,世界測地系,2021年（令和3年）,32.7MB,A33-21_45_GML.zip
宮崎,,世界測地系,2020年（令和2年）,28.9MB,A33-20_45_GML.zip
宮崎,,世界測地系,2019年（令和元年）,15.04MB,A33-19_45_GML.zip
宮崎,,世界測地系,2018年（平成30年）,12.74MB,A33-18_45_GML.zip
宮崎,,世界測地系,2017年（平成29年）,18.43MB,A33-17_45_GML.zip
宮崎,,世界測地系,2015年（平成27年）,7.60MB,A33-15_45_GML.zip
宮崎,,世界測地系,2013年（平成25年）,4.59MB,A33-13_45_GML.zip
鹿児島,GML形式,世界測地系,2024年（令和6年）,19.44MB,A33-24_46_GML.zip
鹿児島,シェープ形式,世界測地系,2024年（令和6年）,31.95MB,A33-24_46_SHP.zip
鹿児島,GEOJSON形式,世界測地系,2024年（令和6年）,20.93MB,A33-24_46_GEOJSON.zip
鹿児島,,世界測地系,2023年（令和5年）,84.56MB,A33-23_46_GML.zip
鹿児島,,世界測地系,2022年（令和4年）,72.0MB,A33-22_46_GML.zip
鹿児島,,世界測地系,2021年（令和3年）,84.0MB,A33-21_46_GML.zip
鹿児島,,世界測地系,2020年（令和2年）,76.8MB,A33-20_46_GML.zip
鹿児島,,世界測地系,2019年（令和元年）,40.26MB,A33-19_46_GML.zip
鹿児島,,世界測地系,2018年（平成30年）,33.82MB,A33-18_46_GML.zip
鹿児島,,世界測地系,2017年（平成29年）,50.56MB,A33-17_46_GML.zip
鹿児島,,世界測地系,2016年（平成28年）,27.80MB,A33-16_46_GML.zip
鹿児島,,世界測地系,2015年（平成27年）,18.50MB,A33-15_46_GML.zip
鹿児島,,世界測地系,2013年（平成25年）,17.41MB,A33-13_46_GML.zip
沖縄,GML形式,世界測地系,2024年（令和6年）,0.77MB,A33-24_47_GML.zip
沖縄,シェープ形式,世界測地系,2024年（令和6年）,1.27MB,A33-24_47_SHP.zip
沖縄,GEOJSON形式,世界測地系,2024年（令和6年）,0.83MB,A33-24_47_GEOJSON.zip
沖縄,,世界測地系,2023年（令和5年）,2.88MB,A33-23_47_GML.zip
沖縄,,世界測地系,2022年（令和4年）,2.25MB,A33-22_47_GML.zip
沖縄,,世界測地系,2021年（令和3年）,2.31MB,A33-21_47_GML.zip
沖縄,,世界測地系,2020年（令和2年）,1.77MB,A33-20_47_GML.zip
沖縄,,世界測地系,2019年（令和元年）,1.35MB,A33-19_47_GML.zip
沖縄,,世界測地系,2018年（平成30年）,1.12MB,A33-18_47_GML.zip
沖縄,,世界測地系,2017年（平成29年）,1.75MB,A33-17_47_GML.zip
沖縄,,世界測地系,2016年（平成28年）,1.74MB,A33-16_47_GML.zip
沖縄,,世界測地系,2015年（平成27年）,1.96MB,A33-15_47_GML.zip
沖縄,,世界測地系,2013年（平成25年）,0.59MB,A33-13_47_GML.zip