[{"filename": "A33-24_00_GML.zip", "url": "https://nlftp.mlit.go.jp/ksj/gml/data/A33/A33-24/A33-24_00_GML.zip"}, {"filename": "A33-24_00_SHP.zip", "url": "https://nlftp.mlit.go.jp/ksj/gml/data/A33/A33-24/A33-24_00_SHP.zip"}, {"filename": "A33-24_00_GEOJSON.zip", "url": "https://nlftp.mlit.go.jp/ksj/gml/data/A33/A33-24/A33-24_00_GEOJSON.zip"}, {"filename": "A33-23_00_GML.zip", "url": "https://nlftp.mlit.go.jp/ksj/gml/data/A33/A33-23/A33-23_00_GML.zip"}, {"filename": "A33-22_00_GML.zip", "url": "https://nlftp.mlit.go.jp/ksj/gml/data/A33/A33-22/A33-22_00_GML.zip"}, {"filename": "A33-21_00_GML.zip", "url": "https://nlftp.mlit.go.jp/ksj/gml/data/A33/A33-21/A33-21_00_GML.zip"}, {"filename": "A33-20_00_GML.zip", "url": "https://nlftp.mlit.go.jp/ksj/gml/data/A33/A33-20/A33-20_00_GML.zip"}, {"filename": "A33-19_00_GML.zip", "url": "https://nlftp.mlit.go.jp/ksj/gml/data/A33/A33-19/A33-19_00_GML.zip"}, {"filename": "A33-18_00_GML.zip", "url": "https://nlftp.mlit.go.jp/ksj/gml/data/A33/A33-18/A33-18_00_GML.zip"}, {"filename": "A33-17_00_GML.zip", "url": "https://nlftp.mlit.go.jp/ksj/gml/data/A33/A33-17/A33-17_00_GML.zip"}, {"filename": "A33-16_00_GML.zip", "url": "https://nlftp.mlit.go.jp/ksj/gml/data/A33/A33-16/A33-16_00_GML.zip"}, {"filename": "A33-15_00_GML.zip", "url": "https://nlftp.mlit.go.jp/ksj/gml/data/A33/A33-15/A33-15_00_GML.zip"}, {"filename": "A33-13_00_GML.zip", "url": "https://nlftp.mlit.go.jp/ksj/gml/data/A33/A33-13/A33-13_00_GML.zip"}, {"filename": "A33-24_01_GML.zip", "url": "https://nlftp.mlit.go.jp/ksj/gml/data/A33/A33-24/A33-24_01_GML.zip"}, {"filename": "A33-24_01_SHP.zip", "url": "https://nlftp.mlit.go.jp/ksj/gml/data/A33/A33-24/A33-24_01_SHP.zip"}, {"filename": "A33-24_01_GEOJSON.zip", "url": "https://nlftp.mlit.go.jp/ksj/gml/data/A33/A33-24/A33-24_01_GEOJSON.zip"}, {"filename": "A33-23_01_GML.zip", "url": "https://nlftp.mlit.go.jp/ksj/gml/data/A33/A33-23/A33-23_01_GML.zip"}, {"filename": "A33-22_01_GML.zip", "url": "https://nlftp.mlit.go.jp/ksj/gml/data/A33/A33-22/A33-22_01_GML.zip"}, {"filename": "A33-21_01_GML.zip", "url": "https://nlftp.mlit.go.jp/ksj/gml/data/A33/A33-21/A33-21_01_GML.zip"}, {"filename": "A33-20_01_GML.zip", "url": "https://nlftp.mlit.go.jp/ksj/gml/data/A33/A33-20/A33-20_01_GML.zip"}, {"filename": "A33-19_01_GML.zip", "url": "https://nlftp.mlit.go.jp/ksj/gml/data/A33/A33-19/A33-19_01_GML.zip"}, {"filename": "A33-18_01_GML.zip", "url": "https://nlftp.mlit.go.jp/ksj/gml/data/A33/A33-18/A33-18_01_GML.zip"}, {"filename": "A33-17_01_GML.zip", "url": "https://nlftp.mlit.go.jp/ksj/gml/data/A33/A33-17/A33-17_01_GML.zip"}, {"filename": "A33-16_01_GML.zip", "url": "https://nlftp.mlit.go.jp/ksj/gml/data/A33/A33-16/A33-16_01_GML.zip"}, {"filename": "A33-15_01_GML.zip", "url": "https://nlftp.mlit.go.jp/ksj/gml/data/A33/A33-15/A33-15_01_GML.zip"}, {"filename": "A33-24_52_GML.zip", "url": "https://nlftp.mlit.go.jp/ksj/gml/data/A33/A33-24/A33-24_52_GML.zip"}, {"filename": "A33-24_52_SHP.zip", "url": "https://nlftp.mlit.go.jp/ksj/gml/data/A33/A33-24/A33-24_52_SHP.zip"}, {"filename": "A33-24_52_GEOJSON.zip", "url": "https://nlftp.mlit.go.jp/ksj/gml/data/A33/A33-24/A33-24_52_GEOJSON.zip"}, {"filename": "A33-23_52_GML.zip", "url": "https://nlftp.mlit.go.jp/ksj/gml/data/A33/A33-23/A33-23_52_GML.zip"}, {"filename": "A33-22_52_GML.zip", "url": "https://nlftp.mlit.go.jp/ksj/gml/data/A33/A33-22/A33-22_52_GML.zip"}, {"filename": "A33-24_02_GML.zip", "url": "https://nlftp.mlit.go.jp/ksj/gml/data/A33/A33-24/A33-24_02_GML.zip"}, {"filename": "A33-24_02_SHP.zip", "url": "https://nlftp.mlit.go.jp/ksj/gml/data/A33/A33-24/A33-24_02_SHP.zip"}, {"filename": "A33-24_02_GEOJSON.zip", "url": "https://nlftp.mlit.go.jp/ksj/gml/data/A33/A33-24/A33-24_02_GEOJSON.zip"}, {"filename": "A33-23_02_GML.zip", "url": "https://nlftp.mlit.go.jp/ksj/gml/data/A33/A33-23/A33-23_02_GML.zip"}, {"filename": "A33-22_02_GML.zip", "url": "https://nlftp.mlit.go.jp/ksj/gml/data/A33/A33-22/A33-22_02_GML.zip"}, {"filename": "A33-21_02_GML.zip", "url": "https://nlftp.mlit.go.jp/ksj/gml/data/A33/A33-21/A33-21_02_GML.zip"}, {"filename": "A33-20_02_GML.zip", "url": "https://nlftp.mlit.go.jp/ksj/gml/data/A33/A33-20/A33-20_02_GML.zip"}, {"filename": "A33-19_02_GML.zip", "url": "https://nlftp.mlit.go.jp/ksj/gml/data/A33/A33-19/A33-19_02_GML.zip"}, {"filename": "A33-18_02_GML.zip", "url": "https://nlftp.mlit.go.jp/ksj/gml/data/A33/A33-18/A33-18_02_GML.zip"}, {"filename": "A33-17_02_GML.zip", "url": "https://nlftp.mlit.go.jp/ksj/gml/data/A33/A33-17/A33-17_02_GML.zip"}, {"filename": "A33-16_02_GML.zip", "url": "https://nlftp.mlit.go.jp/ksj/gml/data/A33/A33-16/A33-16_02_GML.zip"}, {"filename": "A33-15_02_GML.zip", "url": "https://nlftp.mlit.go.jp/ksj/gml/data/A33/A33-15/A33-15_02_GML.zip"}, {"filename": "A33-13_02_GML.zip", "url": "https://nlftp.mlit.go.jp/ksj/gml/data/A33/A33-13/A33-13_02_GML.zip"}, {"filename": "A33-24_03_GML.zip", "url": "https://nlftp.mlit.go.jp/ksj/gml/data/A33/A33-24/A33-24_03_GML.zip"}, {"filename": "A33-24_03_SHP.zip", "url": "https://nlftp.mlit.go.jp/ksj/gml/data/A33/A33-24/A33-24_03_SHP.zip"}, {"filename": "A33-24_03_GEOJSON.zip", "url": "https://nlftp.mlit.go.jp/ksj/gml/data/A33/A33-24/A33-24_03_GEOJSON.zip"}, {"filename": "A33-23_03_GML.zip", "url": "https://nlftp.mlit.go.jp/ksj/gml/data/A33/A33-23/A33-23_03_GML.zip"}, {"filename": "A33-22_03_GML.zip", "url": "https://nlftp.mlit.go.jp/ksj/gml/data/A33/A33-22/A33-22_03_GML.zip"}, {"filename": "A33-21_03_GML.zip", "url": "https://nlftp.mlit.go.jp/ksj/gml/data/A33/A33-21/A33-21_03_GML.zip"}, {"filename": "A33-20_03_GML.zip", "url": "https://nlftp.mlit.go.jp/ksj/gml/data/A33/A33-20/A33-20_03_GML.zip"}, {"filename": "A33-19_03_GML.zip", "url": "https://nlftp.mlit.go.jp/ksj/gml/data/A33/A33-19/A33-19_03_GML.zip"}, {"filename": "A33-18_03_GML.zip", "url": "https://nlftp.mlit.go.jp/ksj/gml/data/A33/A33-18/A33-18_03_GML.zip"}, {"filename": "A33-17_03_GML.zip", "url": "https://nlftp.mlit.go.jp/ksj/gml/data/A33/A33-17/A33-17_03_GML.zip"}, {"filename": "A33-16_03_GML.zip", "url": "https://nlftp.mlit.go.jp/ksj/gml/data/A33/A33-16/A33-16_03_GML.zip"}, {"filename": "A33-15_03_GML.zip", "url": "https://nlftp.mlit.go.jp/ksj/gml/data/A33/A33-15/A33-15_03_GML.zip"}, {"filename": "A33-13_03_GML.zip", "url": "https://nlftp.mlit.go.jp/ksj/gml/data/A33/A33-13/A33-13_03_GML.zip"}, {"filename": "A33-24_04_GML.zip", "url": "https://nlftp.mlit.go.jp/ksj/gml/data/A33/A33-24/A33-24_04_GML.zip"}, {"filename": "A33-24_04_SHP.zip", "url": "https://nlftp.mlit.go.jp/ksj/gml/data/A33/A33-24/A33-24_04_SHP.zip"}, {"filename": "A33-24_04_GEOJSON.zip", "url": "https://nlftp.mlit.go.jp/ksj/gml/data/A33/A33-24/A33-24_04_GEOJSON.zip"}, {"filename": "A33-23_04_GML.zip", "url": "https://nlftp.mlit.go.jp/ksj/gml/data/A33/A33-23/A33-23_04_GML.zip"}, {"filename": "A33-22_04_GML.zip", "url": "https://nlftp.mlit.go.jp/ksj/gml/data/A33/A33-22/A33-22_04_GML.zip"}, {"filename": "A33-21_04_GML.zip", "url": "https://nlftp.mlit.go.jp/ksj/gml/data/A33/A33-21/A33-21_04_GML.zip"}, {"filename": "A33-20_04_GML.zip", "url": "https://nlftp.mlit.go.jp/ksj/gml/data/A33/A33-20/A33-20_04_GML.zip"}, {"filename": "A33-19_04_GML.zip", "url": "https://nlftp.mlit.go.jp/ksj/gml/data/A33/A33-19/A33-19_04_GML.zip"}, {"filename": "A33-18_04_GML.zip", "url": "https://nlftp.mlit.go.jp/ksj/gml/data/A33/A33-18/A33-18_04_GML.zip"}, {"filename": "A33-17_04_GML.zip", "url": "https://nlftp.mlit.go.jp/ksj/gml/data/A33/A33-17/A33-17_04_GML.zip"}, {"filename": "A33-16_04_GML.zip", "url": "https://nlftp.mlit.go.jp/ksj/gml/data/A33/A33-16/A33-16_04_GML.zip"}, {"filename": "A33-15_04_GML.zip", "url": "https://nlftp.mlit.go.jp/ksj/gml/data/A33/A33-15/A33-15_04_GML.zip"}, {"filename": "A33-13_04_GML.zip", "url": "https://nlftp.mlit.go.jp/ksj/gml/data/A33/A33-13/A33-13_04_GML.zip"}, {"filename": "A33-24_05_GML.zip", "url": "https://nlftp.mlit.go.jp/ksj/gml/data/A33/A33-24/A33-24_05_GML.zip"}, {"filename": "A33-24_05_SHP.zip", "url": "https://nlftp.mlit.go.jp/ksj/gml/data/A33/A33-24/A33-24_05_SHP.zip"}, {"filename": "A33-24_05_GEOJSON.zip", "url": "https://nlftp.mlit.go.jp/ksj/gml/data/A33/A33-24/A33-24_05_GEOJSON.zip"}, {"filename": "A33-23_05_GML.zip", "url": "https://nlftp.mlit.go.jp/ksj/gml/data/A33/A33-23/A33-23_05_GML.zip"}, {"filename": "A33-22_05_GML.zip", "url": "https://nlftp.mlit.go.jp/ksj/gml/data/A33/A33-22/A33-22_05_GML.zip"}, {"filename": "A33-21_05_GML.zip", "url": "https://nlftp.mlit.go.jp/ksj/gml/data/A33/A33-21/A33-21_05_GML.zip"}, {"filename": "A33-20_05_GML.zip", "url": "https://nlftp.mlit.go.jp/ksj/gml/data/A33/A33-20/A33-20_05_GML.zip"}, {"filename": "A33-19_05_GML.zip", "url": "https://nlftp.mlit.go.jp/ksj/gml/data/A33/A33-19/A33-19_05_GML.zip"}, {"filename": "A33-18_05_GML.zip", "url": "https://nlftp.mlit.go.jp/ksj/gml/data/A33/A33-18/A33-18_05_GML.zip"}, {"filename": "A33-17_05_GML.zip", "url": "https://nlftp.mlit.go.jp/ksj/gml/data/A33/A33-17/A33-17_05_GML.zip"}, {"filename": "A33-16_05_GML.zip", "url": "https://nlftp.mlit.go.jp/ksj/gml/data/A33/A33-16/A33-16_05_GML.zip"}, {"filename": "A33-15_05_GML.zip", "url": "https://nlftp.mlit.go.jp/ksj/gml/data/A33/A33-15/A33-15_05_GML.zip"}, {"filename": "A33-13_05_GML.zip", "url": "https://nlftp.mlit.go.jp/ksj/gml/data/A33/A33-13/A33-13_05_GML.zip"}, {"filename": "A33-24_06_GML.zip", "url": "https://nlftp.mlit.go.jp/ksj/gml/data/A33/A33-24/A33-24_06_GML.zip"}, {"filename": "A33-24_06_SHP.zip", "url": "https://nlftp.mlit.go.jp/ksj/gml/data/A33/A33-24/A33-24_06_SHP.zip"}, {"filename": "A33-24_06_GEOJSON.zip", "url": "https://nlftp.mlit.go.jp/ksj/gml/data/A33/A33-24/A33-24_06_GEOJSON.zip"}, {"filename": "A33-23_06_GML.zip", "url": "https://nlftp.mlit.go.jp/ksj/gml/data/A33/A33-23/A33-23_06_GML.zip"}, {"filename": "A33-22_06_GML.zip", "url": "https://nlftp.mlit.go.jp/ksj/gml/data/A33/A33-22/A33-22_06_GML.zip"}, {"filename": "A33-21_06_GML.zip", "url": "https://nlftp.mlit.go.jp/ksj/gml/data/A33/A33-21/A33-21_06_GML.zip"}, {"filename": "A33-20_06_GML.zip", "url": "https://nlftp.mlit.go.jp/ksj/gml/data/A33/A33-20/A33-20_06_GML.zip"}, {"filename": "A33-19_06_GML.zip", "url": "https://nlftp.mlit.go.jp/ksj/gml/data/A33/A33-19/A33-19_06_GML.zip"}, {"filename": "A33-18_06_GML.zip", "url": "https://nlftp.mlit.go.jp/ksj/gml/data/A33/A33-18/A33-18_06_GML.zip"}, {"filename": "A33-17_06_GML.zip", "url": "https://nlftp.mlit.go.jp/ksj/gml/data/A33/A33-17/A33-17_06_GML.zip"}, {"filename": "A33-16_06_GML.zip", "url": "https://nlftp.mlit.go.jp/ksj/gml/data/A33/A33-16/A33-16_06_GML.zip"}, {"filename": "A33-15_06_GML.zip", "url": "https://nlftp.mlit.go.jp/ksj/gml/data/A33/A33-15/A33-15_06_GML.zip"}, {"filename": "A33-13_06_GML.zip", "url": "https://nlftp.mlit.go.jp/ksj/gml/data/A33/A33-13/A33-13_06_GML.zip"}, {"filename": "A33-24_07_GML.zip", "url": "https://nlftp.mlit.go.jp/ksj/gml/data/A33/A33-24/A33-24_07_GML.zip"}, {"filename": "A33-24_07_SHP.zip", "url": "https://nlftp.mlit.go.jp/ksj/gml/data/A33/A33-24/A33-24_07_SHP.zip"}, {"filename": "A33-24_07_GEOJSON.zip", "url": "https://nlftp.mlit.go.jp/ksj/gml/data/A33/A33-24/A33-24_07_GEOJSON.zip"}, {"filename": "A33-23_07_GML.zip", "url": "https://nlftp.mlit.go.jp/ksj/gml/data/A33/A33-23/A33-23_07_GML.zip"}, {"filename": "A33-22_07_GML.zip", "url": "https://nlftp.mlit.go.jp/ksj/gml/data/A33/A33-22/A33-22_07_GML.zip"}, {"filename": "A33-21_07_GML.zip", "url": "https://nlftp.mlit.go.jp/ksj/gml/data/A33/A33-21/A33-21_07_GML.zip"}, {"filename": "A33-20_07_GML.zip", "url": "https://nlftp.mlit.go.jp/ksj/gml/data/A33/A33-20/A33-20_07_GML.zip"}, {"filename": "A33-19_07_GML.zip", "url": "https://nlftp.mlit.go.jp/ksj/gml/data/A33/A33-19/A33-19_07_GML.zip"}, {"filename": "A33-18_07_GML.zip", "url": "https://nlftp.mlit.go.jp/ksj/gml/data/A33/A33-18/A33-18_07_GML.zip"}, {"filename": "A33-17_07_GML.zip", "url": "https://nlftp.mlit.go.jp/ksj/gml/data/A33/A33-17/A33-17_07_GML.zip"}, {"filename": "A33-16_07_GML.zip", "url": "https://nlftp.mlit.go.jp/ksj/gml/data/A33/A33-16/A33-16_07_GML.zip"}, {"filename": "A33-15_07_GML.zip", "url": "https://nlftp.mlit.go.jp/ksj/gml/data/A33/A33-15/A33-15_07_GML.zip"}, {"filename": "A33-13_07_GML.zip", "url": "https://nlftp.mlit.go.jp/ksj/gml/data/A33/A33-13/A33-13_07_GML.zip"}, {"filename": "A33-24_53_GML.zip", "url": "https://nlftp.mlit.go.jp/ksj/gml/data/A33/A33-24/A33-24_53_GML.zip"}, {"filename": "A33-24_53_SHP.zip", "url": "https://nlftp.mlit.go.jp/ksj/gml/data/A33/A33-24/A33-24_53_SHP.zip"}, {"filename": "A33-24_53_GEOJSON.zip", "url": "https://nlftp.mlit.go.jp/ksj/gml/data/A33/A33-24/A33-24_53_GEOJSON.zip"}, {"filename": "A33-23_53_GML.zip", "url": "https://nlftp.mlit.go.jp/ksj/gml/data/A33/A33-23/A33-23_53_GML.zip"}, {"filename": "A33-22_53_GML.zip", "url": "https://nlftp.mlit.go.jp/ksj/gml/data/A33/A33-22/A33-22_53_GML.zip"}, {"filename": "A33-24_08_GML.zip", "url": "https://nlftp.mlit.go.jp/ksj/gml/data/A33/A33-24/A33-24_08_GML.zip"}, {"filename": "A33-24_08_SHP.zip", "url": "https://nlftp.mlit.go.jp/ksj/gml/data/A33/A33-24/A33-24_08_SHP.zip"}, {"filename": "A33-24_08_GEOJSON.zip", "url": "https://nlftp.mlit.go.jp/ksj/gml/data/A33/A33-24/A33-24_08_GEOJSON.zip"}, {"filename": "A33-23_08_GML.zip", "url": "https://nlftp.mlit.go.jp/ksj/gml/data/A33/A33-23/A33-23_08_GML.zip"}, {"filename": "A33-22_08_GML.zip", "url": "https://nlftp.mlit.go.jp/ksj/gml/data/A33/A33-22/A33-22_08_GML.zip"}, {"filename": "A33-21_08_GML.zip", "url": "https://nlftp.mlit.go.jp/ksj/gml/data/A33/A33-21/A33-21_08_GML.zip"}, {"filename": "A33-20_08_GML.zip", "url": "https://nlftp.mlit.go.jp/ksj/gml/data/A33/A33-20/A33-20_08_GML.zip"}, {"filename": "A33-18_08_GML.zip", "url": "https://nlftp.mlit.go.jp/ksj/gml/data/A33/A33-18/A33-18_08_GML.zip"}, {"filename": "A33-17_08_GML.zip", "url": "https://nlftp.mlit.go.jp/ksj/gml/data/A33/A33-17/A33-17_08_GML.zip"}, {"filename": "A33-16_08_GML.zip", "url": "https://nlftp.mlit.go.jp/ksj/gml/data/A33/A33-16/A33-16_08_GML.zip"}, {"filename": "A33-15_08_GML.zip", "url": "https://nlftp.mlit.go.jp/ksj/gml/data/A33/A33-15/A33-15_08_GML.zip"}, {"filename": "A33-13_08_GML.zip", "url": "https://nlftp.mlit.go.jp/ksj/gml/data/A33/A33-13/A33-13_08_GML.zip"}, {"filename": "A33-24_09_GML.zip", "url": "https://nlftp.mlit.go.jp/ksj/gml/data/A33/A33-24/A33-24_09_GML.zip"}, {"filename": "A33-24_09_SHP.zip", "url": "https://nlftp.mlit.go.jp/ksj/gml/data/A33/A33-24/A33-24_09_SHP.zip"}, {"filename": "A33-24_09_GEOJSON.zip", "url": "https://nlftp.mlit.go.jp/ksj/gml/data/A33/A33-24/A33-24_09_GEOJSON.zip"}, {"filename": "A33-23_09_GML.zip", "url": "https://nlftp.mlit.go.jp/ksj/gml/data/A33/A33-23/A33-23_09_GML.zip"}, {"filename": "A33-22_09_GML.zip", "url": "https://nlftp.mlit.go.jp/ksj/gml/data/A33/A33-22/A33-22_09_GML.zip"}, {"filename": "A33-21_09_GML.zip", "url": "https://nlftp.mlit.go.jp/ksj/gml/data/A33/A33-21/A33-21_09_GML.zip"}, {"filename": "A33-20_09_GML.zip", "url": "https://nlftp.mlit.go.jp/ksj/gml/data/A33/A33-20/A33-20_09_GML.zip"}, {"filename": "A33-19_09_GML.zip", "url": "https://nlftp.mlit.go.jp/ksj/gml/data/A33/A33-19/A33-19_09_GML.zip"}, {"filename": "A33-18_09_GML.zip", "url": "https://nlftp.mlit.go.jp/ksj/gml/data/A33/A33-18/A33-18_09_GML.zip"}, {"filename": "A33-17_09_GML.zip", "url": "https://nlftp.mlit.go.jp/ksj/gml/data/A33/A33-17/A33-17_09_GML.zip"}, {"filename": "A33-16_09_GML.zip", "url": "https://nlftp.mlit.go.jp/ksj/gml/data/A33/A33-16/A33-16_09_GML.zip"}, {"filename": "A33-15_09_GML.zip", "url": "https://nlftp.mlit.go.jp/ksj/gml/data/A33/A33-15/A33-15_09_GML.zip"}, {"filename": "A33-13_09_GML.zip", "url": "https://nlftp.mlit.go.jp/ksj/gml/data/A33/A33-13/A33-13_09_GML.zip"}, {"filename": "A33-24_10_GML.zip", "url": "https://nlftp.mlit.go.jp/ksj/gml/data/A33/A33-24/A33-24_10_GML.zip"}, {"filename": "A33-24_10_SHP.zip", "url": "https://nlftp.mlit.go.jp/ksj/gml/data/A33/A33-24/A33-24_10_SHP.zip"}, {"filename": "A33-24_10_GEOJSON.zip", "url": "https://nlftp.mlit.go.jp/ksj/gml/data/A33/A33-24/A33-24_10_GEOJSON.zip"}, {"filename": "A33-23_10_GML.zip", "url": "https://nlftp.mlit.go.jp/ksj/gml/data/A33/A33-23/A33-23_10_GML.zip"}, {"filename": "A33-22_10_GML.zip", "url": "https://nlftp.mlit.go.jp/ksj/gml/data/A33/A33-22/A33-22_10_GML.zip"}, {"filename": "A33-21_10_GML.zip", "url": "https://nlftp.mlit.go.jp/ksj/gml/data/A33/A33-21/A33-21_10_GML.zip"}, {"filename": "A33-20_10_GML.zip", "url": "https://nlftp.mlit.go.jp/ksj/gml/data/A33/A33-20/A33-20_10_GML.zip"}, {"filename": "A33-19_10_GML.zip", "url": "https://nlftp.mlit.go.jp/ksj/gml/data/A33/A33-19/A33-19_10_GML.zip"}, {"filename": "A33-18_10_GML.zip", "url": "https://nlftp.mlit.go.jp/ksj/gml/data/A33/A33-18/A33-18_10_GML.zip"}, {"filename": "A33-17_10_GML.zip", "url": "https://nlftp.mlit.go.jp/ksj/gml/data/A33/A33-17/A33-17_10_GML.zip"}, {"filename": "A33-16_10_GML.zip", "url": "https://nlftp.mlit.go.jp/ksj/gml/data/A33/A33-16/A33-16_10_GML.zip"}, {"filename": "A33-15_10_GML.zip", "url": "https://nlftp.mlit.go.jp/ksj/gml/data/A33/A33-15/A33-15_10_GML.zip"}, {"filename": "A33-24_11_GML.zip", "url": "https://nlftp.mlit.go.jp/ksj/gml/data/A33/A33-24/A33-24_11_GML.zip"}, {"filename": "A33-24_11_SHP.zip", "url": "https://nlftp.mlit.go.jp/ksj/gml/data/A33/A33-24/A33-24_11_SHP.zip"}, {"filename": "A33-24_11_GEOJSON.zip", "url": "https://nlftp.mlit.go.jp/ksj/gml/data/A33/A33-24/A33-24_11_GEOJSON.zip"}, {"filename": "A33-23_11_GML.zip", "url": "https://nlftp.mlit.go.jp/ksj/gml/data/A33/A33-23/A33-23_11_GML.zip"}, {"filename": "A33-22_11_GML.zip", "url": "https://nlftp.mlit.go.jp/ksj/gml/data/A33/A33-22/A33-22_11_GML.zip"}, {"filename": "A33-21_11_GML.zip", "url": "https://nlftp.mlit.go.jp/ksj/gml/data/A33/A33-21/A33-21_11_GML.zip"}, {"filename": "A33-20_11_GML.zip", "url": "https://nlftp.mlit.go.jp/ksj/gml/data/A33/A33-20/A33-20_11_GML.zip"}, {"filename": "A33-19_11_GML.zip", "url": "https://nlftp.mlit.go.jp/ksj/gml/data/A33/A33-19/A33-19_11_GML.zip"}, {"filename": "A33-18_11_GML.zip", "url": "https://nlftp.mlit.go.jp/ksj/gml/data/A33/A33-18/A33-18_11_GML.zip"}, {"filename": "A33-16_11_GML.zip", "url": "https://nlftp.mlit.go.jp/ksj/gml/data/A33/A33-16/A33-16_11_GML.zip"}, {"filename": "A33-15_11_GML.zip", "url": "https://nlftp.mlit.go.jp/ksj/gml/data/A33/A33-15/A33-15_11_GML.zip"}, {"filename": "A33-24_12_GML.zip", "url": "https://nlftp.mlit.go.jp/ksj/gml/data/A33/A33-24/A33-24_12_GML.zip"}, {"filename": "A33-24_12_SHP.zip", "url": "https://nlftp.mlit.go.jp/ksj/gml/data/A33/A33-24/A33-24_12_SHP.zip"}, {"filename": "A33-24_12_GEOJSON.zip", "url": "https://nlftp.mlit.go.jp/ksj/gml/data/A33/A33-24/A33-24_12_GEOJSON.zip"}, {"filename": "A33-23_12_GML.zip", "url": "https://nlftp.mlit.go.jp/ksj/gml/data/A33/A33-23/A33-23_12_GML.zip"}, {"filename": "A33-22_12_GML.zip", "url": "https://nlftp.mlit.go.jp/ksj/gml/data/A33/A33-22/A33-22_12_GML.zip"}, {"filename": "A33-21_12_GML.zip", "url": "https://nlftp.mlit.go.jp/ksj/gml/data/A33/A33-21/A33-21_12_GML.zip"}, {"filename": "A33-20_12_GML.zip", "url": "https://nlftp.mlit.go.jp/ksj/gml/data/A33/A33-20/A33-20_12_GML.zip"}, {"filename": "A33-19_12_GML.zip", "url": "https://nlftp.mlit.go.jp/ksj/gml/data/A33/A33-19/A33-19_12_GML.zip"}, {"filename": "A33-18_12_GML.zip", "url": "https://nlftp.mlit.go.jp/ksj/gml/data/A33/A33-18/A33-18_12_GML.zip"}, {"filename": "A33-17_12_GML.zip", "url": "https://nlftp.mlit.go.jp/ksj/gml/data/A33/A33-17/A33-17_12_GML.zip"}, {"filename": "A33-16_12_GML.zip", "url": "https://nlftp.mlit.go.jp/ksj/gml/data/A33/A33-16/A33-16_12_GML.zip"}, {"filename": "A33-15_12_GML.zip", "url": "https://nlftp.mlit.go.jp/ksj/gml/data/A33/A33-15/A33-15_12_GML.zip"}, {"filename": "A33-13_12_GML.zip", "url": "https://nlftp.mlit.go.jp/ksj/gml/data/A33/A33-13/A33-13_12_GML.zip"}, {"filename": "A33-24_13_GML.zip", "url": "https://nlftp.mlit.go.jp/ksj/gml/data/A33/A33-24/A33-24_13_GML.zip"}, {"filename": "A33-24_13_SHP.zip", "url": "https://nlftp.mlit.go.jp/ksj/gml/data/A33/A33-24/A33-24_13_SHP.zip"}, {"filename": "A33-24_13_GEOJSON.zip", "url": "https://nlftp.mlit.go.jp/ksj/gml/data/A33/A33-24/A33-24_13_GEOJSON.zip"}, {"filename": "A33-23_13_GML.zip", "url": "https://nlftp.mlit.go.jp/ksj/gml/data/A33/A33-23/A33-23_13_GML.zip"}, {"filename": "A33-22_13_GML.zip", "url": "https://nlftp.mlit.go.jp/ksj/gml/data/A33/A33-22/A33-22_13_GML.zip"}, {"filename": "A33-21_13_GML.zip", "url": "https://nlftp.mlit.go.jp/ksj/gml/data/A33/A33-21/A33-21_13_GML.zip"}, {"filename": "A33-20_13_GML.zip", "url": "https://nlftp.mlit.go.jp/ksj/gml/data/A33/A33-20/A33-20_13_GML.zip"}, {"filename": "A33-19_13_GML.zip", "url": "https://nlftp.mlit.go.jp/ksj/gml/data/A33/A33-19/A33-19_13_GML.zip"}, {"filename": "A33-18_13_GML.zip", "url": "https://nlftp.mlit.go.jp/ksj/gml/data/A33/A33-18/A33-18_13_GML.zip"}, {"filename": "A33-17_13_GML.zip", "url": "https://nlftp.mlit.go.jp/ksj/gml/data/A33/A33-17/A33-17_13_GML.zip"}, {"filename": "A33-16_13_GML.zip", "url": "https://nlftp.mlit.go.jp/ksj/gml/data/A33/A33-16/A33-16_13_GML.zip"}, {"filename": "A33-15_13_GML.zip", "url": "https://nlftp.mlit.go.jp/ksj/gml/data/A33/A33-15/A33-15_13_GML.zip"}, {"filename": "A33-13_13_GML.zip", "url": "https://nlftp.mlit.go.jp/ksj/gml/data/A33/A33-13/A33-13_13_GML.zip"}, {"filename": "A33-24_14_GML.zip", "url": "https://nlftp.mlit.go.jp/ksj/gml/data/A33/A33-24/A33-24_14_GML.zip"}, {"filename": "A33-24_14_SHP.zip", "url": "https://nlftp.mlit.go.jp/ksj/gml/data/A33/A33-24/A33-24_14_SHP.zip"}, {"filename": "A33-24_14_GEOJSON.zip", "url": "https://nlftp.mlit.go.jp/ksj/gml/data/A33/A33-24/A33-24_14_GEOJSON.zip"}, {"filename": "A33-23_14_GML.zip", "url": "https://nlftp.mlit.go.jp/ksj/gml/data/A33/A33-23/A33-23_14_GML.zip"}, {"filename": "A33-22_14_GML.zip", "url": "https://nlftp.mlit.go.jp/ksj/gml/data/A33/A33-22/A33-22_14_GML.zip"}, {"filename": "A33-21_14_GML.zip", "url": "https://nlftp.mlit.go.jp/ksj/gml/data/A33/A33-21/A33-21_14_GML.zip"}, {"filename": "A33-20_14_GML.zip", "url": "https://nlftp.mlit.go.jp/ksj/gml/data/A33/A33-20/A33-20_14_GML.zip"}, {"filename": "A33-19_14_GML.zip", "url": "https://nlftp.mlit.go.jp/ksj/gml/data/A33/A33-19/A33-19_14_GML.zip"}, {"filename": "A33-18_14_GML.zip", "url": "https://nlftp.mlit.go.jp/ksj/gml/data/A33/A33-18/A33-18_14_GML.zip"}, {"filename": "A33-17_14_GML.zip", "url": "https://nlftp.mlit.go.jp/ksj/gml/data/A33/A33-17/A33-17_14_GML.zip"}, {"filename": "A33-16_14_GML.zip", "url": "https://nlftp.mlit.go.jp/ksj/gml/data/A33/A33-16/A33-16_14_GML.zip"}, {"filename": "A33-15_14_GML.zip", "url": "https://nlftp.mlit.go.jp/ksj/gml/data/A33/A33-15/A33-15_14_GML.zip"}, {"filename": "A33-13_14_GML.zip", "url": "https://nlftp.mlit.go.jp/ksj/gml/data/A33/A33-13/A33-13_14_GML.zip"}, {"filename": "A33-24_54_GML.zip", "url": "https://nlftp.mlit.go.jp/ksj/gml/data/A33/A33-24/A33-24_54_GML.zip"}, {"filename": "A33-24_54_SHP.zip", "url": "https://nlftp.mlit.go.jp/ksj/gml/data/A33/A33-24/A33-24_54_SHP.zip"}, {"filename": "A33-24_54_GEOJSON.zip", "url": "https://nlftp.mlit.go.jp/ksj/gml/data/A33/A33-24/A33-24_54_GEOJSON.zip"}, {"filename": "A33-23_54_GML.zip", "url": "https://nlftp.mlit.go.jp/ksj/gml/data/A33/A33-23/A33-23_54_GML.zip"}, {"filename": "A33-22_54_GML.zip", "url": "https://nlftp.mlit.go.jp/ksj/gml/data/A33/A33-22/A33-22_54_GML.zip"}, {"filename": "A33-24_15_GML.zip", "url": "https://nlftp.mlit.go.jp/ksj/gml/data/A33/A33-24/A33-24_15_GML.zip"}, {"filename": "A33-24_15_SHP.zip", "url": "https://nlftp.mlit.go.jp/ksj/gml/data/A33/A33-24/A33-24_15_SHP.zip"}, {"filename": "A33-24_15_GEOJSON.zip", "url": "https://nlftp.mlit.go.jp/ksj/gml/data/A33/A33-24/A33-24_15_GEOJSON.zip"}, {"filename": "A33-23_15_GML.zip", "url": "https://nlftp.mlit.go.jp/ksj/gml/data/A33/A33-23/A33-23_15_GML.zip"}, {"filename": "A33-22_15_GML.zip", "url": "https://nlftp.mlit.go.jp/ksj/gml/data/A33/A33-22/A33-22_15_GML.zip"}, {"filename": "A33-21_15_GML.zip", "url": "https://nlftp.mlit.go.jp/ksj/gml/data/A33/A33-21/A33-21_15_GML.zip"}, {"filename": "A33-20_15_GML.zip", "url": "https://nlftp.mlit.go.jp/ksj/gml/data/A33/A33-20/A33-20_15_GML.zip"}, {"filename": "A33-19_15_GML.zip", "url": "https://nlftp.mlit.go.jp/ksj/gml/data/A33/A33-19/A33-19_15_GML.zip"}, {"filename": "A33-18_15_GML.zip", "url": "https://nlftp.mlit.go.jp/ksj/gml/data/A33/A33-18/A33-18_15_GML.zip"}, {"filename": "A33-17_15_GML.zip", "url": "https://nlftp.mlit.go.jp/ksj/gml/data/A33/A33-17/A33-17_15_GML.zip"}, {"filename": "A33-16_15_GML.zip", "url": "https://nlftp.mlit.go.jp/ksj/gml/data/A33/A33-16/A33-16_15_GML.zip"}, {"filename": "A33-15_15_GML.zip", "url": "https://nlftp.mlit.go.jp/ksj/gml/data/A33/A33-15/A33-15_15_GML.zip"}, {"filename": "A33-13_15_GML.zip", "url": "https://nlftp.mlit.go.jp/ksj/gml/data/A33/A33-13/A33-13_15_GML.zip"}, {"filename": "A33-24_16_GML.zip", "url": "https://nlftp.mlit.go.jp/ksj/gml/data/A33/A33-24/A33-24_16_GML.zip"}, {"filename": "A33-24_16_SHP.zip", "url": "https://nlftp.mlit.go.jp/ksj/gml/data/A33/A33-24/A33-24_16_SHP.zip"}, {"filename": "A33-24_16_GEOJSON.zip", "url": "https://nlftp.mlit.go.jp/ksj/gml/data/A33/A33-24/A33-24_16_GEOJSON.zip"}, {"filename": "A33-23_16_GML.zip", "url": "https://nlftp.mlit.go.jp/ksj/gml/data/A33/A33-23/A33-23_16_GML.zip"}, {"filename": "A33-22_16_GML.zip", "url": "https://nlftp.mlit.go.jp/ksj/gml/data/A33/A33-22/A33-22_16_GML.zip"}, {"filename": "A33-21_16_GML.zip", "url": "https://nlftp.mlit.go.jp/ksj/gml/data/A33/A33-21/A33-21_16_GML.zip"}, {"filename": "A33-20_16_GML.zip", "url": "https://nlftp.mlit.go.jp/ksj/gml/data/A33/A33-20/A33-20_16_GML.zip"}, {"filename": "A33-19_16_GML.zip", "url": "https://nlftp.mlit.go.jp/ksj/gml/data/A33/A33-19/A33-19_16_GML.zip"}, {"filename": "A33-24_17_GML.zip", "url": "https://nlftp.mlit.go.jp/ksj/gml/data/A33/A33-24/A33-24_17_GML.zip"}, {"filename": "A33-24_17_SHP.zip", "url": "https://nlftp.mlit.go.jp/ksj/gml/data/A33/A33-24/A33-24_17_SHP.zip"}, {"filename": "A33-24_17_GEOJSON.zip", "url": "https://nlftp.mlit.go.jp/ksj/gml/data/A33/A33-24/A33-24_17_GEOJSON.zip"}, {"filename": "A33-23_17_GML.zip", "url": "https://nlftp.mlit.go.jp/ksj/gml/data/A33/A33-23/A33-23_17_GML.zip"}, {"filename": "A33-22_17_GML.zip", "url": "https://nlftp.mlit.go.jp/ksj/gml/data/A33/A33-22/A33-22_17_GML.zip"}, {"filename": "A33-21_17_GML.zip", "url": "https://nlftp.mlit.go.jp/ksj/gml/data/A33/A33-21/A33-21_17_GML.zip"}, {"filename": "A33-20_17_GML.zip", "url": "https://nlftp.mlit.go.jp/ksj/gml/data/A33/A33-20/A33-20_17_GML.zip"}, {"filename": "A33-18_17_GML.zip", "url": "https://nlftp.mlit.go.jp/ksj/gml/data/A33/A33-18/A33-18_17_GML.zip"}, {"filename": "A33-17_17_GML.zip", "url": "https://nlftp.mlit.go.jp/ksj/gml/data/A33/A33-17/A33-17_17_GML.zip"}, {"filename": "A33-16_17_GML.zip", "url": "https://nlftp.mlit.go.jp/ksj/gml/data/A33/A33-16/A33-16_17_GML.zip"}, {"filename": "A33-15_17_GML.zip", "url": "https://nlftp.mlit.go.jp/ksj/gml/data/A33/A33-15/A33-15_17_GML.zip"}, {"filename": "A33-13_17_GML.zip", "url": "https://nlftp.mlit.go.jp/ksj/gml/data/A33/A33-13/A33-13_17_GML.zip"}, {"filename": "A33-24_18_GML.zip", "url": "https://nlftp.mlit.go.jp/ksj/gml/data/A33/A33-24/A33-24_18_GML.zip"}, {"filename": "A33-24_18_SHP.zip", "url": "https://nlftp.mlit.go.jp/ksj/gml/data/A33/A33-24/A33-24_18_SHP.zip"}, {"filename": "A33-24_18_GEOJSON.zip", "url": "https://nlftp.mlit.go.jp/ksj/gml/data/A33/A33-24/A33-24_18_GEOJSON.zip"}, {"filename": "A33-23_18_GML.zip", "url": "https://nlftp.mlit.go.jp/ksj/gml/data/A33/A33-23/A33-23_18_GML.zip"}, {"filename": "A33-22_18_GML.zip", "url": "https://nlftp.mlit.go.jp/ksj/gml/data/A33/A33-22/A33-22_18_GML.zip"}, {"filename": "A33-21_18_GML.zip", "url": "https://nlftp.mlit.go.jp/ksj/gml/data/A33/A33-21/A33-21_18_GML.zip"}, {"filename": "A33-20_18_GML.zip", "url": "https://nlftp.mlit.go.jp/ksj/gml/data/A33/A33-20/A33-20_18_GML.zip"}, {"filename": "A33-19_18_GML.zip", "url": "https://nlftp.mlit.go.jp/ksj/gml/data/A33/A33-19/A33-19_18_GML.zip"}, {"filename": "A33-18_18_GML.zip", "url": "https://nlftp.mlit.go.jp/ksj/gml/data/A33/A33-18/A33-18_18_GML.zip"}, {"filename": "A33-17_18_GML.zip", "url": "https://nlftp.mlit.go.jp/ksj/gml/data/A33/A33-17/A33-17_18_GML.zip"}, {"filename": "A33-16_18_GML.zip", "url": "https://nlftp.mlit.go.jp/ksj/gml/data/A33/A33-16/A33-16_18_GML.zip"}, {"filename": "A33-15_18_GML.zip", "url": "https://nlftp.mlit.go.jp/ksj/gml/data/A33/A33-15/A33-15_18_GML.zip"}, {"filename": "A33-13_18_GML.zip", "url": "https://nlftp.mlit.go.jp/ksj/gml/data/A33/A33-13/A33-13_18_GML.zip"}, {"filename": "A33-24_19_GML.zip", "url": "https://nlftp.mlit.go.jp/ksj/gml/data/A33/A33-24/A33-24_19_GML.zip"}, {"filename": "A33-24_19_SHP.zip", "url": "https://nlftp.mlit.go.jp/ksj/gml/data/A33/A33-24/A33-24_19_SHP.zip"}, {"filename": "A33-24_19_GEOJSON.zip", "url": "https://nlftp.mlit.go.jp/ksj/gml/data/A33/A33-24/A33-24_19_GEOJSON.zip"}, {"filename": "A33-23_19_GML.zip", "url": "https://nlftp.mlit.go.jp/ksj/gml/data/A33/A33-23/A33-23_19_GML.zip"}, {"filename": "A33-22_19_GML.zip", "url": "https://nlftp.mlit.go.jp/ksj/gml/data/A33/A33-22/A33-22_19_GML.zip"}, {"filename": "A33-21_19_GML.zip", "url": "https://nlftp.mlit.go.jp/ksj/gml/data/A33/A33-21/A33-21_19_GML.zip"}, {"filename": "A33-20_19_GML.zip", "url": "https://nlftp.mlit.go.jp/ksj/gml/data/A33/A33-20/A33-20_19_GML.zip"}, {"filename": "A33-19_19_GML.zip", "url": "https://nlftp.mlit.go.jp/ksj/gml/data/A33/A33-19/A33-19_19_GML.zip"}, {"filename": "A33-18_19_GML.zip", "url": "https://nlftp.mlit.go.jp/ksj/gml/data/A33/A33-18/A33-18_19_GML.zip"}, {"filename": "A33-17_19_GML.zip", "url": "https://nlftp.mlit.go.jp/ksj/gml/data/A33/A33-17/A33-17_19_GML.zip"}, {"filename": "A33-16_19_GML.zip", "url": "https://nlftp.mlit.go.jp/ksj/gml/data/A33/A33-16/A33-16_19_GML.zip"}, {"filename": "A33-15_19_GML.zip", "url": "https://nlftp.mlit.go.jp/ksj/gml/data/A33/A33-15/A33-15_19_GML.zip"}, {"filename": "A33-13_19_GML.zip", "url": "https://nlftp.mlit.go.jp/ksj/gml/data/A33/A33-13/A33-13_19_GML.zip"}, {"filename": "A33-24_20_GML.zip", "url": "https://nlftp.mlit.go.jp/ksj/gml/data/A33/A33-24/A33-24_20_GML.zip"}, {"filename": "A33-24_20_SHP.zip", "url": "https://nlftp.mlit.go.jp/ksj/gml/data/A33/A33-24/A33-24_20_SHP.zip"}, {"filename": "A33-24_20_GEOJSON.zip", "url": "https://nlftp.mlit.go.jp/ksj/gml/data/A33/A33-24/A33-24_20_GEOJSON.zip"}, {"filename": "A33-23_20_GML.zip", "url": "https://nlftp.mlit.go.jp/ksj/gml/data/A33/A33-23/A33-23_20_GML.zip"}, {"filename": "A33-22_20_GML.zip", "url": "https://nlftp.mlit.go.jp/ksj/gml/data/A33/A33-22/A33-22_20_GML.zip"}, {"filename": "A33-21_20_GML.zip", "url": "https://nlftp.mlit.go.jp/ksj/gml/data/A33/A33-21/A33-21_20_GML.zip"}, {"filename": "A33-20_20_GML.zip", "url": "https://nlftp.mlit.go.jp/ksj/gml/data/A33/A33-20/A33-20_20_GML.zip"}, {"filename": "A33-19_20_GML.zip", "url": "https://nlftp.mlit.go.jp/ksj/gml/data/A33/A33-19/A33-19_20_GML.zip"}, {"filename": "A33-18_20_GML.zip", "url": "https://nlftp.mlit.go.jp/ksj/gml/data/A33/A33-18/A33-18_20_GML.zip"}, {"filename": "A33-17_20_GML.zip", "url": "https://nlftp.mlit.go.jp/ksj/gml/data/A33/A33-17/A33-17_20_GML.zip"}, {"filename": "A33-16_20_GML.zip", "url": "https://nlftp.mlit.go.jp/ksj/gml/data/A33/A33-16/A33-16_20_GML.zip"}, {"filename": "A33-15_20_GML.zip", "url": "https://nlftp.mlit.go.jp/ksj/gml/data/A33/A33-15/A33-15_20_GML.zip"}, {"filename": "A33-13_20_GML.zip", "url": "https://nlftp.mlit.go.jp/ksj/gml/data/A33/A33-13/A33-13_20_GML.zip"}, {"filename": "A33-24_55_GML.zip", "url": "https://nlftp.mlit.go.jp/ksj/gml/data/A33/A33-24/A33-24_55_GML.zip"}, {"filename": "A33-24_55_SHP.zip", "url": "https://nlftp.mlit.go.jp/ksj/gml/data/A33/A33-24/A33-24_55_SHP.zip"}, {"filename": "A33-24_55_GEOJSON.zip", "url": "https://nlftp.mlit.go.jp/ksj/gml/data/A33/A33-24/A33-24_55_GEOJSON.zip"}, {"filename": "A33-23_55_GML.zip", "url": "https://nlftp.mlit.go.jp/ksj/gml/data/A33/A33-23/A33-23_55_GML.zip"}, {"filename": "A33-22_55_GML.zip", "url": "https://nlftp.mlit.go.jp/ksj/gml/data/A33/A33-22/A33-22_55_GML.zip"}, {"filename": "A33-24_21_GML.zip", "url": "https://nlftp.mlit.go.jp/ksj/gml/data/A33/A33-24/A33-24_21_GML.zip"}, {"filename": "A33-24_21_SHP.zip", "url": "https://nlftp.mlit.go.jp/ksj/gml/data/A33/A33-24/A33-24_21_SHP.zip"}, {"filename": "A33-24_21_GEOJSON.zip", "url": "https://nlftp.mlit.go.jp/ksj/gml/data/A33/A33-24/A33-24_21_GEOJSON.zip"}, {"filename": "A33-23_21_GML.zip", "url": "https://nlftp.mlit.go.jp/ksj/gml/data/A33/A33-23/A33-23_21_GML.zip"}, {"filename": "A33-22_21_GML.zip", "url": "https://nlftp.mlit.go.jp/ksj/gml/data/A33/A33-22/A33-22_21_GML.zip"}, {"filename": "A33-21_21_GML.zip", "url": "https://nlftp.mlit.go.jp/ksj/gml/data/A33/A33-21/A33-21_21_GML.zip"}, {"filename": "A33-20_21_GML.zip", "url": "https://nlftp.mlit.go.jp/ksj/gml/data/A33/A33-20/A33-20_21_GML.zip"}, {"filename": "A33-19_21_GML.zip", "url": "https://nlftp.mlit.go.jp/ksj/gml/data/A33/A33-19/A33-19_21_GML.zip"}, {"filename": "A33-18_21_GML.zip", "url": "https://nlftp.mlit.go.jp/ksj/gml/data/A33/A33-18/A33-18_21_GML.zip"}, {"filename": "A33-17_21_GML.zip", "url": "https://nlftp.mlit.go.jp/ksj/gml/data/A33/A33-17/A33-17_21_GML.zip"}, {"filename": "A33-16_21_GML.zip", "url": "https://nlftp.mlit.go.jp/ksj/gml/data/A33/A33-16/A33-16_21_GML.zip"}, {"filename": "A33-15_21_GML.zip", "url": "https://nlftp.mlit.go.jp/ksj/gml/data/A33/A33-15/A33-15_21_GML.zip"}, {"filename": "A33-24_22_GML.zip", "url": "https://nlftp.mlit.go.jp/ksj/gml/data/A33/A33-24/A33-24_22_GML.zip"}, {"filename": "A33-24_22_SHP.zip", "url": "https://nlftp.mlit.go.jp/ksj/gml/data/A33/A33-24/A33-24_22_SHP.zip"}, {"filename": "A33-24_22_GEOJSON.zip", "url": "https://nlftp.mlit.go.jp/ksj/gml/data/A33/A33-24/A33-24_22_GEOJSON.zip"}, {"filename": "A33-23_22_GML.zip", "url": "https://nlftp.mlit.go.jp/ksj/gml/data/A33/A33-23/A33-23_22_GML.zip"}, {"filename": "A33-22_22_GML.zip", "url": "https://nlftp.mlit.go.jp/ksj/gml/data/A33/A33-22/A33-22_22_GML.zip"}, {"filename": "A33-21_22_GML.zip", "url": "https://nlftp.mlit.go.jp/ksj/gml/data/A33/A33-21/A33-21_22_GML.zip"}, {"filename": "A33-20_22_GML.zip", "url": "https://nlftp.mlit.go.jp/ksj/gml/data/A33/A33-20/A33-20_22_GML.zip"}, {"filename": "A33-19_22_GML.zip", "url": "https://nlftp.mlit.go.jp/ksj/gml/data/A33/A33-19/A33-19_22_GML.zip"}, {"filename": "A33-18_22_GML.zip", "url": "https://nlftp.mlit.go.jp/ksj/gml/data/A33/A33-18/A33-18_22_GML.zip"}, {"filename": "A33-17_22_GML.zip", "url": "https://nlftp.mlit.go.jp/ksj/gml/data/A33/A33-17/A33-17_22_GML.zip"}, {"filename": "A33-16_22_GML.zip", "url": "https://nlftp.mlit.go.jp/ksj/gml/data/A33/A33-16/A33-16_22_GML.zip"}, {"filename": "A33-15_22_GML.zip", "url": "https://nlftp.mlit.go.jp/ksj/gml/data/A33/A33-15/A33-15_22_GML.zip"}, {"filename": "A33-13_22_GML.zip", "url": "https://nlftp.mlit.go.jp/ksj/gml/data/A33/A33-13/A33-13_22_GML.zip"}, {"filename": "A33-24_23_GML.zip", "url": "https://nlftp.mlit.go.jp/ksj/gml/data/A33/A33-24/A33-24_23_GML.zip"}, {"filename": "A33-24_23_SHP.zip", "url": "https://nlftp.mlit.go.jp/ksj/gml/data/A33/A33-24/A33-24_23_SHP.zip"}, {"filename": "A33-24_23_GEOJSON.zip", "url": "https://nlftp.mlit.go.jp/ksj/gml/data/A33/A33-24/A33-24_23_GEOJSON.zip"}, {"filename": "A33-23_23_GML.zip", "url": "https://nlftp.mlit.go.jp/ksj/gml/data/A33/A33-23/A33-23_23_GML.zip"}, {"filename": "A33-22_23_GML.zip", "url": "https://nlftp.mlit.go.jp/ksj/gml/data/A33/A33-22/A33-22_23_GML.zip"}, {"filename": "A33-21_23_GML.zip", "url": "https://nlftp.mlit.go.jp/ksj/gml/data/A33/A33-21/A33-21_23_GML.zip"}, {"filename": "A33-20_23_GML.zip", "url": "https://nlftp.mlit.go.jp/ksj/gml/data/A33/A33-20/A33-20_23_GML.zip"}, {"filename": "A33-19_23_GML.zip", "url": "https://nlftp.mlit.go.jp/ksj/gml/data/A33/A33-19/A33-19_23_GML.zip"}, {"filename": "A33-24_24_GML.zip", "url": "https://nlftp.mlit.go.jp/ksj/gml/data/A33/A33-24/A33-24_24_GML.zip"}, {"filename": "A33-24_24_SHP.zip", "url": "https://nlftp.mlit.go.jp/ksj/gml/data/A33/A33-24/A33-24_24_SHP.zip"}, {"filename": "A33-24_24_GEOJSON.zip", "url": "https://nlftp.mlit.go.jp/ksj/gml/data/A33/A33-24/A33-24_24_GEOJSON.zip"}, {"filename": "A33-23_24_GML.zip", "url": "https://nlftp.mlit.go.jp/ksj/gml/data/A33/A33-23/A33-23_24_GML.zip"}, {"filename": "A33-22_24_GML.zip", "url": "https://nlftp.mlit.go.jp/ksj/gml/data/A33/A33-22/A33-22_24_GML.zip"}, {"filename": "A33-21_24_GML.zip", "url": "https://nlftp.mlit.go.jp/ksj/gml/data/A33/A33-21/A33-21_24_GML.zip"}, {"filename": "A33-20_24_GML.zip", "url": "https://nlftp.mlit.go.jp/ksj/gml/data/A33/A33-20/A33-20_24_GML.zip"}, {"filename": "A33-19_24_GML.zip", "url": "https://nlftp.mlit.go.jp/ksj/gml/data/A33/A33-19/A33-19_24_GML.zip"}, {"filename": "A33-18_24_GML.zip", "url": "https://nlftp.mlit.go.jp/ksj/gml/data/A33/A33-18/A33-18_24_GML.zip"}, {"filename": "A33-17_24_GML.zip", "url": "https://nlftp.mlit.go.jp/ksj/gml/data/A33/A33-17/A33-17_24_GML.zip"}, {"filename": "A33-16_24_GML.zip", "url": "https://nlftp.mlit.go.jp/ksj/gml/data/A33/A33-16/A33-16_24_GML.zip"}, {"filename": "A33-15_24_GML.zip", "url": "https://nlftp.mlit.go.jp/ksj/gml/data/A33/A33-15/A33-15_24_GML.zip"}, {"filename": "A33-13_24_GML.zip", "url": "https://nlftp.mlit.go.jp/ksj/gml/data/A33/A33-13/A33-13_24_GML.zip"}, {"filename": "A33-24_56_GML.zip", "url": "https://nlftp.mlit.go.jp/ksj/gml/data/A33/A33-24/A33-24_56_GML.zip"}, {"filename": "A33-24_56_SHP.zip", "url": "https://nlftp.mlit.go.jp/ksj/gml/data/A33/A33-24/A33-24_56_SHP.zip"}, {"filename": "A33-24_56_GEOJSON.zip", "url": "https://nlftp.mlit.go.jp/ksj/gml/data/A33/A33-24/A33-24_56_GEOJSON.zip"}, {"filename": "A33-23_56_GML.zip", "url": "https://nlftp.mlit.go.jp/ksj/gml/data/A33/A33-23/A33-23_56_GML.zip"}, {"filename": "A33-22_56_GML.zip", "url": "https://nlftp.mlit.go.jp/ksj/gml/data/A33/A33-22/A33-22_56_GML.zip"}, {"filename": "A33-24_25_GML.zip", "url": "https://nlftp.mlit.go.jp/ksj/gml/data/A33/A33-24/A33-24_25_GML.zip"}, {"filename": "A33-24_25_SHP.zip", "url": "https://nlftp.mlit.go.jp/ksj/gml/data/A33/A33-24/A33-24_25_SHP.zip"}, {"filename": "A33-24_25_GEOJSON.zip", "url": "https://nlftp.mlit.go.jp/ksj/gml/data/A33/A33-24/A33-24_25_GEOJSON.zip"}, {"filename": "A33-23_25_GML.zip", "url": "https://nlftp.mlit.go.jp/ksj/gml/data/A33/A33-23/A33-23_25_GML.zip"}, {"filename": "A33-22_25_GML.zip", "url": "https://nlftp.mlit.go.jp/ksj/gml/data/A33/A33-22/A33-22_25_GML.zip"}, {"filename": "A33-21_25_GML.zip", "url": "https://nlftp.mlit.go.jp/ksj/gml/data/A33/A33-21/A33-21_25_GML.zip"}, {"filename": "A33-20_25_GML.zip", "url": "https://nlftp.mlit.go.jp/ksj/gml/data/A33/A33-20/A33-20_25_GML.zip"}, {"filename": "A33-19_25_GML.zip", "url": "https://nlftp.mlit.go.jp/ksj/gml/data/A33/A33-19/A33-19_25_GML.zip"}, {"filename": "A33-18_25_GML.zip", "url": "https://nlftp.mlit.go.jp/ksj/gml/data/A33/A33-18/A33-18_25_GML.zip"}, {"filename": "A33-17_25_GML.zip", "url": "https://nlftp.mlit.go.jp/ksj/gml/data/A33/A33-17/A33-17_25_GML.zip"}, {"filename": "A33-16_25_GML.zip", "url": "https://nlftp.mlit.go.jp/ksj/gml/data/A33/A33-16/A33-16_25_GML.zip"}, {"filename": "A33-15_25_GML.zip", "url": "https://nlftp.mlit.go.jp/ksj/gml/data/A33/A33-15/A33-15_25_GML.zip"}, {"filename": "A33-13_25_GML.zip", "url": "https://nlftp.mlit.go.jp/ksj/gml/data/A33/A33-13/A33-13_25_GML.zip"}, {"filename": "A33-24_26_GML.zip", "url": "https://nlftp.mlit.go.jp/ksj/gml/data/A33/A33-24/A33-24_26_GML.zip"}, {"filename": "A33-24_26_SHP.zip", "url": "https://nlftp.mlit.go.jp/ksj/gml/data/A33/A33-24/A33-24_26_SHP.zip"}, {"filename": "A33-24_26_GEOJSON.zip", "url": "https://nlftp.mlit.go.jp/ksj/gml/data/A33/A33-24/A33-24_26_GEOJSON.zip"}, {"filename": "A33-23_26_GML.zip", "url": "https://nlftp.mlit.go.jp/ksj/gml/data/A33/A33-23/A33-23_26_GML.zip"}, {"filename": "A33-22_26_GML.zip", "url": "https://nlftp.mlit.go.jp/ksj/gml/data/A33/A33-22/A33-22_26_GML.zip"}, {"filename": "A33-21_26_GML.zip", "url": "https://nlftp.mlit.go.jp/ksj/gml/data/A33/A33-21/A33-21_26_GML.zip"}, {"filename": "A33-20_26_GML.zip", "url": "https://nlftp.mlit.go.jp/ksj/gml/data/A33/A33-20/A33-20_26_GML.zip"}, {"filename": "A33-19_26_GML.zip", "url": "https://nlftp.mlit.go.jp/ksj/gml/data/A33/A33-19/A33-19_26_GML.zip"}, {"filename": "A33-18_26_GML.zip", "url": "https://nlftp.mlit.go.jp/ksj/gml/data/A33/A33-18/A33-18_26_GML.zip"}, {"filename": "A33-17_26_GML.zip", "url": "https://nlftp.mlit.go.jp/ksj/gml/data/A33/A33-17/A33-17_26_GML.zip"}, {"filename": "A33-16_26_GML.zip", "url": "https://nlftp.mlit.go.jp/ksj/gml/data/A33/A33-16/A33-16_26_GML.zip"}, {"filename": "A33-15_26_GML.zip", "url": "https://nlftp.mlit.go.jp/ksj/gml/data/A33/A33-15/A33-15_26_GML.zip"}, {"filename": "A33-13_26_GML.zip", "url": "https://nlftp.mlit.go.jp/ksj/gml/data/A33/A33-13/A33-13_26_GML.zip"}, {"filename": "A33-24_27_GML.zip", "url": "https://nlftp.mlit.go.jp/ksj/gml/data/A33/A33-24/A33-24_27_GML.zip"}, {"filename": "A33-24_27_SHP.zip", "url": "https://nlftp.mlit.go.jp/ksj/gml/data/A33/A33-24/A33-24_27_SHP.zip"}, {"filename": "A33-24_27_GEOJSON.zip", "url": "https://nlftp.mlit.go.jp/ksj/gml/data/A33/A33-24/A33-24_27_GEOJSON.zip"}, {"filename": "A33-23_27_GML.zip", "url": "https://nlftp.mlit.go.jp/ksj/gml/data/A33/A33-23/A33-23_27_GML.zip"}, {"filename": "A33-22_27_GML.zip", "url": "https://nlftp.mlit.go.jp/ksj/gml/data/A33/A33-22/A33-22_27_GML.zip"}, {"filename": "A33-21_27_GML.zip", "url": "https://nlftp.mlit.go.jp/ksj/gml/data/A33/A33-21/A33-21_27_GML.zip"}, {"filename": "A33-20_27_GML.zip", "url": "https://nlftp.mlit.go.jp/ksj/gml/data/A33/A33-20/A33-20_27_GML.zip"}, {"filename": "A33-19_27_GML.zip", "url": "https://nlftp.mlit.go.jp/ksj/gml/data/A33/A33-19/A33-19_27_GML.zip"}, {"filename": "A33-18_27_GML.zip", "url": "https://nlftp.mlit.go.jp/ksj/gml/data/A33/A33-18/A33-18_27_GML.zip"}, {"filename": "A33-17_27_GML.zip", "url": "https://nlftp.mlit.go.jp/ksj/gml/data/A33/A33-17/A33-17_27_GML.zip"}, {"filename": "A33-16_27_GML.zip", "url": "https://nlftp.mlit.go.jp/ksj/gml/data/A33/A33-16/A33-16_27_GML.zip"}, {"filename": "A33-15_27_GML.zip", "url": "https://nlftp.mlit.go.jp/ksj/gml/data/A33/A33-15/A33-15_27_GML.zip"}, {"filename": "A33-13_27_GML.zip", "url": "https://nlftp.mlit.go.jp/ksj/gml/data/A33/A33-13/A33-13_27_GML.zip"}, {"filename": "A33-24_28_GML.zip", "url": "https://nlftp.mlit.go.jp/ksj/gml/data/A33/A33-24/A33-24_28_GML.zip"}, {"filename": "A33-24_28_SHP.zip", "url": "https://nlftp.mlit.go.jp/ksj/gml/data/A33/A33-24/A33-24_28_SHP.zip"}, {"filename": "A33-24_28_GEOJSON.zip", "url": "https://nlftp.mlit.go.jp/ksj/gml/data/A33/A33-24/A33-24_28_GEOJSON.zip"}, {"filename": "A33-23_28_GML.zip", "url": "https://nlftp.mlit.go.jp/ksj/gml/data/A33/A33-23/A33-23_28_GML.zip"}, {"filename": "A33-22_28_GML.zip", "url": "https://nlftp.mlit.go.jp/ksj/gml/data/A33/A33-22/A33-22_28_GML.zip"}, {"filename": "A33-21_28_GML.zip", "url": "https://nlftp.mlit.go.jp/ksj/gml/data/A33/A33-21/A33-21_28_GML.zip"}, {"filename": "A33-20_28_GML.zip", "url": "https://nlftp.mlit.go.jp/ksj/gml/data/A33/A33-20/A33-20_28_GML.zip"}, {"filename": "A33-19_28_GML.zip", "url": "https://nlftp.mlit.go.jp/ksj/gml/data/A33/A33-19/A33-19_28_GML.zip"}, {"filename": "A33-18_28_GML.zip", "url": "https://nlftp.mlit.go.jp/ksj/gml/data/A33/A33-18/A33-18_28_GML.zip"}, {"filename": "A33-17_28_GML.zip", "url": "https://nlftp.mlit.go.jp/ksj/gml/data/A33/A33-17/A33-17_28_GML.zip"}, {"filename": "A33-16_28_GML.zip", "url": "https://nlftp.mlit.go.jp/ksj/gml/data/A33/A33-16/A33-16_28_GML.zip"}, {"filename": "A33-15_28_GML.zip", "url": "https://nlftp.mlit.go.jp/ksj/gml/data/A33/A33-15/A33-15_28_GML.zip"}, {"filename": "A33-24_29_GML.zip", "url": "https://nlftp.mlit.go.jp/ksj/gml/data/A33/A33-24/A33-24_29_GML.zip"}, {"filename": "A33-24_29_SHP.zip", "url": "https://nlftp.mlit.go.jp/ksj/gml/data/A33/A33-24/A33-24_29_SHP.zip"}, {"filename": "A33-24_29_GEOJSON.zip", "url": "https://nlftp.mlit.go.jp/ksj/gml/data/A33/A33-24/A33-24_29_GEOJSON.zip"}, {"filename": "A33-23_29_GML.zip", "url": "https://nlftp.mlit.go.jp/ksj/gml/data/A33/A33-23/A33-23_29_GML.zip"}, {"filename": "A33-22_29_GML.zip", "url": "https://nlftp.mlit.go.jp/ksj/gml/data/A33/A33-22/A33-22_29_GML.zip"}, {"filename": "A33-21_29_GML.zip", "url": "https://nlftp.mlit.go.jp/ksj/gml/data/A33/A33-21/A33-21_29_GML.zip"}, {"filename": "A33-20_29_GML.zip", "url": "https://nlftp.mlit.go.jp/ksj/gml/data/A33/A33-20/A33-20_29_GML.zip"}, {"filename": "A33-19_29_GML.zip", "url": "https://nlftp.mlit.go.jp/ksj/gml/data/A33/A33-19/A33-19_29_GML.zip"}, {"filename": "A33-18_29_GML.zip", "url": "https://nlftp.mlit.go.jp/ksj/gml/data/A33/A33-18/A33-18_29_GML.zip"}, {"filename": "A33-17_29_GML.zip", "url": "https://nlftp.mlit.go.jp/ksj/gml/data/A33/A33-17/A33-17_29_GML.zip"}, {"filename": "A33-16_29_GML.zip", "url": "https://nlftp.mlit.go.jp/ksj/gml/data/A33/A33-16/A33-16_29_GML.zip"}, {"filename": "A33-15_29_GML.zip", "url": "https://nlftp.mlit.go.jp/ksj/gml/data/A33/A33-15/A33-15_29_GML.zip"}, {"filename": "A33-13_29_GML.zip", "url": "https://nlftp.mlit.go.jp/ksj/gml/data/A33/A33-13/A33-13_29_GML.zip"}, {"filename": "A33-24_30_GML.zip", "url": "https://nlftp.mlit.go.jp/ksj/gml/data/A33/A33-24/A33-24_30_GML.zip"}, {"filename": "A33-24_30_SHP.zip", "url": "https://nlftp.mlit.go.jp/ksj/gml/data/A33/A33-24/A33-24_30_SHP.zip"}, {"filename": "A33-24_30_GEOJSON.zip", "url": "https://nlftp.mlit.go.jp/ksj/gml/data/A33/A33-24/A33-24_30_GEOJSON.zip"}, {"filename": "A33-23_30_GML.zip", "url": "https://nlftp.mlit.go.jp/ksj/gml/data/A33/A33-23/A33-23_30_GML.zip"}, {"filename": "A33-22_30_GML.zip", "url": "https://nlftp.mlit.go.jp/ksj/gml/data/A33/A33-22/A33-22_30_GML.zip"}, {"filename": "A33-21_30_GML.zip", "url": "https://nlftp.mlit.go.jp/ksj/gml/data/A33/A33-21/A33-21_30_GML.zip"}, {"filename": "A33-20_30_GML.zip", "url": "https://nlftp.mlit.go.jp/ksj/gml/data/A33/A33-20/A33-20_30_GML.zip"}, {"filename": "A33-19_30_GML.zip", "url": "https://nlftp.mlit.go.jp/ksj/gml/data/A33/A33-19/A33-19_30_GML.zip"}, {"filename": "A33-18_30_GML.zip", "url": "https://nlftp.mlit.go.jp/ksj/gml/data/A33/A33-18/A33-18_30_GML.zip"}, {"filename": "A33-17_30_GML.zip", "url": "https://nlftp.mlit.go.jp/ksj/gml/data/A33/A33-17/A33-17_30_GML.zip"}, {"filename": "A33-16_30_GML.zip", "url": "https://nlftp.mlit.go.jp/ksj/gml/data/A33/A33-16/A33-16_30_GML.zip"}, {"filename": "A33-15_30_GML.zip", "url": "https://nlftp.mlit.go.jp/ksj/gml/data/A33/A33-15/A33-15_30_GML.zip"}, {"filename": "A33-13_30_GML.zip", "url": "https://nlftp.mlit.go.jp/ksj/gml/data/A33/A33-13/A33-13_30_GML.zip"}, {"filename": "A33-24_57_GML.zip", "url": "https://nlftp.mlit.go.jp/ksj/gml/data/A33/A33-24/A33-24_57_GML.zip"}, {"filename": "A33-24_57_SHP.zip", "url": "https://nlftp.mlit.go.jp/ksj/gml/data/A33/A33-24/A33-24_57_SHP.zip"}, {"filename": "A33-24_57_GEOJSON.zip", "url": "https://nlftp.mlit.go.jp/ksj/gml/data/A33/A33-24/A33-24_57_GEOJSON.zip"}, {"filename": "A33-23_57_GML.zip", "url": "https://nlftp.mlit.go.jp/ksj/gml/data/A33/A33-23/A33-23_57_GML.zip"}, {"filename": "A33-22_57_GML.zip", "url": "https://nlftp.mlit.go.jp/ksj/gml/data/A33/A33-22/A33-22_57_GML.zip"}, {"filename": "A33-24_31_GML.zip", "url": "https://nlftp.mlit.go.jp/ksj/gml/data/A33/A33-24/A33-24_31_GML.zip"}, {"filename": "A33-24_31_SHP.zip", "url": "https://nlftp.mlit.go.jp/ksj/gml/data/A33/A33-24/A33-24_31_SHP.zip"}, {"filename": "A33-24_31_GEOJSON.zip", "url": "https://nlftp.mlit.go.jp/ksj/gml/data/A33/A33-24/A33-24_31_GEOJSON.zip"}, {"filename": "A33-23_31_GML.zip", "url": "https://nlftp.mlit.go.jp/ksj/gml/data/A33/A33-23/A33-23_31_GML.zip"}, {"filename": "A33-22_31_GML.zip", "url": "https://nlftp.mlit.go.jp/ksj/gml/data/A33/A33-22/A33-22_31_GML.zip"}, {"filename": "A33-21_31_GML.zip", "url": "https://nlftp.mlit.go.jp/ksj/gml/data/A33/A33-21/A33-21_31_GML.zip"}, {"filename": "A33-20_31_GML.zip", "url": "https://nlftp.mlit.go.jp/ksj/gml/data/A33/A33-20/A33-20_31_GML.zip"}, {"filename": "A33-19_31_GML.zip", "url": "https://nlftp.mlit.go.jp/ksj/gml/data/A33/A33-19/A33-19_31_GML.zip"}, {"filename": "A33-18_31_GML.zip", "url": "https://nlftp.mlit.go.jp/ksj/gml/data/A33/A33-18/A33-18_31_GML.zip"}, {"filename": "A33-17_31_GML.zip", "url": "https://nlftp.mlit.go.jp/ksj/gml/data/A33/A33-17/A33-17_31_GML.zip"}, {"filename": "A33-16_31_GML.zip", "url": "https://nlftp.mlit.go.jp/ksj/gml/data/A33/A33-16/A33-16_31_GML.zip"}, {"filename": "A33-15_31_GML.zip", "url": "https://nlftp.mlit.go.jp/ksj/gml/data/A33/A33-15/A33-15_31_GML.zip"}, {"filename": "A33-13_31_GML.zip", "url": "https://nlftp.mlit.go.jp/ksj/gml/data/A33/A33-13/A33-13_31_GML.zip"}, {"filename": "A33-24_32_GML.zip", "url": "https://nlftp.mlit.go.jp/ksj/gml/data/A33/A33-24/A33-24_32_GML.zip"}, {"filename": "A33-24_32_SHP.zip", "url": "https://nlftp.mlit.go.jp/ksj/gml/data/A33/A33-24/A33-24_32_SHP.zip"}, {"filename": "A33-24_32_GEOJSON.zip", "url": "https://nlftp.mlit.go.jp/ksj/gml/data/A33/A33-24/A33-24_32_GEOJSON.zip"}, {"filename": "A33-23_32_GML.zip", "url": "https://nlftp.mlit.go.jp/ksj/gml/data/A33/A33-23/A33-23_32_GML.zip"}, {"filename": "A33-22_32_GML.zip", "url": "https://nlftp.mlit.go.jp/ksj/gml/data/A33/A33-22/A33-22_32_GML.zip"}, {"filename": "A33-21_32_GML.zip", "url": "https://nlftp.mlit.go.jp/ksj/gml/data/A33/A33-21/A33-21_32_GML.zip"}, {"filename": "A33-20_32_GML.zip", "url": "https://nlftp.mlit.go.jp/ksj/gml/data/A33/A33-20/A33-20_32_GML.zip"}, {"filename": "A33-19_32_GML.zip", "url": "https://nlftp.mlit.go.jp/ksj/gml/data/A33/A33-19/A33-19_32_GML.zip"}, {"filename": "A33-18_32_GML.zip", "url": "https://nlftp.mlit.go.jp/ksj/gml/data/A33/A33-18/A33-18_32_GML.zip"}, {"filename": "A33-17_32_GML.zip", "url": "https://nlftp.mlit.go.jp/ksj/gml/data/A33/A33-17/A33-17_32_GML.zip"}, {"filename": "A33-16_32_GML.zip", "url": "https://nlftp.mlit.go.jp/ksj/gml/data/A33/A33-16/A33-16_32_GML.zip"}, {"filename": "A33-15_32_GML.zip", "url": "https://nlftp.mlit.go.jp/ksj/gml/data/A33/A33-15/A33-15_32_GML.zip"}, {"filename": "A33-13_32_GML.zip", "url": "https://nlftp.mlit.go.jp/ksj/gml/data/A33/A33-13/A33-13_32_GML.zip"}, {"filename": "A33-24_33_GML.zip", "url": "https://nlftp.mlit.go.jp/ksj/gml/data/A33/A33-24/A33-24_33_GML.zip"}, {"filename": "A33-24_33_SHP.zip", "url": "https://nlftp.mlit.go.jp/ksj/gml/data/A33/A33-24/A33-24_33_SHP.zip"}, {"filename": "A33-24_33_GEOJSON.zip", "url": "https://nlftp.mlit.go.jp/ksj/gml/data/A33/A33-24/A33-24_33_GEOJSON.zip"}, {"filename": "A33-23_33_GML.zip", "url": "https://nlftp.mlit.go.jp/ksj/gml/data/A33/A33-23/A33-23_33_GML.zip"}, {"filename": "A33-22_33_GML.zip", "url": "https://nlftp.mlit.go.jp/ksj/gml/data/A33/A33-22/A33-22_33_GML.zip"}, {"filename": "A33-21_33_GML.zip", "url": "https://nlftp.mlit.go.jp/ksj/gml/data/A33/A33-21/A33-21_33_GML.zip"}, {"filename": "A33-20_33_GML.zip", "url": "https://nlftp.mlit.go.jp/ksj/gml/data/A33/A33-20/A33-20_33_GML.zip"}, {"filename": "A33-19_33_GML.zip", "url": "https://nlftp.mlit.go.jp/ksj/gml/data/A33/A33-19/A33-19_33_GML.zip"}, {"filename": "A33-18_33_GML.zip", "url": "https://nlftp.mlit.go.jp/ksj/gml/data/A33/A33-18/A33-18_33_GML.zip"}, {"filename": "A33-17_33_GML.zip", "url": "https://nlftp.mlit.go.jp/ksj/gml/data/A33/A33-17/A33-17_33_GML.zip"}, {"filename": "A33-16_33_GML.zip", "url": "https://nlftp.mlit.go.jp/ksj/gml/data/A33/A33-16/A33-16_33_GML.zip"}, {"filename": "A33-15_33_GML.zip", "url": "https://nlftp.mlit.go.jp/ksj/gml/data/A33/A33-15/A33-15_33_GML.zip"}, {"filename": "A33-13_33_GML.zip", "url": "https://nlftp.mlit.go.jp/ksj/gml/data/A33/A33-13/A33-13_33_GML.zip"}, {"filename": "A33-24_34_GML.zip", "url": "https://nlftp.mlit.go.jp/ksj/gml/data/A33/A33-24/A33-24_34_GML.zip"}, {"filename": "A33-24_34_SHP.zip", "url": "https://nlftp.mlit.go.jp/ksj/gml/data/A33/A33-24/A33-24_34_SHP.zip"}, {"filename": "A33-24_34_GEOJSON.zip", "url": "https://nlftp.mlit.go.jp/ksj/gml/data/A33/A33-24/A33-24_34_GEOJSON.zip"}, {"filename": "A33-23_34_GML.zip", "url": "https://nlftp.mlit.go.jp/ksj/gml/data/A33/A33-23/A33-23_34_GML.zip"}, {"filename": "A33-22_34_GML.zip", "url": "https://nlftp.mlit.go.jp/ksj/gml/data/A33/A33-22/A33-22_34_GML.zip"}, {"filename": "A33-21_34_GML.zip", "url": "https://nlftp.mlit.go.jp/ksj/gml/data/A33/A33-21/A33-21_34_GML.zip"}, {"filename": "A33-20_34_GML.zip", "url": "https://nlftp.mlit.go.jp/ksj/gml/data/A33/A33-20/A33-20_34_GML.zip"}, {"filename": "A33-19_34_GML.zip", "url": "https://nlftp.mlit.go.jp/ksj/gml/data/A33/A33-19/A33-19_34_GML.zip"}, {"filename": "A33-18_34_GML.zip", "url": "https://nlftp.mlit.go.jp/ksj/gml/data/A33/A33-18/A33-18_34_GML.zip"}, {"filename": "A33-17_34_GML.zip", "url": "https://nlftp.mlit.go.jp/ksj/gml/data/A33/A33-17/A33-17_34_GML.zip"}, {"filename": "A33-16_34_GML.zip", "url": "https://nlftp.mlit.go.jp/ksj/gml/data/A33/A33-16/A33-16_34_GML.zip"}, {"filename": "A33-15_34_GML.zip", "url": "https://nlftp.mlit.go.jp/ksj/gml/data/A33/A33-15/A33-15_34_GML.zip"}, {"filename": "A33-13_34_GML.zip", "url": "https://nlftp.mlit.go.jp/ksj/gml/data/A33/A33-13/A33-13_34_GML.zip"}, {"filename": "A33-24_35_GML.zip", "url": "https://nlftp.mlit.go.jp/ksj/gml/data/A33/A33-24/A33-24_35_GML.zip"}, {"filename": "A33-24_35_SHP.zip", "url": "https://nlftp.mlit.go.jp/ksj/gml/data/A33/A33-24/A33-24_35_SHP.zip"}, {"filename": "A33-24_35_GEOJSON.zip", "url": "https://nlftp.mlit.go.jp/ksj/gml/data/A33/A33-24/A33-24_35_GEOJSON.zip"}, {"filename": "A33-23_35_GML.zip", "url": "https://nlftp.mlit.go.jp/ksj/gml/data/A33/A33-23/A33-23_35_GML.zip"}, {"filename": "A33-22_35_GML.zip", "url": "https://nlftp.mlit.go.jp/ksj/gml/data/A33/A33-22/A33-22_35_GML.zip"}, {"filename": "A33-21_35_GML.zip", "url": "https://nlftp.mlit.go.jp/ksj/gml/data/A33/A33-21/A33-21_35_GML.zip"}, {"filename": "A33-20_35_GML.zip", "url": "https://nlftp.mlit.go.jp/ksj/gml/data/A33/A33-20/A33-20_35_GML.zip"}, {"filename": "A33-19_35_GML.zip", "url": "https://nlftp.mlit.go.jp/ksj/gml/data/A33/A33-19/A33-19_35_GML.zip"}, {"filename": "A33-18_35_GML.zip", "url": "https://nlftp.mlit.go.jp/ksj/gml/data/A33/A33-18/A33-18_35_GML.zip"}, {"filename": "A33-17_35_GML.zip", "url": "https://nlftp.mlit.go.jp/ksj/gml/data/A33/A33-17/A33-17_35_GML.zip"}, {"filename": "A33-16_35_GML.zip", "url": "https://nlftp.mlit.go.jp/ksj/gml/data/A33/A33-16/A33-16_35_GML.zip"}, {"filename": "A33-15_35_GML.zip", "url": "https://nlftp.mlit.go.jp/ksj/gml/data/A33/A33-15/A33-15_35_GML.zip"}, {"filename": "A33-24_58_GML.zip", "url": "https://nlftp.mlit.go.jp/ksj/gml/data/A33/A33-24/A33-24_58_GML.zip"}, {"filename": "A33-24_58_SHP.zip", "url": "https://nlftp.mlit.go.jp/ksj/gml/data/A33/A33-24/A33-24_58_SHP.zip"}, {"filename": "A33-24_58_GEOJSON.zip", "url": "https://nlftp.mlit.go.jp/ksj/gml/data/A33/A33-24/A33-24_58_GEOJSON.zip"}, {"filename": "A33-23_58_GML.zip", "url": "https://nlftp.mlit.go.jp/ksj/gml/data/A33/A33-23/A33-23_58_GML.zip"}, {"filename": "A33-22_58_GML.zip", "url": "https://nlftp.mlit.go.jp/ksj/gml/data/A33/A33-22/A33-22_58_GML.zip"}, {"filename": "A33-24_36_GML.zip", "url": "https://nlftp.mlit.go.jp/ksj/gml/data/A33/A33-24/A33-24_36_GML.zip"}, {"filename": "A33-24_36_SHP.zip", "url": "https://nlftp.mlit.go.jp/ksj/gml/data/A33/A33-24/A33-24_36_SHP.zip"}, {"filename": "A33-24_36_GEOJSON.zip", "url": "https://nlftp.mlit.go.jp/ksj/gml/data/A33/A33-24/A33-24_36_GEOJSON.zip"}, {"filename": "A33-23_36_GML.zip", "url": "https://nlftp.mlit.go.jp/ksj/gml/data/A33/A33-23/A33-23_36_GML.zip"}, {"filename": "A33-22_36_GML.zip", "url": "https://nlftp.mlit.go.jp/ksj/gml/data/A33/A33-22/A33-22_36_GML.zip"}, {"filename": "A33-21_36_GML.zip", "url": "https://nlftp.mlit.go.jp/ksj/gml/data/A33/A33-21/A33-21_36_GML.zip"}, {"filename": "A33-20_36_GML.zip", "url": "https://nlftp.mlit.go.jp/ksj/gml/data/A33/A33-20/A33-20_36_GML.zip"}, {"filename": "A33-19_36_GML.zip", "url": "https://nlftp.mlit.go.jp/ksj/gml/data/A33/A33-19/A33-19_36_GML.zip"}, {"filename": "A33-18_36_GML.zip", "url": "https://nlftp.mlit.go.jp/ksj/gml/data/A33/A33-18/A33-18_36_GML.zip"}, {"filename": "A33-17_36_GML.zip", "url": "https://nlftp.mlit.go.jp/ksj/gml/data/A33/A33-17/A33-17_36_GML.zip"}, {"filename": "A33-16_36_GML.zip", "url": "https://nlftp.mlit.go.jp/ksj/gml/data/A33/A33-16/A33-16_36_GML.zip"}, {"filename": "A33-15_36_GML.zip", "url": "https://nlftp.mlit.go.jp/ksj/gml/data/A33/A33-15/A33-15_36_GML.zip"}, {"filename": "A33-13_36_GML.zip", "url": "https://nlftp.mlit.go.jp/ksj/gml/data/A33/A33-13/A33-13_36_GML.zip"}, {"filename": "A33-24_37_GML.zip", "url": "https://nlftp.mlit.go.jp/ksj/gml/data/A33/A33-24/A33-24_37_GML.zip"}, {"filename": "A33-24_37_SHP.zip", "url": "https://nlftp.mlit.go.jp/ksj/gml/data/A33/A33-24/A33-24_37_SHP.zip"}, {"filename": "A33-24_37_GEOJSON.zip", "url": "https://nlftp.mlit.go.jp/ksj/gml/data/A33/A33-24/A33-24_37_GEOJSON.zip"}, {"filename": "A33-23_37_GML.zip", "url": "https://nlftp.mlit.go.jp/ksj/gml/data/A33/A33-23/A33-23_37_GML.zip"}, {"filename": "A33-22_37_GML.zip", "url": "https://nlftp.mlit.go.jp/ksj/gml/data/A33/A33-22/A33-22_37_GML.zip"}, {"filename": "A33-21_37_GML.zip", "url": "https://nlftp.mlit.go.jp/ksj/gml/data/A33/A33-21/A33-21_37_GML.zip"}, {"filename": "A33-20_37_GML.zip", "url": "https://nlftp.mlit.go.jp/ksj/gml/data/A33/A33-20/A33-20_37_GML.zip"}, {"filename": "A33-19_37_GML.zip", "url": "https://nlftp.mlit.go.jp/ksj/gml/data/A33/A33-19/A33-19_37_GML.zip"}, {"filename": "A33-18_37_GML.zip", "url": "https://nlftp.mlit.go.jp/ksj/gml/data/A33/A33-18/A33-18_37_GML.zip"}, {"filename": "A33-17_37_GML.zip", "url": "https://nlftp.mlit.go.jp/ksj/gml/data/A33/A33-17/A33-17_37_GML.zip"}, {"filename": "A33-16_37_GML.zip", "url": "https://nlftp.mlit.go.jp/ksj/gml/data/A33/A33-16/A33-16_37_GML.zip"}, {"filename": "A33-15_37_GML.zip", "url": "https://nlftp.mlit.go.jp/ksj/gml/data/A33/A33-15/A33-15_37_GML.zip"}, {"filename": "A33-13_37_GML.zip", "url": "https://nlftp.mlit.go.jp/ksj/gml/data/A33/A33-13/A33-13_37_GML.zip"}, {"filename": "A33-24_38_GML.zip", "url": "https://nlftp.mlit.go.jp/ksj/gml/data/A33/A33-24/A33-24_38_GML.zip"}, {"filename": "A33-24_38_SHP.zip", "url": "https://nlftp.mlit.go.jp/ksj/gml/data/A33/A33-24/A33-24_38_SHP.zip"}, {"filename": "A33-24_38_GEOJSON.zip", "url": "https://nlftp.mlit.go.jp/ksj/gml/data/A33/A33-24/A33-24_38_GEOJSON.zip"}, {"filename": "A33-23_38_GML.zip", "url": "https://nlftp.mlit.go.jp/ksj/gml/data/A33/A33-23/A33-23_38_GML.zip"}, {"filename": "A33-22_38_GML.zip", "url": "https://nlftp.mlit.go.jp/ksj/gml/data/A33/A33-22/A33-22_38_GML.zip"}, {"filename": "A33-21_38_GML.zip", "url": "https://nlftp.mlit.go.jp/ksj/gml/data/A33/A33-21/A33-21_38_GML.zip"}, {"filename": "A33-20_38_GML.zip", "url": "https://nlftp.mlit.go.jp/ksj/gml/data/A33/A33-20/A33-20_38_GML.zip"}, {"filename": "A33-19_38_GML.zip", "url": "https://nlftp.mlit.go.jp/ksj/gml/data/A33/A33-19/A33-19_38_GML.zip"}, {"filename": "A33-18_38_GML.zip", "url": "https://nlftp.mlit.go.jp/ksj/gml/data/A33/A33-18/A33-18_38_GML.zip"}, {"filename": "A33-17_38_GML.zip", "url": "https://nlftp.mlit.go.jp/ksj/gml/data/A33/A33-17/A33-17_38_GML.zip"}, {"filename": "A33-16_38_GML.zip", "url": "https://nlftp.mlit.go.jp/ksj/gml/data/A33/A33-16/A33-16_38_GML.zip"}, {"filename": "A33-15_38_GML.zip", "url": "https://nlftp.mlit.go.jp/ksj/gml/data/A33/A33-15/A33-15_38_GML.zip"}, {"filename": "A33-13_38_GML.zip", "url": "https://nlftp.mlit.go.jp/ksj/gml/data/A33/A33-13/A33-13_38_GML.zip"}, {"filename": "A33-24_39_GML.zip", "url": "https://nlftp.mlit.go.jp/ksj/gml/data/A33/A33-24/A33-24_39_GML.zip"}, {"filename": "A33-24_39_SHP.zip", "url": "https://nlftp.mlit.go.jp/ksj/gml/data/A33/A33-24/A33-24_39_SHP.zip"}, {"filename": "A33-24_39_GEOJSON.zip", "url": "https://nlftp.mlit.go.jp/ksj/gml/data/A33/A33-24/A33-24_39_GEOJSON.zip"}, {"filename": "A33-23_39_GML.zip", "url": "https://nlftp.mlit.go.jp/ksj/gml/data/A33/A33-23/A33-23_39_GML.zip"}, {"filename": "A33-22_39_GML.zip", "url": "https://nlftp.mlit.go.jp/ksj/gml/data/A33/A33-22/A33-22_39_GML.zip"}, {"filename": "A33-21_39_GML.zip", "url": "https://nlftp.mlit.go.jp/ksj/gml/data/A33/A33-21/A33-21_39_GML.zip"}, {"filename": "A33-20_39_GML.zip", "url": "https://nlftp.mlit.go.jp/ksj/gml/data/A33/A33-20/A33-20_39_GML.zip"}, {"filename": "A33-19_39_GML.zip", "url": "https://nlftp.mlit.go.jp/ksj/gml/data/A33/A33-19/A33-19_39_GML.zip"}, {"filename": "A33-18_39_GML.zip", "url": "https://nlftp.mlit.go.jp/ksj/gml/data/A33/A33-18/A33-18_39_GML.zip"}, {"filename": "A33-17_39_GML.zip", "url": "https://nlftp.mlit.go.jp/ksj/gml/data/A33/A33-17/A33-17_39_GML.zip"}, {"filename": "A33-16_39_GML.zip", "url": "https://nlftp.mlit.go.jp/ksj/gml/data/A33/A33-16/A33-16_39_GML.zip"}, {"filename": "A33-15_39_GML.zip", "url": "https://nlftp.mlit.go.jp/ksj/gml/data/A33/A33-15/A33-15_39_GML.zip"}, {"filename": "A33-13_39_GML.zip", "url": "https://nlftp.mlit.go.jp/ksj/gml/data/A33/A33-13/A33-13_39_GML.zip"}, {"filename": "A33-24_59_GML.zip", "url": "https://nlftp.mlit.go.jp/ksj/gml/data/A33/A33-24/A33-24_59_GML.zip"}, {"filename": "A33-24_59_SHP.zip", "url": "https://nlftp.mlit.go.jp/ksj/gml/data/A33/A33-24/A33-24_59_SHP.zip"}, {"filename": "A33-24_59_GEOJSON.zip", "url": "https://nlftp.mlit.go.jp/ksj/gml/data/A33/A33-24/A33-24_59_GEOJSON.zip"}, {"filename": "A33-23_59_GML.zip", "url": "https://nlftp.mlit.go.jp/ksj/gml/data/A33/A33-23/A33-23_59_GML.zip"}, {"filename": "A33-22_59_GML.zip", "url": "https://nlftp.mlit.go.jp/ksj/gml/data/A33/A33-22/A33-22_59_GML.zip"}, {"filename": "A33-24_40_GML.zip", "url": "https://nlftp.mlit.go.jp/ksj/gml/data/A33/A33-24/A33-24_40_GML.zip"}, {"filename": "A33-24_40_SHP.zip", "url": "https://nlftp.mlit.go.jp/ksj/gml/data/A33/A33-24/A33-24_40_SHP.zip"}, {"filename": "A33-24_40_GEOJSON.zip", "url": "https://nlftp.mlit.go.jp/ksj/gml/data/A33/A33-24/A33-24_40_GEOJSON.zip"}, {"filename": "A33-23_40_GML.zip", "url": "https://nlftp.mlit.go.jp/ksj/gml/data/A33/A33-23/A33-23_40_GML.zip"}, {"filename": "A33-22_40_GML.zip", "url": "https://nlftp.mlit.go.jp/ksj/gml/data/A33/A33-22/A33-22_40_GML.zip"}, {"filename": "A33-21_40_GML.zip", "url": "https://nlftp.mlit.go.jp/ksj/gml/data/A33/A33-21/A33-21_40_GML.zip"}, {"filename": "A33-20_40_GML.zip", "url": "https://nlftp.mlit.go.jp/ksj/gml/data/A33/A33-20/A33-20_40_GML.zip"}, {"filename": "A33-19_40_GML.zip", "url": "https://nlftp.mlit.go.jp/ksj/gml/data/A33/A33-19/A33-19_40_GML.zip"}, {"filename": "A33-18_40_GML.zip", "url": "https://nlftp.mlit.go.jp/ksj/gml/data/A33/A33-18/A33-18_40_GML.zip"}, {"filename": "A33-17_40_GML.zip", "url": "https://nlftp.mlit.go.jp/ksj/gml/data/A33/A33-17/A33-17_40_GML.zip"}, {"filename": "A33-13_40_GML.zip", "url": "https://nlftp.mlit.go.jp/ksj/gml/data/A33/A33-13/A33-13_40_GML.zip"}, {"filename": "A33-24_41_GML.zip", "url": "https://nlftp.mlit.go.jp/ksj/gml/data/A33/A33-24/A33-24_41_GML.zip"}, {"filename": "A33-24_41_SHP.zip", "url": "https://nlftp.mlit.go.jp/ksj/gml/data/A33/A33-24/A33-24_41_SHP.zip"}, {"filename": "A33-24_41_GEOJSON.zip", "url": "https://nlftp.mlit.go.jp/ksj/gml/data/A33/A33-24/A33-24_41_GEOJSON.zip"}, {"filename": "A33-23_41_GML.zip", "url": "https://nlftp.mlit.go.jp/ksj/gml/data/A33/A33-23/A33-23_41_GML.zip"}, {"filename": "A33-22_41_GML.zip", "url": "https://nlftp.mlit.go.jp/ksj/gml/data/A33/A33-22/A33-22_41_GML.zip"}, {"filename": "A33-21_41_GML.zip", "url": "https://nlftp.mlit.go.jp/ksj/gml/data/A33/A33-21/A33-21_41_GML.zip"}, {"filename": "A33-20_41_GML.zip", "url": "https://nlftp.mlit.go.jp/ksj/gml/data/A33/A33-20/A33-20_41_GML.zip"}, {"filename": "A33-19_41_GML.zip", "url": "https://nlftp.mlit.go.jp/ksj/gml/data/A33/A33-19/A33-19_41_GML.zip"}, {"filename": "A33-18_41_GML.zip", "url": "https://nlftp.mlit.go.jp/ksj/gml/data/A33/A33-18/A33-18_41_GML.zip"}, {"filename": "A33-17_41_GML.zip", "url": "https://nlftp.mlit.go.jp/ksj/gml/data/A33/A33-17/A33-17_41_GML.zip"}, {"filename": "A33-16_41_GML.zip", "url": "https://nlftp.mlit.go.jp/ksj/gml/data/A33/A33-16/A33-16_41_GML.zip"}, {"filename": "A33-15_41_GML.zip", "url": "https://nlftp.mlit.go.jp/ksj/gml/data/A33/A33-15/A33-15_41_GML.zip"}, {"filename": "A33-13_41_GML.zip", "url": "https://nlftp.mlit.go.jp/ksj/gml/data/A33/A33-13/A33-13_41_GML.zip"}, {"filename": "A33-24_42_GML.zip", "url": "https://nlftp.mlit.go.jp/ksj/gml/data/A33/A33-24/A33-24_42_GML.zip"}, {"filename": "A33-24_42_SHP.zip", "url": "https://nlftp.mlit.go.jp/ksj/gml/data/A33/A33-24/A33-24_42_SHP.zip"}, {"filename": "A33-24_42_GEOJSON.zip", "url": "https://nlftp.mlit.go.jp/ksj/gml/data/A33/A33-24/A33-24_42_GEOJSON.zip"}, {"filename": "A33-23_42_GML.zip", "url": "https://nlftp.mlit.go.jp/ksj/gml/data/A33/A33-23/A33-23_42_GML.zip"}, {"filename": "A33-22_42_GML.zip", "url": "https://nlftp.mlit.go.jp/ksj/gml/data/A33/A33-22/A33-22_42_GML.zip"}, {"filename": "A33-21_42_GML.zip", "url": "https://nlftp.mlit.go.jp/ksj/gml/data/A33/A33-21/A33-21_42_GML.zip"}, {"filename": "A33-20_42_GML.zip", "url": "https://nlftp.mlit.go.jp/ksj/gml/data/A33/A33-20/A33-20_42_GML.zip"}, {"filename": "A33-19_42_GML.zip", "url": "https://nlftp.mlit.go.jp/ksj/gml/data/A33/A33-19/A33-19_42_GML.zip"}, {"filename": "A33-18_42_GML.zip", "url": "https://nlftp.mlit.go.jp/ksj/gml/data/A33/A33-18/A33-18_42_GML.zip"}, {"filename": "A33-17_42_GML.zip", "url": "https://nlftp.mlit.go.jp/ksj/gml/data/A33/A33-17/A33-17_42_GML.zip"}, {"filename": "A33-16_42_GML.zip", "url": "https://nlftp.mlit.go.jp/ksj/gml/data/A33/A33-16/A33-16_42_GML.zip"}, {"filename": "A33-15_42_GML.zip", "url": "https://nlftp.mlit.go.jp/ksj/gml/data/A33/A33-15/A33-15_42_GML.zip"}, {"filename": "A33-13_42_GML.zip", "url": "https://nlftp.mlit.go.jp/ksj/gml/data/A33/A33-13/A33-13_42_GML.zip"}, {"filename": "A33-24_43_GML.zip", "url": "https://nlftp.mlit.go.jp/ksj/gml/data/A33/A33-24/A33-24_43_GML.zip"}, {"filename": "A33-24_43_SHP.zip", "url": "https://nlftp.mlit.go.jp/ksj/gml/data/A33/A33-24/A33-24_43_SHP.zip"}, {"filename": "A33-24_43_GEOJSON.zip", "url": "https://nlftp.mlit.go.jp/ksj/gml/data/A33/A33-24/A33-24_43_GEOJSON.zip"}, {"filename": "A33-23_43_GML.zip", "url": "https://nlftp.mlit.go.jp/ksj/gml/data/A33/A33-23/A33-23_43_GML.zip"}, {"filename": "A33-22_43_GML.zip", "url": "https://nlftp.mlit.go.jp/ksj/gml/data/A33/A33-22/A33-22_43_GML.zip"}, {"filename": "A33-21_43_GML.zip", "url": "https://nlftp.mlit.go.jp/ksj/gml/data/A33/A33-21/A33-21_43_GML.zip"}, {"filename": "A33-20_43_GML.zip", "url": "https://nlftp.mlit.go.jp/ksj/gml/data/A33/A33-20/A33-20_43_GML.zip"}, {"filename": "A33-19_43_GML.zip", "url": "https://nlftp.mlit.go.jp/ksj/gml/data/A33/A33-19/A33-19_43_GML.zip"}, {"filename": "A33-18_43_GML.zip", "url": "https://nlftp.mlit.go.jp/ksj/gml/data/A33/A33-18/A33-18_43_GML.zip"}, {"filename": "A33-17_43_GML.zip", "url": "https://nlftp.mlit.go.jp/ksj/gml/data/A33/A33-17/A33-17_43_GML.zip"}, {"filename": "A33-16_43_GML.zip", "url": "https://nlftp.mlit.go.jp/ksj/gml/data/A33/A33-16/A33-16_43_GML.zip"}, {"filename": "A33-15_43_GML.zip", "url": "https://nlftp.mlit.go.jp/ksj/gml/data/A33/A33-15/A33-15_43_GML.zip"}, {"filename": "A33-13_43_GML.zip", "url": "https://nlftp.mlit.go.jp/ksj/gml/data/A33/A33-13/A33-13_43_GML.zip"}, {"filename": "A33-24_44_GML.zip", "url": "https://nlftp.mlit.go.jp/ksj/gml/data/A33/A33-24/A33-24_44_GML.zip"}, {"filename": "A33-24_44_SHP.zip", "url": "https://nlftp.mlit.go.jp/ksj/gml/data/A33/A33-24/A33-24_44_SHP.zip"}, {"filename": "A33-24_44_GEOJSON.zip", "url": "https://nlftp.mlit.go.jp/ksj/gml/data/A33/A33-24/A33-24_44_GEOJSON.zip"}, {"filename": "A33-23_44_GML.zip", "url": "https://nlftp.mlit.go.jp/ksj/gml/data/A33/A33-23/A33-23_44_GML.zip"}, {"filename": "A33-22_44_GML.zip", "url": "https://nlftp.mlit.go.jp/ksj/gml/data/A33/A33-22/A33-22_44_GML.zip"}, {"filename": "A33-21_44_GML.zip", "url": "https://nlftp.mlit.go.jp/ksj/gml/data/A33/A33-21/A33-21_44_GML.zip"}, {"filename": "A33-20_44_GML.zip", "url": "https://nlftp.mlit.go.jp/ksj/gml/data/A33/A33-20/A33-20_44_GML.zip"}, {"filename": "A33-19_44_GML.zip", "url": "https://nlftp.mlit.go.jp/ksj/gml/data/A33/A33-19/A33-19_44_GML.zip"}, {"filename": "A33-18_44_GML.zip", "url": "https://nlftp.mlit.go.jp/ksj/gml/data/A33/A33-18/A33-18_44_GML.zip"}, {"filename": "A33-17_44_GML.zip", "url": "https://nlftp.mlit.go.jp/ksj/gml/data/A33/A33-17/A33-17_44_GML.zip"}, {"filename": "A33-16_44_GML.zip", "url": "https://nlftp.mlit.go.jp/ksj/gml/data/A33/A33-16/A33-16_44_GML.zip"}, {"filename": "A33-15_44_GML.zip", "url": "https://nlftp.mlit.go.jp/ksj/gml/data/A33/A33-15/A33-15_44_GML.zip"}, {"filename": "A33-13_44_GML.zip", "url": "https://nlftp.mlit.go.jp/ksj/gml/data/A33/A33-13/A33-13_44_GML.zip"}, {"filename": "A33-24_45_GML.zip", "url": "https://nlftp.mlit.go.jp/ksj/gml/data/A33/A33-24/A33-24_45_GML.zip"}, {"filename": "A33-24_45_SHP.zip", "url": "https://nlftp.mlit.go.jp/ksj/gml/data/A33/A33-24/A33-24_45_SHP.zip"}, {"filename": "A33-24_45_GEOJSON.zip", "url": "https://nlftp.mlit.go.jp/ksj/gml/data/A33/A33-24/A33-24_45_GEOJSON.zip"}, {"filename": "A33-23_45_GML.zip", "url": "https://nlftp.mlit.go.jp/ksj/gml/data/A33/A33-23/A33-23_45_GML.zip"}, {"filename": "A33-22_45_GML.zip", "url": "https://nlftp.mlit.go.jp/ksj/gml/data/A33/A33-22/A33-22_45_GML.zip"}, {"filename": "A33-21_45_GML.zip", "url": "https://nlftp.mlit.go.jp/ksj/gml/data/A33/A33-21/A33-21_45_GML.zip"}, {"filename": "A33-20_45_GML.zip", "url": "https://nlftp.mlit.go.jp/ksj/gml/data/A33/A33-20/A33-20_45_GML.zip"}, {"filename": "A33-19_45_GML.zip", "url": "https://nlftp.mlit.go.jp/ksj/gml/data/A33/A33-19/A33-19_45_GML.zip"}, {"filename": "A33-18_45_GML.zip", "url": "https://nlftp.mlit.go.jp/ksj/gml/data/A33/A33-18/A33-18_45_GML.zip"}, {"filename": "A33-17_45_GML.zip", "url": "https://nlftp.mlit.go.jp/ksj/gml/data/A33/A33-17/A33-17_45_GML.zip"}, {"filename": "A33-15_45_GML.zip", "url": "https://nlftp.mlit.go.jp/ksj/gml/data/A33/A33-15/A33-15_45_GML.zip"}, {"filename": "A33-13_45_GML.zip", "url": "https://nlftp.mlit.go.jp/ksj/gml/data/A33/A33-13/A33-13_45_GML.zip"}, {"filename": "A33-24_46_GML.zip", "url": "https://nlftp.mlit.go.jp/ksj/gml/data/A33/A33-24/A33-24_46_GML.zip"}, {"filename": "A33-24_46_SHP.zip", "url": "https://nlftp.mlit.go.jp/ksj/gml/data/A33/A33-24/A33-24_46_SHP.zip"}, {"filename": "A33-24_46_GEOJSON.zip", "url": "https://nlftp.mlit.go.jp/ksj/gml/data/A33/A33-24/A33-24_46_GEOJSON.zip"}, {"filename": "A33-23_46_GML.zip", "url": "https://nlftp.mlit.go.jp/ksj/gml/data/A33/A33-23/A33-23_46_GML.zip"}, {"filename": "A33-22_46_GML.zip", "url": "https://nlftp.mlit.go.jp/ksj/gml/data/A33/A33-22/A33-22_46_GML.zip"}, {"filename": "A33-21_46_GML.zip", "url": "https://nlftp.mlit.go.jp/ksj/gml/data/A33/A33-21/A33-21_46_GML.zip"}, {"filename": "A33-20_46_GML.zip", "url": "https://nlftp.mlit.go.jp/ksj/gml/data/A33/A33-20/A33-20_46_GML.zip"}, {"filename": "A33-19_46_GML.zip", "url": "https://nlftp.mlit.go.jp/ksj/gml/data/A33/A33-19/A33-19_46_GML.zip"}, {"filename": "A33-18_46_GML.zip", "url": "https://nlftp.mlit.go.jp/ksj/gml/data/A33/A33-18/A33-18_46_GML.zip"}, {"filename": "A33-17_46_GML.zip", "url": "https://nlftp.mlit.go.jp/ksj/gml/data/A33/A33-17/A33-17_46_GML.zip"}, {"filename": "A33-16_46_GML.zip", "url": "https://nlftp.mlit.go.jp/ksj/gml/data/A33/A33-16/A33-16_46_GML.zip"}, {"filename": "A33-15_46_GML.zip", "url": "https://nlftp.mlit.go.jp/ksj/gml/data/A33/A33-15/A33-15_46_GML.zip"}, {"filename": "A33-13_46_GML.zip", "url": "https://nlftp.mlit.go.jp/ksj/gml/data/A33/A33-13/A33-13_46_GML.zip"}, {"filename": "A33-24_47_GML.zip", "url": "https://nlftp.mlit.go.jp/ksj/gml/data/A33/A33-24/A33-24_47_GML.zip"}, {"filename": "A33-24_47_SHP.zip", "url": "https://nlftp.mlit.go.jp/ksj/gml/data/A33/A33-24/A33-24_47_SHP.zip"}, {"filename": "A33-24_47_GEOJSON.zip", "url": "https://nlftp.mlit.go.jp/ksj/gml/data/A33/A33-24/A33-24_47_GEOJSON.zip"}, {"filename": "A33-23_47_GML.zip", "url": "https://nlftp.mlit.go.jp/ksj/gml/data/A33/A33-23/A33-23_47_GML.zip"}, {"filename": "A33-22_47_GML.zip", "url": "https://nlftp.mlit.go.jp/ksj/gml/data/A33/A33-22/A33-22_47_GML.zip"}, {"filename": "A33-21_47_GML.zip", "url": "https://nlftp.mlit.go.jp/ksj/gml/data/A33/A33-21/A33-21_47_GML.zip"}, {"filename": "A33-20_47_GML.zip", "url": "https://nlftp.mlit.go.jp/ksj/gml/data/A33/A33-20/A33-20_47_GML.zip"}, {"filename": "A33-19_47_GML.zip", "url": "https://nlftp.mlit.go.jp/ksj/gml/data/A33/A33-19/A33-19_47_GML.zip"}, {"filename": "A33-18_47_GML.zip", "url": "https://nlftp.mlit.go.jp/ksj/gml/data/A33/A33-18/A33-18_47_GML.zip"}, {"filename": "A33-17_47_GML.zip", "url": "https://nlftp.mlit.go.jp/ksj/gml/data/A33/A33-17/A33-17_47_GML.zip"}, {"filename": "A33-16_47_GML.zip", "url": "https://nlftp.mlit.go.jp/ksj/gml/data/A33/A33-16/A33-16_47_GML.zip"}, {"filename": "A33-15_47_GML.zip", "url": "https://nlftp.mlit.go.jp/ksj/gml/data/A33/A33-15/A33-15_47_GML.zip"}, {"filename": "A33-13_47_GML.zip", "url": "https://nlftp.mlit.go.jp/ksj/gml/data/A33/A33-13/A33-13_47_GML.zip"}]