北海道,世界測地系,2014年（平成26年）,12.45MB,A35a-14_01_GML.zip
青森,世界測地系,2014年（平成26年）,2.81MB,A35a-14_02_GML.zip
岩手,世界測地系,2014年（平成26年）,11.83MB,A35a-14_03_GML.zip
宮城,世界測地系,2014年（平成26年）,1.12MB,A35a-14_04_GML.zip
秋田,世界測地系,2014年（平成26年）,0.49MB,A35a-14_05_GML.zip
山形,世界測地系,2014年（平成26年）,1.21MB,A35a-14_06_GML.zip
福島,世界測地系,2014年（平成26年）,3.03MB,A35a-14_07_GML.zip
茨城,世界測地系,2014年（平成26年）,0.75MB,A35a-14_08_GML.zip
栃木,世界測地系,2014年（平成26年）,1.19MB,A35a-14_09_GML.zip
群馬,世界測地系,2014年（平成26年）,1.15MB,A35a-14_10_GML.zip
埼玉,世界測地系,2014年（平成26年）,1.00MB,A35a-14_11_GML.zip
千葉,世界測地系,2014年（平成26年）,1.56MB,A35a-14_12_GML.zip
東京,世界測地系,2014年（平成26年）,7.70MB,A35a-14_13_GML.zip
神奈川,世界測地系,2014年（平成26年）,2.48MB,A35a-14_14_GML.zip
新潟,世界測地系,2014年（平成26年）,2.12MB,A35a-14_15_GML.zip
富山,世界測地系,2014年（平成26年）,0.35MB,A35a-14_16_GML.zip
石川,世界測地系,2014年（平成26年）,3.61MB,A35a-14_17_GML.zip
福井,世界測地系,2014年（平成26年）,1.80MB,A35a-14_18_GML.zip
山梨,世界測地系,2014年（平成26年）,1.85MB,A35a-14_19_GML.zip
長野,世界測地系,2014年（平成26年）,3.12MB,A35a-14_20_GML.zip
岐阜,世界測地系,2014年（平成26年）,1.56MB,A35a-14_21_GML.zip
静岡,世界測地系,2014年（平成26年）,2.74MB,A35a-14_22_GML.zip
愛知,世界測地系,2014年（平成26年）,1.26MB,A35a-14_23_GML.zip
三重,世界測地系,2014年（平成26年）,9.25MB,A35a-14_24_GML.zip
滋賀,世界測地系,2014年（平成26年）,1.50MB,A35a-14_25_GML.zip
京都,世界測地系,2014年（平成26年）,0.84MB,A35a-14_26_GML.zip
大阪,世界測地系,2014年（平成26年）,1.14MB,A35a-14_27_GML.zip
兵庫,世界測地系,2014年（平成26年）,1.95MB,A35a-14_28_GML.zip
奈良,世界測地系,2014年（平成26年）,0.94MB,A35a-14_29_GML.zip
和歌山,世界測地系,2014年（平成26年）,4.12MB,A35a-14_30_GML.zip
鳥取,世界測地系,2014年（平成26年）,0.89MB,A35a-14_31_GML.zip
島根,世界測地系,2014年（平成26年）,2.72MB,A35a-14_32_GML.zip
岡山,世界測地系,2014年（平成26年）,1.82MB,A35a-14_33_GML.zip
広島,世界測地系,2014年（平成26年）,2.03MB,A35a-14_34_GML.zip
山口,世界測地系,2014年（平成26年）,3.35MB,A35a-14_35_GML.zip
徳島,世界測地系,2014年（平成26年）,0.54MB,A35a-14_36_GML.zip
香川,世界測地系,2014年（平成26年）,2.02MB,A35a-14_37_GML.zip
愛媛,世界測地系,2014年（平成26年）,3.91MB,A35a-14_38_GML.zip
高知,世界測地系,2014年（平成26年）,1.18MB,A35a-14_39_GML.zip
福岡,世界測地系,2014年（平成26年）,3.11MB,A35a-14_40_GML.zip
佐賀,世界測地系,2014年（平成26年）,0.83MB,A35a-14_41_GML.zip
長崎,世界測地系,2014年（平成26年）,12.43MB,A35a-14_42_GML.zip
熊本,世界測地系,2014年（平成26年）,3.17MB,A35a-14_43_GML.zip
大分,世界測地系,2014年（平成26年）,1.78MB,A35a-14_44_GML.zip
宮崎,世界測地系,2014年（平成26年）,3.20MB,A35a-14_45_GML.zip
鹿児島,世界測地系,2014年（平成26年）,8.24MB,A35a-14_46_GML.zip
沖縄,世界測地系,2014年（平成26年）,1.38MB,A35a-14_47_GML.zip