北海道,世界測地系,平成26年,0.06MB,A35b-14_01_GML.zip
岩手,世界測地系,平成26年,0.04MB,A35b-14_03_GML.zip
宮城,世界測地系,平成26年,0.01MB,A35b-14_04_GML.zip
東京,世界測地系,平成26年,0.02MB,A35b-14_13_GML.zip
神奈川,世界測地系,平成26年,0.08MB,A35b-14_14_GML.zip
岐阜,世界測地系,平成26年,0.01MB,A35b-14_21_GML.zip
静岡,世界測地系,平成26年,0.01MB,A35b-14_22_GML.zip
京都,世界測地系,平成26年,0.32MB,A35b-14_26_GML.zip
兵庫,世界測地系,平成26年,0.04MB,A35b-14_28_GML.zip
和歌山,世界測地系,平成26年,0.05MB,A35b-14_30_GML.zip
島根,世界測地系,平成26年,0.01MB,A35b-14_32_GML.zip
岡山,世界測地系,平成26年,0.01MB,A35b-14_33_GML.zip
広島,世界測地系,平成26年,0.03MB,A35b-14_34_GML.zip
大分,世界測地系,平成26年,0.02MB,A35b-14_44_GML.zip
鹿児島,世界測地系,平成26年,0.03MB,A35b-14_46_GML.zip
沖縄,世界測地系,平成26年,0.13MB,A35b-14_47_GML.zip