[{"filename": "A35b-14_01_GML.zip", "url": "https://nlftp.mlit.go.jp/ksj/gml/data/A35b/A35b-14/A35b-14_01_GML.zip"}, {"filename": "A35b-14_03_GML.zip", "url": "https://nlftp.mlit.go.jp/ksj/gml/data/A35b/A35b-14/A35b-14_03_GML.zip"}, {"filename": "A35b-14_04_GML.zip", "url": "https://nlftp.mlit.go.jp/ksj/gml/data/A35b/A35b-14/A35b-14_04_GML.zip"}, {"filename": "A35b-14_13_GML.zip", "url": "https://nlftp.mlit.go.jp/ksj/gml/data/A35b/A35b-14/A35b-14_13_GML.zip"}, {"filename": "A35b-14_14_GML.zip", "url": "https://nlftp.mlit.go.jp/ksj/gml/data/A35b/A35b-14/A35b-14_14_GML.zip"}, {"filename": "A35b-14_21_GML.zip", "url": "https://nlftp.mlit.go.jp/ksj/gml/data/A35b/A35b-14/A35b-14_21_GML.zip"}, {"filename": "A35b-14_22_GML.zip", "url": "https://nlftp.mlit.go.jp/ksj/gml/data/A35b/A35b-14/A35b-14_22_GML.zip"}, {"filename": "A35b-14_26_GML.zip", "url": "https://nlftp.mlit.go.jp/ksj/gml/data/A35b/A35b-14/A35b-14_26_GML.zip"}, {"filename": "A35b-14_28_GML.zip", "url": "https://nlftp.mlit.go.jp/ksj/gml/data/A35b/A35b-14/A35b-14_28_GML.zip"}, {"filename": "A35b-14_30_GML.zip", "url": "https://nlftp.mlit.go.jp/ksj/gml/data/A35b/A35b-14/A35b-14_30_GML.zip"}, {"filename": "A35b-14_32_GML.zip", "url": "https://nlftp.mlit.go.jp/ksj/gml/data/A35b/A35b-14/A35b-14_32_GML.zip"}, {"filename": "A35b-14_33_GML.zip", "url": "https://nlftp.mlit.go.jp/ksj/gml/data/A35b/A35b-14/A35b-14_33_GML.zip"}, {"filename": "A35b-14_34_GML.zip", "url": "https://nlftp.mlit.go.jp/ksj/gml/data/A35b/A35b-14/A35b-14_34_GML.zip"}, {"filename": "A35b-14_44_GML.zip", "url": "https://nlftp.mlit.go.jp/ksj/gml/data/A35b/A35b-14/A35b-14_44_GML.zip"}, {"filename": "A35b-14_46_GML.zip", "url": "https://nlftp.mlit.go.jp/ksj/gml/data/A35b/A35b-14/A35b-14_46_GML.zip"}, {"filename": "A35b-14_47_GML.zip", "url": "https://nlftp.mlit.go.jp/ksj/gml/data/A35b/A35b-14/A35b-14_47_GML.zip"}]