[{"filename": "A35c-14_01_GML.zip", "url": "https://nlftp.mlit.go.jp/ksj/gml/data/A35c/A35c-14/A35c-14_01_GML.zip"}, {"filename": "A35c-14_02_GML.zip", "url": "https://nlftp.mlit.go.jp/ksj/gml/data/A35c/A35c-14/A35c-14_02_GML.zip"}, {"filename": "A35c-14_03_GML.zip", "url": "https://nlftp.mlit.go.jp/ksj/gml/data/A35c/A35c-14/A35c-14_03_GML.zip"}, {"filename": "A35c-14_06_GML.zip", "url": "https://nlftp.mlit.go.jp/ksj/gml/data/A35c/A35c-14/A35c-14_06_GML.zip"}, {"filename": "A35c-14_07_GML.zip", "url": "https://nlftp.mlit.go.jp/ksj/gml/data/A35c/A35c-14/A35c-14_07_GML.zip"}, {"filename": "A35c-14_08_GML.zip", "url": "https://nlftp.mlit.go.jp/ksj/gml/data/A35c/A35c-14/A35c-14_08_GML.zip"}, {"filename": "A35c-14_10_GML.zip", "url": "https://nlftp.mlit.go.jp/ksj/gml/data/A35c/A35c-14/A35c-14_10_GML.zip"}, {"filename": "A35c-14_11_GML.zip", "url": "https://nlftp.mlit.go.jp/ksj/gml/data/A35c/A35c-14/A35c-14_11_GML.zip"}, {"filename": "A35c-14_12_GML.zip", "url": "https://nlftp.mlit.go.jp/ksj/gml/data/A35c/A35c-14/A35c-14_12_GML.zip"}, {"filename": "A35c-14_13_GML.zip", "url": "https://nlftp.mlit.go.jp/ksj/gml/data/A35c/A35c-14/A35c-14_13_GML.zip"}, {"filename": "A35c-14_14_GML.zip", "url": "https://nlftp.mlit.go.jp/ksj/gml/data/A35c/A35c-14/A35c-14_14_GML.zip"}, {"filename": "A35c-14_17_GML.zip", "url": "https://nlftp.mlit.go.jp/ksj/gml/data/A35c/A35c-14/A35c-14_17_GML.zip"}, {"filename": "A35c-14_20_GML.zip", "url": "https://nlftp.mlit.go.jp/ksj/gml/data/A35c/A35c-14/A35c-14_20_GML.zip"}, {"filename": "A35c-14_21_GML.zip", "url": "https://nlftp.mlit.go.jp/ksj/gml/data/A35c/A35c-14/A35c-14_21_GML.zip"}, {"filename": "A35c-14_22_GML.zip", "url": "https://nlftp.mlit.go.jp/ksj/gml/data/A35c/A35c-14/A35c-14_22_GML.zip"}, {"filename": "A35c-14_23_GML.zip", "url": "https://nlftp.mlit.go.jp/ksj/gml/data/A35c/A35c-14/A35c-14_23_GML.zip"}, {"filename": "A35c-14_24_GML.zip", "url": "https://nlftp.mlit.go.jp/ksj/gml/data/A35c/A35c-14/A35c-14_24_GML.zip"}, {"filename": "A35c-14_25_GML.zip", "url": "https://nlftp.mlit.go.jp/ksj/gml/data/A35c/A35c-14/A35c-14_25_GML.zip"}, {"filename": "A35c-14_26_GML.zip", "url": "https://nlftp.mlit.go.jp/ksj/gml/data/A35c/A35c-14/A35c-14_26_GML.zip"}, {"filename": "A35c-14_27_GML.zip", "url": "https://nlftp.mlit.go.jp/ksj/gml/data/A35c/A35c-14/A35c-14_27_GML.zip"}, {"filename": "A35c-14_28_GML.zip", "url": "https://nlftp.mlit.go.jp/ksj/gml/data/A35c/A35c-14/A35c-14_28_GML.zip"}, {"filename": "A35c-14_29_GML.zip", "url": "https://nlftp.mlit.go.jp/ksj/gml/data/A35c/A35c-14/A35c-14_29_GML.zip"}, {"filename": "A35c-14_30_GML.zip", "url": "https://nlftp.mlit.go.jp/ksj/gml/data/A35c/A35c-14/A35c-14_30_GML.zip"}, {"filename": "A35c-14_32_GML.zip", "url": "https://nlftp.mlit.go.jp/ksj/gml/data/A35c/A35c-14/A35c-14_32_GML.zip"}, {"filename": "A35c-14_33_GML.zip", "url": "https://nlftp.mlit.go.jp/ksj/gml/data/A35c/A35c-14/A35c-14_33_GML.zip"}, {"filename": "A35c-14_35_GML.zip", "url": "https://nlftp.mlit.go.jp/ksj/gml/data/A35c/A35c-14/A35c-14_35_GML.zip"}, {"filename": "A35c-14_39_GML.zip", "url": "https://nlftp.mlit.go.jp/ksj/gml/data/A35c/A35c-14/A35c-14_39_GML.zip"}, {"filename": "A35c-14_40_GML.zip", "url": "https://nlftp.mlit.go.jp/ksj/gml/data/A35c/A35c-14/A35c-14_40_GML.zip"}, {"filename": "A35c-14_41_GML.zip", "url": "https://nlftp.mlit.go.jp/ksj/gml/data/A35c/A35c-14/A35c-14_41_GML.zip"}, {"filename": "A35c-14_42_GML.zip", "url": "https://nlftp.mlit.go.jp/ksj/gml/data/A35c/A35c-14/A35c-14_42_GML.zip"}, {"filename": "A35c-14_43_GML.zip", "url": "https://nlftp.mlit.go.jp/ksj/gml/data/A35c/A35c-14/A35c-14_43_GML.zip"}, {"filename": "A35c-14_45_GML.zip", "url": "https://nlftp.mlit.go.jp/ksj/gml/data/A35c/A35c-14/A35c-14_45_GML.zip"}, {"filename": "A35c-14_46_GML.zip", "url": "https://nlftp.mlit.go.jp/ksj/gml/data/A35c/A35c-14/A35c-14_46_GML.zip"}]