北海道,世界測地系,平成26年,0.01MB,A35c-14_01_GML.zip
青森,世界測地系,平成26年,0.01MB,A35c-14_02_GML.zip
岩手,世界測地系,平成26年,0.01MB,A35c-14_03_GML.zip
山形,世界測地系,平成26年,0.01MB,A35c-14_06_GML.zip
福島,世界測地系,平成26年,0.01MB,A35c-14_07_GML.zip
茨城,世界測地系,平成26年,0.01MB,A35c-14_08_GML.zip
群馬,世界測地系,平成26年,0.01MB,A35c-14_10_GML.zip
埼玉,世界測地系,平成26年,0.01MB,A35c-14_11_GML.zip
千葉,世界測地系,平成26年,0.01MB,A35c-14_12_GML.zip
東京,世界測地系,平成26年,0.01MB,A35c-14_13_GML.zip
神奈川,世界測地系,平成26年,0.02MB,A35c-14_14_GML.zip
石川,世界測地系,平成26年,0.01MB,A35c-14_17_GML.zip
長野,世界測地系,平成26年,0.01MB,A35c-14_20_GML.zip
岐阜,世界測地系,平成26年,0.02MB,A35c-14_21_GML.zip
静岡,世界測地系,平成26年,0.01MB,A35c-14_22_GML.zip
愛知,世界測地系,平成26年,0.02MB,A35c-14_23_GML.zip
三重,世界測地系,平成26年,0.01MB,A35c-14_24_GML.zip
滋賀,世界測地系,平成26年,0.03MB,A35c-14_25_GML.zip
京都,世界測地系,平成26年,0.01MB,A35c-14_26_GML.zip
大阪,世界測地系,平成26年,0.01MB,A35c-14_27_GML.zip
兵庫,世界測地系,平成26年,0.01MB,A35c-14_28_GML.zip
奈良,世界測地系,平成26年,0.01MB,A35c-14_29_GML.zip
和歌山,世界測地系,平成26年,0.01MB,A35c-14_30_GML.zip
島根,世界測地系,平成26年,0.01MB,A35c-14_32_GML.zip
岡山,世界測地系,平成26年,0.01MB,A35c-14_33_GML.zip
山口,世界測地系,平成26年,0.01MB,A35c-14_35_GML.zip
高知,世界測地系,平成26年,0.01MB,A35c-14_39_GML.zip
福岡,世界測地系,平成26年,0.01MB,A35c-14_40_GML.zip
佐賀,世界測地系,平成26年,0.01MB,A35c-14_41_GML.zip
長崎,世界測地系,平成26年,0.01MB,A35c-14_42_GML.zip
熊本,世界測地系,平成26年,0.01MB,A35c-14_43_GML.zip
宮崎,世界測地系,平成26年,0.01MB,A35c-14_45_GML.zip
鹿児島,世界測地系,平成26年,0.01MB,A35c-14_46_GML.zip