[{"filename": "A37-15_01_GML.zip", "url": "https://nlftp.mlit.go.jp/ksj/gml/data/A37/A37-15/A37-15_01_GML.zip"}, {"filename": "A37-15_02_GML.zip", "url": "https://nlftp.mlit.go.jp/ksj/gml/data/A37/A37-15/A37-15_02_GML.zip"}, {"filename": "A37-15_05_GML.zip", "url": "https://nlftp.mlit.go.jp/ksj/gml/data/A37/A37-15/A37-15_05_GML.zip"}, {"filename": "A37-15_12_GML.zip", "url": "https://nlftp.mlit.go.jp/ksj/gml/data/A37/A37-15/A37-15_12_GML.zip"}, {"filename": "A37-15_16_GML.zip", "url": "https://nlftp.mlit.go.jp/ksj/gml/data/A37/A37-15/A37-15_16_GML.zip"}, {"filename": "A37-15_17_GML.zip", "url": "https://nlftp.mlit.go.jp/ksj/gml/data/A37/A37-15/A37-15_17_GML.zip"}, {"filename": "A37-15_22_GML.zip", "url": "https://nlftp.mlit.go.jp/ksj/gml/data/A37/A37-15/A37-15_22_GML.zip"}, {"filename": "A37-15_24_GML.zip", "url": "https://nlftp.mlit.go.jp/ksj/gml/data/A37/A37-15/A37-15_24_GML.zip"}, {"filename": "A37-15_26_GML.zip", "url": "https://nlftp.mlit.go.jp/ksj/gml/data/A37/A37-15/A37-15_26_GML.zip"}, {"filename": "A37-15_29_GML.zip", "url": "https://nlftp.mlit.go.jp/ksj/gml/data/A37/A37-15/A37-15_29_GML.zip"}, {"filename": "A37-15_30_GML.zip", "url": "https://nlftp.mlit.go.jp/ksj/gml/data/A37/A37-15/A37-15_30_GML.zip"}, {"filename": "A37-15_32_GML.zip", "url": "https://nlftp.mlit.go.jp/ksj/gml/data/A37/A37-15/A37-15_32_GML.zip"}, {"filename": "A37-15_34_GML.zip", "url": "https://nlftp.mlit.go.jp/ksj/gml/data/A37/A37-15/A37-15_34_GML.zip"}, {"filename": "A37-15_35_GML.zip", "url": "https://nlftp.mlit.go.jp/ksj/gml/data/A37/A37-15/A37-15_35_GML.zip"}, {"filename": "A37-15_38_GML.zip", "url": "https://nlftp.mlit.go.jp/ksj/gml/data/A37/A37-15/A37-15_38_GML.zip"}, {"filename": "A37-15_39_GML.zip", "url": "https://nlftp.mlit.go.jp/ksj/gml/data/A37/A37-15/A37-15_39_GML.zip"}, {"filename": "A37-15_41_GML.zip", "url": "https://nlftp.mlit.go.jp/ksj/gml/data/A37/A37-15/A37-15_41_GML.zip"}, {"filename": "A37-15_42_GML.zip", "url": "https://nlftp.mlit.go.jp/ksj/gml/data/A37/A37-15/A37-15_42_GML.zip"}, {"filename": "A37-15_43_GML.zip", "url": "https://nlftp.mlit.go.jp/ksj/gml/data/A37/A37-15/A37-15_43_GML.zip"}, {"filename": "A37-15_44_GML.zip", "url": "https://nlftp.mlit.go.jp/ksj/gml/data/A37/A37-15/A37-15_44_GML.zip"}, {"filename": "A37-15_45_GML.zip", "url": "https://nlftp.mlit.go.jp/ksj/gml/data/A37/A37-15/A37-15_45_GML.zip"}, {"filename": "A37-15_46_GML.zip", "url": "https://nlftp.mlit.go.jp/ksj/gml/data/A37/A37-15/A37-15_46_GML.zip"}]