北海道,世界測地系,2015年（平成27年）,6.69MB,A37-15_01_GML.zip
青森,世界測地系,2015年（平成27年）,4.74MB,A37-15_02_GML.zip
秋田,世界測地系,2015年（平成27年）,1.00MB,A37-15_05_GML.zip
千葉,世界測地系,2015年（平成27年）,3.15MB,A37-15_12_GML.zip
富山,世界測地系,2015年（平成27年）,0.44MB,A37-15_16_GML.zip
石川,世界測地系,2015年（平成27年）,5.26MB,A37-15_17_GML.zip
静岡,世界測地系,2015年（平成27年）,2.00MB,A37-15_22_GML.zip
三重,世界測地系,2015年（平成27年）,7.63MB,A37-15_24_GML.zip
京都,世界測地系,2015年（平成27年）,2.00MB,A37-15_26_GML.zip
奈良,世界測地系,2015年（平成27年）,2.54MB,A37-15_29_GML.zip
和歌山,世界測地系,2015年（平成27年）,7.84MB,A37-15_30_GML.zip
島根,世界測地系,2015年（平成27年）,1.24MB,A37-15_32_GML.zip
広島,世界測地系,2015年（平成27年）,0.57MB,A37-15_34_GML.zip
山口,世界測地系,2015年（平成27年）,1.20MB,A37-15_35_GML.zip
愛媛,世界測地系,2015年（平成27年）,1.22MB,A37-15_38_GML.zip
高知,世界測地系,2015年（平成27年）,2.84MB,A37-15_39_GML.zip
佐賀,世界測地系,2015年（平成27年）,1.20MB,A37-15_41_GML.zip
長崎,世界測地系,2015年（平成27年）,5.31MB,A37-15_42_GML.zip
熊本,世界測地系,2015年（平成27年）,3.11MB,A37-15_43_GML.zip
大分,世界測地系,2015年（平成27年）,1.36MB,A37-15_44_GML.zip
宮崎,世界測地系,2015年（平成27年）,1.01MB,A37-15_45_GML.zip
鹿児島,世界測地系,2015年（平成27年）,6.90MB,A37-15_46_GML.zip