[{"filename": "A38-14_GML.zip", "url": "https://nlftp.mlit.go.jp/ksj/gml/data/A38/A38-14/A38-14_GML.zip"}, {"filename": "A38-20_GML.zip", "url": "https://nlftp.mlit.go.jp/ksj/gml/data/A38/A38-20/A38-20_GML.zip"}, {"filename": "A38-14_01_GML.zip", "url": "https://nlftp.mlit.go.jp/ksj/gml/data/A38/A38-14/A38-14_01_GML.zip"}, {"filename": "A38-20_01_GML.zip", "url": "https://nlftp.mlit.go.jp/ksj/gml/data/A38/A38-20/A38-20_01_GML.zip"}, {"filename": "A38-14_02_GML.zip", "url": "https://nlftp.mlit.go.jp/ksj/gml/data/A38/A38-14/A38-14_02_GML.zip"}, {"filename": "A38-20_02_GML.zip", "url": "https://nlftp.mlit.go.jp/ksj/gml/data/A38/A38-20/A38-20_02_GML.zip"}, {"filename": "A38-14_03_GML.zip", "url": "https://nlftp.mlit.go.jp/ksj/gml/data/A38/A38-14/A38-14_03_GML.zip"}, {"filename": "A38-20_03_GML.zip", "url": "https://nlftp.mlit.go.jp/ksj/gml/data/A38/A38-20/A38-20_03_GML.zip"}, {"filename": "A38-14_04_GML.zip", "url": "https://nlftp.mlit.go.jp/ksj/gml/data/A38/A38-14/A38-14_04_GML.zip"}, {"filename": "A38-20_04_GML.zip", "url": "https://nlftp.mlit.go.jp/ksj/gml/data/A38/A38-20/A38-20_04_GML.zip"}, {"filename": "A38-14_05_GML.zip", "url": "https://nlftp.mlit.go.jp/ksj/gml/data/A38/A38-14/A38-14_05_GML.zip"}, {"filename": "A38-20_05_GML.zip", "url": "https://nlftp.mlit.go.jp/ksj/gml/data/A38/A38-20/A38-20_05_GML.zip"}, {"filename": "A38-14_06_GML.zip", "url": "https://nlftp.mlit.go.jp/ksj/gml/data/A38/A38-14/A38-14_06_GML.zip"}, {"filename": "A38-20_06_GML.zip", "url": "https://nlftp.mlit.go.jp/ksj/gml/data/A38/A38-20/A38-20_06_GML.zip"}, {"filename": "A38-14_07_GML.zip", "url": "https://nlftp.mlit.go.jp/ksj/gml/data/A38/A38-14/A38-14_07_GML.zip"}, {"filename": "A38-20_07_GML.zip", "url": "https://nlftp.mlit.go.jp/ksj/gml/data/A38/A38-20/A38-20_07_GML.zip"}, {"filename": "A38-14_08_GML.zip", "url": "https://nlftp.mlit.go.jp/ksj/gml/data/A38/A38-14/A38-14_08_GML.zip"}, {"filename": "A38-20_08_GML.zip", "url": "https://nlftp.mlit.go.jp/ksj/gml/data/A38/A38-20/A38-20_08_GML.zip"}, {"filename": "A38-14_09_GML.zip", "url": "https://nlftp.mlit.go.jp/ksj/gml/data/A38/A38-14/A38-14_09_GML.zip"}, {"filename": "A38-20_09_GML.zip", "url": "https://nlftp.mlit.go.jp/ksj/gml/data/A38/A38-20/A38-20_09_GML.zip"}, {"filename": "A38-14_10_GML.zip", "url": "https://nlftp.mlit.go.jp/ksj/gml/data/A38/A38-14/A38-14_10_GML.zip"}, {"filename": "A38-20_10_GML.zip", "url": "https://nlftp.mlit.go.jp/ksj/gml/data/A38/A38-20/A38-20_10_GML.zip"}, {"filename": "A38-14_11_GML.zip", "url": "https://nlftp.mlit.go.jp/ksj/gml/data/A38/A38-14/A38-14_11_GML.zip"}, {"filename": "A38-20_11_GML.zip", "url": "https://nlftp.mlit.go.jp/ksj/gml/data/A38/A38-20/A38-20_11_GML.zip"}, {"filename": "A38-14_12_GML.zip", "url": "https://nlftp.mlit.go.jp/ksj/gml/data/A38/A38-14/A38-14_12_GML.zip"}, {"filename": "A38-20_12_GML.zip", "url": "https://nlftp.mlit.go.jp/ksj/gml/data/A38/A38-20/A38-20_12_GML.zip"}, {"filename": "A38-14_13_GML.zip", "url": "https://nlftp.mlit.go.jp/ksj/gml/data/A38/A38-14/A38-14_13_GML.zip"}, {"filename": "A38-20_13_GML.zip", "url": "https://nlftp.mlit.go.jp/ksj/gml/data/A38/A38-20/A38-20_13_GML.zip"}, {"filename": "A38-14_14_GML.zip", "url": "https://nlftp.mlit.go.jp/ksj/gml/data/A38/A38-14/A38-14_14_GML.zip"}, {"filename": "A38-20_14_GML.zip", "url": "https://nlftp.mlit.go.jp/ksj/gml/data/A38/A38-20/A38-20_14_GML.zip"}, {"filename": "A38-14_15_GML.zip", "url": "https://nlftp.mlit.go.jp/ksj/gml/data/A38/A38-14/A38-14_15_GML.zip"}, {"filename": "A38-20_15_GML.zip", "url": "https://nlftp.mlit.go.jp/ksj/gml/data/A38/A38-20/A38-20_15_GML.zip"}, {"filename": "A38-14_16_GML.zip", "url": "https://nlftp.mlit.go.jp/ksj/gml/data/A38/A38-14/A38-14_16_GML.zip"}, {"filename": "A38-20_16_GML.zip", "url": "https://nlftp.mlit.go.jp/ksj/gml/data/A38/A38-20/A38-20_16_GML.zip"}, {"filename": "A38-14_17_GML.zip", "url": "https://nlftp.mlit.go.jp/ksj/gml/data/A38/A38-14/A38-14_17_GML.zip"}, {"filename": "A38-20_17_GML.zip", "url": "https://nlftp.mlit.go.jp/ksj/gml/data/A38/A38-20/A38-20_17_GML.zip"}, {"filename": "A38-14_18_GML.zip", "url": "https://nlftp.mlit.go.jp/ksj/gml/data/A38/A38-14/A38-14_18_GML.zip"}, {"filename": "A38-20_18_GML.zip", "url": "https://nlftp.mlit.go.jp/ksj/gml/data/A38/A38-20/A38-20_18_GML.zip"}, {"filename": "A38-14_19_GML.zip", "url": "https://nlftp.mlit.go.jp/ksj/gml/data/A38/A38-14/A38-14_19_GML.zip"}, {"filename": "A38-20_19_GML.zip", "url": "https://nlftp.mlit.go.jp/ksj/gml/data/A38/A38-20/A38-20_19_GML.zip"}, {"filename": "A38-14_20_GML.zip", "url": "https://nlftp.mlit.go.jp/ksj/gml/data/A38/A38-14/A38-14_20_GML.zip"}, {"filename": "A38-20_20_GML.zip", "url": "https://nlftp.mlit.go.jp/ksj/gml/data/A38/A38-20/A38-20_20_GML.zip"}, {"filename": "A38-14_21_GML.zip", "url": "https://nlftp.mlit.go.jp/ksj/gml/data/A38/A38-14/A38-14_21_GML.zip"}, {"filename": "A38-20_21_GML.zip", "url": "https://nlftp.mlit.go.jp/ksj/gml/data/A38/A38-20/A38-20_21_GML.zip"}, {"filename": "A38-14_22_GML.zip", "url": "https://nlftp.mlit.go.jp/ksj/gml/data/A38/A38-14/A38-14_22_GML.zip"}, {"filename": "A38-20_22_GML.zip", "url": "https://nlftp.mlit.go.jp/ksj/gml/data/A38/A38-20/A38-20_22_GML.zip"}, {"filename": "A38-14_23_GML.zip", "url": "https://nlftp.mlit.go.jp/ksj/gml/data/A38/A38-14/A38-14_23_GML.zip"}, {"filename": "A38-20_23_GML.zip", "url": "https://nlftp.mlit.go.jp/ksj/gml/data/A38/A38-20/A38-20_23_GML.zip"}, {"filename": "A38-14_24_GML.zip", "url": "https://nlftp.mlit.go.jp/ksj/gml/data/A38/A38-14/A38-14_24_GML.zip"}, {"filename": "A38-20_24_GML.zip", "url": "https://nlftp.mlit.go.jp/ksj/gml/data/A38/A38-20/A38-20_24_GML.zip"}, {"filename": "A38-14_25_GML.zip", "url": "https://nlftp.mlit.go.jp/ksj/gml/data/A38/A38-14/A38-14_25_GML.zip"}, {"filename": "A38-20_25_GML.zip", "url": "https://nlftp.mlit.go.jp/ksj/gml/data/A38/A38-20/A38-20_25_GML.zip"}, {"filename": "A38-14_26_GML.zip", "url": "https://nlftp.mlit.go.jp/ksj/gml/data/A38/A38-14/A38-14_26_GML.zip"}, {"filename": "A38-20_26_GML.zip", "url": "https://nlftp.mlit.go.jp/ksj/gml/data/A38/A38-20/A38-20_26_GML.zip"}, {"filename": "A38-14_27_GML.zip", "url": "https://nlftp.mlit.go.jp/ksj/gml/data/A38/A38-14/A38-14_27_GML.zip"}, {"filename": "A38-20_27_GML.zip", "url": "https://nlftp.mlit.go.jp/ksj/gml/data/A38/A38-20/A38-20_27_GML.zip"}, {"filename": "A38-14_28_GML.zip", "url": "https://nlftp.mlit.go.jp/ksj/gml/data/A38/A38-14/A38-14_28_GML.zip"}, {"filename": "A38-20_28_GML.zip", "url": "https://nlftp.mlit.go.jp/ksj/gml/data/A38/A38-20/A38-20_28_GML.zip"}, {"filename": "A38-14_29_GML.zip", "url": "https://nlftp.mlit.go.jp/ksj/gml/data/A38/A38-14/A38-14_29_GML.zip"}, {"filename": "A38-20_29_GML.zip", "url": "https://nlftp.mlit.go.jp/ksj/gml/data/A38/A38-20/A38-20_29_GML.zip"}, {"filename": "A38-14_30_GML.zip", "url": "https://nlftp.mlit.go.jp/ksj/gml/data/A38/A38-14/A38-14_30_GML.zip"}, {"filename": "A38-20_30_GML.zip", "url": "https://nlftp.mlit.go.jp/ksj/gml/data/A38/A38-20/A38-20_30_GML.zip"}, {"filename": "A38-14_31_GML.zip", "url": "https://nlftp.mlit.go.jp/ksj/gml/data/A38/A38-14/A38-14_31_GML.zip"}, {"filename": "A38-20_31_GML.zip", "url": "https://nlftp.mlit.go.jp/ksj/gml/data/A38/A38-20/A38-20_31_GML.zip"}, {"filename": "A38-14_32_GML.zip", "url": "https://nlftp.mlit.go.jp/ksj/gml/data/A38/A38-14/A38-14_32_GML.zip"}, {"filename": "A38-20_32_GML.zip", "url": "https://nlftp.mlit.go.jp/ksj/gml/data/A38/A38-20/A38-20_32_GML.zip"}, {"filename": "A38-14_33_GML.zip", "url": "https://nlftp.mlit.go.jp/ksj/gml/data/A38/A38-14/A38-14_33_GML.zip"}, {"filename": "A38-20_33_GML.zip", "url": "https://nlftp.mlit.go.jp/ksj/gml/data/A38/A38-20/A38-20_33_GML.zip"}, {"filename": "A38-14_34_GML.zip", "url": "https://nlftp.mlit.go.jp/ksj/gml/data/A38/A38-14/A38-14_34_GML.zip"}, {"filename": "A38-20_34_GML.zip", "url": "https://nlftp.mlit.go.jp/ksj/gml/data/A38/A38-20/A38-20_34_GML.zip"}, {"filename": "A38-14_35_GML.zip", "url": "https://nlftp.mlit.go.jp/ksj/gml/data/A38/A38-14/A38-14_35_GML.zip"}, {"filename": "A38-20_35_GML.zip", "url": "https://nlftp.mlit.go.jp/ksj/gml/data/A38/A38-20/A38-20_35_GML.zip"}, {"filename": "A38-14_36_GML.zip", "url": "https://nlftp.mlit.go.jp/ksj/gml/data/A38/A38-14/A38-14_36_GML.zip"}, {"filename": "A38-20_36_GML.zip", "url": "https://nlftp.mlit.go.jp/ksj/gml/data/A38/A38-20/A38-20_36_GML.zip"}, {"filename": "A38-14_37_GML.zip", "url": "https://nlftp.mlit.go.jp/ksj/gml/data/A38/A38-14/A38-14_37_GML.zip"}, {"filename": "A38-20_37_GML.zip", "url": "https://nlftp.mlit.go.jp/ksj/gml/data/A38/A38-20/A38-20_37_GML.zip"}, {"filename": "A38-14_38_GML.zip", "url": "https://nlftp.mlit.go.jp/ksj/gml/data/A38/A38-14/A38-14_38_GML.zip"}, {"filename": "A38-20_38_GML.zip", "url": "https://nlftp.mlit.go.jp/ksj/gml/data/A38/A38-20/A38-20_38_GML.zip"}, {"filename": "A38-14_39_GML.zip", "url": "https://nlftp.mlit.go.jp/ksj/gml/data/A38/A38-14/A38-14_39_GML.zip"}, {"filename": "A38-20_39_GML.zip", "url": "https://nlftp.mlit.go.jp/ksj/gml/data/A38/A38-20/A38-20_39_GML.zip"}, {"filename": "A38-14_40_GML.zip", "url": "https://nlftp.mlit.go.jp/ksj/gml/data/A38/A38-14/A38-14_40_GML.zip"}, {"filename": "A38-20_40_GML.zip", "url": "https://nlftp.mlit.go.jp/ksj/gml/data/A38/A38-20/A38-20_40_GML.zip"}, {"filename": "A38-14_41_GML.zip", "url": "https://nlftp.mlit.go.jp/ksj/gml/data/A38/A38-14/A38-14_41_GML.zip"}, {"filename": "A38-20_41_GML.zip", "url": "https://nlftp.mlit.go.jp/ksj/gml/data/A38/A38-20/A38-20_41_GML.zip"}, {"filename": "A38-14_42_GML.zip", "url": "https://nlftp.mlit.go.jp/ksj/gml/data/A38/A38-14/A38-14_42_GML.zip"}, {"filename": "A38-20_42_GML.zip", "url": "https://nlftp.mlit.go.jp/ksj/gml/data/A38/A38-20/A38-20_42_GML.zip"}, {"filename": "A38-14_43_GML.zip", "url": "https://nlftp.mlit.go.jp/ksj/gml/data/A38/A38-14/A38-14_43_GML.zip"}, {"filename": "A38-20_43_GML.zip", "url": "https://nlftp.mlit.go.jp/ksj/gml/data/A38/A38-20/A38-20_43_GML.zip"}, {"filename": "A38-14_44_GML.zip", "url": "https://nlftp.mlit.go.jp/ksj/gml/data/A38/A38-14/A38-14_44_GML.zip"}, {"filename": "A38-20_44_GML.zip", "url": "https://nlftp.mlit.go.jp/ksj/gml/data/A38/A38-20/A38-20_44_GML.zip"}, {"filename": "A38-14_45_GML.zip", "url": "https://nlftp.mlit.go.jp/ksj/gml/data/A38/A38-14/A38-14_45_GML.zip"}, {"filename": "A38-20_45_GML.zip", "url": "https://nlftp.mlit.go.jp/ksj/gml/data/A38/A38-20/A38-20_45_GML.zip"}, {"filename": "A38-14_46_GML.zip", "url": "https://nlftp.mlit.go.jp/ksj/gml/data/A38/A38-14/A38-14_46_GML.zip"}, {"filename": "A38-20_46_GML.zip", "url": "https://nlftp.mlit.go.jp/ksj/gml/data/A38/A38-20/A38-20_46_GML.zip"}, {"filename": "A38-14_47_GML.zip", "url": "https://nlftp.mlit.go.jp/ksj/gml/data/A38/A38-14/A38-14_47_GML.zip"}, {"filename": "A38-20_47_GML.zip", "url": "https://nlftp.mlit.go.jp/ksj/gml/data/A38/A38-20/A38-20_47_GML.zip"}]