全国,世界測地系,2014年（平成26年）,194.82MB,A38-14_GML.zip
全国,世界測地系,2020年（令和2年）,1133.39MB,A38-20_GML.zip
北海道,世界測地系,2014年（平成26年）,30.10MB,A38-14_01_GML.zip
北海道,世界測地系,2020年（令和2年）,84.28MB,A38-20_01_GML.zip
青森,世界測地系,2014年（平成26年）,5.97MB,A38-14_02_GML.zip
青森,世界測地系,2020年（令和2年）,18.36MB,A38-20_02_GML.zip
岩手,世界測地系,2014年（平成26年）,8.43MB,A38-14_03_GML.zip
岩手,世界測地系,2020年（令和2年）,73.04MB,A38-20_03_GML.zip
宮城,世界測地系,2014年（平成26年）,7.73MB,A38-14_04_GML.zip
宮城,世界測地系,2020年（令和2年）,62.14MB,A38-20_04_GML.zip
秋田,世界測地系,2014年（平成26年）,3.81MB,A38-14_05_GML.zip
秋田,世界測地系,2020年（令和2年）,17.75MB,A38-20_05_GML.zip
山形,世界測地系,2014年（平成26年）,2.86MB,A38-14_06_GML.zip
山形,世界測地系,2020年（令和2年）,8.97MB,A38-20_06_GML.zip
福島,世界測地系,2014年（平成26年）,7.73MB,A38-14_07_GML.zip
福島,世界測地系,2020年（令和2年）,17.31MB,A38-20_07_GML.zip
茨城,世界測地系,2014年（平成26年）,2.25MB,A38-14_08_GML.zip
茨城,世界測地系,2020年（令和2年）,8.02MB,A38-20_08_GML.zip
栃木,世界測地系,2014年（平成26年）,2.43MB,A38-14_09_GML.zip
栃木,世界測地系,2020年（令和2年）,5.92MB,A38-20_09_GML.zip
群馬,世界測地系,2014年（平成26年）,2.81MB,A38-14_10_GML.zip
群馬,世界測地系,2020年（令和2年）,7.02MB,A38-20_10_GML.zip
埼玉,世界測地系,2014年（平成26年）,2.56MB,A38-14_11_GML.zip
埼玉,世界測地系,2020年（令和2年）,6.15MB,A38-20_11_GML.zip
千葉,世界測地系,2014年（平成26年）,4.24MB,A38-14_12_GML.zip
千葉,世界測地系,2020年（令和2年）,15.62MB,A38-20_12_GML.zip
東京,世界測地系,2014年（平成26年）,8.75MB,A38-14_13_GML.zip
東京,世界測地系,2020年（令和2年）,40.04MB,A38-20_13_GML.zip
神奈川,世界測地系,2014年（平成26年）,3.45MB,A38-14_14_GML.zip
神奈川,世界測地系,2020年（令和2年）,13.93MB,A38-20_14_GML.zip
新潟,世界測地系,2014年（平成26年）,6.62MB,A38-14_15_GML.zip
新潟,世界測地系,2020年（令和2年）,19.80MB,A38-20_15_GML.zip
富山,世界測地系,2014年（平成26年）,1.57MB,A38-14_16_GML.zip
富山,世界測地系,2020年（令和2年）,4.75MB,A38-20_16_GML.zip
石川,世界測地系,2014年（平成26年）,4.04MB,A38-14_17_GML.zip
石川,世界測地系,2020年（令和2年）,13.45MB,A38-20_17_GML.zip
福井,世界測地系,2014年（平成26年）,4.56MB,A38-14_18_GML.zip
福井,世界測地系,2020年（令和2年）,17.63MB,A38-20_18_GML.zip
山梨,世界測地系,2014年（平成26年）,3.22MB,A38-14_19_GML.zip
山梨,世界測地系,2020年（令和2年）,6.44MB,A38-20_19_GML.zip
長野,世界測地系,2014年（平成26年）,5.47MB,A38-14_20_GML.zip
長野,世界測地系,2020年（令和2年）,13.36MB,A38-20_20_GML.zip
岐阜,世界測地系,2014年（平成26年）,3.73MB,A38-14_21_GML.zip
岐阜,世界測地系,2020年（令和2年）,6.16MB,A38-20_21_GML.zip
静岡,世界測地系,2014年（平成26年）,5.63MB,A38-14_22_GML.zip
静岡,世界測地系,2020年（令和2年）,38.53MB,A38-20_22_GML.zip
愛知,世界測地系,2014年（平成26年）,4.20MB,A38-14_23_GML.zip
愛知,世界測地系,2020年（令和2年）,15.81MB,A38-20_23_GML.zip
三重,世界測地系,2014年（平成26年）,8.16MB,A38-14_24_GML.zip
三重,世界測地系,2020年（令和2年）,55.59MB,A38-20_24_GML.zip
滋賀,世界測地系,2014年（平成26年）,1.73MB,A38-14_25_GML.zip
滋賀,世界測地系,2020年（令和2年）,2.94MB,A38-20_25_GML.zip
京都,世界測地系,2014年（平成26年）,4.26MB,A38-14_26_GML.zip
京都,世界測地系,2020年（令和2年）,12.68MB,A38-20_26_GML.zip
大阪,世界測地系,2014年（平成26年）,1.76MB,A38-14_27_GML.zip
大阪,世界測地系,2020年（令和2年）,5.11MB,A38-20_27_GML.zip
兵庫,世界測地系,2014年（平成26年）,6.23MB,A38-14_28_GML.zip
兵庫,世界測地系,2020年（令和2年）,26.03MB,A38-20_28_GML.zip
奈良,世界測地系,2014年（平成26年）,1.99MB,A38-14_29_GML.zip
奈良,世界測地系,2020年（令和2年）,4.67MB,A38-20_29_GML.zip
和歌山,世界測地系,2014年（平成26年）,5.53MB,A38-14_30_GML.zip
和歌山,世界測地系,2020年（令和2年）,30.11MB,A38-20_30_GML.zip
鳥取,世界測地系,2014年（平成26年）,1.89MB,A38-14_31_GML.zip
鳥取,世界測地系,2020年（令和2年）,6.94MB,A38-20_31_GML.zip
島根,世界測地系,2014年（平成26年）,7.53MB,A38-14_32_GML.zip
島根,世界測地系,2020年（令和2年）,25.62MB,A38-20_32_GML.zip
岡山,世界測地系,2014年（平成26年）,4.92MB,A38-14_33_GML.zip
岡山,世界測地系,2020年（令和2年）,12.13MB,A38-20_33_GML.zip
広島,世界測地系,2014年（平成26年）,6.21MB,A38-14_34_GML.zip
広島,世界測地系,2020年（令和2年）,18.64MB,A38-20_34_GML.zip
山口,世界測地系,2014年（平成26年）,8.80MB,A38-14_35_GML.zip
山口,世界測地系,2020年（令和2年）,28.70MB,A38-20_35_GML.zip
徳島,世界測地系,2014年（平成26年）,3.35MB,A38-14_36_GML.zip
徳島,世界測地系,2020年（令和2年）,23.05MB,A38-20_36_GML.zip
香川,世界測地系,2014年（平成26年）,3.19MB,A38-14_37_GML.zip
香川,世界測地系,2020年（令和2年）,15.83MB,A38-20_37_GML.zip
愛媛,世界測地系,2014年（平成26年）,7.94MB,A38-14_38_GML.zip
愛媛,世界測地系,2020年（令和2年）,39.36MB,A38-20_38_GML.zip
高知,世界測地系,2014年（平成26年）,7.65MB,A38-14_39_GML.zip
高知,世界測地系,2020年（令和2年）,25.69MB,A38-20_39_GML.zip
福岡,世界測地系,2014年（平成26年）,5.28MB,A38-14_40_GML.zip
福岡,世界測地系,2020年（令和2年）,21.19MB,A38-20_40_GML.zip
佐賀,世界測地系,2014年（平成26年）,2.32MB,A38-14_41_GML.zip
佐賀,世界測地系,2020年（令和2年）,6.64MB,A38-20_41_GML.zip
長崎,世界測地系,2014年（平成26年）,25.72MB,A38-14_42_GML.zip
長崎,世界測地系,2020年（令和2年）,92.24MB,A38-20_42_GML.zip
熊本,世界測地系,2014年（平成26年）,8.45MB,A38-14_43_GML.zip
熊本,世界測地系,2020年（令和2年）,18.93MB,A38-20_43_GML.zip
大分,世界測地系,2014年（平成26年）,5.64MB,A38-14_44_GML.zip
大分,世界測地系,2020年（令和2年）,17.09MB,A38-20_44_GML.zip
宮崎,世界測地系,2014年（平成26年）,5.31MB,A38-14_45_GML.zip
宮崎,世界測地系,2020年（令和2年）,20.03MB,A38-20_45_GML.zip
鹿児島,世界測地系,2014年（平成26年）,22.39MB,A38-14_46_GML.zip
鹿児島,世界測地系,2020年（令和2年）,64.76MB,A38-20_46_GML.zip
沖縄,世界測地系,2014年（平成26年）,9.34MB,A38-14_47_GML.zip
沖縄,世界測地系,2020年（令和2年）,45.38MB,A38-20_47_GML.zip