北海道,世界測地系,2023年（令和5年）,217.17MB,A40-23_01_GML.zip
北海道,世界測地系,2021年（令和3年）,156MB,A40-21_01_GML.zip
北海道,世界測地系,2017年（平成29年）,41.69MB,A40-17_01_GML.zip
青森,世界測地系,2021年（令和3年）,51.1MB,A40-21_02_GML.zip
青森,世界測地系,2016年（平成28年）,22.8MB,A40-16_02_GML.zip
岩手,世界測地系,2022年（令和4年）,91.9MB,A40-22_03_GML.zip
宮城,世界測地系,2022年（令和4年）,84.9MB,A40-22_04_GML.zip
秋田,世界測地系,2016年（平成28年）,38.9MB,A40-16_05_GML.zip
山形,世界測地系,2016年（平成28年）,6.84MB,A40-16_06_GML.zip
福島,世界測地系,2023年（令和5年）,25.91MB,A40-23_07_GML.zip
福島,世界測地系,2021年（令和3年）,24.3MB,A40-21_07_GML.zip
茨城,世界測地系,2023年（令和5年）,34.29MB,A40-23_08_GML.zip
茨城,世界測地系,2016年（平成28年）,21.7MB,A40-16_08_GML.zip
千葉,世界測地系,2018年（平成30年）,67.48MB,A40-18_12_GML.zip
東京,世界測地系,2023年（令和5年）,8.31MB,A40-23_13_GML.zip
神奈川,世界測地系,2020年（令和2年）,28.4MB,A40-20_14_GML.zip
神奈川,世界測地系,2016年（平成28年）,18.8MB,A40-16_14_GML.zip
新潟,世界測地系,2017年（平成29年）,69.8MB,A40-17_15_GML.zip
富山,世界測地系,2020年（令和2年）,6.81MB,A40-20_16_GML.zip
石川,世界測地系,2017年（平成29年）,16.19MB,A40-17_17_GML.zip
福井,世界測地系,2023年（令和5年）,4.79MB,A40-23_18_GML.zip
岐阜,世界測地系,2023年（令和5年）,1.79MB,A40-23_21_GML.zip
岐阜,世界測地系,2017年（平成29年）,8.15MB,A40-17_21_GML.zip
静岡,世界測地系,2016年（平成28年）,29.6MB,A40-16_22_GML.zip
愛知,世界測地系,2022年（令和4年）,84.8MB,A40-22_23_GML.zip
三重,世界測地系,2016年（平成28年）,48.4MB,A40-16_24_GML.zip
京都,世界測地系,2016年（平成28年）,2.48MB,A40-16_26_GML.zip
大阪,世界測地系,2023年（令和5年）,24.49MB,A40-23_27_GML.zip
大阪,世界測地系,2016年（平成28年）,15.3MB,A40-16_27_GML.zip
兵庫,世界測地系,2018年（平成30年）,2.51MB,A40-18_28_GML.zip
兵庫,世界測地系,2016年（平成28年）,14.4MB,A40-16_28_GML.zip
和歌山,世界測地系,2016年（平成28年）,45.8MB,A40-16_30_GML.zip
鳥取,世界測地系,2018年（平成30年）,6.90MB,A40-18_31_GML.zip
島根,世界測地系,2017年（平成29年）,11.85MB,A40-17_32_GML.zip
島根,世界測地系,2024年（令和6年）,9.82MB,A40-24_32_GML.zip
岡山,世界測地系,2022年（令和4年）,36.7MB,A40-22_33_GML.zip
岡山,世界測地系,2016年（平成28年）,36.6MB,A40-16_33_GML.zip
広島,世界測地系,2016年（平成28年）,24.1MB,A40-16_34_GML.zip
山口,世界測地系,2016年（平成28年）,34.2MB,A40-16_35_GML.zip
徳島,世界測地系,2016年（平成28年）,28.4MB,A40-16_36_GML.zip
愛媛,世界測地系,2016年（平成28年）,27.2MB,A40-16_38_GML.zip
高知,世界測地系,2016年（平成28年）,33.9MB,A40-16_39_GML.zip
福岡,世界測地系,2016年（平成28年）,11.7MB,A40-16_40_GML.zip
佐賀,世界測地系,2016年（平成28年）,27.9MB,A40-16_41_GML.zip
長崎,世界測地系,2016年（平成28年）,11.2MB,A40-16_42_GML.zip
熊本,世界測地系,2022年（令和4年）,26.8MB,A40-22_43_GML.zip
大分,世界測地系,2016年（平成28年）,22.7MB,A40-16_44_GML.zip
宮崎,世界測地系,2023年（令和5年）,32.59MB,A40-23_45_GML.zip
宮崎,世界測地系,2020年（令和2年）,30.8MB,A40-20_45_GML.zip
宮崎,世界測地系,2016年（平成28年）,19.9MB,A40-16_45_GML.zip
鹿児島,世界測地系,2020年（令和2年）,50.6MB,A40-20_46_GML.zip
鹿児島,世界測地系,2016年（平成28年）,34.1MB,A40-16_46_GML.zip
沖縄,世界測地系,2016年（平成28年）,37.8MB,A40-16_47_GML.zip