[{"filename": "A40-23_01_GML.zip", "url": "https://nlftp.mlit.go.jp/ksj/gml/data/A40/A40-23/A40-23_01_GML.zip"}, {"filename": "A40-21_01_GML.zip", "url": "https://nlftp.mlit.go.jp/ksj/gml/data/A40/A40-21/A40-21_01_GML.zip"}, {"filename": "A40-17_01_GML.zip", "url": "https://nlftp.mlit.go.jp/ksj/gml/data/A40/A40-17/A40-17_01_GML.zip"}, {"filename": "A40-21_02_GML.zip", "url": "https://nlftp.mlit.go.jp/ksj/gml/data/A40/A40-21/A40-21_02_GML.zip"}, {"filename": "A40-16_02_GML.zip", "url": "https://nlftp.mlit.go.jp/ksj/gml/data/A40/A40-16/A40-16_02_GML.zip"}, {"filename": "A40-22_03_GML.zip", "url": "https://nlftp.mlit.go.jp/ksj/gml/data/A40/A40-22/A40-22_03_GML.zip"}, {"filename": "A40-22_04_GML.zip", "url": "https://nlftp.mlit.go.jp/ksj/gml/data/A40/A40-22/A40-22_04_GML.zip"}, {"filename": "A40-16_05_GML.zip", "url": "https://nlftp.mlit.go.jp/ksj/gml/data/A40/A40-16/A40-16_05_GML.zip"}, {"filename": "A40-16_06_GML.zip", "url": "https://nlftp.mlit.go.jp/ksj/gml/data/A40/A40-16/A40-16_06_GML.zip"}, {"filename": "A40-23_07_GML.zip", "url": "https://nlftp.mlit.go.jp/ksj/gml/data/A40/A40-23/A40-23_07_GML.zip"}, {"filename": "A40-21_07_GML.zip", "url": "https://nlftp.mlit.go.jp/ksj/gml/data/A40/A40-21/A40-21_07_GML.zip"}, {"filename": "A40-23_08_GML.zip", "url": "https://nlftp.mlit.go.jp/ksj/gml/data/A40/A40-23/A40-23_08_GML.zip"}, {"filename": "A40-16_08_GML.zip", "url": "https://nlftp.mlit.go.jp/ksj/gml/data/A40/A40-16/A40-16_08_GML.zip"}, {"filename": "A40-18_12_GML.zip", "url": "https://nlftp.mlit.go.jp/ksj/gml/data/A40/A40-18/A40-18_12_GML.zip"}, {"filename": "A40-23_13_GML.zip", "url": "https://nlftp.mlit.go.jp/ksj/gml/data/A40/A40-23/A40-23_13_GML.zip"}, {"filename": "A40-20_14_GML.zip", "url": "https://nlftp.mlit.go.jp/ksj/gml/data/A40/A40-20/A40-20_14_GML.zip"}, {"filename": "A40-16_14_GML.zip", "url": "https://nlftp.mlit.go.jp/ksj/gml/data/A40/A40-16/A40-16_14_GML.zip"}, {"filename": "A40-17_15_GML.zip", "url": "https://nlftp.mlit.go.jp/ksj/gml/data/A40/A40-17/A40-17_15_GML.zip"}, {"filename": "A40-20_16_GML.zip", "url": "https://nlftp.mlit.go.jp/ksj/gml/data/A40/A40-20/A40-20_16_GML.zip"}, {"filename": "A40-17_17_GML.zip", "url": "https://nlftp.mlit.go.jp/ksj/gml/data/A40/A40-17/A40-17_17_GML.zip"}, {"filename": "A40-23_18_GML.zip", "url": "https://nlftp.mlit.go.jp/ksj/gml/data/A40/A40-23/A40-23_18_GML.zip"}, {"filename": "A40-23_21_GML.zip", "url": "https://nlftp.mlit.go.jp/ksj/gml/data/A40/A40-23/A40-23_21_GML.zip"}, {"filename": "A40-17_21_GML.zip", "url": "https://nlftp.mlit.go.jp/ksj/gml/data/A40/A40-17/A40-17_21_GML.zip"}, {"filename": "A40-16_22_GML.zip", "url": "https://nlftp.mlit.go.jp/ksj/gml/data/A40/A40-16/A40-16_22_GML.zip"}, {"filename": "A40-22_23_GML.zip", "url": "https://nlftp.mlit.go.jp/ksj/gml/data/A40/A40-22/A40-22_23_GML.zip"}, {"filename": "A40-16_24_GML.zip", "url": "https://nlftp.mlit.go.jp/ksj/gml/data/A40/A40-16/A40-16_24_GML.zip"}, {"filename": "A40-16_26_GML.zip", "url": "https://nlftp.mlit.go.jp/ksj/gml/data/A40/A40-16/A40-16_26_GML.zip"}, {"filename": "A40-23_27_GML.zip", "url": "https://nlftp.mlit.go.jp/ksj/gml/data/A40/A40-23/A40-23_27_GML.zip"}, {"filename": "A40-16_27_GML.zip", "url": "https://nlftp.mlit.go.jp/ksj/gml/data/A40/A40-16/A40-16_27_GML.zip"}, {"filename": "A40-18_28_GML.zip", "url": "https://nlftp.mlit.go.jp/ksj/gml/data/A40/A40-18/A40-18_28_GML.zip"}, {"filename": "A40-16_28_GML.zip", "url": "https://nlftp.mlit.go.jp/ksj/gml/data/A40/A40-16/A40-16_28_GML.zip"}, {"filename": "A40-16_30_GML.zip", "url": "https://nlftp.mlit.go.jp/ksj/gml/data/A40/A40-16/A40-16_30_GML.zip"}, {"filename": "A40-18_31_GML.zip", "url": "https://nlftp.mlit.go.jp/ksj/gml/data/A40/A40-18/A40-18_31_GML.zip"}, {"filename": "A40-17_32_GML.zip", "url": "https://nlftp.mlit.go.jp/ksj/gml/data/A40/A40-17/A40-17_32_GML.zip"}, {"filename": "A40-24_32_GML.zip", "url": "https://nlftp.mlit.go.jp/ksj/gml/data/A40/A40-24/A40-24_32_GML.zip"}, {"filename": "A40-22_33_GML.zip", "url": "https://nlftp.mlit.go.jp/ksj/gml/data/A40/A40-22/A40-22_33_GML.zip"}, {"filename": "A40-16_33_GML.zip", "url": "https://nlftp.mlit.go.jp/ksj/gml/data/A40/A40-16/A40-16_33_GML.zip"}, {"filename": "A40-16_34_GML.zip", "url": "https://nlftp.mlit.go.jp/ksj/gml/data/A40/A40-16/A40-16_34_GML.zip"}, {"filename": "A40-16_35_GML.zip", "url": "https://nlftp.mlit.go.jp/ksj/gml/data/A40/A40-16/A40-16_35_GML.zip"}, {"filename": "A40-16_36_GML.zip", "url": "https://nlftp.mlit.go.jp/ksj/gml/data/A40/A40-16/A40-16_36_GML.zip"}, {"filename": "A40-16_38_GML.zip", "url": "https://nlftp.mlit.go.jp/ksj/gml/data/A40/A40-16/A40-16_38_GML.zip"}, {"filename": "A40-16_39_GML.zip", "url": "https://nlftp.mlit.go.jp/ksj/gml/data/A40/A40-16/A40-16_39_GML.zip"}, {"filename": "A40-16_40_GML.zip", "url": "https://nlftp.mlit.go.jp/ksj/gml/data/A40/A40-16/A40-16_40_GML.zip"}, {"filename": "A40-16_41_GML.zip", "url": "https://nlftp.mlit.go.jp/ksj/gml/data/A40/A40-16/A40-16_41_GML.zip"}, {"filename": "A40-16_42_GML.zip", "url": "https://nlftp.mlit.go.jp/ksj/gml/data/A40/A40-16/A40-16_42_GML.zip"}, {"filename": "A40-22_43_GML.zip", "url": "https://nlftp.mlit.go.jp/ksj/gml/data/A40/A40-22/A40-22_43_GML.zip"}, {"filename": "A40-16_44_GML.zip", "url": "https://nlftp.mlit.go.jp/ksj/gml/data/A40/A40-16/A40-16_44_GML.zip"}, {"filename": "A40-23_45_GML.zip", "url": "https://nlftp.mlit.go.jp/ksj/gml/data/A40/A40-23/A40-23_45_GML.zip"}, {"filename": "A40-20_45_GML.zip", "url": "https://nlftp.mlit.go.jp/ksj/gml/data/A40/A40-20/A40-20_45_GML.zip"}, {"filename": "A40-16_45_GML.zip", "url": "https://nlftp.mlit.go.jp/ksj/gml/data/A40/A40-16/A40-16_45_GML.zip"}, {"filename": "A40-20_46_GML.zip", "url": "https://nlftp.mlit.go.jp/ksj/gml/data/A40/A40-20/A40-20_46_GML.zip"}, {"filename": "A40-16_46_GML.zip", "url": "https://nlftp.mlit.go.jp/ksj/gml/data/A40/A40-16/A40-16_46_GML.zip"}, {"filename": "A40-16_47_GML.zip", "url": "https://nlftp.mlit.go.jp/ksj/gml/data/A40/A40-16/A40-16_47_GML.zip"}]