北海道,世界測地系,2018年（平成30年）,525.59MB,A45-19_01_GML.zip
青森,世界測地系,2018年（平成30年）,94.25MB,A45-19_02_GML.zip
岩手,世界測地系,2018年（平成30年）,76.86MB,A45-19_03_GML.zip
宮城,世界測地系,2018年（平成30年）,26.19MB,A45-19_04_GML.zip
秋田,世界測地系,2018年（平成30年）,78.62MB,A45-19_05_GML.zip
山形,世界測地系,2018年（平成30年）,75.08MB,A45-19_06_GML.zip
福島,世界測地系,2018年（平成30年）,77.15MB,A45-19_07_GML.zip
茨城,世界測地系,2018年（平成30年）,19.86MB,A45-19_08_GML.zip
栃木,世界測地系,2018年（平成30年）,24.79MB,A45-19_09_GML.zip
群馬,世界測地系,2018年（平成30年）,34.69MB,A45-19_10_GML.zip
埼玉,世界測地系,2018年（平成30年）,2.35MB,A45-19_11_GML.zip
千葉,世界測地系,2018年（平成30年）,5.05MB,A45-19_12_GML.zip
東京,世界測地系,2018年（平成30年）,5.83MB,A45-19_13_GML.zip
神奈川,世界測地系,2018年（平成30年）,2.89MB,A45-19_14_GML.zip
新潟,世界測地系,2018年（平成30年）,33.2MB,A45-19_15_GML.zip
富山,世界測地系,2018年（平成30年）,4.72MB,A45-19_16_GML.zip
石川,世界測地系,2018年（平成30年）,3.7MB,A45-19_17_GML.zip
福井,世界測地系,2018年（平成30年）,6.42MB,A45-19_18_GML.zip
山梨,世界測地系,2018年（平成30年）,2.28MB,A45-19_19_GML.zip
長野,世界測地系,2018年（平成30年）,59.04MB,A45-19_20_GML.zip
岐阜,世界測地系,2018年（平成30年）,27.59MB,A45-19_21_GML.zip
静岡,世界測地系,2018年（平成30年）,27.55MB,A45-19_22_GML.zip
愛知,世界測地系,2018年（平成30年）,3.48MB,A45-19_23_GML.zip
三重,世界測地系,2018年（平成30年）,6.66MB,A45-19_24_GML.zip
滋賀,世界測地系,2018年（平成30年）,3.77MB,A45-19_25_GML.zip
京都,世界測地系,2018年（平成30年）,1.62MB,A45-19_26_GML.zip
大阪,世界測地系,2018年（平成30年）,0.41MB,A45-19_27_GML.zip
兵庫,世界測地系,2018年（平成30年）,6.15MB,A45-19_28_GML.zip
奈良,世界測地系,2018年（平成30年）,3.15MB,A45-19_29_GML.zip
和歌山,世界測地系,2018年（平成30年）,5.04MB,A45-19_30_GML.zip
鳥取,世界測地系,2018年（平成30年）,6.63MB,A45-19_31_GML.zip
島根,世界測地系,2018年（平成30年）,7.13MB,A45-19_32_GML.zip
岡山,世界測地系,2018年（平成30年）,7.77MB,A45-19_33_GML.zip
広島,世界測地系,2018年（平成30年）,11.73MB,A45-19_34_GML.zip
山口,世界測地系,2018年（平成30年）,2.58MB,A45-19_35_GML.zip
徳島,世界測地系,2018年（平成30年）,4.04MB,A45-19_36_GML.zip
香川,世界測地系,2018年（平成30年）,2.39MB,A45-19_37_GML.zip
愛媛,世界測地系,2018年（平成30年）,9.88MB,A45-19_38_GML.zip
高知,世界測地系,2018年（平成30年）,33.85MB,A45-19_39_GML.zip
福岡,世界測地系,2018年（平成30年）,10.4MB,A45-19_40_GML.zip
佐賀,世界測地系,2018年（平成30年）,6.37MB,A45-19_41_GML.zip
長崎,世界測地系,2018年（平成30年）,8.15MB,A45-19_42_GML.zip
熊本,世界測地系,2018年（平成30年）,27.2MB,A45-19_43_GML.zip
大分,世界測地系,2018年（平成30年）,14.63MB,A45-19_44_GML.zip
宮崎,世界測地系,2018年（平成30年）,74.68MB,A45-19_45_GML.zip
鹿児島,世界測地系,2018年（平成30年）,56.6MB,A45-19_46_GML.zip
沖縄,世界測地系,2018年（平成30年）,4.1MB,A45-19_47_GML.zip