[{"filename": "A45-19_01_GML.zip", "url": "https://nlftp.mlit.go.jp/ksj/gml/data/A45/A45-19/A45-19_01_GML.zip"}, {"filename": "A45-19_02_GML.zip", "url": "https://nlftp.mlit.go.jp/ksj/gml/data/A45/A45-19/A45-19_02_GML.zip"}, {"filename": "A45-19_03_GML.zip", "url": "https://nlftp.mlit.go.jp/ksj/gml/data/A45/A45-19/A45-19_03_GML.zip"}, {"filename": "A45-19_04_GML.zip", "url": "https://nlftp.mlit.go.jp/ksj/gml/data/A45/A45-19/A45-19_04_GML.zip"}, {"filename": "A45-19_05_GML.zip", "url": "https://nlftp.mlit.go.jp/ksj/gml/data/A45/A45-19/A45-19_05_GML.zip"}, {"filename": "A45-19_06_GML.zip", "url": "https://nlftp.mlit.go.jp/ksj/gml/data/A45/A45-19/A45-19_06_GML.zip"}, {"filename": "A45-19_07_GML.zip", "url": "https://nlftp.mlit.go.jp/ksj/gml/data/A45/A45-19/A45-19_07_GML.zip"}, {"filename": "A45-19_08_GML.zip", "url": "https://nlftp.mlit.go.jp/ksj/gml/data/A45/A45-19/A45-19_08_GML.zip"}, {"filename": "A45-19_09_GML.zip", "url": "https://nlftp.mlit.go.jp/ksj/gml/data/A45/A45-19/A45-19_09_GML.zip"}, {"filename": "A45-19_10_GML.zip", "url": "https://nlftp.mlit.go.jp/ksj/gml/data/A45/A45-19/A45-19_10_GML.zip"}, {"filename": "A45-19_11_GML.zip", "url": "https://nlftp.mlit.go.jp/ksj/gml/data/A45/A45-19/A45-19_11_GML.zip"}, {"filename": "A45-19_12_GML.zip", "url": "https://nlftp.mlit.go.jp/ksj/gml/data/A45/A45-19/A45-19_12_GML.zip"}, {"filename": "A45-19_13_GML.zip", "url": "https://nlftp.mlit.go.jp/ksj/gml/data/A45/A45-19/A45-19_13_GML.zip"}, {"filename": "A45-19_14_GML.zip", "url": "https://nlftp.mlit.go.jp/ksj/gml/data/A45/A45-19/A45-19_14_GML.zip"}, {"filename": "A45-19_15_GML.zip", "url": "https://nlftp.mlit.go.jp/ksj/gml/data/A45/A45-19/A45-19_15_GML.zip"}, {"filename": "A45-19_16_GML.zip", "url": "https://nlftp.mlit.go.jp/ksj/gml/data/A45/A45-19/A45-19_16_GML.zip"}, {"filename": "A45-19_17_GML.zip", "url": "https://nlftp.mlit.go.jp/ksj/gml/data/A45/A45-19/A45-19_17_GML.zip"}, {"filename": "A45-19_18_GML.zip", "url": "https://nlftp.mlit.go.jp/ksj/gml/data/A45/A45-19/A45-19_18_GML.zip"}, {"filename": "A45-19_19_GML.zip", "url": "https://nlftp.mlit.go.jp/ksj/gml/data/A45/A45-19/A45-19_19_GML.zip"}, {"filename": "A45-19_20_GML.zip", "url": "https://nlftp.mlit.go.jp/ksj/gml/data/A45/A45-19/A45-19_20_GML.zip"}, {"filename": "A45-19_21_GML.zip", "url": "https://nlftp.mlit.go.jp/ksj/gml/data/A45/A45-19/A45-19_21_GML.zip"}, {"filename": "A45-19_22_GML.zip", "url": "https://nlftp.mlit.go.jp/ksj/gml/data/A45/A45-19/A45-19_22_GML.zip"}, {"filename": "A45-19_23_GML.zip", "url": "https://nlftp.mlit.go.jp/ksj/gml/data/A45/A45-19/A45-19_23_GML.zip"}, {"filename": "A45-19_24_GML.zip", "url": "https://nlftp.mlit.go.jp/ksj/gml/data/A45/A45-19/A45-19_24_GML.zip"}, {"filename": "A45-19_25_GML.zip", "url": "https://nlftp.mlit.go.jp/ksj/gml/data/A45/A45-19/A45-19_25_GML.zip"}, {"filename": "A45-19_26_GML.zip", "url": "https://nlftp.mlit.go.jp/ksj/gml/data/A45/A45-19/A45-19_26_GML.zip"}, {"filename": "A45-19_27_GML.zip", "url": "https://nlftp.mlit.go.jp/ksj/gml/data/A45/A45-19/A45-19_27_GML.zip"}, {"filename": "A45-19_28_GML.zip", "url": "https://nlftp.mlit.go.jp/ksj/gml/data/A45/A45-19/A45-19_28_GML.zip"}, {"filename": "A45-19_29_GML.zip", "url": "https://nlftp.mlit.go.jp/ksj/gml/data/A45/A45-19/A45-19_29_GML.zip"}, {"filename": "A45-19_30_GML.zip", "url": "https://nlftp.mlit.go.jp/ksj/gml/data/A45/A45-19/A45-19_30_GML.zip"}, {"filename": "A45-19_31_GML.zip", "url": "https://nlftp.mlit.go.jp/ksj/gml/data/A45/A45-19/A45-19_31_GML.zip"}, {"filename": "A45-19_32_GML.zip", "url": "https://nlftp.mlit.go.jp/ksj/gml/data/A45/A45-19/A45-19_32_GML.zip"}, {"filename": "A45-19_33_GML.zip", "url": "https://nlftp.mlit.go.jp/ksj/gml/data/A45/A45-19/A45-19_33_GML.zip"}, {"filename": "A45-19_34_GML.zip", "url": "https://nlftp.mlit.go.jp/ksj/gml/data/A45/A45-19/A45-19_34_GML.zip"}, {"filename": "A45-19_35_GML.zip", "url": "https://nlftp.mlit.go.jp/ksj/gml/data/A45/A45-19/A45-19_35_GML.zip"}, {"filename": "A45-19_36_GML.zip", "url": "https://nlftp.mlit.go.jp/ksj/gml/data/A45/A45-19/A45-19_36_GML.zip"}, {"filename": "A45-19_37_GML.zip", "url": "https://nlftp.mlit.go.jp/ksj/gml/data/A45/A45-19/A45-19_37_GML.zip"}, {"filename": "A45-19_38_GML.zip", "url": "https://nlftp.mlit.go.jp/ksj/gml/data/A45/A45-19/A45-19_38_GML.zip"}, {"filename": "A45-19_39_GML.zip", "url": "https://nlftp.mlit.go.jp/ksj/gml/data/A45/A45-19/A45-19_39_GML.zip"}, {"filename": "A45-19_40_GML.zip", "url": "https://nlftp.mlit.go.jp/ksj/gml/data/A45/A45-19/A45-19_40_GML.zip"}, {"filename": "A45-19_41_GML.zip", "url": "https://nlftp.mlit.go.jp/ksj/gml/data/A45/A45-19/A45-19_41_GML.zip"}, {"filename": "A45-19_42_GML.zip", "url": "https://nlftp.mlit.go.jp/ksj/gml/data/A45/A45-19/A45-19_42_GML.zip"}, {"filename": "A45-19_43_GML.zip", "url": "https://nlftp.mlit.go.jp/ksj/gml/data/A45/A45-19/A45-19_43_GML.zip"}, {"filename": "A45-19_44_GML.zip", "url": "https://nlftp.mlit.go.jp/ksj/gml/data/A45/A45-19/A45-19_44_GML.zip"}, {"filename": "A45-19_45_GML.zip", "url": "https://nlftp.mlit.go.jp/ksj/gml/data/A45/A45-19/A45-19_45_GML.zip"}, {"filename": "A45-19_46_GML.zip", "url": "https://nlftp.mlit.go.jp/ksj/gml/data/A45/A45-19/A45-19_46_GML.zip"}, {"filename": "A45-19_47_GML.zip", "url": "https://nlftp.mlit.go.jp/ksj/gml/data/A45/A45-19/A45-19_47_GML.zip"}]