[{"filename": "A46-20_01_GML.zip", "url": "https://nlftp.mlit.go.jp/ksj/gml/data/A46/A46-20/A46-20_01_GML.zip"}, {"filename": "A46-21_01_GML.zip", "url": "https://nlftp.mlit.go.jp/ksj/gml/data/A46/A46-21/A46-21_01_GML.zip"}, {"filename": "A46-21_52_GML.zip", "url": "https://nlftp.mlit.go.jp/ksj/gml/data/A46/A46-21/A46-21_52_GML.zip"}, {"filename": "A46-20_02_GML.zip", "url": "https://nlftp.mlit.go.jp/ksj/gml/data/A46/A46-20/A46-20_02_GML.zip"}, {"filename": "A46-21_02_GML.zip", "url": "https://nlftp.mlit.go.jp/ksj/gml/data/A46/A46-21/A46-21_02_GML.zip"}, {"filename": "A46-20_03_GML.zip", "url": "https://nlftp.mlit.go.jp/ksj/gml/data/A46/A46-20/A46-20_03_GML.zip"}, {"filename": "A46-21_03_GML.zip", "url": "https://nlftp.mlit.go.jp/ksj/gml/data/A46/A46-21/A46-21_03_GML.zip"}, {"filename": "A46-20_04_GML.zip", "url": "https://nlftp.mlit.go.jp/ksj/gml/data/A46/A46-20/A46-20_04_GML.zip"}, {"filename": "A46-21_04_GML.zip", "url": "https://nlftp.mlit.go.jp/ksj/gml/data/A46/A46-21/A46-21_04_GML.zip"}, {"filename": "A46-20_05_GML.zip", "url": "https://nlftp.mlit.go.jp/ksj/gml/data/A46/A46-20/A46-20_05_GML.zip"}, {"filename": "A46-21_05_GML.zip", "url": "https://nlftp.mlit.go.jp/ksj/gml/data/A46/A46-21/A46-21_05_GML.zip"}, {"filename": "A46-20_06_GML.zip", "url": "https://nlftp.mlit.go.jp/ksj/gml/data/A46/A46-20/A46-20_06_GML.zip"}, {"filename": "A46-21_06_GML.zip", "url": "https://nlftp.mlit.go.jp/ksj/gml/data/A46/A46-21/A46-21_06_GML.zip"}, {"filename": "A46-20_07_GML.zip", "url": "https://nlftp.mlit.go.jp/ksj/gml/data/A46/A46-20/A46-20_07_GML.zip"}, {"filename": "A46-21_07_GML.zip", "url": "https://nlftp.mlit.go.jp/ksj/gml/data/A46/A46-21/A46-21_07_GML.zip"}, {"filename": "A46-21_53_GML.zip", "url": "https://nlftp.mlit.go.jp/ksj/gml/data/A46/A46-21/A46-21_53_GML.zip"}, {"filename": "A46-20_08_GML.zip", "url": "https://nlftp.mlit.go.jp/ksj/gml/data/A46/A46-20/A46-20_08_GML.zip"}, {"filename": "A46-21_08_GML.zip", "url": "https://nlftp.mlit.go.jp/ksj/gml/data/A46/A46-21/A46-21_08_GML.zip"}, {"filename": "A46-20_09_GML.zip", "url": "https://nlftp.mlit.go.jp/ksj/gml/data/A46/A46-20/A46-20_09_GML.zip"}, {"filename": "A46-21_09_GML.zip", "url": "https://nlftp.mlit.go.jp/ksj/gml/data/A46/A46-21/A46-21_09_GML.zip"}, {"filename": "A46-20_10_GML.zip", "url": "https://nlftp.mlit.go.jp/ksj/gml/data/A46/A46-20/A46-20_10_GML.zip"}, {"filename": "A46-21_10_GML.zip", "url": "https://nlftp.mlit.go.jp/ksj/gml/data/A46/A46-21/A46-21_10_GML.zip"}, {"filename": "A46-20_11_GML.zip", "url": "https://nlftp.mlit.go.jp/ksj/gml/data/A46/A46-20/A46-20_11_GML.zip"}, {"filename": "A46-21_11_GML.zip", "url": "https://nlftp.mlit.go.jp/ksj/gml/data/A46/A46-21/A46-21_11_GML.zip"}, {"filename": "A46-20_12_GML.zip", "url": "https://nlftp.mlit.go.jp/ksj/gml/data/A46/A46-20/A46-20_12_GML.zip"}, {"filename": "A46-21_12_GML.zip", "url": "https://nlftp.mlit.go.jp/ksj/gml/data/A46/A46-21/A46-21_12_GML.zip"}, {"filename": "A46-20_13_GML.zip", "url": "https://nlftp.mlit.go.jp/ksj/gml/data/A46/A46-20/A46-20_13_GML.zip"}, {"filename": "A46-21_13_GML.zip", "url": "https://nlftp.mlit.go.jp/ksj/gml/data/A46/A46-21/A46-21_13_GML.zip"}, {"filename": "A46-20_14_GML.zip", "url": "https://nlftp.mlit.go.jp/ksj/gml/data/A46/A46-20/A46-20_14_GML.zip"}, {"filename": "A46-21_14_GML.zip", "url": "https://nlftp.mlit.go.jp/ksj/gml/data/A46/A46-21/A46-21_14_GML.zip"}, {"filename": "A46-21_54_GML.zip", "url": "https://nlftp.mlit.go.jp/ksj/gml/data/A46/A46-21/A46-21_54_GML.zip"}, {"filename": "A46-20_15_GML.zip", "url": "https://nlftp.mlit.go.jp/ksj/gml/data/A46/A46-20/A46-20_15_GML.zip"}, {"filename": "A46-21_15_GML.zip", "url": "https://nlftp.mlit.go.jp/ksj/gml/data/A46/A46-21/A46-21_15_GML.zip"}, {"filename": "A46-20_16_GML.zip", "url": "https://nlftp.mlit.go.jp/ksj/gml/data/A46/A46-20/A46-20_16_GML.zip"}, {"filename": "A46-21_16_GML.zip", "url": "https://nlftp.mlit.go.jp/ksj/gml/data/A46/A46-21/A46-21_16_GML.zip"}, {"filename": "A46-20_17_GML.zip", "url": "https://nlftp.mlit.go.jp/ksj/gml/data/A46/A46-20/A46-20_17_GML.zip"}, {"filename": "A46-21_17_GML.zip", "url": "https://nlftp.mlit.go.jp/ksj/gml/data/A46/A46-21/A46-21_17_GML.zip"}, {"filename": "A46-20_18_GML.zip", "url": "https://nlftp.mlit.go.jp/ksj/gml/data/A46/A46-20/A46-20_18_GML.zip"}, {"filename": "A46-21_18_GML.zip", "url": "https://nlftp.mlit.go.jp/ksj/gml/data/A46/A46-21/A46-21_18_GML.zip"}, {"filename": "A46-21_19_GML.zip", "url": "https://nlftp.mlit.go.jp/ksj/gml/data/A46/A46-21/A46-21_19_GML.zip"}, {"filename": "A46-20_20_GML.zip", "url": "https://nlftp.mlit.go.jp/ksj/gml/data/A46/A46-20/A46-20_20_GML.zip"}, {"filename": "A46-21_20_GML.zip", "url": "https://nlftp.mlit.go.jp/ksj/gml/data/A46/A46-21/A46-21_20_GML.zip"}, {"filename": "A46-21_55_GML.zip", "url": "https://nlftp.mlit.go.jp/ksj/gml/data/A46/A46-21/A46-21_55_GML.zip"}, {"filename": "A46-20_21_GML.zip", "url": "https://nlftp.mlit.go.jp/ksj/gml/data/A46/A46-20/A46-20_21_GML.zip"}, {"filename": "A46-21_21_GML.zip", "url": "https://nlftp.mlit.go.jp/ksj/gml/data/A46/A46-21/A46-21_21_GML.zip"}, {"filename": "A46-20_22_GML.zip", "url": "https://nlftp.mlit.go.jp/ksj/gml/data/A46/A46-20/A46-20_22_GML.zip"}, {"filename": "A46-21_22_GML.zip", "url": "https://nlftp.mlit.go.jp/ksj/gml/data/A46/A46-21/A46-21_22_GML.zip"}, {"filename": "A46-20_23_GML.zip", "url": "https://nlftp.mlit.go.jp/ksj/gml/data/A46/A46-20/A46-20_23_GML.zip"}, {"filename": "A46-21_23_GML.zip", "url": "https://nlftp.mlit.go.jp/ksj/gml/data/A46/A46-21/A46-21_23_GML.zip"}, {"filename": "A46-20_24_GML.zip", "url": "https://nlftp.mlit.go.jp/ksj/gml/data/A46/A46-20/A46-20_24_GML.zip"}, {"filename": "A46-21_24_GML.zip", "url": "https://nlftp.mlit.go.jp/ksj/gml/data/A46/A46-21/A46-21_24_GML.zip"}, {"filename": "A46-21_56_GML.zip", "url": "https://nlftp.mlit.go.jp/ksj/gml/data/A46/A46-21/A46-21_56_GML.zip"}, {"filename": "A46-21_25_GML.zip", "url": "https://nlftp.mlit.go.jp/ksj/gml/data/A46/A46-21/A46-21_25_GML.zip"}, {"filename": "A46-20_26_GML.zip", "url": "https://nlftp.mlit.go.jp/ksj/gml/data/A46/A46-20/A46-20_26_GML.zip"}, {"filename": "A46-21_26_GML.zip", "url": "https://nlftp.mlit.go.jp/ksj/gml/data/A46/A46-21/A46-21_26_GML.zip"}, {"filename": "A46-20_27_GML.zip", "url": "https://nlftp.mlit.go.jp/ksj/gml/data/A46/A46-20/A46-20_27_GML.zip"}, {"filename": "A46-21_27_GML.zip", "url": "https://nlftp.mlit.go.jp/ksj/gml/data/A46/A46-21/A46-21_27_GML.zip"}, {"filename": "A46-20_28_GML.zip", "url": "https://nlftp.mlit.go.jp/ksj/gml/data/A46/A46-20/A46-20_28_GML.zip"}, {"filename": "A46-21_28_GML.zip", "url": "https://nlftp.mlit.go.jp/ksj/gml/data/A46/A46-21/A46-21_28_GML.zip"}, {"filename": "A46-20_29_GML.zip", "url": "https://nlftp.mlit.go.jp/ksj/gml/data/A46/A46-20/A46-20_29_GML.zip"}, {"filename": "A46-21_29_GML.zip", "url": "https://nlftp.mlit.go.jp/ksj/gml/data/A46/A46-21/A46-21_29_GML.zip"}, {"filename": "A46-20_30_GML.zip", "url": "https://nlftp.mlit.go.jp/ksj/gml/data/A46/A46-20/A46-20_30_GML.zip"}, {"filename": "A46-21_30_GML.zip", "url": "https://nlftp.mlit.go.jp/ksj/gml/data/A46/A46-21/A46-21_30_GML.zip"}, {"filename": "A46-21_57_GML.zip", "url": "https://nlftp.mlit.go.jp/ksj/gml/data/A46/A46-21/A46-21_57_GML.zip"}, {"filename": "A46-20_31_GML.zip", "url": "https://nlftp.mlit.go.jp/ksj/gml/data/A46/A46-20/A46-20_31_GML.zip"}, {"filename": "A46-21_31_GML.zip", "url": "https://nlftp.mlit.go.jp/ksj/gml/data/A46/A46-21/A46-21_31_GML.zip"}, {"filename": "A46-20_32_GML.zip", "url": "https://nlftp.mlit.go.jp/ksj/gml/data/A46/A46-20/A46-20_32_GML.zip"}, {"filename": "A46-21_32_GML.zip", "url": "https://nlftp.mlit.go.jp/ksj/gml/data/A46/A46-21/A46-21_32_GML.zip"}, {"filename": "A46-20_33_GML.zip", "url": "https://nlftp.mlit.go.jp/ksj/gml/data/A46/A46-20/A46-20_33_GML.zip"}, {"filename": "A46-21_33_GML.zip", "url": "https://nlftp.mlit.go.jp/ksj/gml/data/A46/A46-21/A46-21_33_GML.zip"}, {"filename": "A46-20_34_GML.zip", "url": "https://nlftp.mlit.go.jp/ksj/gml/data/A46/A46-20/A46-20_34_GML.zip"}, {"filename": "A46-21_34_GML.zip", "url": "https://nlftp.mlit.go.jp/ksj/gml/data/A46/A46-21/A46-21_34_GML.zip"}, {"filename": "A46-20_35_GML.zip", "url": "https://nlftp.mlit.go.jp/ksj/gml/data/A46/A46-20/A46-20_35_GML.zip"}, {"filename": "A46-21_35_GML.zip", "url": "https://nlftp.mlit.go.jp/ksj/gml/data/A46/A46-21/A46-21_35_GML.zip"}, {"filename": "A46-21_58_GML.zip", "url": "https://nlftp.mlit.go.jp/ksj/gml/data/A46/A46-21/A46-21_58_GML.zip"}, {"filename": "A46-20_36_GML.zip", "url": "https://nlftp.mlit.go.jp/ksj/gml/data/A46/A46-20/A46-20_36_GML.zip"}, {"filename": "A46-21_36_GML.zip", "url": "https://nlftp.mlit.go.jp/ksj/gml/data/A46/A46-21/A46-21_36_GML.zip"}, {"filename": "A46-20_38_GML.zip", "url": "https://nlftp.mlit.go.jp/ksj/gml/data/A46/A46-20/A46-20_38_GML.zip"}, {"filename": "A46-21_38_GML.zip", "url": "https://nlftp.mlit.go.jp/ksj/gml/data/A46/A46-21/A46-21_38_GML.zip"}, {"filename": "A46-20_39_GML.zip", "url": "https://nlftp.mlit.go.jp/ksj/gml/data/A46/A46-20/A46-20_39_GML.zip"}, {"filename": "A46-21_39_GML.zip", "url": "https://nlftp.mlit.go.jp/ksj/gml/data/A46/A46-21/A46-21_39_GML.zip"}, {"filename": "A46-21_59_GML.zip", "url": "https://nlftp.mlit.go.jp/ksj/gml/data/A46/A46-21/A46-21_59_GML.zip"}, {"filename": "A46-20_40_GML.zip", "url": "https://nlftp.mlit.go.jp/ksj/gml/data/A46/A46-20/A46-20_40_GML.zip"}, {"filename": "A46-21_40_GML.zip", "url": "https://nlftp.mlit.go.jp/ksj/gml/data/A46/A46-21/A46-21_40_GML.zip"}, {"filename": "A46-20_41_GML.zip", "url": "https://nlftp.mlit.go.jp/ksj/gml/data/A46/A46-20/A46-20_41_GML.zip"}, {"filename": "A46-21_41_GML.zip", "url": "https://nlftp.mlit.go.jp/ksj/gml/data/A46/A46-21/A46-21_41_GML.zip"}, {"filename": "A46-20_42_GML.zip", "url": "https://nlftp.mlit.go.jp/ksj/gml/data/A46/A46-20/A46-20_42_GML.zip"}, {"filename": "A46-21_42_GML.zip", "url": "https://nlftp.mlit.go.jp/ksj/gml/data/A46/A46-21/A46-21_42_GML.zip"}, {"filename": "A46-20_43_GML.zip", "url": "https://nlftp.mlit.go.jp/ksj/gml/data/A46/A46-20/A46-20_43_GML.zip"}, {"filename": "A46-21_43_GML.zip", "url": "https://nlftp.mlit.go.jp/ksj/gml/data/A46/A46-21/A46-21_43_GML.zip"}, {"filename": "A46-20_44_GML.zip", "url": "https://nlftp.mlit.go.jp/ksj/gml/data/A46/A46-20/A46-20_44_GML.zip"}, {"filename": "A46-21_44_GML.zip", "url": "https://nlftp.mlit.go.jp/ksj/gml/data/A46/A46-21/A46-21_44_GML.zip"}, {"filename": "A46-20_45_GML.zip", "url": "https://nlftp.mlit.go.jp/ksj/gml/data/A46/A46-20/A46-20_45_GML.zip"}, {"filename": "A46-21_45_GML.zip", "url": "https://nlftp.mlit.go.jp/ksj/gml/data/A46/A46-21/A46-21_45_GML.zip"}, {"filename": "A46-20_46_GML.zip", "url": "https://nlftp.mlit.go.jp/ksj/gml/data/A46/A46-20/A46-20_46_GML.zip"}, {"filename": "A46-21_46_GML.zip", "url": "https://nlftp.mlit.go.jp/ksj/gml/data/A46/A46-21/A46-21_46_GML.zip"}, {"filename": "A46-20_47_GML.zip", "url": "https://nlftp.mlit.go.jp/ksj/gml/data/A46/A46-20/A46-20_47_GML.zip"}, {"filename": "A46-21_47_GML.zip", "url": "https://nlftp.mlit.go.jp/ksj/gml/data/A46/A46-21/A46-21_47_GML.zip"}]