北海道,世界測地系,2020年（令和2年）,122KB,A46-20_01_GML.zip
北海道,世界測地系,2021年（令和3年）,113KB,A46-21_01_GML.zip
東北地方,世界測地系,2021年（令和3年）,1,038KB,A46-21_52_GML.zip
青森,世界測地系,2020年（令和2年）,65.5KB,A46-20_02_GML.zip
青森,世界測地系,2021年（令和3年）,71.0KB,A46-21_02_GML.zip
岩手,世界測地系,2020年（令和2年）,99.6KB,A46-20_03_GML.zip
岩手,世界測地系,2021年（令和3年）,111KB,A46-21_03_GML.zip
宮城,世界測地系,2020年（令和2年）,66.5KB,A46-20_04_GML.zip
宮城,世界測地系,2021年（令和3年）,112KB,A46-21_04_GML.zip
秋田,世界測地系,2020年（令和2年）,286KB,A46-20_05_GML.zip
秋田,世界測地系,2021年（令和3年）,288KB,A46-21_05_GML.zip
山形,世界測地系,2020年（令和2年）,156KB,A46-20_06_GML.zip
山形,世界測地系,2021年（令和3年）,276KB,A46-21_06_GML.zip
福島,世界測地系,2020年（令和2年）,228KB,A46-20_07_GML.zip
福島,世界測地系,2021年（令和3年）,206KB,A46-21_07_GML.zip
関東地方,世界測地系,2021年（令和3年）,633KB,A46-21_53_GML.zip
茨城,世界測地系,2020年（令和2年）,108KB,A46-20_08_GML.zip
茨城,世界測地系,2021年（令和3年）,112KB,A46-21_08_GML.zip
栃木,世界測地系,2020年（令和2年）,36.1KB,A46-20_09_GML.zip
栃木,世界測地系,2021年（令和3年）,53.0KB,A46-21_09_GML.zip
群馬,世界測地系,2020年（令和2年）,125KB,A46-20_10_GML.zip
群馬,世界測地系,2021年（令和3年）,164KB,A46-21_10_GML.zip
埼玉,世界測地系,2020年（令和2年）,149KB,A46-20_11_GML.zip
埼玉,世界測地系,2021年（令和3年）,153KB,A46-21_11_GML.zip
千葉,世界測地系,2020年（令和2年）,111KB,A46-20_12_GML.zip
千葉,世界測地系,2021年（令和3年）,93.0KB,A46-21_12_GML.zip
東京,世界測地系,2020年（令和2年）,25.5KB,A46-20_13_GML.zip
東京,世界測地系,2021年（令和3年）,27.0KB,A46-21_13_GML.zip
神奈川,世界測地系,2020年（令和2年）,45.4KB,A46-20_14_GML.zip
神奈川,世界測地系,2021年（令和3年）,49.0KB,A46-21_14_GML.zip
甲信越・北陸地方,世界測地系,2021年（令和3年）,4,105KB,A46-21_54_GML.zip
新潟,世界測地系,2020年（令和2年）,1.02KB,A46-20_15_GML.zip
新潟,世界測地系,2021年（令和3年）,2033KB,A46-21_15_GML.zip
富山,世界測地系,2020年（令和2年）,964KB,A46-20_16_GML.zip
富山,世界測地系,2021年（令和3年）,550KB,A46-21_16_GML.zip
石川,世界測地系,2020年（令和2年）,393KB,A46-20_17_GML.zip
石川,世界測地系,2021年（令和3年）,396KB,A46-21_17_GML.zip
福井,世界測地系,2020年（令和2年）,18.3KB,A46-20_18_GML.zip
福井,世界測地系,2021年（令和3年）,20.0KB,A46-21_18_GML.zip
山梨,世界測地系,2021年（令和3年）,23.0KB,A46-21_19_GML.zip
長野,世界測地系,2020年（令和2年）,710KB,A46-20_20_GML.zip
長野,世界測地系,2021年（令和3年）,1095KB,A46-21_20_GML.zip
東海地方,世界測地系,2021年（令和3年）,449KB,A46-21_55_GML.zip
岐阜,世界測地系,2020年（令和2年）,165KB,A46-20_21_GML.zip
岐阜,世界測地系,2021年（令和3年）,69.0KB,A46-21_21_GML.zip
静岡,世界測地系,2020年（令和2年）,292KB,A46-20_22_GML.zip
静岡,世界測地系,2021年（令和3年）,298KB,A46-21_22_GML.zip
愛知,世界測地系,2020年（令和2年）,12.0KB,A46-20_23_GML.zip
愛知,世界測地系,2021年（令和3年）,14.0KB,A46-21_23_GML.zip
三重,世界測地系,2020年（令和2年）,61.3KB,A46-20_24_GML.zip
三重,世界測地系,2021年（令和3年）,85.0KB,A46-21_24_GML.zip
近畿地方,世界測地系,2021年（令和3年）,1,143KB,A46-21_56_GML.zip
滋賀,世界測地系,2021年（令和3年）,80.0KB,A46-21_25_GML.zip
京都,世界測地系,2020年（令和2年）,24.3KB,A46-20_26_GML.zip
京都,世界測地系,2021年（令和3年）,28.0KB,A46-21_26_GML.zip
大阪,世界測地系,2020年（令和2年）,59.0KB,A46-20_27_GML.zip
大阪,世界測地系,2021年（令和3年）,61.0KB,A46-21_27_GML.zip
兵庫,世界測地系,2020年（令和2年）,552KB,A46-20_28_GML.zip
兵庫,世界測地系,2021年（令和3年）,549KB,A46-21_28_GML.zip
奈良,世界測地系,2020年（令和2年）,14.4KB,A46-20_29_GML.zip
奈良,世界測地系,2021年（令和3年）,16.0KB,A46-21_29_GML.zip
和歌山,世界測地系,2020年（令和2年）,324KB,A46-20_30_GML.zip
和歌山,世界測地系,2021年（令和3年）,424KB,A46-21_30_GML.zip
中国地方,世界測地系,2021年（令和3年）,865KB,A46-21_57_GML.zip
鳥取,世界測地系,2020年（令和2年）,104KB,A46-20_31_GML.zip
鳥取,世界測地系,2021年（令和3年）,105KB,A46-21_31_GML.zip
島根,世界測地系,2020年（令和2年）,494KB,A46-20_32_GML.zip
島根,世界測地系,2021年（令和3年）,499KB,A46-21_32_GML.zip
岡山,世界測地系,2020年（令和2年）,112KB,A46-20_33_GML.zip
岡山,世界測地系,2021年（令和3年）,115KB,A46-21_33_GML.zip
広島,世界測地系,2020年（令和2年）,285KB,A46-20_34_GML.zip
広島,世界測地系,2021年（令和3年）,86.0KB,A46-21_34_GML.zip
山口,世界測地系,2020年（令和2年）,71.9KB,A46-20_35_GML.zip
山口,世界測地系,2021年（令和3年）,75.0KB,A46-21_35_GML.zip
四国地方,世界測地系,2021年（令和3年）,7,905KB,A46-21_58_GML.zip
徳島,世界測地系,2020年（令和2年）,7.82KB,A46-20_36_GML.zip
徳島,世界測地系,2021年（令和3年）,6747KB,A46-21_36_GML.zip
愛媛,世界測地系,2020年（令和2年）,641KB,A46-20_38_GML.zip
愛媛,世界測地系,2021年（令和3年）,621KB,A46-21_38_GML.zip
高知,世界測地系,2020年（令和2年）,587KB,A46-20_39_GML.zip
高知,世界測地系,2021年（令和3年）,559KB,A46-21_39_GML.zip
九州地方,世界測地系,2021年（令和3年）,356KB,A46-21_59_GML.zip
福岡,世界測地系,2020年（令和2年）,25.6KB,A46-20_40_GML.zip
福岡,世界測地系,2021年（令和3年）,66.0KB,A46-21_40_GML.zip
佐賀,世界測地系,2020年（令和2年）,101KB,A46-20_41_GML.zip
佐賀,世界測地系,2021年（令和3年）,96.0KB,A46-21_41_GML.zip
長崎,世界測地系,2020年（令和2年）,303KB,A46-20_42_GML.zip
長崎,世界測地系,2021年（令和3年）,284KB,A46-21_42_GML.zip
熊本,世界測地系,2020年（令和2年）,107KB,A46-20_43_GML.zip
熊本,世界測地系,2021年（令和3年）,185KB,A46-21_43_GML.zip
大分,世界測地系,2020年（令和2年）,54.7KB,A46-20_44_GML.zip
大分,世界測地系,2021年（令和3年）,82.0KB,A46-21_44_GML.zip
宮崎,世界測地系,2020年（令和2年）,27.3KB,A46-20_45_GML.zip
宮崎,世界測地系,2021年（令和3年）,33.0KB,A46-21_45_GML.zip
鹿児島,世界測地系,2020年（令和2年）,146KB,A46-20_46_GML.zip
鹿児島,世界測地系,2021年（令和3年）,130KB,A46-21_46_GML.zip
沖縄,世界測地系,2020年（令和2年）,80.0KB,A46-20_47_GML.zip
沖縄,世界測地系,2021年（令和3年）,66.0KB,A46-21_47_GML.zip