[{"filename": "A47-20_01_GML.zip", "url": "https://nlftp.mlit.go.jp/ksj/gml/data/A47/A47-20/A47-20_01_GML.zip"}, {"filename": "A47-21_01_GML.zip", "url": "https://nlftp.mlit.go.jp/ksj/gml/data/A47/A47-21/A47-21_01_GML.zip"}, {"filename": "A47-21_52_GML.zip", "url": "https://nlftp.mlit.go.jp/ksj/gml/data/A47/A47-21/A47-21_52_GML.zip"}, {"filename": "A47-20_02_GML.zip", "url": "https://nlftp.mlit.go.jp/ksj/gml/data/A47/A47-20/A47-20_02_GML.zip"}, {"filename": "A47-21_02_GML.zip", "url": "https://nlftp.mlit.go.jp/ksj/gml/data/A47/A47-21/A47-21_02_GML.zip"}, {"filename": "A47-20_03_GML.zip", "url": "https://nlftp.mlit.go.jp/ksj/gml/data/A47/A47-20/A47-20_03_GML.zip"}, {"filename": "A47-21_03_GML.zip", "url": "https://nlftp.mlit.go.jp/ksj/gml/data/A47/A47-21/A47-21_03_GML.zip"}, {"filename": "A47-20_04_GML.zip", "url": "https://nlftp.mlit.go.jp/ksj/gml/data/A47/A47-20/A47-20_04_GML.zip"}, {"filename": "A47-21_04_GML.zip", "url": "https://nlftp.mlit.go.jp/ksj/gml/data/A47/A47-21/A47-21_04_GML.zip"}, {"filename": "A47-20_05_GML.zip", "url": "https://nlftp.mlit.go.jp/ksj/gml/data/A47/A47-20/A47-20_05_GML.zip"}, {"filename": "A47-21_05_GML.zip", "url": "https://nlftp.mlit.go.jp/ksj/gml/data/A47/A47-21/A47-21_05_GML.zip"}, {"filename": "A47-21_06_GML.zip", "url": "https://nlftp.mlit.go.jp/ksj/gml/data/A47/A47-21/A47-21_06_GML.zip"}, {"filename": "A47-20_07_GML.zip", "url": "https://nlftp.mlit.go.jp/ksj/gml/data/A47/A47-20/A47-20_07_GML.zip"}, {"filename": "A47-21_07_GML.zip", "url": "https://nlftp.mlit.go.jp/ksj/gml/data/A47/A47-21/A47-21_07_GML.zip"}, {"filename": "A47-21_53_GML.zip", "url": "https://nlftp.mlit.go.jp/ksj/gml/data/A47/A47-21/A47-21_53_GML.zip"}, {"filename": "A47-20_08_GML.zip", "url": "https://nlftp.mlit.go.jp/ksj/gml/data/A47/A47-20/A47-20_08_GML.zip"}, {"filename": "A47-21_08_GML.zip", "url": "https://nlftp.mlit.go.jp/ksj/gml/data/A47/A47-21/A47-21_08_GML.zip"}, {"filename": "A47-21_09_GML.zip", "url": "https://nlftp.mlit.go.jp/ksj/gml/data/A47/A47-21/A47-21_09_GML.zip"}, {"filename": "A47-20_10_GML.zip", "url": "https://nlftp.mlit.go.jp/ksj/gml/data/A47/A47-20/A47-20_10_GML.zip"}, {"filename": "A47-21_10_GML.zip", "url": "https://nlftp.mlit.go.jp/ksj/gml/data/A47/A47-21/A47-21_10_GML.zip"}, {"filename": "A47-20_11_GML.zip", "url": "https://nlftp.mlit.go.jp/ksj/gml/data/A47/A47-20/A47-20_11_GML.zip"}, {"filename": "A47-21_11_GML.zip", "url": "https://nlftp.mlit.go.jp/ksj/gml/data/A47/A47-21/A47-21_11_GML.zip"}, {"filename": "A47-20_12_GML.zip", "url": "https://nlftp.mlit.go.jp/ksj/gml/data/A47/A47-20/A47-20_12_GML.zip"}, {"filename": "A47-21_12_GML.zip", "url": "https://nlftp.mlit.go.jp/ksj/gml/data/A47/A47-21/A47-21_12_GML.zip"}, {"filename": "A47-20_13_GML.zip", "url": "https://nlftp.mlit.go.jp/ksj/gml/data/A47/A47-20/A47-20_13_GML.zip"}, {"filename": "A47-21_13_GML.zip", "url": "https://nlftp.mlit.go.jp/ksj/gml/data/A47/A47-21/A47-21_13_GML.zip"}, {"filename": "A47-20_14_GML.zip", "url": "https://nlftp.mlit.go.jp/ksj/gml/data/A47/A47-20/A47-20_14_GML.zip"}, {"filename": "A47-21_14_GML.zip", "url": "https://nlftp.mlit.go.jp/ksj/gml/data/A47/A47-21/A47-21_14_GML.zip"}, {"filename": "A47-21_54_GML.zip", "url": "https://nlftp.mlit.go.jp/ksj/gml/data/A47/A47-21/A47-21_54_GML.zip"}, {"filename": "A47-20_15_GML.zip", "url": "https://nlftp.mlit.go.jp/ksj/gml/data/A47/A47-20/A47-20_15_GML.zip"}, {"filename": "A47-21_15_GML.zip", "url": "https://nlftp.mlit.go.jp/ksj/gml/data/A47/A47-21/A47-21_15_GML.zip"}, {"filename": "A47-20_16_GML.zip", "url": "https://nlftp.mlit.go.jp/ksj/gml/data/A47/A47-20/A47-20_16_GML.zip"}, {"filename": "A47-21_16_GML.zip", "url": "https://nlftp.mlit.go.jp/ksj/gml/data/A47/A47-21/A47-21_16_GML.zip"}, {"filename": "A47-20_17_GML.zip", "url": "https://nlftp.mlit.go.jp/ksj/gml/data/A47/A47-20/A47-20_17_GML.zip"}, {"filename": "A47-21_17_GML.zip", "url": "https://nlftp.mlit.go.jp/ksj/gml/data/A47/A47-21/A47-21_17_GML.zip"}, {"filename": "A47-20_20_GML.zip", "url": "https://nlftp.mlit.go.jp/ksj/gml/data/A47/A47-20/A47-20_20_GML.zip"}, {"filename": "A47-21_20_GML.zip", "url": "https://nlftp.mlit.go.jp/ksj/gml/data/A47/A47-21/A47-21_20_GML.zip"}, {"filename": "A47-21_55_GML.zip", "url": "https://nlftp.mlit.go.jp/ksj/gml/data/A47/A47-21/A47-21_55_GML.zip"}, {"filename": "A47-20_21_GML.zip", "url": "https://nlftp.mlit.go.jp/ksj/gml/data/A47/A47-20/A47-20_21_GML.zip"}, {"filename": "A47-21_21_GML.zip", "url": "https://nlftp.mlit.go.jp/ksj/gml/data/A47/A47-21/A47-21_21_GML.zip"}, {"filename": "A47-20_22_GML.zip", "url": "https://nlftp.mlit.go.jp/ksj/gml/data/A47/A47-20/A47-20_22_GML.zip"}, {"filename": "A47-21_22_GML.zip", "url": "https://nlftp.mlit.go.jp/ksj/gml/data/A47/A47-21/A47-21_22_GML.zip"}, {"filename": "A47-21_24_GML.zip", "url": "https://nlftp.mlit.go.jp/ksj/gml/data/A47/A47-21/A47-21_24_GML.zip"}, {"filename": "A47-21_56_GML.zip", "url": "https://nlftp.mlit.go.jp/ksj/gml/data/A47/A47-21/A47-21_56_GML.zip"}, {"filename": "A47-21_25_GML.zip", "url": "https://nlftp.mlit.go.jp/ksj/gml/data/A47/A47-21/A47-21_25_GML.zip"}, {"filename": "A47-20_27_GML.zip", "url": "https://nlftp.mlit.go.jp/ksj/gml/data/A47/A47-20/A47-20_27_GML.zip"}, {"filename": "A47-21_27_GML.zip", "url": "https://nlftp.mlit.go.jp/ksj/gml/data/A47/A47-21/A47-21_27_GML.zip"}, {"filename": "A47-20_28_GML.zip", "url": "https://nlftp.mlit.go.jp/ksj/gml/data/A47/A47-20/A47-20_28_GML.zip"}, {"filename": "A47-21_28_GML.zip", "url": "https://nlftp.mlit.go.jp/ksj/gml/data/A47/A47-21/A47-21_28_GML.zip"}, {"filename": "A47-20_30_GML.zip", "url": "https://nlftp.mlit.go.jp/ksj/gml/data/A47/A47-20/A47-20_30_GML.zip"}, {"filename": "A47-21_30_GML.zip", "url": "https://nlftp.mlit.go.jp/ksj/gml/data/A47/A47-21/A47-21_30_GML.zip"}, {"filename": "A47-21_57_GML.zip", "url": "https://nlftp.mlit.go.jp/ksj/gml/data/A47/A47-21/A47-21_57_GML.zip"}, {"filename": "A47-20_31_GML.zip", "url": "https://nlftp.mlit.go.jp/ksj/gml/data/A47/A47-20/A47-20_31_GML.zip"}, {"filename": "A47-21_31_GML.zip", "url": "https://nlftp.mlit.go.jp/ksj/gml/data/A47/A47-21/A47-21_31_GML.zip"}, {"filename": "A47-20_32_GML.zip", "url": "https://nlftp.mlit.go.jp/ksj/gml/data/A47/A47-20/A47-20_32_GML.zip"}, {"filename": "A47-21_32_GML.zip", "url": "https://nlftp.mlit.go.jp/ksj/gml/data/A47/A47-21/A47-21_32_GML.zip"}, {"filename": "A47-20_33_GML.zip", "url": "https://nlftp.mlit.go.jp/ksj/gml/data/A47/A47-20/A47-20_33_GML.zip"}, {"filename": "A47-21_33_GML.zip", "url": "https://nlftp.mlit.go.jp/ksj/gml/data/A47/A47-21/A47-21_33_GML.zip"}, {"filename": "A47-20_34_GML.zip", "url": "https://nlftp.mlit.go.jp/ksj/gml/data/A47/A47-20/A47-20_34_GML.zip"}, {"filename": "A47-21_34_GML.zip", "url": "https://nlftp.mlit.go.jp/ksj/gml/data/A47/A47-21/A47-21_34_GML.zip"}, {"filename": "A47-21_58_GML.zip", "url": "https://nlftp.mlit.go.jp/ksj/gml/data/A47/A47-21/A47-21_58_GML.zip"}, {"filename": "A47-20_36_GML.zip", "url": "https://nlftp.mlit.go.jp/ksj/gml/data/A47/A47-20/A47-20_36_GML.zip"}, {"filename": "A47-21_36_GML.zip", "url": "https://nlftp.mlit.go.jp/ksj/gml/data/A47/A47-21/A47-21_36_GML.zip"}, {"filename": "A47-20_38_GML.zip", "url": "https://nlftp.mlit.go.jp/ksj/gml/data/A47/A47-20/A47-20_38_GML.zip"}, {"filename": "A47-21_38_GML.zip", "url": "https://nlftp.mlit.go.jp/ksj/gml/data/A47/A47-21/A47-21_38_GML.zip"}, {"filename": "A47-20_39_GML.zip", "url": "https://nlftp.mlit.go.jp/ksj/gml/data/A47/A47-20/A47-20_39_GML.zip"}, {"filename": "A47-21_39_GML.zip", "url": "https://nlftp.mlit.go.jp/ksj/gml/data/A47/A47-21/A47-21_39_GML.zip"}, {"filename": "A47-21_59_GML.zip", "url": "https://nlftp.mlit.go.jp/ksj/gml/data/A47/A47-21/A47-21_59_GML.zip"}, {"filename": "A47-20_41_GML.zip", "url": "https://nlftp.mlit.go.jp/ksj/gml/data/A47/A47-20/A47-20_41_GML.zip"}, {"filename": "A47-21_41_GML.zip", "url": "https://nlftp.mlit.go.jp/ksj/gml/data/A47/A47-21/A47-21_41_GML.zip"}, {"filename": "A47-20_42_GML.zip", "url": "https://nlftp.mlit.go.jp/ksj/gml/data/A47/A47-20/A47-20_42_GML.zip"}, {"filename": "A47-21_42_GML.zip", "url": "https://nlftp.mlit.go.jp/ksj/gml/data/A47/A47-21/A47-21_42_GML.zip"}, {"filename": "A47-20_43_GML.zip", "url": "https://nlftp.mlit.go.jp/ksj/gml/data/A47/A47-20/A47-20_43_GML.zip"}, {"filename": "A47-21_43_GML.zip", "url": "https://nlftp.mlit.go.jp/ksj/gml/data/A47/A47-21/A47-21_43_GML.zip"}, {"filename": "A47-20_46_GML.zip", "url": "https://nlftp.mlit.go.jp/ksj/gml/data/A47/A47-20/A47-20_46_GML.zip"}, {"filename": "A47-21_46_GML.zip", "url": "https://nlftp.mlit.go.jp/ksj/gml/data/A47/A47-21/A47-21_46_GML.zip"}, {"filename": "A47-21_47_GML.zip", "url": "https://nlftp.mlit.go.jp/ksj/gml/data/A47/A47-21/A47-21_47_GML.zip"}]