北海道,世界測地系,2020年（令和2年）,199KB,A47-20_01_GML.zip
北海道,世界測地系,2021年（令和3年）,195KB,A47-21_01_GML.zip
東北地方,世界測地系,2021年（令和3年）,1,138KB,A47-21_52_GML.zip
青森,世界測地系,2020年（令和2年）,288KB,A47-20_02_GML.zip
青森,世界測地系,2021年（令和3年）,241KB,A47-21_02_GML.zip
岩手,世界測地系,2020年（令和2年）,162KB,A47-20_03_GML.zip
岩手,世界測地系,2021年（令和3年）,168KB,A47-21_03_GML.zip
宮城,世界測地系,2020年（令和2年）,33KB,A47-20_04_GML.zip
宮城,世界測地系,2021年（令和3年）,31KB,A47-21_04_GML.zip
秋田,世界測地系,2020年（令和2年）,326KB,A47-20_05_GML.zip
秋田,世界測地系,2021年（令和3年）,322KB,A47-21_05_GML.zip
山形,世界測地系,2021年（令和3年）,171KB,A47-21_06_GML.zip
福島,世界測地系,2020年（令和2年）,210KB,A47-20_07_GML.zip
福島,世界測地系,2021年（令和3年）,217KB,A47-21_07_GML.zip
関東地方,世界測地系,2021年（令和3年）,2,636KB,A47-21_53_GML.zip
茨城,世界測地系,2020年（令和2年）,414KB,A47-20_08_GML.zip
茨城,世界測地系,2021年（令和3年）,424KB,A47-21_08_GML.zip
栃木,世界測地系,2021年（令和3年）,127KB,A47-21_09_GML.zip
群馬,世界測地系,2020年（令和2年）,334KB,A47-20_10_GML.zip
群馬,世界測地系,2021年（令和3年）,345KB,A47-21_10_GML.zip
埼玉,世界測地系,2020年（令和2年）,43KB,A47-20_11_GML.zip
埼玉,世界測地系,2021年（令和3年）,45KB,A47-21_11_GML.zip
千葉,世界測地系,2020年（令和2年）,345KB,A47-20_12_GML.zip
千葉,世界測地系,2021年（令和3年）,357KB,A47-21_12_GML.zip
東京,世界測地系,2020年（令和2年）,50KB,A47-20_13_GML.zip
東京,世界測地系,2021年（令和3年）,55KB,A47-21_13_GML.zip
神奈川,世界測地系,2020年（令和2年）,1,278KB,A47-20_14_GML.zip
神奈川,世界測地系,2021年（令和3年）,1,304KB,A47-21_14_GML.zip
甲信越・北陸地方,世界測地系,2021年（令和3年）,1,181KB,A47-21_54_GML.zip
新潟,世界測地系,2020年（令和2年）,292KB,A47-20_15_GML.zip
新潟,世界測地系,2021年（令和3年）,297KB,A47-21_15_GML.zip
富山,世界測地系,2020年（令和2年）,267KB,A47-20_16_GML.zip
富山,世界測地系,2021年（令和3年）,273KB,A47-21_16_GML.zip
石川,世界測地系,2020年（令和2年）,238KB,A47-20_17_GML.zip
石川,世界測地系,2021年（令和3年）,249KB,A47-21_17_GML.zip
長野,世界測地系,2020年（令和2年）,336KB,A47-20_20_GML.zip
長野,世界測地系,2021年（令和3年）,371KB,A47-21_20_GML.zip
東海地方,世界測地系,2021年（令和3年）,2,636KB,A47-21_55_GML.zip
岐阜,世界測地系,2020年（令和2年）,846KB,A47-20_21_GML.zip
岐阜,世界測地系,2021年（令和3年）,854KB,A47-21_21_GML.zip
静岡,世界測地系,2020年（令和2年）,638KB,A47-20_22_GML.zip
静岡,世界測地系,2021年（令和3年）,667KB,A47-21_22_GML.zip
三重,世界測地系,2021年（令和3年）,751KB,A47-21_24_GML.zip
近畿地方,世界測地系,2021年（令和3年）,2,044KB,A47-21_56_GML.zip
滋賀,世界測地系,2021年（令和3年）,213KB,A47-21_25_GML.zip
大阪,世界測地系,2020年（令和2年）,89KB,A47-20_27_GML.zip
大阪,世界測地系,2021年（令和3年）,81KB,A47-21_27_GML.zip
兵庫,世界測地系,2020年（令和2年）,1,338KB,A47-20_28_GML.zip
兵庫,世界測地系,2021年（令和3年）,1,192KB,A47-21_28_GML.zip
和歌山,世界測地系,2020年（令和2年）,573KB,A47-20_30_GML.zip
和歌山,世界測地系,2021年（令和3年）,574KB,A47-21_30_GML.zip
中国地方,世界測地系,2021年（令和3年）,1,601KB,A47-21_57_GML.zip
鳥取,世界測地系,2020年（令和2年）,315KB,A47-20_31_GML.zip
鳥取,世界測地系,2021年（令和3年）,322KB,A47-21_31_GML.zip
島根,世界測地系,2020年（令和2年）,566KB,A47-20_32_GML.zip
島根,世界測地系,2021年（令和3年）,568KB,A47-21_32_GML.zip
岡山,世界測地系,2020年（令和2年）,356KB,A47-20_33_GML.zip
岡山,世界測地系,2021年（令和3年）,376KB,A47-21_33_GML.zip
広島,世界測地系,2020年（令和2年）,332KB,A47-20_34_GML.zip
広島,世界測地系,2021年（令和3年）,357KB,A47-21_34_GML.zip
四国地方,世界測地系,2021年（令和3年）,1,696KB,A47-21_58_GML.zip
徳島,世界測地系,2020年（令和2年）,382KB,A47-20_36_GML.zip
徳島,世界測地系,2021年（令和3年）,391KB,A47-21_36_GML.zip
愛媛,世界測地系,2020年（令和2年）,332KB,A47-20_38_GML.zip
愛媛,世界測地系,2021年（令和3年）,569KB,A47-21_38_GML.zip
高知,世界測地系,2020年（令和2年）,725KB,A47-20_39_GML.zip
高知,世界測地系,2021年（令和3年）,746KB,A47-21_39_GML.zip
九州地方,世界測地系,2021年（令和3年）,2,482KB,A47-21_59_GML.zip
佐賀,世界測地系,2020年（令和2年）,238KB,A47-20_41_GML.zip
佐賀,世界測地系,2021年（令和3年）,240KB,A47-21_41_GML.zip
長崎,世界測地系,2020年（令和2年）,1,016KB,A47-20_42_GML.zip
長崎,世界測地系,2021年（令和3年）,1,050KB,A47-21_42_GML.zip
熊本,世界測地系,2020年（令和2年）,561KB,A47-20_43_GML.zip
熊本,世界測地系,2021年（令和3年）,573KB,A47-21_43_GML.zip
鹿児島,世界測地系,2020年（令和2年）,625KB,A47-20_46_GML.zip
鹿児島,世界測地系,2021年（令和3年）,635KB,A47-21_46_GML.zip
沖縄,世界測地系,2021年（令和3年）,53KB,A47-21_47_GML.zip