[{"filename": "A48-20_01_GML.zip", "url": "https://nlftp.mlit.go.jp/ksj/gml/data/A48/A48-20/A48-20_01_GML.zip"}, {"filename": "A48-21_01_GML.zip", "url": "https://nlftp.mlit.go.jp/ksj/gml/data/A48/A48-21/A48-21_01_GML.zip"}, {"filename": "A48-21_52_GML.zip", "url": "https://nlftp.mlit.go.jp/ksj/gml/data/A48/A48-21/A48-21_52_GML.zip"}, {"filename": "A48-20_02_GML.zip", "url": "https://nlftp.mlit.go.jp/ksj/gml/data/A48/A48-20/A48-20_02_GML.zip"}, {"filename": "A48-21_02_GML.zip", "url": "https://nlftp.mlit.go.jp/ksj/gml/data/A48/A48-21/A48-21_02_GML.zip"}, {"filename": "A48-20_03_GML.zip", "url": "https://nlftp.mlit.go.jp/ksj/gml/data/A48/A48-20/A48-20_03_GML.zip"}, {"filename": "A48-21_03_GML.zip", "url": "https://nlftp.mlit.go.jp/ksj/gml/data/A48/A48-21/A48-21_03_GML.zip"}, {"filename": "A48-20_04_GML.zip", "url": "https://nlftp.mlit.go.jp/ksj/gml/data/A48/A48-20/A48-20_04_GML.zip"}, {"filename": "A48-21_04_GML.zip", "url": "https://nlftp.mlit.go.jp/ksj/gml/data/A48/A48-21/A48-21_04_GML.zip"}, {"filename": "A48-20_05_GML.zip", "url": "https://nlftp.mlit.go.jp/ksj/gml/data/A48/A48-20/A48-20_05_GML.zip"}, {"filename": "A48-21_05_GML.zip", "url": "https://nlftp.mlit.go.jp/ksj/gml/data/A48/A48-21/A48-21_05_GML.zip"}, {"filename": "A48-21_06_GML.zip", "url": "https://nlftp.mlit.go.jp/ksj/gml/data/A48/A48-21/A48-21_06_GML.zip"}, {"filename": "A48-20_07_GML.zip", "url": "https://nlftp.mlit.go.jp/ksj/gml/data/A48/A48-20/A48-20_07_GML.zip"}, {"filename": "A48-21_07_GML.zip", "url": "https://nlftp.mlit.go.jp/ksj/gml/data/A48/A48-21/A48-21_07_GML.zip"}, {"filename": "A48-21_53_GML.zip", "url": "https://nlftp.mlit.go.jp/ksj/gml/data/A48/A48-21/A48-21_53_GML.zip"}, {"filename": "A48-20_08_GML.zip", "url": "https://nlftp.mlit.go.jp/ksj/gml/data/A48/A48-20/A48-20_08_GML.zip"}, {"filename": "A48-21_08_GML.zip", "url": "https://nlftp.mlit.go.jp/ksj/gml/data/A48/A48-21/A48-21_08_GML.zip"}, {"filename": "A48-21_09_GML.zip", "url": "https://nlftp.mlit.go.jp/ksj/gml/data/A48/A48-21/A48-21_09_GML.zip"}, {"filename": "A48-20_10_GML.zip", "url": "https://nlftp.mlit.go.jp/ksj/gml/data/A48/A48-20/A48-20_10_GML.zip"}, {"filename": "A48-21_10_GML.zip", "url": "https://nlftp.mlit.go.jp/ksj/gml/data/A48/A48-21/A48-21_10_GML.zip"}, {"filename": "A48-20_12_GML.zip", "url": "https://nlftp.mlit.go.jp/ksj/gml/data/A48/A48-20/A48-20_12_GML.zip"}, {"filename": "A48-21_12_GML.zip", "url": "https://nlftp.mlit.go.jp/ksj/gml/data/A48/A48-21/A48-21_12_GML.zip"}, {"filename": "A48-20_13_GML.zip", "url": "https://nlftp.mlit.go.jp/ksj/gml/data/A48/A48-20/A48-20_13_GML.zip"}, {"filename": "A48-21_13_GML.zip", "url": "https://nlftp.mlit.go.jp/ksj/gml/data/A48/A48-21/A48-21_13_GML.zip"}, {"filename": "A48-20_14_GML.zip", "url": "https://nlftp.mlit.go.jp/ksj/gml/data/A48/A48-20/A48-20_14_GML.zip"}, {"filename": "A48-21_14_GML.zip", "url": "https://nlftp.mlit.go.jp/ksj/gml/data/A48/A48-21/A48-21_14_GML.zip"}, {"filename": "A48-21_54_GML.zip", "url": "https://nlftp.mlit.go.jp/ksj/gml/data/A48/A48-21/A48-21_54_GML.zip"}, {"filename": "A48-20_15_GML.zip", "url": "https://nlftp.mlit.go.jp/ksj/gml/data/A48/A48-20/A48-20_15_GML.zip"}, {"filename": "A48-21_15_GML.zip", "url": "https://nlftp.mlit.go.jp/ksj/gml/data/A48/A48-21/A48-21_15_GML.zip"}, {"filename": "A48-20_16_GML.zip", "url": "https://nlftp.mlit.go.jp/ksj/gml/data/A48/A48-20/A48-20_16_GML.zip"}, {"filename": "A48-21_16_GML.zip", "url": "https://nlftp.mlit.go.jp/ksj/gml/data/A48/A48-21/A48-21_16_GML.zip"}, {"filename": "A48-20_17_GML.zip", "url": "https://nlftp.mlit.go.jp/ksj/gml/data/A48/A48-20/A48-20_17_GML.zip"}, {"filename": "A48-21_17_GML.zip", "url": "https://nlftp.mlit.go.jp/ksj/gml/data/A48/A48-21/A48-21_17_GML.zip"}, {"filename": "A48-21_18_GML.zip", "url": "https://nlftp.mlit.go.jp/ksj/gml/data/A48/A48-21/A48-21_18_GML.zip"}, {"filename": "A48-20_20_GML.zip", "url": "https://nlftp.mlit.go.jp/ksj/gml/data/A48/A48-20/A48-20_20_GML.zip"}, {"filename": "A48-21_20_GML.zip", "url": "https://nlftp.mlit.go.jp/ksj/gml/data/A48/A48-21/A48-21_20_GML.zip"}, {"filename": "A48-21_55_GML.zip", "url": "https://nlftp.mlit.go.jp/ksj/gml/data/A48/A48-21/A48-21_55_GML.zip"}, {"filename": "A48-20_21_GML.zip", "url": "https://nlftp.mlit.go.jp/ksj/gml/data/A48/A48-20/A48-20_21_GML.zip"}, {"filename": "A48-21_21_GML.zip", "url": "https://nlftp.mlit.go.jp/ksj/gml/data/A48/A48-21/A48-21_21_GML.zip"}, {"filename": "A48-20_22_GML.zip", "url": "https://nlftp.mlit.go.jp/ksj/gml/data/A48/A48-20/A48-20_22_GML.zip"}, {"filename": "A48-21_22_GML.zip", "url": "https://nlftp.mlit.go.jp/ksj/gml/data/A48/A48-21/A48-21_22_GML.zip"}, {"filename": "A48-20_23_GML.zip", "url": "https://nlftp.mlit.go.jp/ksj/gml/data/A48/A48-20/A48-20_23_GML.zip"}, {"filename": "A48-21_23_GML.zip", "url": "https://nlftp.mlit.go.jp/ksj/gml/data/A48/A48-21/A48-21_23_GML.zip"}, {"filename": "A48-21_56_GML.zip", "url": "https://nlftp.mlit.go.jp/ksj/gml/data/A48/A48-21/A48-21_56_GML.zip"}, {"filename": "A48-20_25_GML.zip", "url": "https://nlftp.mlit.go.jp/ksj/gml/data/A48/A48-20/A48-20_25_GML.zip"}, {"filename": "A48-21_25_GML.zip", "url": "https://nlftp.mlit.go.jp/ksj/gml/data/A48/A48-21/A48-21_25_GML.zip"}, {"filename": "A48-20_26_GML.zip", "url": "https://nlftp.mlit.go.jp/ksj/gml/data/A48/A48-20/A48-20_26_GML.zip"}, {"filename": "A48-21_26_GML.zip", "url": "https://nlftp.mlit.go.jp/ksj/gml/data/A48/A48-21/A48-21_26_GML.zip"}, {"filename": "A48-20_27_GML.zip", "url": "https://nlftp.mlit.go.jp/ksj/gml/data/A48/A48-20/A48-20_27_GML.zip"}, {"filename": "A48-21_27_GML.zip", "url": "https://nlftp.mlit.go.jp/ksj/gml/data/A48/A48-21/A48-21_27_GML.zip"}, {"filename": "A48-20_28_GML.zip", "url": "https://nlftp.mlit.go.jp/ksj/gml/data/A48/A48-20/A48-20_28_GML.zip"}, {"filename": "A48-21_28_GML.zip", "url": "https://nlftp.mlit.go.jp/ksj/gml/data/A48/A48-21/A48-21_28_GML.zip"}, {"filename": "A48-20_30_GML.zip", "url": "https://nlftp.mlit.go.jp/ksj/gml/data/A48/A48-20/A48-20_30_GML.zip"}, {"filename": "A48-21_30_GML.zip", "url": "https://nlftp.mlit.go.jp/ksj/gml/data/A48/A48-21/A48-21_30_GML.zip"}, {"filename": "A48-21_57_GML.zip", "url": "https://nlftp.mlit.go.jp/ksj/gml/data/A48/A48-21/A48-21_57_GML.zip"}, {"filename": "A48-20_31_GML.zip", "url": "https://nlftp.mlit.go.jp/ksj/gml/data/A48/A48-20/A48-20_31_GML.zip"}, {"filename": "A48-21_31_GML.zip", "url": "https://nlftp.mlit.go.jp/ksj/gml/data/A48/A48-21/A48-21_31_GML.zip"}, {"filename": "A48-20_32_GML.zip", "url": "https://nlftp.mlit.go.jp/ksj/gml/data/A48/A48-20/A48-20_32_GML.zip"}, {"filename": "A48-21_32_GML.zip", "url": "https://nlftp.mlit.go.jp/ksj/gml/data/A48/A48-21/A48-21_32_GML.zip"}, {"filename": "A48-20_34_GML.zip", "url": "https://nlftp.mlit.go.jp/ksj/gml/data/A48/A48-20/A48-20_34_GML.zip"}, {"filename": "A48-21_34_GML.zip", "url": "https://nlftp.mlit.go.jp/ksj/gml/data/A48/A48-21/A48-21_34_GML.zip"}, {"filename": "A48-21_58_GML.zip", "url": "https://nlftp.mlit.go.jp/ksj/gml/data/A48/A48-21/A48-21_58_GML.zip"}, {"filename": "A48-20_36_GML.zip", "url": "https://nlftp.mlit.go.jp/ksj/gml/data/A48/A48-20/A48-20_36_GML.zip"}, {"filename": "A48-21_36_GML.zip", "url": "https://nlftp.mlit.go.jp/ksj/gml/data/A48/A48-21/A48-21_36_GML.zip"}, {"filename": "A48-20_38_GML.zip", "url": "https://nlftp.mlit.go.jp/ksj/gml/data/A48/A48-20/A48-20_38_GML.zip"}, {"filename": "A48-21_38_GML.zip", "url": "https://nlftp.mlit.go.jp/ksj/gml/data/A48/A48-21/A48-21_38_GML.zip"}, {"filename": "A48-21_59_GML.zip", "url": "https://nlftp.mlit.go.jp/ksj/gml/data/A48/A48-21/A48-21_59_GML.zip"}, {"filename": "A48-20_41_GML.zip", "url": "https://nlftp.mlit.go.jp/ksj/gml/data/A48/A48-20/A48-20_41_GML.zip"}, {"filename": "A48-21_41_GML.zip", "url": "https://nlftp.mlit.go.jp/ksj/gml/data/A48/A48-21/A48-21_41_GML.zip"}, {"filename": "A48-20_42_GML.zip", "url": "https://nlftp.mlit.go.jp/ksj/gml/data/A48/A48-20/A48-20_42_GML.zip"}, {"filename": "A48-21_42_GML.zip", "url": "https://nlftp.mlit.go.jp/ksj/gml/data/A48/A48-21/A48-21_42_GML.zip"}, {"filename": "A48-20_43_GML.zip", "url": "https://nlftp.mlit.go.jp/ksj/gml/data/A48/A48-20/A48-20_43_GML.zip"}, {"filename": "A48-21_43_GML.zip", "url": "https://nlftp.mlit.go.jp/ksj/gml/data/A48/A48-21/A48-21_43_GML.zip"}, {"filename": "A48-20_45_GML.zip", "url": "https://nlftp.mlit.go.jp/ksj/gml/data/A48/A48-20/A48-20_45_GML.zip"}, {"filename": "A48-21_45_GML.zip", "url": "https://nlftp.mlit.go.jp/ksj/gml/data/A48/A48-21/A48-21_45_GML.zip"}, {"filename": "A48-20_46_GML.zip", "url": "https://nlftp.mlit.go.jp/ksj/gml/data/A48/A48-20/A48-20_46_GML.zip"}, {"filename": "A48-21_46_GML.zip", "url": "https://nlftp.mlit.go.jp/ksj/gml/data/A48/A48-21/A48-21_46_GML.zip"}, {"filename": "A48-20_47_GML.zip", "url": "https://nlftp.mlit.go.jp/ksj/gml/data/A48/A48-20/A48-20_47_GML.zip"}, {"filename": "A48-21_47_GML.zip", "url": "https://nlftp.mlit.go.jp/ksj/gml/data/A48/A48-21/A48-21_47_GML.zip"}]