北海道,世界測地系,2020年（令和2年）,58KB,A48-20_01_GML.zip
北海道,世界測地系,2021年（令和3年）,85KB,A48-21_01_GML.zip
東北地方,世界測地系,2021年（令和3年）,5,716KB,A48-21_52_GML.zip
青森,世界測地系,2020年（令和2年）,68KB,A48-20_02_GML.zip
青森,世界測地系,2021年（令和3年）,320KB,A48-21_02_GML.zip
岩手,世界測地系,2020年（令和2年）,1,709KB,A48-20_03_GML.zip
岩手,世界測地系,2021年（令和3年）,2,553KB,A48-21_03_GML.zip
宮城,世界測地系,2020年（令和2年）,1,506KB,A48-20_04_GML.zip
宮城,世界測地系,2021年（令和3年）,2,592KB,A48-21_04_GML.zip
秋田,世界測地系,2020年（令和2年）,16KB,A48-20_05_GML.zip
秋田,世界測地系,2021年（令和3年）,79KB,A48-21_05_GML.zip
山形,世界測地系,2021年（令和3年）,39KB,A48-21_06_GML.zip
福島,世界測地系,2020年（令和2年）,123KB,A48-20_07_GML.zip
福島,世界測地系,2021年（令和3年）,212KB,A48-21_07_GML.zip
関東地方,世界測地系,2021年（令和3年）,3,661KB,A48-21_53_GML.zip
茨城,世界測地系,2020年（令和2年）,453KB,A48-20_08_GML.zip
茨城,世界測地系,2021年（令和3年）,450KB,A48-21_08_GML.zip
栃木,世界測地系,2021年（令和3年）,130KB,A48-21_09_GML.zip
群馬,世界測地系,2020年（令和2年）,365KB,A48-20_10_GML.zip
群馬,世界測地系,2021年（令和3年）,353KB,A48-21_10_GML.zip
千葉,世界測地系,2020年（令和2年）,352KB,A48-20_12_GML.zip
千葉,世界測地系,2021年（令和3年）,367KB,A48-21_12_GML.zip
東京,世界測地系,2020年（令和2年）,16KB,A48-20_13_GML.zip
東京,世界測地系,2021年（令和3年）,16KB,A48-21_13_GML.zip
神奈川,世界測地系,2020年（令和2年）,1,777KB,A48-20_14_GML.zip
神奈川,世界測地系,2021年（令和3年）,2,383KB,A48-21_14_GML.zip
甲信越・北陸地方,世界測地系,2021年（令和3年）,1,879KB,A48-21_54_GML.zip
新潟,世界測地系,2020年（令和2年）,347KB,A48-20_15_GML.zip
新潟,世界測地系,2021年（令和3年）,356KB,A48-21_15_GML.zip
富山,世界測地系,2020年（令和2年）,280KB,A48-20_16_GML.zip
富山,世界測地系,2021年（令和3年）,959KB,A48-21_16_GML.zip
石川,世界測地系,2020年（令和2年）,17KB,A48-20_17_GML.zip
石川,世界測地系,2021年（令和3年）,131KB,A48-21_17_GML.zip
福井,世界測地系,2021年（令和3年）,418KB,A48-21_18_GML.zip
長野,世界測地系,2020年（令和2年）,17KB,A48-20_20_GML.zip
長野,世界測地系,2021年（令和3年）,36KB,A48-21_20_GML.zip
東海地方,世界測地系,2021年（令和3年）,1,001KB,A48-21_55_GML.zip
岐阜,世界測地系,2020年（令和2年）,53KB,A48-20_21_GML.zip
岐阜,世界測地系,2021年（令和3年）,81KB,A48-21_21_GML.zip
静岡,世界測地系,2020年（令和2年）,813KB,A48-20_22_GML.zip
静岡,世界測地系,2021年（令和3年）,799KB,A48-21_22_GML.zip
愛知,世界測地系,2020年（令和2年）,149KB,A48-20_23_GML.zip
愛知,世界測地系,2021年（令和3年）,145KB,A48-21_23_GML.zip
近畿地方,世界測地系,2021年（令和3年）,1,528KB,A48-21_56_GML.zip
滋賀,世界測地系,2020年（令和2年）,48KB,A48-20_25_GML.zip
滋賀,世界測地系,2021年（令和3年）,67KB,A48-21_25_GML.zip
京都,世界測地系,2020年（令和2年）,1,189KB,A48-20_26_GML.zip
京都,世界測地系,2021年（令和3年）,1,169KB,A48-21_26_GML.zip
大阪,世界測地系,2020年（令和2年）,116KB,A48-20_27_GML.zip
大阪,世界測地系,2021年（令和3年）,105KB,A48-21_27_GML.zip
兵庫,世界測地系,2020年（令和2年）,170KB,A48-20_28_GML.zip
兵庫,世界測地系,2021年（令和3年）,176KB,A48-21_28_GML.zip
和歌山,世界測地系,2020年（令和2年）,17KB,A48-20_30_GML.zip
和歌山,世界測地系,2021年（令和3年）,30KB,A48-21_30_GML.zip
中国地方,世界測地系,2021年（令和3年）,633KB,A48-21_57_GML.zip
鳥取,世界測地系,2020年（令和2年）,351KB,A48-20_31_GML.zip
鳥取,世界測地系,2021年（令和3年）,339KB,A48-21_31_GML.zip
島根,世界測地系,2020年（令和2年）,33KB,A48-20_32_GML.zip
島根,世界測地系,2021年（令和3年）,41KB,A48-21_32_GML.zip
広島,世界測地系,2020年（令和2年）,13KB,A48-20_34_GML.zip
広島,世界測地系,2021年（令和3年）,296KB,A48-21_34_GML.zip
四国地方,世界測地系,2021年（令和3年）,2,020KB,A48-21_58_GML.zip
徳島,世界測地系,2020年（令和2年）,1,054KB,A48-20_36_GML.zip
徳島,世界測地系,2021年（令和3年）,1,064KB,A48-21_36_GML.zip
愛媛,世界測地系,2020年（令和2年）,256KB,A48-20_38_GML.zip
愛媛,世界測地系,2021年（令和3年）,982KB,A48-21_38_GML.zip
九州地方,世界測地系,2021年（令和3年）,3,148KB,A48-21_59_GML.zip
佐賀,世界測地系,2020年（令和2年）,259KB,A48-20_41_GML.zip
佐賀,世界測地系,2021年（令和3年）,259KB,A48-21_41_GML.zip
長崎,世界測地系,2020年（令和2年）,1,092KB,A48-20_42_GML.zip
長崎,世界測地系,2021年（令和3年）,1,072KB,A48-21_42_GML.zip
熊本,世界測地系,2020年（令和2年）,703KB,A48-20_43_GML.zip
熊本,世界測地系,2021年（令和3年）,749KB,A48-21_43_GML.zip
宮崎,世界測地系,2020年（令和2年）,455KB,A48-20_45_GML.zip
宮崎,世界測地系,2021年（令和3年）,417KB,A48-21_45_GML.zip
鹿児島,世界測地系,2020年（令和2年）,611KB,A48-20_46_GML.zip
鹿児島,世界測地系,2021年（令和3年）,685KB,A48-21_46_GML.zip
沖縄,世界測地系,2020年（令和2年）,54KB,A48-20_47_GML.zip
沖縄,世界測地系,2021年（令和3年）,54KB,A48-21_47_GML.zip