青森,世界測地系,2023年（令和5年）,4.59MB,A49-23_02_GML.zip
千葉,世界測地系,2020年（令和2年）,43.5MB,A49-20_12_GML.zip
東京,世界測地系,2020年（令和2年）,26.5MB,A49-20_13_GML.zip
神奈川,世界測地系,2024年（令和6年）,34.5MB,A49-24_14_GML.zip
神奈川,世界測地系,2022年（令和4年）,32.2MB,A49-22_14_GML.zip
愛知,世界測地系,2022年（令和4年）,141MB,A49-22_23_GML.zip
三重,世界測地系,2021年（令和3年）,44.9MB,A49-21_24_GML.zip
大阪,世界測地系,2021年（令和3年）,16.8MB,A49-21_27_GML.zip
兵庫,世界測地系,2024年（令和6年）,44.0MB,A49-24_28_GML.zip
兵庫,世界測地系,2022年（令和4年）,60.5MB,A49-22_28_GML.zip
兵庫,世界測地系,2021年（令和3年）,16.6MB,A49-21_28_GML.zip
兵庫,世界測地系,2020年（令和2年）,14.3MB,A49-20_28_GML.zip
山口,世界測地系,2023年（令和5年）,39.07MB,A49-23_35_GML.zip
徳島,世界測地系,2022年（令和4年）,13.7MB,A49-22_36_GML.zip
香川,世界測地系,2022年（令和4年）,30.1MB,A49-22_37_GML.zip
福岡,世界測地系,2020年（令和2年）,93.2MB,A49-20_40_GML.zip
佐賀,世界測地系,2023年（令和5年）,17.86MB,A49-23_41_GML.zip
大分,世界測地系,2021年（令和3年）,36.5MB,A49-21_44_GML.zip
宮崎,世界測地系,2023年（令和5年）,19.6MB,A49-23_45_GML.zip
宮崎,世界測地系,2021年（令和3年）,10.19MB,A49-21_45_GML.zip