[{"filename": "A49-23_02_GML.zip", "url": "https://nlftp.mlit.go.jp/ksj/gml/data/A49/A49-23/A49-23_02_GML.zip"}, {"filename": "A49-20_12_GML.zip", "url": "https://nlftp.mlit.go.jp/ksj/gml/data/A49/A49-20/A49-20_12_GML.zip"}, {"filename": "A49-20_13_GML.zip", "url": "https://nlftp.mlit.go.jp/ksj/gml/data/A49/A49-20/A49-20_13_GML.zip"}, {"filename": "A49-24_14_GML.zip", "url": "https://nlftp.mlit.go.jp/ksj/gml/data/A49/A49-24/A49-24_14_GML.zip"}, {"filename": "A49-22_14_GML.zip", "url": "https://nlftp.mlit.go.jp/ksj/gml/data/A49/A49-22/A49-22_14_GML.zip"}, {"filename": "A49-22_23_GML.zip", "url": "https://nlftp.mlit.go.jp/ksj/gml/data/A49/A49-22/A49-22_23_GML.zip"}, {"filename": "A49-21_24_GML.zip", "url": "https://nlftp.mlit.go.jp/ksj/gml/data/A49/A49-21/A49-21_24_GML.zip"}, {"filename": "A49-21_27_GML.zip", "url": "https://nlftp.mlit.go.jp/ksj/gml/data/A49/A49-21/A49-21_27_GML.zip"}, {"filename": "A49-24_28_GML.zip", "url": "https://nlftp.mlit.go.jp/ksj/gml/data/A49/A49-24/A49-24_28_GML.zip"}, {"filename": "A49-22_28_GML.zip", "url": "https://nlftp.mlit.go.jp/ksj/gml/data/A49/A49-22/A49-22_28_GML.zip"}, {"filename": "A49-21_28_GML.zip", "url": "https://nlftp.mlit.go.jp/ksj/gml/data/A49/A49-21/A49-21_28_GML.zip"}, {"filename": "A49-20_28_GML.zip", "url": "https://nlftp.mlit.go.jp/ksj/gml/data/A49/A49-20/A49-20_28_GML.zip"}, {"filename": "A49-23_35_GML.zip", "url": "https://nlftp.mlit.go.jp/ksj/gml/data/A49/A49-23/A49-23_35_GML.zip"}, {"filename": "A49-22_36_GML.zip", "url": "https://nlftp.mlit.go.jp/ksj/gml/data/A49/A49-22/A49-22_36_GML.zip"}, {"filename": "A49-22_37_GML.zip", "url": "https://nlftp.mlit.go.jp/ksj/gml/data/A49/A49-22/A49-22_37_GML.zip"}, {"filename": "A49-20_40_GML.zip", "url": "https://nlftp.mlit.go.jp/ksj/gml/data/A49/A49-20/A49-20_40_GML.zip"}, {"filename": "A49-23_41_GML.zip", "url": "https://nlftp.mlit.go.jp/ksj/gml/data/A49/A49-23/A49-23_41_GML.zip"}, {"filename": "A49-21_44_GML.zip", "url": "https://nlftp.mlit.go.jp/ksj/gml/data/A49/A49-21/A49-21_44_GML.zip"}, {"filename": "A49-23_45_GML.zip", "url": "https://nlftp.mlit.go.jp/ksj/gml/data/A49/A49-23/A49-23_45_GML.zip"}, {"filename": "A49-21_45_GML.zip", "url": "https://nlftp.mlit.go.jp/ksj/gml/data/A49/A49-21/A49-21_45_GML.zip"}]