[{"filename": "A50-20_01_GML.zip", "url": "https://nlftp.mlit.go.jp/ksj/gml/data/A50/A50-20/A50-20_01_GML.zip"}, {"filename": "A50-20_02_GML.zip", "url": "https://nlftp.mlit.go.jp/ksj/gml/data/A50/A50-20/A50-20_02_GML.zip"}, {"filename": "A50-20_03_GML.zip", "url": "https://nlftp.mlit.go.jp/ksj/gml/data/A50/A50-20/A50-20_03_GML.zip"}, {"filename": "A50-20_04_GML.zip", "url": "https://nlftp.mlit.go.jp/ksj/gml/data/A50/A50-20/A50-20_04_GML.zip"}, {"filename": "A50-20_05_GML.zip", "url": "https://nlftp.mlit.go.jp/ksj/gml/data/A50/A50-20/A50-20_05_GML.zip"}, {"filename": "A50-20_06_GML.zip", "url": "https://nlftp.mlit.go.jp/ksj/gml/data/A50/A50-20/A50-20_06_GML.zip"}, {"filename": "A50-20_07_GML.zip", "url": "https://nlftp.mlit.go.jp/ksj/gml/data/A50/A50-20/A50-20_07_GML.zip"}, {"filename": "A50-20_08_GML.zip", "url": "https://nlftp.mlit.go.jp/ksj/gml/data/A50/A50-20/A50-20_08_GML.zip"}, {"filename": "A50-20_09_GML.zip", "url": "https://nlftp.mlit.go.jp/ksj/gml/data/A50/A50-20/A50-20_09_GML.zip"}, {"filename": "A50-20_10_GML.zip", "url": "https://nlftp.mlit.go.jp/ksj/gml/data/A50/A50-20/A50-20_10_GML.zip"}, {"filename": "A50-20_11_GML.zip", "url": "https://nlftp.mlit.go.jp/ksj/gml/data/A50/A50-20/A50-20_11_GML.zip"}, {"filename": "A50-20_12_GML.zip", "url": "https://nlftp.mlit.go.jp/ksj/gml/data/A50/A50-20/A50-20_12_GML.zip"}, {"filename": "A50-20_13_GML.zip", "url": "https://nlftp.mlit.go.jp/ksj/gml/data/A50/A50-20/A50-20_13_GML.zip"}, {"filename": "A50-20_14_GML.zip", "url": "https://nlftp.mlit.go.jp/ksj/gml/data/A50/A50-20/A50-20_14_GML.zip"}, {"filename": "A50-20_15_GML.zip", "url": "https://nlftp.mlit.go.jp/ksj/gml/data/A50/A50-20/A50-20_15_GML.zip"}, {"filename": "A50-20_16_GML.zip", "url": "https://nlftp.mlit.go.jp/ksj/gml/data/A50/A50-20/A50-20_16_GML.zip"}, {"filename": "A50-20_17_GML.zip", "url": "https://nlftp.mlit.go.jp/ksj/gml/data/A50/A50-20/A50-20_17_GML.zip"}, {"filename": "A50-20_18_GML.zip", "url": "https://nlftp.mlit.go.jp/ksj/gml/data/A50/A50-20/A50-20_18_GML.zip"}, {"filename": "A50-20_19_GML.zip", "url": "https://nlftp.mlit.go.jp/ksj/gml/data/A50/A50-20/A50-20_19_GML.zip"}, {"filename": "A50-20_20_GML.zip", "url": "https://nlftp.mlit.go.jp/ksj/gml/data/A50/A50-20/A50-20_20_GML.zip"}, {"filename": "A50-20_21_GML.zip", "url": "https://nlftp.mlit.go.jp/ksj/gml/data/A50/A50-20/A50-20_21_GML.zip"}, {"filename": "A50-20_22_GML.zip", "url": "https://nlftp.mlit.go.jp/ksj/gml/data/A50/A50-20/A50-20_22_GML.zip"}, {"filename": "A50-20_23_GML.zip", "url": "https://nlftp.mlit.go.jp/ksj/gml/data/A50/A50-20/A50-20_23_GML.zip"}, {"filename": "A50-20_24_GML.zip", "url": "https://nlftp.mlit.go.jp/ksj/gml/data/A50/A50-20/A50-20_24_GML.zip"}, {"filename": "A50-20_25_GML.zip", "url": "https://nlftp.mlit.go.jp/ksj/gml/data/A50/A50-20/A50-20_25_GML.zip"}, {"filename": "A50-20_26_GML.zip", "url": "https://nlftp.mlit.go.jp/ksj/gml/data/A50/A50-20/A50-20_26_GML.zip"}, {"filename": "A50-20_27_GML.zip", "url": "https://nlftp.mlit.go.jp/ksj/gml/data/A50/A50-20/A50-20_27_GML.zip"}, {"filename": "A50-20_28_GML.zip", "url": "https://nlftp.mlit.go.jp/ksj/gml/data/A50/A50-20/A50-20_28_GML.zip"}, {"filename": "A50-20_29_GML.zip", "url": "https://nlftp.mlit.go.jp/ksj/gml/data/A50/A50-20/A50-20_29_GML.zip"}, {"filename": "A50-20_30_GML.zip", "url": "https://nlftp.mlit.go.jp/ksj/gml/data/A50/A50-20/A50-20_30_GML.zip"}, {"filename": "A50-20_32_GML.zip", "url": "https://nlftp.mlit.go.jp/ksj/gml/data/A50/A50-20/A50-20_32_GML.zip"}, {"filename": "A50-20_33_GML.zip", "url": "https://nlftp.mlit.go.jp/ksj/gml/data/A50/A50-20/A50-20_33_GML.zip"}, {"filename": "A50-20_34_GML.zip", "url": "https://nlftp.mlit.go.jp/ksj/gml/data/A50/A50-20/A50-20_34_GML.zip"}, {"filename": "A50-20_35_GML.zip", "url": "https://nlftp.mlit.go.jp/ksj/gml/data/A50/A50-20/A50-20_35_GML.zip"}, {"filename": "A50-20_36_GML.zip", "url": "https://nlftp.mlit.go.jp/ksj/gml/data/A50/A50-20/A50-20_36_GML.zip"}, {"filename": "A50-20_37_GML.zip", "url": "https://nlftp.mlit.go.jp/ksj/gml/data/A50/A50-20/A50-20_37_GML.zip"}, {"filename": "A50-20_38_GML.zip", "url": "https://nlftp.mlit.go.jp/ksj/gml/data/A50/A50-20/A50-20_38_GML.zip"}, {"filename": "A50-20_39_GML.zip", "url": "https://nlftp.mlit.go.jp/ksj/gml/data/A50/A50-20/A50-20_39_GML.zip"}, {"filename": "A50-20_40_GML.zip", "url": "https://nlftp.mlit.go.jp/ksj/gml/data/A50/A50-20/A50-20_40_GML.zip"}, {"filename": "A50-20_41_GML.zip", "url": "https://nlftp.mlit.go.jp/ksj/gml/data/A50/A50-20/A50-20_41_GML.zip"}, {"filename": "A50-20_42_GML.zip", "url": "https://nlftp.mlit.go.jp/ksj/gml/data/A50/A50-20/A50-20_42_GML.zip"}, {"filename": "A50-20_43_GML.zip", "url": "https://nlftp.mlit.go.jp/ksj/gml/data/A50/A50-20/A50-20_43_GML.zip"}, {"filename": "A50-20_44_GML.zip", "url": "https://nlftp.mlit.go.jp/ksj/gml/data/A50/A50-20/A50-20_44_GML.zip"}, {"filename": "A50-20_45_GML.zip", "url": "https://nlftp.mlit.go.jp/ksj/gml/data/A50/A50-20/A50-20_45_GML.zip"}, {"filename": "A50-20_46_GML.zip", "url": "https://nlftp.mlit.go.jp/ksj/gml/data/A50/A50-20/A50-20_46_GML.zip"}]