北海道,世界測地系,2020年（令和2年）,2.87MB,A50-20_01_GML.zip
青森,世界測地系,2020年（令和2年）,2.34MB,A50-20_02_GML.zip
岩手,世界測地系,2020年（令和2年）,1.36MB,A50-20_03_GML.zip
宮城,世界測地系,2020年（令和2年）,0.42MB,A50-20_04_GML.zip
秋田,世界測地系,2020年（令和2年）,1.62MB,A50-20_05_GML.zip
山形,世界測地系,2020年（令和2年）,0.90MB,A50-20_06_GML.zip
福島,世界測地系,2020年（令和2年）,4.32MB,A50-20_07_GML.zip
茨城,世界測地系,2020年（令和2年）,6.38MB,A50-20_08_GML.zip
栃木,世界測地系,2020年（令和2年）,2.19MB,A50-20_09_GML.zip
群馬,世界測地系,2020年（令和2年）,4.59MB,A50-20_10_GML.zip
埼玉,世界測地系,2020年（令和2年）,3.36MB,A50-20_11_GML.zip
千葉,世界測地系,2020年（令和2年）,5.06MB,A50-20_12_GML.zip
東京,世界測地系,2020年（令和2年）,0.44MB,A50-20_13_GML.zip
神奈川,世界測地系,2020年（令和2年）,7.08MB,A50-20_14_GML.zip
新潟,世界測地系,2020年（令和2年）,5.12MB,A50-20_15_GML.zip
富山,世界測地系,2020年（令和2年）,1.86MB,A50-20_16_GML.zip
石川,世界測地系,2020年（令和2年）,2.13MB,A50-20_17_GML.zip
福井,世界測地系,2020年（令和2年）,1.53MB,A50-20_18_GML.zip
山梨,世界測地系,2020年（令和2年）,0.75MB,A50-20_19_GML.zip
長野,世界測地系,2020年（令和2年）,6.28MB,A50-20_20_GML.zip
岐阜,世界測地系,2020年（令和2年）,2.10MB,A50-20_21_GML.zip
静岡,世界測地系,2020年（令和2年）,6.21MB,A50-20_22_GML.zip
愛知,世界測地系,2020年（令和2年）,10.5MB,A50-20_23_GML.zip
三重,世界測地系,2020年（令和2年）,4.66MB,A50-20_24_GML.zip
滋賀,世界測地系,2020年（令和2年）,1.77MB,A50-20_25_GML.zip
京都,世界測地系,2020年（令和2年）,5.55MB,A50-20_26_GML.zip
大阪,世界測地系,2020年（令和2年）,6.36MB,A50-20_27_GML.zip
兵庫,世界測地系,2020年（令和2年）,4.09MB,A50-20_28_GML.zip
奈良,世界測地系,2020年（令和2年）,1.72MB,A50-20_29_GML.zip
和歌山,世界測地系,2020年（令和2年）,3.54MB,A50-20_30_GML.zip
島根,世界測地系,2020年（令和2年）,2.74MB,A50-20_32_GML.zip
岡山,世界測地系,2020年（令和2年）,1.38MB,A50-20_33_GML.zip
広島,世界測地系,2020年（令和2年）,13.2MB,A50-20_34_GML.zip
山口,世界測地系,2020年（令和2年）,5.56MB,A50-20_35_GML.zip
徳島,世界測地系,2020年（令和2年）,1.69MB,A50-20_36_GML.zip
香川,世界測地系,2020年（令和2年）,2.39MB,A50-20_37_GML.zip
愛媛,世界測地系,2020年（令和2年）,4.70MB,A50-20_38_GML.zip
高知,世界測地系,2020年（令和2年）,2.09MB,A50-20_39_GML.zip
福岡,世界測地系,2020年（令和2年）,6.42MB,A50-20_40_GML.zip
佐賀,世界測地系,2020年（令和2年）,0.47MB,A50-20_41_GML.zip
長崎,世界測地系,2020年（令和2年）,7.67MB,A50-20_42_GML.zip
熊本,世界測地系,2020年（令和2年）,2.94MB,A50-20_43_GML.zip
大分,世界測地系,2020年（令和2年）,2.34MB,A50-20_44_GML.zip
宮崎,世界測地系,2020年（令和2年）,2.15MB,A50-20_45_GML.zip
鹿児島,世界測地系,2020年（令和2年）,4.41MB,A50-20_46_GML.zip