[{"filename": "A51-24_11_GML.zip", "url": "https://nlftp.mlit.go.jp/ksj/gml/data/A51/A51-24/A51-24_11_GML.zip"}, {"filename": "A51-24_13_GML.zip", "url": "https://nlftp.mlit.go.jp/ksj/gml/data/A51/A51-24/A51-24_13_GML.zip"}, {"filename": "A51-24_14_GML.zip", "url": "https://nlftp.mlit.go.jp/ksj/gml/data/A51/A51-24/A51-24_14_GML.zip"}, {"filename": "A51-24_16_GML.zip", "url": "https://nlftp.mlit.go.jp/ksj/gml/data/A51/A51-24/A51-24_16_GML.zip"}, {"filename": "A51-24_18_GML.zip", "url": "https://nlftp.mlit.go.jp/ksj/gml/data/A51/A51-24/A51-24_18_GML.zip"}, {"filename": "A51-24_20_GML.zip", "url": "https://nlftp.mlit.go.jp/ksj/gml/data/A51/A51-24/A51-24_20_GML.zip"}, {"filename": "A51-24_23_GML.zip", "url": "https://nlftp.mlit.go.jp/ksj/gml/data/A51/A51-24/A51-24_23_GML.zip"}, {"filename": "A51-24_34_GML.zip", "url": "https://nlftp.mlit.go.jp/ksj/gml/data/A51/A51-24/A51-24_34_GML.zip"}, {"filename": "A51-24_40_GML.zip", "url": "https://nlftp.mlit.go.jp/ksj/gml/data/A51/A51-24/A51-24_40_GML.zip"}]