埼玉,世界測地系,2024年（令和6年）,5.98MB,A51-24_11_GML.zip
東京,世界測地系,2024年（令和6年）,0.12MB,A51-24_13_GML.zip
神奈川,世界測地系,2024年（令和6年）,0.34MB,A51-24_14_GML.zip
富山,世界測地系,2024年（令和6年）,0.25MB,A51-24_16_GML.zip
福井,世界測地系,2024年（令和6年）,3.03MB,A51-24_18_GML.zip
長野,世界測地系,2024年（令和6年）,0.44MB,A51-24_20_GML.zip
愛知,世界測地系,2024年（令和6年）,0.51MB,A51-24_23_GML.zip
広島,世界測地系,2024年（令和6年）,0.26MB,A51-24_34_GML.zip
福岡,世界測地系,2024年（令和6年）,10.97MB,A51-24_40_GML.zip