[{"filename": "A52-23_02_GML.zip", "url": "https://nlftp.mlit.go.jp/ksj/gml/data/A52/A52-23/A52-23_02_GML.zip"}, {"filename": "A52-23_03_GML.zip", "url": "https://nlftp.mlit.go.jp/ksj/gml/data/A52/A52-23/A52-23_03_GML.zip"}, {"filename": "A52-23_08_GML.zip", "url": "https://nlftp.mlit.go.jp/ksj/gml/data/A52/A52-23/A52-23_08_GML.zip"}, {"filename": "A52-23_09_GML.zip", "url": "https://nlftp.mlit.go.jp/ksj/gml/data/A52/A52-23/A52-23_09_GML.zip"}, {"filename": "A52-23_11_GML.zip", "url": "https://nlftp.mlit.go.jp/ksj/gml/data/A52/A52-23/A52-23_11_GML.zip"}, {"filename": "A52-23_12_GML.zip", "url": "https://nlftp.mlit.go.jp/ksj/gml/data/A52/A52-23/A52-23_12_GML.zip"}, {"filename": "A52-23_13_GML.zip", "url": "https://nlftp.mlit.go.jp/ksj/gml/data/A52/A52-23/A52-23_13_GML.zip"}, {"filename": "A52-23_14_GML.zip", "url": "https://nlftp.mlit.go.jp/ksj/gml/data/A52/A52-23/A52-23_14_GML.zip"}, {"filename": "A52-23_15_GML.zip", "url": "https://nlftp.mlit.go.jp/ksj/gml/data/A52/A52-23/A52-23_15_GML.zip"}, {"filename": "A52-23_17_GML.zip", "url": "https://nlftp.mlit.go.jp/ksj/gml/data/A52/A52-23/A52-23_17_GML.zip"}, {"filename": "A52-23_20_GML.zip", "url": "https://nlftp.mlit.go.jp/ksj/gml/data/A52/A52-23/A52-23_20_GML.zip"}, {"filename": "A52-23_21_GML.zip", "url": "https://nlftp.mlit.go.jp/ksj/gml/data/A52/A52-23/A52-23_21_GML.zip"}, {"filename": "A52-23_22_GML.zip", "url": "https://nlftp.mlit.go.jp/ksj/gml/data/A52/A52-23/A52-23_22_GML.zip"}, {"filename": "A52-23_25_GML.zip", "url": "https://nlftp.mlit.go.jp/ksj/gml/data/A52/A52-23/A52-23_25_GML.zip"}, {"filename": "A52-23_30_GML.zip", "url": "https://nlftp.mlit.go.jp/ksj/gml/data/A52/A52-23/A52-23_30_GML.zip"}, {"filename": "A52-23_32_GML.zip", "url": "https://nlftp.mlit.go.jp/ksj/gml/data/A52/A52-23/A52-23_32_GML.zip"}, {"filename": "A52-23_34_GML.zip", "url": "https://nlftp.mlit.go.jp/ksj/gml/data/A52/A52-23/A52-23_34_GML.zip"}, {"filename": "A52-23_36_GML.zip", "url": "https://nlftp.mlit.go.jp/ksj/gml/data/A52/A52-23/A52-23_36_GML.zip"}, {"filename": "A52-23_37_GML.zip", "url": "https://nlftp.mlit.go.jp/ksj/gml/data/A52/A52-23/A52-23_37_GML.zip"}, {"filename": "A52-23_39_GML.zip", "url": "https://nlftp.mlit.go.jp/ksj/gml/data/A52/A52-23/A52-23_39_GML.zip"}, {"filename": "A52-23_42_GML.zip", "url": "https://nlftp.mlit.go.jp/ksj/gml/data/A52/A52-23/A52-23_42_GML.zip"}, {"filename": "A52-23_43_GML.zip", "url": "https://nlftp.mlit.go.jp/ksj/gml/data/A52/A52-23/A52-23_43_GML.zip"}, {"filename": "A52-23_46_GML.zip", "url": "https://nlftp.mlit.go.jp/ksj/gml/data/A52/A52-23/A52-23_46_GML.zip"}, {"filename": "A52-23_47_GML.zip", "url": "https://nlftp.mlit.go.jp/ksj/gml/data/A52/A52-23/A52-23_47_GML.zip"}]