青森,世界測地系,2023年（令和5年）,0.95MB,A52-23_02_GML.zip
岩手,世界測地系,2023年（令和5年）,1.62MB,A52-23_03_GML.zip
茨城,世界測地系,2023年（令和5年）,1.6MB,A52-23_08_GML.zip
栃木,世界測地系,2023年（令和5年）,1.31MB,A52-23_09_GML.zip
埼玉,世界測地系,2023年（令和5年）,2.29MB,A52-23_11_GML.zip
千葉,世界測地系,2023年（令和5年）,0.95MB,A52-23_12_GML.zip
東京,世界測地系,2023年（令和5年）,1.27MB,A52-23_13_GML.zip
神奈川,世界測地系,2023年（令和5年）,3.43MB,A52-23_14_GML.zip
新潟,世界測地系,2023年（令和5年）,20.48MB,A52-23_15_GML.zip
石川,世界測地系,2023年（令和5年）,1.68MB,A52-23_17_GML.zip
長野,世界測地系,2023年（令和5年）,11.91MB,A52-23_20_GML.zip
岐阜,世界測地系,2023年（令和5年）,18.87MB,A52-23_21_GML.zip
静岡,世界測地系,2023年（令和5年）,3.4MB,A52-23_22_GML.zip
滋賀,世界測地系,2023年（令和5年）,5.74MB,A52-23_25_GML.zip
和歌山,世界測地系,2023年（令和5年）,5.3MB,A52-23_30_GML.zip
島根,世界測地系,2023年（令和5年）,13.2MB,A52-23_32_GML.zip
広島,世界測地系,2023年（令和5年）,13.05MB,A52-23_34_GML.zip
徳島,世界測地系,2023年（令和5年）,5.46MB,A52-23_36_GML.zip
香川,世界測地系,2023年（令和5年）,4.95MB,A52-23_37_GML.zip
高知,世界測地系,2023年（令和5年）,11.22MB,A52-23_39_GML.zip
長崎,世界測地系,2023年（令和5年）,1.27MB,A52-23_42_GML.zip
熊本,世界測地系,2023年（令和5年）,5.96MB,A52-23_43_GML.zip
鹿児島,世界測地系,2023年（令和5年）,5.02MB,A52-23_46_GML.zip
沖縄,世界測地系,2023年（令和5年）,0.28MB,A52-23_47_GML.zip