[{"filename": "A53-23-81_GML.zip", "url": "https://nlftp.mlit.go.jp/ksj/gml/data/A53/A53-23/A53-23-81_GML.zip"}, {"filename": "A53-23-81_SHP.zip", "url": "https://nlftp.mlit.go.jp/ksj/gml/data/A53/A53-23/A53-23-81_SHP.zip"}, {"filename": "A53-23-81_GEOJSON.zip", "url": "https://nlftp.mlit.go.jp/ksj/gml/data/A53/A53-23/A53-23-81_GEOJSON.zip"}, {"filename": "A53-24_82_GML.zip", "url": "https://nlftp.mlit.go.jp/ksj/gml/data/A53/A53-24/A53-24_82_GML.zip"}, {"filename": "A53-24_82_SHP.zip", "url": "https://nlftp.mlit.go.jp/ksj/gml/data/A53/A53-24/A53-24_82_SHP.zip"}, {"filename": "A53-24_82_GEOJSON.zip", "url": "https://nlftp.mlit.go.jp/ksj/gml/data/A53/A53-24/A53-24_82_GEOJSON.zip"}, {"filename": "A53-23-82_GML.zip", "url": "https://nlftp.mlit.go.jp/ksj/gml/data/A53/A53-23/A53-23-82_GML.zip"}, {"filename": "A53-23-82_SHP.zip", "url": "https://nlftp.mlit.go.jp/ksj/gml/data/A53/A53-23/A53-23-82_SHP.zip"}, {"filename": "A53-23-82_GEOJSON.zip", "url": "https://nlftp.mlit.go.jp/ksj/gml/data/A53/A53-23/A53-23-82_GEOJSON.zip"}, {"filename": "A53-24_84_GML.zip", "url": "https://nlftp.mlit.go.jp/ksj/gml/data/A53/A53-24/A53-24_84_GML.zip"}, {"filename": "A53-24_84_SHP.zip", "url": "https://nlftp.mlit.go.jp/ksj/gml/data/A53/A53-24/A53-24_84_SHP.zip"}, {"filename": "A53-24_84_GEOJSON.zip", "url": "https://nlftp.mlit.go.jp/ksj/gml/data/A53/A53-24/A53-24_84_GEOJSON.zip"}, {"filename": "A53-23-84_GML.zip", "url": "https://nlftp.mlit.go.jp/ksj/gml/data/A53/A53-23/A53-23-84_GML.zip"}, {"filename": "A53-23-84_SHP.zip", "url": "https://nlftp.mlit.go.jp/ksj/gml/data/A53/A53-23/A53-23-84_SHP.zip"}, {"filename": "A53-23-84_GEOJSON.zip", "url": "https://nlftp.mlit.go.jp/ksj/gml/data/A53/A53-23/A53-23-84_GEOJSON.zip"}, {"filename": "A53-24_85_GML.zip", "url": "https://nlftp.mlit.go.jp/ksj/gml/data/A53/A53-24/A53-24_85_GML.zip"}, {"filename": "A53-24_85_SHP.zip", "url": "https://nlftp.mlit.go.jp/ksj/gml/data/A53/A53-24/A53-24_85_SHP.zip"}, {"filename": "A53-24_85_GEOJSON.zip", "url": "https://nlftp.mlit.go.jp/ksj/gml/data/A53/A53-24/A53-24_85_GEOJSON.zip"}, {"filename": "A53-24_86_GML.zip", "url": "https://nlftp.mlit.go.jp/ksj/gml/data/A53/A53-24/A53-24_86_GML.zip"}, {"filename": "A53-24_86_SHP.zip", "url": "https://nlftp.mlit.go.jp/ksj/gml/data/A53/A53-24/A53-24_86_SHP.zip"}, {"filename": "A53-24_86_GEOJSON.zip", "url": "https://nlftp.mlit.go.jp/ksj/gml/data/A53/A53-24/A53-24_86_GEOJSON.zip"}, {"filename": "A53-23-86_GML.zip", "url": "https://nlftp.mlit.go.jp/ksj/gml/data/A53/A53-23/A53-23-86_GML.zip"}, {"filename": "A53-23-86_SHP.zip", "url": "https://nlftp.mlit.go.jp/ksj/gml/data/A53/A53-23/A53-23-86_SHP.zip"}, {"filename": "A53-23-86_GEOJSON.zip", "url": "https://nlftp.mlit.go.jp/ksj/gml/data/A53/A53-23/A53-23-86_GEOJSON.zip"}, {"filename": "A53-24_87_GML.zip", "url": "https://nlftp.mlit.go.jp/ksj/gml/data/A53/A53-24/A53-24_87_GML.zip"}, {"filename": "A53-24_87_SHP.zip", "url": "https://nlftp.mlit.go.jp/ksj/gml/data/A53/A53-24/A53-24_87_SHP.zip"}, {"filename": "A53-24_87_GEOJSON.zip", "url": "https://nlftp.mlit.go.jp/ksj/gml/data/A53/A53-24/A53-24_87_GEOJSON.zip"}, {"filename": "A53-23-87_GML.zip", "url": "https://nlftp.mlit.go.jp/ksj/gml/data/A53/A53-23/A53-23-87_GML.zip"}, {"filename": "A53-23-87_SHP.zip", "url": "https://nlftp.mlit.go.jp/ksj/gml/data/A53/A53-23/A53-23-87_SHP.zip"}, {"filename": "A53-23-87_GEOJSON.zip", "url": "https://nlftp.mlit.go.jp/ksj/gml/data/A53/A53-23/A53-23-87_GEOJSON.zip"}, {"filename": "A53-24_88_GML.zip", "url": "https://nlftp.mlit.go.jp/ksj/gml/data/A53/A53-24/A53-24_88_GML.zip"}, {"filename": "A53-24_88_SHP.zip", "url": "https://nlftp.mlit.go.jp/ksj/gml/data/A53/A53-24/A53-24_88_SHP.zip"}, {"filename": "A53-24_88_GEOJSON.zip", "url": "https://nlftp.mlit.go.jp/ksj/gml/data/A53/A53-24/A53-24_88_GEOJSON.zip"}, {"filename": "A53-23-88_GML.zip", "url": "https://nlftp.mlit.go.jp/ksj/gml/data/A53/A53-23/A53-23-88_GML.zip"}, {"filename": "A53-23-88_SHP.zip", "url": "https://nlftp.mlit.go.jp/ksj/gml/data/A53/A53-23/A53-23-88_SHP.zip"}, {"filename": "A53-23-88_GEOJSON.zip", "url": "https://nlftp.mlit.go.jp/ksj/gml/data/A53/A53-23/A53-23-88_GEOJSON.zip"}, {"filename": "A53-24_89_GML.zip", "url": "https://nlftp.mlit.go.jp/ksj/gml/data/A53/A53-24/A53-24_89_GML.zip"}, {"filename": "A53-24_89_SHP.zip", "url": "https://nlftp.mlit.go.jp/ksj/gml/data/A53/A53-24/A53-24_89_SHP.zip"}, {"filename": "A53-24_89_GEOJSON.zip", "url": "https://nlftp.mlit.go.jp/ksj/gml/data/A53/A53-24/A53-24_89_GEOJSON.zip"}, {"filename": "A53-23-89_GML.zip", "url": "https://nlftp.mlit.go.jp/ksj/gml/data/A53/A53-23/A53-23-89_GML.zip"}, {"filename": "A53-23-89_SHP.zip", "url": "https://nlftp.mlit.go.jp/ksj/gml/data/A53/A53-23/A53-23-89_SHP.zip"}, {"filename": "A53-23-89_GEOJSON.zip", "url": "https://nlftp.mlit.go.jp/ksj/gml/data/A53/A53-23/A53-23-89_GEOJSON.zip"}]