北海道開発局,GML形式,世界測地系,2023年（令和5年）,153.65MB,A53-23-81_GML.zip
北海道開発局,シェープ形式,世界測地系,2023年（令和5年）,144.51MB,A53-23-81_SHP.zip
北海道開発局,geojson形式,世界測地系,2023年（令和5年）,102.21MB,A53-23-81_GEOJSON.zip
東北地方整備局,GML形式,世界測地系,2024年（令和6年）,10.12MB,A53-24_82_GML.zip
東北地方整備局,シェープ形式,世界測地系,2024年（令和6年）,15.05MB,A53-24_82_SHP.zip
東北地方整備局,geojson形式,世界測地系,2024年（令和6年）,8.81MB,A53-24_82_GEOJSON.zip
東北地方整備局,GML形式,世界測地系,2023年（令和5年）,49.49MB,A53-23-82_GML.zip
東北地方整備局,シェープ形式,世界測地系,2023年（令和5年）,44.54MB,A53-23-82_SHP.zip
東北地方整備局,geojson形式,世界測地系,2023年（令和5年）,33.38MB,A53-23-82_GEOJSON.zip
北陸地方整備局,GML形式,世界測地系,2024年（令和6年）,19.45MB,A53-24_84_GML.zip
北陸地方整備局,シェープ形式,世界測地系,2024年（令和6年）,21.35MB,A53-24_84_SHP.zip
北陸地方整備局,geojson形式,世界測地系,2024年（令和6年）,13.91MB,A53-24_84_GEOJSON.zip
北陸地方整備局,GML形式,世界測地系,2023年（令和5年）,10.28MB,A53-23-84_GML.zip
北陸地方整備局,シェープ形式,世界測地系,2023年（令和5年）,8.64MB,A53-23-84_SHP.zip
北陸地方整備局,geojson形式,世界測地系,2023年（令和5年）,6.62MB,A53-23-84_GEOJSON.zip
中部地方整備局,GML形式,世界測地系,2024年（令和6年）,23.09MB,A53-24_85_GML.zip
中部地方整備局,シェープ形式,世界測地系,2024年（令和6年）,19.42MB,A53-24_85_SHP.zip
中部地方整備局,geojson形式,世界測地系,2024年（令和6年）,14.63MB,A53-24_85_GEOJSON.zip
近畿地方整備局,GML形式,世界測地系,2024年（令和6年）,2.38MB,A53-24_86_GML.zip
近畿地方整備局,シェープ形式,世界測地系,2024年（令和6年）,2.03MB,A53-24_86_SHP.zip
近畿地方整備局,geojson形式,世界測地系,2024年（令和6年）,1.58MB,A53-24_86_GEOJSON.zip
近畿地方整備局,GML形式,世界測地系,2023年（令和5年）,0.94MB,A53-23-86_GML.zip
近畿地方整備局,シェープ形式,世界測地系,2023年（令和5年）,0.79MB,A53-23-86_SHP.zip
近畿地方整備局,geojson形式,世界測地系,2023年（令和5年）,0.62MB,A53-23-86_GEOJSON.zip
中国地方整備局,GML形式,世界測地系,2024年（令和6年）,5.46MB,A53-24_87_GML.zip
中国地方整備局,シェープ形式,世界測地系,2024年（令和6年）,4.99MB,A53-24_87_SHP.zip
中国地方整備局,geojson形式,世界測地系,2024年（令和6年）,3.52MB,A53-24_87_GEOJSON.zip
中国地方整備局,GML形式,世界測地系,2023年（令和5年）,2.51MB,A53-23-87_GML.zip
中国地方整備局,シェープ形式,世界測地系,2023年（令和5年）,2.35MB,A53-23-87_SHP.zip
中国地方整備局,geojson形式,世界測地系,2023年（令和5年）,1.69MB,A53-23-87_GEOJSON.zip
四国地方整備局,GML形式,世界測地系,2024年（令和6年）,5.05MB,A53-24_88_GML.zip
四国地方整備局,シェープ形式,世界測地系,2024年（令和6年）,4.43MB,A53-24_88_SHP.zip
四国地方整備局,geojson形式,世界測地系,2024年（令和6年）,3.06MB,A53-24_88_GEOJSON.zip
四国地方整備局,GML形式,世界測地系,2023年（令和5年）,3.1MB,A53-23-88_GML.zip
四国地方整備局,シェープ形式,世界測地系,2023年（令和5年）,2.35MB,A53-23-88_SHP.zip
四国地方整備局,geojson形式,世界測地系,2023年（令和5年）,2.73MB,A53-23-88_GEOJSON.zip
九州地方整備局,GML形式,世界測地系,2024年（令和6年）,31.95MB,A53-24_89_GML.zip
九州地方整備局,シェープ形式,世界測地系,2024年（令和6年）,29.31MB,A53-24_89_SHP.zip
九州地方整備局,geojson形式,世界測地系,2024年（令和6年）,21.84MB,A53-24_89_GEOJSON.zip
九州地方整備局,GML形式,世界測地系,2023年（令和5年）,0.49MB,A53-23-89_GML.zip
九州地方整備局,シェープ形式,世界測地系,2023年（令和5年）,0.41MB,A53-23-89_SHP.zip
九州地方整備局,geojson形式,世界測地系,2023年（令和5年）,0.32MB,A53-23-89_GEOJSON.zip