[{"filename": "A54-23_GML.zip", "url": "https://nlftp.mlit.go.jp/ksj/gml/data/A54/A54-23/A54-23_GML.zip"}, {"filename": "A54-23_SHP.zip", "url": "https://nlftp.mlit.go.jp/ksj/gml/data/A54/A54-23/A54-23_SHP.zip"}, {"filename": "A54-23_GEOJSON.zip", "url": "https://nlftp.mlit.go.jp/ksj/gml/data/A54/A54-23/A54-23_GEOJSON.zip"}, {"filename": "A54-23_01_GML.zip", "url": "https://nlftp.mlit.go.jp/ksj/gml/data/A54/A54-23/A54-23_01_GML.zip"}, {"filename": "A54-23_01_SHP.zip", "url": "https://nlftp.mlit.go.jp/ksj/gml/data/A54/A54-23/A54-23_01_SHP.zip"}, {"filename": "A54-23_01_GEOJSON.zip", "url": "https://nlftp.mlit.go.jp/ksj/gml/data/A54/A54-23/A54-23_01_GEOJSON.zip"}, {"filename": "A54-23_52_GML.zip", "url": "https://nlftp.mlit.go.jp/ksj/gml/data/A54/A54-23/A54-23_52_GML.zip"}, {"filename": "A54-23_52_SHP.zip", "url": "https://nlftp.mlit.go.jp/ksj/gml/data/A54/A54-23/A54-23_52_SHP.zip"}, {"filename": "A54-23_52_GEOJSON.zip", "url": "https://nlftp.mlit.go.jp/ksj/gml/data/A54/A54-23/A54-23_52_GEOJSON.zip"}, {"filename": "A54-23_02_GML.zip", "url": "https://nlftp.mlit.go.jp/ksj/gml/data/A54/A54-23/A54-23_02_GML.zip"}, {"filename": "A54-23_02_SHP.zip", "url": "https://nlftp.mlit.go.jp/ksj/gml/data/A54/A54-23/A54-23_02_SHP.zip"}, {"filename": "A54-23_02_GEOJSON.zip", "url": "https://nlftp.mlit.go.jp/ksj/gml/data/A54/A54-23/A54-23_02_GEOJSON.zip"}, {"filename": "A54-23_03_GML.zip", "url": "https://nlftp.mlit.go.jp/ksj/gml/data/A54/A54-23/A54-23_03_GML.zip"}, {"filename": "A54-23_03_SHP.zip", "url": "https://nlftp.mlit.go.jp/ksj/gml/data/A54/A54-23/A54-23_03_SHP.zip"}, {"filename": "A54-23_03_GEOJSON.zip", "url": "https://nlftp.mlit.go.jp/ksj/gml/data/A54/A54-23/A54-23_03_GEOJSON.zip"}, {"filename": "A54-23_04_GML.zip", "url": "https://nlftp.mlit.go.jp/ksj/gml/data/A54/A54-23/A54-23_04_GML.zip"}, {"filename": "A54-23_04_SHP.zip", "url": "https://nlftp.mlit.go.jp/ksj/gml/data/A54/A54-23/A54-23_04_SHP.zip"}, {"filename": "A54-23_04_GEOJSON.zip", "url": "https://nlftp.mlit.go.jp/ksj/gml/data/A54/A54-23/A54-23_04_GEOJSON.zip"}, {"filename": "A54-23_05_GML.zip", "url": "https://nlftp.mlit.go.jp/ksj/gml/data/A54/A54-23/A54-23_05_GML.zip"}, {"filename": "A54-23_05_SHP.zip", "url": "https://nlftp.mlit.go.jp/ksj/gml/data/A54/A54-23/A54-23_05_SHP.zip"}, {"filename": "A54-23_05_GEOJSON.zip", "url": "https://nlftp.mlit.go.jp/ksj/gml/data/A54/A54-23/A54-23_05_GEOJSON.zip"}, {"filename": "A54-23_06_GML.zip", "url": "https://nlftp.mlit.go.jp/ksj/gml/data/A54/A54-23/A54-23_06_GML.zip"}, {"filename": "A54-23_06_SHP.zip", "url": "https://nlftp.mlit.go.jp/ksj/gml/data/A54/A54-23/A54-23_06_SHP.zip"}, {"filename": "A54-23_06_GEOJSON.zip", "url": "https://nlftp.mlit.go.jp/ksj/gml/data/A54/A54-23/A54-23_06_GEOJSON.zip"}, {"filename": "A54-23_07_GML.zip", "url": "https://nlftp.mlit.go.jp/ksj/gml/data/A54/A54-23/A54-23_07_GML.zip"}, {"filename": "A54-23_07_SHP.zip", "url": "https://nlftp.mlit.go.jp/ksj/gml/data/A54/A54-23/A54-23_07_SHP.zip"}, {"filename": "A54-23_07_GEOJSON.zip", "url": "https://nlftp.mlit.go.jp/ksj/gml/data/A54/A54-23/A54-23_07_GEOJSON.zip"}, {"filename": "A54-23_53_GML.zip", "url": "https://nlftp.mlit.go.jp/ksj/gml/data/A54/A54-23/A54-23_53_GML.zip"}, {"filename": "A54-23_53_SHP.zip", "url": "https://nlftp.mlit.go.jp/ksj/gml/data/A54/A54-23/A54-23_53_SHP.zip"}, {"filename": "A54-23_53_GEOJSON.zip", "url": "https://nlftp.mlit.go.jp/ksj/gml/data/A54/A54-23/A54-23_53_GEOJSON.zip"}, {"filename": "A54-23_08_GML.zip", "url": "https://nlftp.mlit.go.jp/ksj/gml/data/A54/A54-23/A54-23_08_GML.zip"}, {"filename": "A54-23_08_SHP.zip", "url": "https://nlftp.mlit.go.jp/ksj/gml/data/A54/A54-23/A54-23_08_SHP.zip"}, {"filename": "A54-23_08_GEOJSON.zip", "url": "https://nlftp.mlit.go.jp/ksj/gml/data/A54/A54-23/A54-23_08_GEOJSON.zip"}, {"filename": "A54-23_09_GML.zip", "url": "https://nlftp.mlit.go.jp/ksj/gml/data/A54/A54-23/A54-23_09_GML.zip"}, {"filename": "A54-23_09_SHP.zip", "url": "https://nlftp.mlit.go.jp/ksj/gml/data/A54/A54-23/A54-23_09_SHP.zip"}, {"filename": "A54-23_09_GEOJSON.zip", "url": "https://nlftp.mlit.go.jp/ksj/gml/data/A54/A54-23/A54-23_09_GEOJSON.zip"}, {"filename": "A54-23_10_GML.zip", "url": "https://nlftp.mlit.go.jp/ksj/gml/data/A54/A54-23/A54-23_10_GML.zip"}, {"filename": "A54-23_10_SHP.zip", "url": "https://nlftp.mlit.go.jp/ksj/gml/data/A54/A54-23/A54-23_10_SHP.zip"}, {"filename": "A54-23_10_GEOJSON.zip", "url": "https://nlftp.mlit.go.jp/ksj/gml/data/A54/A54-23/A54-23_10_GEOJSON.zip"}, {"filename": "A54-23_11_GML.zip", "url": "https://nlftp.mlit.go.jp/ksj/gml/data/A54/A54-23/A54-23_11_GML.zip"}, {"filename": "A54-23_11_SHP.zip", "url": "https://nlftp.mlit.go.jp/ksj/gml/data/A54/A54-23/A54-23_11_SHP.zip"}, {"filename": "A54-23_11_GEOJSON.zip", "url": "https://nlftp.mlit.go.jp/ksj/gml/data/A54/A54-23/A54-23_11_GEOJSON.zip"}, {"filename": "A54-23_12_GML.zip", "url": "https://nlftp.mlit.go.jp/ksj/gml/data/A54/A54-23/A54-23_12_GML.zip"}, {"filename": "A54-23_12_SHP.zip", "url": "https://nlftp.mlit.go.jp/ksj/gml/data/A54/A54-23/A54-23_12_SHP.zip"}, {"filename": "A54-23_12_GEOJSON.zip", "url": "https://nlftp.mlit.go.jp/ksj/gml/data/A54/A54-23/A54-23_12_GEOJSON.zip"}, {"filename": "A54-23_13_GML.zip", "url": "https://nlftp.mlit.go.jp/ksj/gml/data/A54/A54-23/A54-23_13_GML.zip"}, {"filename": "A54-23_13_SHP.zip", "url": "https://nlftp.mlit.go.jp/ksj/gml/data/A54/A54-23/A54-23_13_SHP.zip"}, {"filename": "A54-23_13_GEOJSON.zip", "url": "https://nlftp.mlit.go.jp/ksj/gml/data/A54/A54-23/A54-23_13_GEOJSON.zip"}, {"filename": "A54-23_14_GML.zip", "url": "https://nlftp.mlit.go.jp/ksj/gml/data/A54/A54-23/A54-23_14_GML.zip"}, {"filename": "A54-23_14_SHP.zip", "url": "https://nlftp.mlit.go.jp/ksj/gml/data/A54/A54-23/A54-23_14_SHP.zip"}, {"filename": "A54-23_14_GEOJSON.zip", "url": "https://nlftp.mlit.go.jp/ksj/gml/data/A54/A54-23/A54-23_14_GEOJSON.zip"}, {"filename": "A54-23_54_GML.zip", "url": "https://nlftp.mlit.go.jp/ksj/gml/data/A54/A54-23/A54-23_54_GML.zip"}, {"filename": "A54-23_54_SHP.zip", "url": "https://nlftp.mlit.go.jp/ksj/gml/data/A54/A54-23/A54-23_54_SHP.zip"}, {"filename": "A54-23_54_GEOJSON.zip", "url": "https://nlftp.mlit.go.jp/ksj/gml/data/A54/A54-23/A54-23_54_GEOJSON.zip"}, {"filename": "A54-23_15_GML.zip", "url": "https://nlftp.mlit.go.jp/ksj/gml/data/A54/A54-23/A54-23_15_GML.zip"}, {"filename": "A54-23_15_SHP.zip", "url": "https://nlftp.mlit.go.jp/ksj/gml/data/A54/A54-23/A54-23_15_SHP.zip"}, {"filename": "A54-23_15_GEOJSON.zip", "url": "https://nlftp.mlit.go.jp/ksj/gml/data/A54/A54-23/A54-23_15_GEOJSON.zip"}, {"filename": "A54-23_16_GML.zip", "url": "https://nlftp.mlit.go.jp/ksj/gml/data/A54/A54-23/A54-23_16_GML.zip"}, {"filename": "A54-23_16_SHP.zip", "url": "https://nlftp.mlit.go.jp/ksj/gml/data/A54/A54-23/A54-23_16_SHP.zip"}, {"filename": "A54-23_16_GEOJSON.zip", "url": "https://nlftp.mlit.go.jp/ksj/gml/data/A54/A54-23/A54-23_16_GEOJSON.zip"}, {"filename": "A54-23_17_GML.zip", "url": "https://nlftp.mlit.go.jp/ksj/gml/data/A54/A54-23/A54-23_17_GML.zip"}, {"filename": "A54-23_17_SHP.zip", "url": "https://nlftp.mlit.go.jp/ksj/gml/data/A54/A54-23/A54-23_17_SHP.zip"}, {"filename": "A54-23_17_GEOJSON.zip", "url": "https://nlftp.mlit.go.jp/ksj/gml/data/A54/A54-23/A54-23_17_GEOJSON.zip"}, {"filename": "A54-23_18_GML.zip", "url": "https://nlftp.mlit.go.jp/ksj/gml/data/A54/A54-23/A54-23_18_GML.zip"}, {"filename": "A54-23_18_SHP.zip", "url": "https://nlftp.mlit.go.jp/ksj/gml/data/A54/A54-23/A54-23_18_SHP.zip"}, {"filename": "A54-23_18_GEOJSON.zip", "url": "https://nlftp.mlit.go.jp/ksj/gml/data/A54/A54-23/A54-23_18_GEOJSON.zip"}, {"filename": "A54-23_19_GML.zip", "url": "https://nlftp.mlit.go.jp/ksj/gml/data/A54/A54-23/A54-23_19_GML.zip"}, {"filename": "A54-23_19_SHP.zip", "url": "https://nlftp.mlit.go.jp/ksj/gml/data/A54/A54-23/A54-23_19_SHP.zip"}, {"filename": "A54-23_19_GEOJSON.zip", "url": "https://nlftp.mlit.go.jp/ksj/gml/data/A54/A54-23/A54-23_19_GEOJSON.zip"}, {"filename": "A54-23_20_GML.zip", "url": "https://nlftp.mlit.go.jp/ksj/gml/data/A54/A54-23/A54-23_20_GML.zip"}, {"filename": "A54-23_20_SHP.zip", "url": "https://nlftp.mlit.go.jp/ksj/gml/data/A54/A54-23/A54-23_20_SHP.zip"}, {"filename": "A54-23_20_GEOJSON.zip", "url": "https://nlftp.mlit.go.jp/ksj/gml/data/A54/A54-23/A54-23_20_GEOJSON.zip"}, {"filename": "A54-23_55_GML.zip", "url": "https://nlftp.mlit.go.jp/ksj/gml/data/A54/A54-23/A54-23_55_GML.zip"}, {"filename": "A54-23_55_SHP.zip", "url": "https://nlftp.mlit.go.jp/ksj/gml/data/A54/A54-23/A54-23_55_SHP.zip"}, {"filename": "A54-23_55_GEOJSON.zip", "url": "https://nlftp.mlit.go.jp/ksj/gml/data/A54/A54-23/A54-23_55_GEOJSON.zip"}, {"filename": "A54-23_21_GML.zip", "url": "https://nlftp.mlit.go.jp/ksj/gml/data/A54/A54-23/A54-23_21_GML.zip"}, {"filename": "A54-23_21_SHP.zip", "url": "https://nlftp.mlit.go.jp/ksj/gml/data/A54/A54-23/A54-23_21_SHP.zip"}, {"filename": "A54-23_21_GEOJSON.zip", "url": "https://nlftp.mlit.go.jp/ksj/gml/data/A54/A54-23/A54-23_21_GEOJSON.zip"}, {"filename": "A54-23_22_GML.zip", "url": "https://nlftp.mlit.go.jp/ksj/gml/data/A54/A54-23/A54-23_22_GML.zip"}, {"filename": "A54-23_22_SHP.zip", "url": "https://nlftp.mlit.go.jp/ksj/gml/data/A54/A54-23/A54-23_22_SHP.zip"}, {"filename": "A54-23_22_GEOJSON.zip", "url": "https://nlftp.mlit.go.jp/ksj/gml/data/A54/A54-23/A54-23_22_GEOJSON.zip"}, {"filename": "A54-23_23_GML.zip", "url": "https://nlftp.mlit.go.jp/ksj/gml/data/A54/A54-23/A54-23_23_GML.zip"}, {"filename": "A54-23_23_SHP.zip", "url": "https://nlftp.mlit.go.jp/ksj/gml/data/A54/A54-23/A54-23_23_SHP.zip"}, {"filename": "A54-23_23_GEOJSON.zip", "url": "https://nlftp.mlit.go.jp/ksj/gml/data/A54/A54-23/A54-23_23_GEOJSON.zip"}, {"filename": "A54-23_24_GML.zip", "url": "https://nlftp.mlit.go.jp/ksj/gml/data/A54/A54-23/A54-23_24_GML.zip"}, {"filename": "A54-23_24_SHP.zip", "url": "https://nlftp.mlit.go.jp/ksj/gml/data/A54/A54-23/A54-23_24_SHP.zip"}, {"filename": "A54-23_24_GEOJSON.zip", "url": "https://nlftp.mlit.go.jp/ksj/gml/data/A54/A54-23/A54-23_24_GEOJSON.zip"}, {"filename": "A54-23_56_GML.zip", "url": "https://nlftp.mlit.go.jp/ksj/gml/data/A54/A54-23/A54-23_56_GML.zip"}, {"filename": "A54-23_56_SHP.zip", "url": "https://nlftp.mlit.go.jp/ksj/gml/data/A54/A54-23/A54-23_56_SHP.zip"}, {"filename": "A54-23_56_GEOJSON.zip", "url": "https://nlftp.mlit.go.jp/ksj/gml/data/A54/A54-23/A54-23_56_GEOJSON.zip"}, {"filename": "A54-23_25_GML.zip", "url": "https://nlftp.mlit.go.jp/ksj/gml/data/A54/A54-23/A54-23_25_GML.zip"}, {"filename": "A54-23_25_SHP.zip", "url": "https://nlftp.mlit.go.jp/ksj/gml/data/A54/A54-23/A54-23_25_SHP.zip"}, {"filename": "A54-23_25_GEOJSON.zip", "url": "https://nlftp.mlit.go.jp/ksj/gml/data/A54/A54-23/A54-23_25_GEOJSON.zip"}, {"filename": "A54-23_26_GML.zip", "url": "https://nlftp.mlit.go.jp/ksj/gml/data/A54/A54-23/A54-23_26_GML.zip"}, {"filename": "A54-23_26_SHP.zip", "url": "https://nlftp.mlit.go.jp/ksj/gml/data/A54/A54-23/A54-23_26_SHP.zip"}, {"filename": "A54-23_26_GEOJSON.zip", "url": "https://nlftp.mlit.go.jp/ksj/gml/data/A54/A54-23/A54-23_26_GEOJSON.zip"}, {"filename": "A54-23_27_GML.zip", "url": "https://nlftp.mlit.go.jp/ksj/gml/data/A54/A54-23/A54-23_27_GML.zip"}, {"filename": "A54-23_27_SHP.zip", "url": "https://nlftp.mlit.go.jp/ksj/gml/data/A54/A54-23/A54-23_27_SHP.zip"}, {"filename": "A54-23_27_GEOJSON.zip", "url": "https://nlftp.mlit.go.jp/ksj/gml/data/A54/A54-23/A54-23_27_GEOJSON.zip"}, {"filename": "A54-23_28_GML.zip", "url": "https://nlftp.mlit.go.jp/ksj/gml/data/A54/A54-23/A54-23_28_GML.zip"}, {"filename": "A54-23_28_SHP.zip", "url": "https://nlftp.mlit.go.jp/ksj/gml/data/A54/A54-23/A54-23_28_SHP.zip"}, {"filename": "A54-23_28_GEOJSON.zip", "url": "https://nlftp.mlit.go.jp/ksj/gml/data/A54/A54-23/A54-23_28_GEOJSON.zip"}, {"filename": "A54-23_29_GML.zip", "url": "https://nlftp.mlit.go.jp/ksj/gml/data/A54/A54-23/A54-23_29_GML.zip"}, {"filename": "A54-23_29_SHP.zip", "url": "https://nlftp.mlit.go.jp/ksj/gml/data/A54/A54-23/A54-23_29_SHP.zip"}, {"filename": "A54-23_29_GEOJSON.zip", "url": "https://nlftp.mlit.go.jp/ksj/gml/data/A54/A54-23/A54-23_29_GEOJSON.zip"}, {"filename": "A54-23_30_GML.zip", "url": "https://nlftp.mlit.go.jp/ksj/gml/data/A54/A54-23/A54-23_30_GML.zip"}, {"filename": "A54-23_30_SHP.zip", "url": "https://nlftp.mlit.go.jp/ksj/gml/data/A54/A54-23/A54-23_30_SHP.zip"}, {"filename": "A54-23_30_GEOJSON.zip", "url": "https://nlftp.mlit.go.jp/ksj/gml/data/A54/A54-23/A54-23_30_GEOJSON.zip"}, {"filename": "A54-23_57_GML.zip", "url": "https://nlftp.mlit.go.jp/ksj/gml/data/A54/A54-23/A54-23_57_GML.zip"}, {"filename": "A54-23_57_SHP.zip", "url": "https://nlftp.mlit.go.jp/ksj/gml/data/A54/A54-23/A54-23_57_SHP.zip"}, {"filename": "A54-23_57_GEOJSON.zip", "url": "https://nlftp.mlit.go.jp/ksj/gml/data/A54/A54-23/A54-23_57_GEOJSON.zip"}, {"filename": "A54-23_31_GML.zip", "url": "https://nlftp.mlit.go.jp/ksj/gml/data/A54/A54-23/A54-23_31_GML.zip"}, {"filename": "A54-23_31_SHP.zip", "url": "https://nlftp.mlit.go.jp/ksj/gml/data/A54/A54-23/A54-23_31_SHP.zip"}, {"filename": "A54-23_31_GEOJSON.zip", "url": "https://nlftp.mlit.go.jp/ksj/gml/data/A54/A54-23/A54-23_31_GEOJSON.zip"}, {"filename": "A54-23_32_GML.zip", "url": "https://nlftp.mlit.go.jp/ksj/gml/data/A54/A54-23/A54-23_32_GML.zip"}, {"filename": "A54-23_32_SHP.zip", "url": "https://nlftp.mlit.go.jp/ksj/gml/data/A54/A54-23/A54-23_32_SHP.zip"}, {"filename": "A54-23_32_GEOJSON.zip", "url": "https://nlftp.mlit.go.jp/ksj/gml/data/A54/A54-23/A54-23_32_GEOJSON.zip"}, {"filename": "A54-23_33_GML.zip", "url": "https://nlftp.mlit.go.jp/ksj/gml/data/A54/A54-23/A54-23_33_GML.zip"}, {"filename": "A54-23_33_SHP.zip", "url": "https://nlftp.mlit.go.jp/ksj/gml/data/A54/A54-23/A54-23_33_SHP.zip"}, {"filename": "A54-23_33_GEOJSON.zip", "url": "https://nlftp.mlit.go.jp/ksj/gml/data/A54/A54-23/A54-23_33_GEOJSON.zip"}, {"filename": "A54-23_34_GML.zip", "url": "https://nlftp.mlit.go.jp/ksj/gml/data/A54/A54-23/A54-23_34_GML.zip"}, {"filename": "A54-23_34_SHP.zip", "url": "https://nlftp.mlit.go.jp/ksj/gml/data/A54/A54-23/A54-23_34_SHP.zip"}, {"filename": "A54-23_34_GEOJSON.zip", "url": "https://nlftp.mlit.go.jp/ksj/gml/data/A54/A54-23/A54-23_34_GEOJSON.zip"}, {"filename": "A54-23_35_GML.zip", "url": "https://nlftp.mlit.go.jp/ksj/gml/data/A54/A54-23/A54-23_35_GML.zip"}, {"filename": "A54-23_35_SHP.zip", "url": "https://nlftp.mlit.go.jp/ksj/gml/data/A54/A54-23/A54-23_35_SHP.zip"}, {"filename": "A54-23_35_GEOJSON.zip", "url": "https://nlftp.mlit.go.jp/ksj/gml/data/A54/A54-23/A54-23_35_GEOJSON.zip"}, {"filename": "A54-23_58_GML.zip", "url": "https://nlftp.mlit.go.jp/ksj/gml/data/A54/A54-23/A54-23_58_GML.zip"}, {"filename": "A54-23_58_SHP.zip", "url": "https://nlftp.mlit.go.jp/ksj/gml/data/A54/A54-23/A54-23_58_SHP.zip"}, {"filename": "A54-23_58_GEOJSON.zip", "url": "https://nlftp.mlit.go.jp/ksj/gml/data/A54/A54-23/A54-23_58_GEOJSON.zip"}, {"filename": "A54-23_36_GML.zip", "url": "https://nlftp.mlit.go.jp/ksj/gml/data/A54/A54-23/A54-23_36_GML.zip"}, {"filename": "A54-23_36_SHP.zip", "url": "https://nlftp.mlit.go.jp/ksj/gml/data/A54/A54-23/A54-23_36_SHP.zip"}, {"filename": "A54-23_36_GEOJSON.zip", "url": "https://nlftp.mlit.go.jp/ksj/gml/data/A54/A54-23/A54-23_36_GEOJSON.zip"}, {"filename": "A54-23_37_GML.zip", "url": "https://nlftp.mlit.go.jp/ksj/gml/data/A54/A54-23/A54-23_37_GML.zip"}, {"filename": "A54-23_37_SHP.zip", "url": "https://nlftp.mlit.go.jp/ksj/gml/data/A54/A54-23/A54-23_37_SHP.zip"}, {"filename": "A54-23_37_GEOJSON.zip", "url": "https://nlftp.mlit.go.jp/ksj/gml/data/A54/A54-23/A54-23_37_GEOJSON.zip"}, {"filename": "A54-23_38_GML.zip", "url": "https://nlftp.mlit.go.jp/ksj/gml/data/A54/A54-23/A54-23_38_GML.zip"}, {"filename": "A54-23_38_SHP.zip", "url": "https://nlftp.mlit.go.jp/ksj/gml/data/A54/A54-23/A54-23_38_SHP.zip"}, {"filename": "A54-23_38_GEOJSON.zip", "url": "https://nlftp.mlit.go.jp/ksj/gml/data/A54/A54-23/A54-23_38_GEOJSON.zip"}, {"filename": "A54-23_39_GML.zip", "url": "https://nlftp.mlit.go.jp/ksj/gml/data/A54/A54-23/A54-23_39_GML.zip"}, {"filename": "A54-23_39_SHP.zip", "url": "https://nlftp.mlit.go.jp/ksj/gml/data/A54/A54-23/A54-23_39_SHP.zip"}, {"filename": "A54-23_39_GEOJSON.zip", "url": "https://nlftp.mlit.go.jp/ksj/gml/data/A54/A54-23/A54-23_39_GEOJSON.zip"}, {"filename": "A54-23_59_GML.zip", "url": "https://nlftp.mlit.go.jp/ksj/gml/data/A54/A54-23/A54-23_59_GML.zip"}, {"filename": "A54-23_59_SHP.zip", "url": "https://nlftp.mlit.go.jp/ksj/gml/data/A54/A54-23/A54-23_59_SHP.zip"}, {"filename": "A54-23_59_GEOJSON.zip", "url": "https://nlftp.mlit.go.jp/ksj/gml/data/A54/A54-23/A54-23_59_GEOJSON.zip"}, {"filename": "A54-23_40_GML.zip", "url": "https://nlftp.mlit.go.jp/ksj/gml/data/A54/A54-23/A54-23_40_GML.zip"}, {"filename": "A54-23_40_SHP.zip", "url": "https://nlftp.mlit.go.jp/ksj/gml/data/A54/A54-23/A54-23_40_SHP.zip"}, {"filename": "A54-23_40_GEOJSON.zip", "url": "https://nlftp.mlit.go.jp/ksj/gml/data/A54/A54-23/A54-23_40_GEOJSON.zip"}, {"filename": "A54-23_41_GML.zip", "url": "https://nlftp.mlit.go.jp/ksj/gml/data/A54/A54-23/A54-23_41_GML.zip"}, {"filename": "A54-23_41_SHP.zip", "url": "https://nlftp.mlit.go.jp/ksj/gml/data/A54/A54-23/A54-23_41_SHP.zip"}, {"filename": "A54-23_41_GEOJSON.zip", "url": "https://nlftp.mlit.go.jp/ksj/gml/data/A54/A54-23/A54-23_41_GEOJSON.zip"}, {"filename": "A54-23_42_GML.zip", "url": "https://nlftp.mlit.go.jp/ksj/gml/data/A54/A54-23/A54-23_42_GML.zip"}, {"filename": "A54-23_42_SHP.zip", "url": "https://nlftp.mlit.go.jp/ksj/gml/data/A54/A54-23/A54-23_42_SHP.zip"}, {"filename": "A54-23_42_GEOJSON.zip", "url": "https://nlftp.mlit.go.jp/ksj/gml/data/A54/A54-23/A54-23_42_GEOJSON.zip"}, {"filename": "A54-23_43_GML.zip", "url": "https://nlftp.mlit.go.jp/ksj/gml/data/A54/A54-23/A54-23_43_GML.zip"}, {"filename": "A54-23_43_SHP.zip", "url": "https://nlftp.mlit.go.jp/ksj/gml/data/A54/A54-23/A54-23_43_SHP.zip"}, {"filename": "A54-23_43_GEOJSON.zip", "url": "https://nlftp.mlit.go.jp/ksj/gml/data/A54/A54-23/A54-23_43_GEOJSON.zip"}, {"filename": "A54-23_44_GML.zip", "url": "https://nlftp.mlit.go.jp/ksj/gml/data/A54/A54-23/A54-23_44_GML.zip"}, {"filename": "A54-23_44_SHP.zip", "url": "https://nlftp.mlit.go.jp/ksj/gml/data/A54/A54-23/A54-23_44_SHP.zip"}, {"filename": "A54-23_44_GEOJSON.zip", "url": "https://nlftp.mlit.go.jp/ksj/gml/data/A54/A54-23/A54-23_44_GEOJSON.zip"}, {"filename": "A54-23_45_GML.zip", "url": "https://nlftp.mlit.go.jp/ksj/gml/data/A54/A54-23/A54-23_45_GML.zip"}, {"filename": "A54-23_45_SHP.zip", "url": "https://nlftp.mlit.go.jp/ksj/gml/data/A54/A54-23/A54-23_45_SHP.zip"}, {"filename": "A54-23_45_GEOJSON.zip", "url": "https://nlftp.mlit.go.jp/ksj/gml/data/A54/A54-23/A54-23_45_GEOJSON.zip"}, {"filename": "A54-23_46_GML.zip", "url": "https://nlftp.mlit.go.jp/ksj/gml/data/A54/A54-23/A54-23_46_GML.zip"}, {"filename": "A54-23_46_SHP.zip", "url": "https://nlftp.mlit.go.jp/ksj/gml/data/A54/A54-23/A54-23_46_SHP.zip"}, {"filename": "A54-23_46_GEOJSON.zip", "url": "https://nlftp.mlit.go.jp/ksj/gml/data/A54/A54-23/A54-23_46_GEOJSON.zip"}, {"filename": "A54-23_47_GML.zip", "url": "https://nlftp.mlit.go.jp/ksj/gml/data/A54/A54-23/A54-23_47_GML.zip"}, {"filename": "A54-23_47_SHP.zip", "url": "https://nlftp.mlit.go.jp/ksj/gml/data/A54/A54-23/A54-23_47_SHP.zip"}, {"filename": "A54-23_47_GEOJSON.zip", "url": "https://nlftp.mlit.go.jp/ksj/gml/data/A54/A54-23/A54-23_47_GEOJSON.zip"}]