全国,GML形式,世界測地系,2023年（令和5年）,33.6MB,A54-23_GML.zip,file_download																			star,
全国,シェープ形式,世界測地系,2023年（令和5年）,59.6MB,A54-23_SHP.zip,file_download																			star,
全国,GEOJSON形式,世界測地系,2023年（令和5年）,38.7MB,A54-23_GEOJSON.zip,file_download																			star,
北海道,GML形式,世界測地系,2023年（令和5年）,0.50MB,A54-23_01_GML.zip,file_download																			star,
北海道,シェープ形式,世界測地系,2023年（令和5年）,1.68MB,A54-23_01_SHP.zip,file_download																			star,
北海道,GEOJSON形式,世界測地系,2023年（令和5年）,0.56MB,A54-23_01_GEOJSON.zip,file_download																			star,
東北地方,GML形式,世界測地系,2023年（令和5年）,1.68MB,A54-23_52_GML.zip,file_download																			star,
東北地方,シェープ形式,世界測地系,2023年（令和5年）,2.80MB,A54-23_52_SHP.zip,file_download																			star,
東北地方,GEOJSON形式,世界測地系,2023年（令和5年）,1.86MB,A54-23_52_GEOJSON.zip,file_download																			star,
青森,GML形式,世界測地系,2023年（令和5年）,0.04MB,A54-23_02_GML.zip,file_download																			star,
青森,シェープ形式,世界測地系,2023年（令和5年）,0.05MB,A54-23_02_SHP.zip,file_download																			star,
青森,GEOJSON形式,世界測地系,2023年（令和5年）,0.04MB,A54-23_02_GEOJSON.zip,file_download																			star,
岩手,GML形式,世界測地系,2023年（令和5年）,0.16MB,A54-23_03_GML.zip,file_download																			star,
岩手,シェープ形式,世界測地系,2023年（令和5年）,0.25MB,A54-23_03_SHP.zip,file_download																			star,
岩手,GEOJSON形式,世界測地系,2023年（令和5年）,0.17MB,A54-23_03_GEOJSON.zip,file_download																			star,
宮城,GML形式,世界測地系,2023年（令和5年）,0.66MB,A54-23_04_GML.zip,file_download																			star,
宮城,シェープ形式,世界測地系,2023年（令和5年）,1.12MB,A54-23_04_SHP.zip,file_download																			star,
宮城,GEOJSON形式,世界測地系,2023年（令和5年）,0.74MB,A54-23_04_GEOJSON.zip,file_download																			star,
秋田,GML形式,世界測地系,2023年（令和5年）,0.25MB,A54-23_05_GML.zip,file_download																			star,
秋田,シェープ形式,世界測地系,2023年（令和5年）,0.45MB,A54-23_05_SHP.zip,file_download																			star,
秋田,GEOJSON形式,世界測地系,2023年（令和5年）,0.30MB,A54-23_05_GEOJSON.zip,file_download																			star,
山形,GML形式,世界測地系,2023年（令和5年）,0.02MB,A54-23_06_GML.zip,file_download																			star,
山形,シェープ形式,世界測地系,2023年（令和5年）,0.02MB,A54-23_06_SHP.zip,file_download																			star,
山形,GEOJSON形式,世界測地系,2023年（令和5年）,0.02MB,A54-23_06_GEOJSON.zip,file_download																			star,
福島,GML形式,世界測地系,2023年（令和5年）,0.55MB,A54-23_07_GML.zip,file_download																			star,
福島,シェープ形式,世界測地系,2023年（令和5年）,0.90MB,A54-23_07_SHP.zip,file_download																			star,
福島,GEOJSON形式,世界測地系,2023年（令和5年）,0.60MB,A54-23_07_GEOJSON.zip,file_download																			star,
関東地方,GML形式,世界測地系,2023年（令和5年）,10.3MB,A54-23_53_GML.zip,file_download																			star,
関東地方,シェープ形式,世界測地系,2023年（令和5年）,18.0MB,A54-23_53_SHP.zip,file_download																			star,
関東地方,GEOJSON形式,世界測地系,2023年（令和5年）,11.8MB,A54-23_53_GEOJSON.zip,file_download																			star,
茨城,GML形式,世界測地系,2023年（令和5年）,1.43MB,A54-23_08_GML.zip,file_download																			star,
茨城,シェープ形式,世界測地系,2023年（令和5年）,2.49MB,A54-23_08_SHP.zip,file_download																			star,
茨城,GEOJSON形式,世界測地系,2023年（令和5年）,1.65MB,A54-23_08_GEOJSON.zip,file_download																			star,
栃木,GML形式,世界測地系,2023年（令和5年）,0.1MB,A54-23_09_GML.zip,file_download																			star,
栃木,シェープ形式,世界測地系,2023年（令和5年）,0.15MB,A54-23_09_SHP.zip,file_download																			star,
栃木,GEOJSON形式,世界測地系,2023年（令和5年）,0.10MB,A54-23_09_GEOJSON.zip,file_download																			star,
群馬,GML形式,世界測地系,2023年（令和5年）,0.03MB,A54-23_10_GML.zip,file_download																			star,
群馬,シェープ形式,世界測地系,2023年（令和5年）,0.04MB,A54-23_10_SHP.zip,file_download																			star,
群馬,GEOJSON形式,世界測地系,2023年（令和5年）,0.03MB,A54-23_10_GEOJSON.zip,file_download																			star,
埼玉,GML形式,世界測地系,2023年（令和5年）,0.30MB,A54-23_11_GML.zip,file_download																			star,
埼玉,シェープ形式,世界測地系,2023年（令和5年）,0.49MB,A54-23_11_SHP.zip,file_download																			star,
埼玉,GEOJSON形式,世界測地系,2023年（令和5年）,0.33MB,A54-23_11_GEOJSON.zip,file_download																			star,
千葉,GML形式,世界測地系,2023年（令和5年）,1.51MB,A54-23_12_GML.zip,file_download																			star,
千葉,シェープ形式,世界測地系,2023年（令和5年）,2.57MB,A54-23_12_SHP.zip,file_download																			star,
千葉,GEOJSON形式,世界測地系,2023年（令和5年）,1.70MB,A54-23_12_GEOJSON.zip,file_download																			star,
東京,GML形式,世界測地系,2023年（令和5年）,0.59MB,A54-23_13_GML.zip,file_download																			star,
東京,シェープ形式,世界測地系,2023年（令和5年）,1.00MB,A54-23_13_SHP.zip,file_download																			star,
東京,GEOJSON形式,世界測地系,2023年（令和5年）,0.65MB,A54-23_13_GEOJSON.zip,file_download																			star,
神奈川,GML形式,世界測地系,2023年（令和5年）,6.30MB,A54-23_14_GML.zip,file_download																			star,
神奈川,シェープ形式,世界測地系,2023年（令和5年）,11.3MB,A54-23_14_SHP.zip,file_download																			star,
神奈川,GEOJSON形式,世界測地系,2023年（令和5年）,7.37MB,A54-23_14_GEOJSON.zip,file_download																			star,
甲信越・北陸地方,GML形式,世界測地系,2023年（令和5年）,0.50MB,A54-23_54_GML.zip,file_download																			star,
甲信越・北陸地方,シェープ形式,世界測地系,2023年（令和5年）,0.79MB,A54-23_54_SHP.zip,file_download																			star,
甲信越・北陸地方,GEOJSON形式,世界測地系,2023年（令和5年）,0.55MB,A54-23_54_GEOJSON.zip,file_download																			star,
新潟,GML形式,世界測地系,2023年（令和5年）,0.06MB,A54-23_15_GML.zip,file_download																			star,
新潟,シェープ形式,世界測地系,2023年（令和5年）,0.09MB,A54-23_15_SHP.zip,file_download																			star,
新潟,GEOJSON形式,世界測地系,2023年（令和5年）,0.06MB,A54-23_15_GEOJSON.zip,file_download																			star,
富山,GML形式,世界測地系,2023年（令和5年）,0.15MB,A54-23_16_GML.zip,file_download																			star,
富山,シェープ形式,世界測地系,2023年（令和5年）,0.26MB,A54-23_16_SHP.zip,file_download																			star,
富山,GEOJSON形式,世界測地系,2023年（令和5年）,0.18MB,A54-23_16_GEOJSON.zip,file_download																			star,
石川,GML形式,世界測地系,2023年（令和5年）,0.14MB,A54-23_17_GML.zip,file_download																			star,
石川,シェープ形式,世界測地系,2023年（令和5年）,0.22MB,A54-23_17_SHP.zip,file_download																			star,
石川,GEOJSON形式,世界測地系,2023年（令和5年）,0.15MB,A54-23_17_GEOJSON.zip,file_download																			star,
福井,GML形式,世界測地系,2023年（令和5年）,0.05MB,A54-23_18_GML.zip,file_download																			star,
福井,シェープ形式,世界測地系,2023年（令和5年）,0.07MB,A54-23_18_SHP.zip,file_download																			star,
福井,GEOJSON形式,世界測地系,2023年（令和5年）,0.05MB,A54-23_18_GEOJSON.zip,file_download																			star,
山梨,GML形式,世界測地系,2023年（令和5年）,0.01MB,A54-23_19_GML.zip,file_download																			star,
山梨,シェープ形式,世界測地系,2023年（令和5年）,0.02MB,A54-23_19_SHP.zip,file_download																			star,
山梨,GEOJSON形式,世界測地系,2023年（令和5年）,0.01MB,A54-23_19_GEOJSON.zip,file_download																			star,
長野,GML形式,世界測地系,2023年（令和5年）,0.09MB,A54-23_20_GML.zip,file_download																			star,
長野,シェープ形式,世界測地系,2023年（令和5年）,0.13MB,A54-23_20_SHP.zip,file_download																			star,
長野,GEOJSON形式,世界測地系,2023年（令和5年）,0.09MB,A54-23_20_GEOJSON.zip,file_download																			star,
東海地方,GML形式,世界測地系,2023年（令和5年）,5.04MB,A54-23_55_GML.zip,file_download																			star,
東海地方,シェープ形式,世界測地系,2023年（令和5年）,8.81MB,A54-23_55_SHP.zip,file_download																			star,
東海地方,GEOJSON形式,世界測地系,2023年（令和5年）,5.84MB,A54-23_55_GEOJSON.zip,file_download																			star,
岐阜,GML形式,世界測地系,2023年（令和5年）,0.49MB,A54-23_21_GML.zip,file_download																			star,
岐阜,シェープ形式,世界測地系,2023年（令和5年）,0.82MB,A54-23_21_SHP.zip,file_download																			star,
岐阜,GEOJSON形式,世界測地系,2023年（令和5年）,0.55MB,A54-23_21_GEOJSON.zip,file_download																			star,
静岡,GML形式,世界測地系,2023年（令和5年）,0.26MB,A54-23_22_GML.zip,file_download																			star,
静岡,シェープ形式,世界測地系,2023年（令和5年）,0.41MB,A54-23_22_SHP.zip,file_download																			star,
静岡,GEOJSON形式,世界測地系,2023年（令和5年）,0.27MB,A54-23_22_GEOJSON.zip,file_download																			star,
愛知,GML形式,世界測地系,2023年（令和5年）,3.87MB,A54-23_23_GML.zip,file_download																			star,
愛知,シェープ形式,世界測地系,2023年（令和5年）,6.87MB,A54-23_23_SHP.zip,file_download																			star,
愛知,GEOJSON形式,世界測地系,2023年（令和5年）,4.54MB,A54-23_23_GEOJSON.zip,file_download																			star,
三重,GML形式,世界測地系,2023年（令和5年）,0.42MB,A54-23_24_GML.zip,file_download																			star,
三重,シェープ形式,世界測地系,2023年（令和5年）,0.71MB,A54-23_24_SHP.zip,file_download																			star,
三重,GEOJSON形式,世界測地系,2023年（令和5年）,0.48MB,A54-23_24_GEOJSON.zip,file_download																			star,
近畿地方,GML形式,世界測地系,2023年（令和5年）,5.61MB,A54-23_56_GML.zip,file_download																			star,
近畿地方,シェープ形式,世界測地系,2023年（令和5年）,9.75MB,A54-23_56_SHP.zip,file_download																			star,
近畿地方,GEOJSON形式,世界測地系,2023年（令和5年）,6.45MB,A54-23_56_GEOJSON.zip,file_download																			star,
滋賀,GML形式,世界測地系,2023年（令和5年）,0.20MB,A54-23_25_GML.zip,file_download																			star,
滋賀,シェープ形式,世界測地系,2023年（令和5年）,0.33MB,A54-23_25_SHP.zip,file_download																			star,
滋賀,GEOJSON形式,世界測地系,2023年（令和5年）,0.23MB,A54-23_25_GEOJSON.zip,file_download																			star,
京都,GML形式,世界測地系,2023年（令和5年）,0.29MB,A54-23_26_GML.zip,file_download																			star,
京都,シェープ形式,世界測地系,2023年（令和5年）,0.46MB,A54-23_26_SHP.zip,file_download																			star,
京都,GEOJSON形式,世界測地系,2023年（令和5年）,0.30MB,A54-23_26_GEOJSON.zip,file_download																			star,
大阪,GML形式,世界測地系,2023年（令和5年）,2.03MB,A54-23_27_GML.zip,file_download																			star,
大阪,シェープ形式,世界測地系,2023年（令和5年）,3.51MB,A54-23_27_SHP.zip,file_download																			star,
大阪,GEOJSON形式,世界測地系,2023年（令和5年）,2.31MB,A54-23_27_GEOJSON.zip,file_download																			star,
兵庫,GML形式,世界測地系,2023年（令和5年）,1.79MB,A54-23_28_GML.zip,file_download																			star,
兵庫,シェープ形式,世界測地系,2023年（令和5年）,3.15MB,A54-23_28_SHP.zip,file_download																			star,
兵庫,GEOJSON形式,世界測地系,2023年（令和5年）,2.11MB,A54-23_28_GEOJSON.zip,file_download																			star,
奈良,GML形式,世界測地系,2023年（令和5年）,0.23MB,A54-23_29_GML.zip,file_download																			star,
奈良,シェープ形式,世界測地系,2023年（令和5年）,0.36MB,A54-23_29_SHP.zip,file_download																			star,
奈良,GEOJSON形式,世界測地系,2023年（令和5年）,0.25MB,A54-23_29_GEOJSON.zip,file_download																			star,
和歌山,GML形式,世界測地系,2023年（令和5年）,1.06MB,A54-23_30_GML.zip,file_download																			star,
和歌山,シェープ形式,世界測地系,2023年（令和5年）,1.93MB,A54-23_30_SHP.zip,file_download																			star,
和歌山,GEOJSON形式,世界測地系,2023年（令和5年）,1.26MB,A54-23_30_GEOJSON.zip,file_download																			star,
中国地方,GML形式,世界測地系,2023年（令和5年）,2.04MB,A54-23_57_GML.zip,file_download																			star,
中国地方,シェープ形式,世界測地系,2023年（令和5年）,3.42MB,A54-23_57_SHP.zip,file_download																			star,
中国地方,GEOJSON形式,世界測地系,2023年（令和5年）,2.30MB,A54-23_57_GEOJSON.zip,file_download																			star,
鳥取,GML形式,世界測地系,2023年（令和5年）,0.03MB,A54-23_31_GML.zip,file_download																			star,
鳥取,シェープ形式,世界測地系,2023年（令和5年）,0.04MB,A54-23_31_SHP.zip,file_download																			star,
鳥取,GEOJSON形式,世界測地系,2023年（令和5年）,0.03MB,A54-23_31_GEOJSON.zip,file_download																			star,
島根,GML形式,世界測地系,2023年（令和5年）,0.19MB,A54-23_32_GML.zip,file_download																			star,
島根,シェープ形式,世界測地系,2023年（令和5年）,0.30MB,A54-23_32_SHP.zip,file_download																			star,
島根,GEOJSON形式,世界測地系,2023年（令和5年）,0.20MB,A54-23_32_GEOJSON.zip,file_download																			star,
岡山,GML形式,世界測地系,2023年（令和5年）,0.24MB,A54-23_33_GML.zip,file_download																			star,
岡山,シェープ形式,世界測地系,2023年（令和5年）,0.38MB,A54-23_33_SHP.zip,file_download																			star,
岡山,GEOJSON形式,世界測地系,2023年（令和5年）,0.26MB,A54-23_33_GEOJSON.zip,file_download																			star,
広島,GML形式,世界測地系,2023年（令和5年）,1.18MB,A54-23_34_GML.zip,file_download																			star,
広島,シェープ形式,世界測地系,2023年（令和5年）,2.04MB,A54-23_34_SHP.zip,file_download																			star,
広島,GEOJSON形式,世界測地系,2023年（令和5年）,1.37MB,A54-23_34_GEOJSON.zip,file_download																			star,
山口,GML形式,世界測地系,2023年（令和5年）,0.4MB,A54-23_35_GML.zip,file_download																			star,
山口,シェープ形式,世界測地系,2023年（令和5年）,0.66MB,A54-23_35_SHP.zip,file_download																			star,
山口,GEOJSON形式,世界測地系,2023年（令和5年）,0.44MB,A54-23_35_GEOJSON.zip,file_download																			star,
四国地方,GML形式,世界測地系,2023年（令和5年）,2.59MB,A54-23_58_GML.zip,file_download																			star,
四国地方,シェープ形式,世界測地系,2023年（令和5年）,5.11MB,A54-23_58_SHP.zip,file_download																			star,
四国地方,GEOJSON形式,世界測地系,2023年（令和5年）,3.24MB,A54-23_58_GEOJSON.zip,file_download																			star,
徳島,GML形式,世界測地系,2023年（令和5年）,0.03MB,A54-23_36_GML.zip,file_download																			star,
徳島,シェープ形式,世界測地系,2023年（令和5年）,0.03MB,A54-23_36_SHP.zip,file_download																			star,
徳島,GEOJSON形式,世界測地系,2023年（令和5年）,0.03MB,A54-23_36_GEOJSON.zip,file_download																			star,
香川,GML形式,世界測地系,2023年（令和5年）,0.04MB,A54-23_37_GML.zip,file_download																			star,
香川,シェープ形式,世界測地系,2023年（令和5年）,0.06MB,A54-23_37_SHP.zip,file_download																			star,
香川,GEOJSON形式,世界測地系,2023年（令和5年）,0.05MB,A54-23_37_GEOJSON.zip,file_download																			star,
愛媛,GML形式,世界測地系,2023年（令和5年）,1.59MB,A54-23_38_GML.zip,file_download																			star,
愛媛,シェープ形式,世界測地系,2023年（令和5年）,3.16MB,A54-23_38_SHP.zip,file_download																			star,
愛媛,GEOJSON形式,世界測地系,2023年（令和5年）,2.00MB,A54-23_38_GEOJSON.zip,file_download																			star,
高知,GML形式,世界測地系,2023年（令和5年）,0.93MB,A54-23_39_GML.zip,file_download																			star,
高知,シェープ形式,世界測地系,2023年（令和5年）,1.85MB,A54-23_39_SHP.zip,file_download																			star,
高知,GEOJSON形式,世界測地系,2023年（令和5年）,1.17MB,A54-23_39_GEOJSON.zip,file_download																			star,
九州地方,GML形式,世界測地系,2023年（令和5年）,5.08MB,A54-23_59_GML.zip,file_download																			star,
九州地方,シェープ形式,世界測地系,2023年（令和5年）,8.72MB,A54-23_59_SHP.zip,file_download																			star,
九州地方,GEOJSON形式,世界測地系,2023年（令和5年）,5.74MB,A54-23_59_GEOJSON.zip,file_download																			star,
福岡,GML形式,世界測地系,2023年（令和5年）,1.68MB,A54-23_40_GML.zip,file_download																			star,
福岡,シェープ形式,世界測地系,2023年（令和5年）,2.83MB,A54-23_40_SHP.zip,file_download																			star,
福岡,GEOJSON形式,世界測地系,2023年（令和5年）,1.85MB,A54-23_40_GEOJSON.zip,file_download																			star,
佐賀,GML形式,世界測地系,2023年（令和5年）,0.19MB,A54-23_41_GML.zip,file_download																			star,
佐賀,シェープ形式,世界測地系,2023年（令和5年）,0.31MB,A54-23_41_SHP.zip,file_download																			star,
佐賀,GEOJSON形式,世界測地系,2023年（令和5年）,0.21MB,A54-23_41_GEOJSON.zip,file_download																			star,
長崎,GML形式,世界測地系,2023年（令和5年）,0.41MB,A54-23_42_GML.zip,file_download																			star,
長崎,シェープ形式,世界測地系,2023年（令和5年）,0.71MB,A54-23_42_SHP.zip,file_download																			star,
長崎,GEOJSON形式,世界測地系,2023年（令和5年）,0.47MB,A54-23_42_GEOJSON.zip,file_download																			star,
熊本,GML形式,世界測地系,2023年（令和5年）,0.15MB,A54-23_43_GML.zip,file_download																			star,
熊本,シェープ形式,世界測地系,2023年（令和5年）,0.23MB,A54-23_43_SHP.zip,file_download																			star,
熊本,GEOJSON形式,世界測地系,2023年（令和5年）,0.16MB,A54-23_43_GEOJSON.zip,file_download																			star,
大分,GML形式,世界測地系,2023年（令和5年）,1.66MB,A54-23_44_GML.zip,file_download																			star,
大分,シェープ形式,世界測地系,2023年（令和5年）,2.98MB,A54-23_44_SHP.zip,file_download																			star,
大分,GEOJSON形式,世界測地系,2023年（令和5年）,1.99MB,A54-23_44_GEOJSON.zip,file_download																			star,
宮崎,GML形式,世界測地系,2023年（令和5年）,0.44MB,A54-23_45_GML.zip,file_download																			star,
宮崎,シェープ形式,世界測地系,2023年（令和5年）,0.77MB,A54-23_45_SHP.zip,file_download																			star,
宮崎,GEOJSON形式,世界測地系,2023年（令和5年）,0.50MB,A54-23_45_GEOJSON.zip,file_download																			star,
鹿児島,GML形式,世界測地系,2023年（令和5年）,0.54MB,A54-23_46_GML.zip,file_download																			star,
鹿児島,シェープ形式,世界測地系,2023年（令和5年）,0.89MB,A54-23_46_SHP.zip,file_download																			star,
鹿児島,GEOJSON形式,世界測地系,2023年（令和5年）,0.58MB,A54-23_46_GEOJSON.zip,file_download																			star,
沖縄,GML形式,世界測地系,2023年（令和5年）,0.31MB,A54-23_47_GML.zip,file_download																			star,
沖縄,シェープ形式,世界測地系,2023年（令和5年）,0.55MB,A54-23_47_SHP.zip,file_download																			star,
沖縄,GEOJSON形式,世界測地系,2023年（令和5年）,0.36MB,A54-23_47_GEOJSON.zip,file_download																			star,