[{"filename": "C23-06_01_GML.zip", "url": "https://nlftp.mlit.go.jp/ksj/gml/data/C23/C23-06/C23-06_01_GML.zip"}, {"filename": "C23-06_02_GML.zip", "url": "https://nlftp.mlit.go.jp/ksj/gml/data/C23/C23-06/C23-06_02_GML.zip"}, {"filename": "C23-06_03_GML.zip", "url": "https://nlftp.mlit.go.jp/ksj/gml/data/C23/C23-06/C23-06_03_GML.zip"}, {"filename": "C23-06_04_GML.zip", "url": "https://nlftp.mlit.go.jp/ksj/gml/data/C23/C23-06/C23-06_04_GML.zip"}, {"filename": "C23-06_05_GML.zip", "url": "https://nlftp.mlit.go.jp/ksj/gml/data/C23/C23-06/C23-06_05_GML.zip"}, {"filename": "C23-06_06_GML.zip", "url": "https://nlftp.mlit.go.jp/ksj/gml/data/C23/C23-06/C23-06_06_GML.zip"}, {"filename": "C23-06_07_GML.zip", "url": "https://nlftp.mlit.go.jp/ksj/gml/data/C23/C23-06/C23-06_07_GML.zip"}, {"filename": "C23-06_08_GML.zip", "url": "https://nlftp.mlit.go.jp/ksj/gml/data/C23/C23-06/C23-06_08_GML.zip"}, {"filename": "C23-06_12_GML.zip", "url": "https://nlftp.mlit.go.jp/ksj/gml/data/C23/C23-06/C23-06_12_GML.zip"}, {"filename": "C23-06_13_GML.zip", "url": "https://nlftp.mlit.go.jp/ksj/gml/data/C23/C23-06/C23-06_13_GML.zip"}, {"filename": "C23-06_14_GML.zip", "url": "https://nlftp.mlit.go.jp/ksj/gml/data/C23/C23-06/C23-06_14_GML.zip"}, {"filename": "C23-06_15_GML.zip", "url": "https://nlftp.mlit.go.jp/ksj/gml/data/C23/C23-06/C23-06_15_GML.zip"}, {"filename": "C23-06_16_GML.zip", "url": "https://nlftp.mlit.go.jp/ksj/gml/data/C23/C23-06/C23-06_16_GML.zip"}, {"filename": "C23-06_17_GML.zip", "url": "https://nlftp.mlit.go.jp/ksj/gml/data/C23/C23-06/C23-06_17_GML.zip"}, {"filename": "C23-06_18_GML.zip", "url": "https://nlftp.mlit.go.jp/ksj/gml/data/C23/C23-06/C23-06_18_GML.zip"}, {"filename": "C23-06_22_GML.zip", "url": "https://nlftp.mlit.go.jp/ksj/gml/data/C23/C23-06/C23-06_22_GML.zip"}, {"filename": "C23-06_23_GML.zip", "url": "https://nlftp.mlit.go.jp/ksj/gml/data/C23/C23-06/C23-06_23_GML.zip"}, {"filename": "C23-06_24_GML.zip", "url": "https://nlftp.mlit.go.jp/ksj/gml/data/C23/C23-06/C23-06_24_GML.zip"}, {"filename": "C23-06_26_GML.zip", "url": "https://nlftp.mlit.go.jp/ksj/gml/data/C23/C23-06/C23-06_26_GML.zip"}, {"filename": "C23-06_27_GML.zip", "url": "https://nlftp.mlit.go.jp/ksj/gml/data/C23/C23-06/C23-06_27_GML.zip"}, {"filename": "C23-06_28_GML.zip", "url": "https://nlftp.mlit.go.jp/ksj/gml/data/C23/C23-06/C23-06_28_GML.zip"}, {"filename": "C23-06_30_GML.zip", "url": "https://nlftp.mlit.go.jp/ksj/gml/data/C23/C23-06/C23-06_30_GML.zip"}, {"filename": "C23-06_31_GML.zip", "url": "https://nlftp.mlit.go.jp/ksj/gml/data/C23/C23-06/C23-06_31_GML.zip"}, {"filename": "C23-06_32_GML.zip", "url": "https://nlftp.mlit.go.jp/ksj/gml/data/C23/C23-06/C23-06_32_GML.zip"}, {"filename": "C23-06_33_GML.zip", "url": "https://nlftp.mlit.go.jp/ksj/gml/data/C23/C23-06/C23-06_33_GML.zip"}, {"filename": "C23-06_34_GML.zip", "url": "https://nlftp.mlit.go.jp/ksj/gml/data/C23/C23-06/C23-06_34_GML.zip"}, {"filename": "C23-06_35_GML.zip", "url": "https://nlftp.mlit.go.jp/ksj/gml/data/C23/C23-06/C23-06_35_GML.zip"}, {"filename": "C23-06_36_GML.zip", "url": "https://nlftp.mlit.go.jp/ksj/gml/data/C23/C23-06/C23-06_36_GML.zip"}, {"filename": "C23-06_37_GML.zip", "url": "https://nlftp.mlit.go.jp/ksj/gml/data/C23/C23-06/C23-06_37_GML.zip"}, {"filename": "C23-06_38_GML.zip", "url": "https://nlftp.mlit.go.jp/ksj/gml/data/C23/C23-06/C23-06_38_GML.zip"}, {"filename": "C23-06_39_GML.zip", "url": "https://nlftp.mlit.go.jp/ksj/gml/data/C23/C23-06/C23-06_39_GML.zip"}, {"filename": "C23-06_40_GML.zip", "url": "https://nlftp.mlit.go.jp/ksj/gml/data/C23/C23-06/C23-06_40_GML.zip"}, {"filename": "C23-06_41_GML.zip", "url": "https://nlftp.mlit.go.jp/ksj/gml/data/C23/C23-06/C23-06_41_GML.zip"}, {"filename": "C23-06_42_GML.zip", "url": "https://nlftp.mlit.go.jp/ksj/gml/data/C23/C23-06/C23-06_42_GML.zip"}, {"filename": "C23-06_43_GML.zip", "url": "https://nlftp.mlit.go.jp/ksj/gml/data/C23/C23-06/C23-06_43_GML.zip"}, {"filename": "C23-06_44_GML.zip", "url": "https://nlftp.mlit.go.jp/ksj/gml/data/C23/C23-06/C23-06_44_GML.zip"}, {"filename": "C23-06_45_GML.zip", "url": "https://nlftp.mlit.go.jp/ksj/gml/data/C23/C23-06/C23-06_45_GML.zip"}, {"filename": "C23-06_46_GML.zip", "url": "https://nlftp.mlit.go.jp/ksj/gml/data/C23/C23-06/C23-06_46_GML.zip"}, {"filename": "C23-06_47_GML.zip", "url": "https://nlftp.mlit.go.jp/ksj/gml/data/C23/C23-06/C23-06_47_GML.zip"}]