北海道,世界測地系,2006年（平成18年）,5.55MB,C23-06_01_GML.zip
青森,世界測地系,2006年（平成18年）,1.35MB,C23-06_02_GML.zip
岩手,世界測地系,2006年（平成18年）,2.15MB,C23-06_03_GML.zip
宮城,世界測地系,2006年（平成18年）,2.01MB,C23-06_04_GML.zip
秋田,世界測地系,2006年（平成18年）,0.56MB,C23-06_05_GML.zip
山形,世界測地系,2006年（平成18年）,0.22MB,C23-06_06_GML.zip
福島,世界測地系,2006年（平成18年）,0.20MB,C23-06_07_GML.zip
茨城,世界測地系,2006年（平成18年）,0.14MB,C23-06_08_GML.zip
千葉,世界測地系,2006年（平成18年）,0.67MB,C23-06_12_GML.zip
東京,世界測地系,2006年（平成18年）,2.82MB,C23-06_13_GML.zip
神奈川,世界測地系,2006年（平成18年）,0.55MB,C23-06_14_GML.zip
新潟,世界測地系,2006年（平成18年）,1.40MB,C23-06_15_GML.zip
富山,世界測地系,2006年（平成18年）,0.09MB,C23-06_16_GML.zip
石川,世界測地系,2006年（平成18年）,1.01MB,C23-06_17_GML.zip
福井,世界測地系,2006年（平成18年）,1.28MB,C23-06_18_GML.zip
静岡,世界測地系,2006年（平成18年）,0.85MB,C23-06_22_GML.zip
愛知,世界測地系,2006年（平成18年）,0.42MB,C23-06_23_GML.zip
三重,世界測地系,2006年（平成18年）,2.53MB,C23-06_24_GML.zip
京都,世界測地系,2006年（平成18年）,0.87MB,C23-06_26_GML.zip
大阪,世界測地系,2006年（平成18年）,0.06MB,C23-06_27_GML.zip
兵庫,世界測地系,2006年（平成18年）,1.13MB,C23-06_28_GML.zip
和歌山,世界測地系,2006年（平成18年）,1.82MB,C23-06_30_GML.zip
鳥取,世界測地系,2006年（平成18年）,0.23MB,C23-06_31_GML.zip
島根,世界測地系,2006年（平成18年）,2.23MB,C23-06_32_GML.zip
岡山,世界測地系,2006年（平成18年）,0.74MB,C23-06_33_GML.zip
広島,世界測地系,2006年（平成18年）,1.44MB,C23-06_34_GML.zip
山口,世界測地系,2006年（平成18年）,2.82MB,C23-06_35_GML.zip
徳島,世界測地系,2006年（平成18年）,0.92MB,C23-06_36_GML.zip
香川,世界測地系,2006年（平成18年）,0.92MB,C23-06_37_GML.zip
愛媛,世界測地系,2006年（平成18年）,2.66MB,C23-06_38_GML.zip
高知,世界測地系,2006年（平成18年）,2.24MB,C23-06_39_GML.zip
福岡,世界測地系,2006年（平成18年）,0.86MB,C23-06_40_GML.zip
佐賀,世界測地系,2006年（平成18年）,0.54MB,C23-06_41_GML.zip
長崎,世界測地系,2006年（平成18年）,9.97MB,C23-06_42_GML.zip
熊本,世界測地系,2006年（平成18年）,2.14MB,C23-06_43_GML.zip
大分,世界測地系,2006年（平成18年）,1.56MB,C23-06_44_GML.zip
宮崎,世界測地系,2006年（平成18年）,1.32MB,C23-06_45_GML.zip
鹿児島,世界測地系,2006年（平成18年）,7.91MB,C23-06_46_GML.zip
沖縄,世界測地系,2006年（平成18年）,3.41MB,C23-06_47_GML.zip