全国,世界測地系,2021年（令和3年）,0.74MB,C28-21_GML.zip
全国,世界測地系,2020年（令和2年）,0.36MB,C28-20_GML.zip
全国,世界測地系,2019年（令和元年）,0.38MB,C28-19_GML.zip
全国,世界測地系,2018年（平成30年）,0.33MB,C28-18_GML.zip
全国,世界測地系,2017年（平成29年）,0.36MB,C28-17_GML.zip
全国,世界測地系,2016年（平成28年）,0.32MB,C28-16_GML.zip
全国,世界測地系,2015年（平成27年）,0.22MB,C28-15_GML.zip
全国,世界測地系,2014年（平成26年）,0.23MB,C28-14_GML.zip
全国,世界測地系,2013年（平成25年）,0.21MB,C28-13.zip
全国,世界測地系,2012年（平成24年）,0.20MB,C28-12_GML.zip
全国,世界測地系,2011年（平成23年）,0.18MB,C28-11_GML.zip
全国,世界測地系,2007年（平成19年）,0.18MB,C28-07_GML.zip
全国,世界測地系,2004年（平成16年）,0.17MB,C28-04_GML.zip