[{"filename": "C28-21_GML.zip", "url": "https://nlftp.mlit.go.jp/ksj/gml/data/C28/C28-21/C28-21_GML.zip"}, {"filename": "C28-20_GML.zip", "url": "https://nlftp.mlit.go.jp/ksj/gml/data/C28/C28-20/C28-20_GML.zip"}, {"filename": "C28-19_GML.zip", "url": "https://nlftp.mlit.go.jp/ksj/gml/data/C28/C28-19/C28-19_GML.zip"}, {"filename": "C28-18_GML.zip", "url": "https://nlftp.mlit.go.jp/ksj/gml/data/C28/C28-18/C28-18_GML.zip"}, {"filename": "C28-17_GML.zip", "url": "https://nlftp.mlit.go.jp/ksj/gml/data/C28/C28-17/C28-17_GML.zip"}, {"filename": "C28-16_GML.zip", "url": "https://nlftp.mlit.go.jp/ksj/gml/data/C28/C28-16/C28-16_GML.zip"}, {"filename": "C28-15_GML.zip", "url": "https://nlftp.mlit.go.jp/ksj/gml/data/C28/C28-15/C28-15_GML.zip"}, {"filename": "C28-14_GML.zip", "url": "https://nlftp.mlit.go.jp/ksj/gml/data/C28/C28-14/C28-14_GML.zip"}, {"filename": "C28-13.zip", "url": "https://nlftp.mlit.go.jp/ksj/gml/data/C28/C28-13/C28-13.zip"}, {"filename": "C28-12_GML.zip", "url": "https://nlftp.mlit.go.jp/ksj/gml/data/C28/C28-12/C28-12_GML.zip"}, {"filename": "C28-11_GML.zip", "url": "https://nlftp.mlit.go.jp/ksj/gml/data/C28/C28-11/C28-11_GML.zip"}, {"filename": "C28-07_GML.zip", "url": "https://nlftp.mlit.go.jp/ksj/gml/data/C28/C28-07/C28-07_GML.zip"}, {"filename": "C28-04_GML.zip", "url": "https://nlftp.mlit.go.jp/ksj/gml/data/C28/C28-04/C28-04_GML.zip"}]