[{"filename": "G02-12_3622-jgd_GML.zip", "url": "https://nlftp.mlit.go.jp/ksj/gml/data/G02/G02-12/G02-12_3622-jgd_GML.zip"}, {"filename": "G02-22_3622-jgd_GML.zip", "url": "https://nlftp.mlit.go.jp/ksj/gml/data/G02/G02-22/G02-22_3622-jgd_GML.zip"}, {"filename": "G02-12_3623-jgd_GML.zip", "url": "https://nlftp.mlit.go.jp/ksj/gml/data/G02/G02-12/G02-12_3623-jgd_GML.zip"}, {"filename": "G02-22_3623-jgd_GML.zip", "url": "https://nlftp.mlit.go.jp/ksj/gml/data/G02/G02-22/G02-22_3623-jgd_GML.zip"}, {"filename": "G02-12_3624-jgd_GML.zip", "url": "https://nlftp.mlit.go.jp/ksj/gml/data/G02/G02-12/G02-12_3624-jgd_GML.zip"}, {"filename": "G02-22_3624-jgd_GML.zip", "url": "https://nlftp.mlit.go.jp/ksj/gml/data/G02/G02-22/G02-22_3624-jgd_GML.zip"}, {"filename": "G02-22_3631-jgd_GML.zip", "url": "https://nlftp.mlit.go.jp/ksj/gml/data/G02/G02-22/G02-22_3631-jgd_GML.zip"}, {"filename": "G02-22_3641-jgd_GML.zip", "url": "https://nlftp.mlit.go.jp/ksj/gml/data/G02/G02-22/G02-22_3641-jgd_GML.zip"}, {"filename": "G02-22_3653-jgd_GML.zip", "url": "https://nlftp.mlit.go.jp/ksj/gml/data/G02/G02-22/G02-22_3653-jgd_GML.zip"}, {"filename": "G02-12_3724-jgd_GML.zip", "url": "https://nlftp.mlit.go.jp/ksj/gml/data/G02/G02-12/G02-12_3724-jgd_GML.zip"}, {"filename": "G02-22_3724-jgd_GML.zip", "url": "https://nlftp.mlit.go.jp/ksj/gml/data/G02/G02-22/G02-22_3724-jgd_GML.zip"}, {"filename": "G02-12_3725-jgd_GML.zip", "url": "https://nlftp.mlit.go.jp/ksj/gml/data/G02/G02-12/G02-12_3725-jgd_GML.zip"}, {"filename": "G02-22_3725-jgd_GML.zip", "url": "https://nlftp.mlit.go.jp/ksj/gml/data/G02/G02-22/G02-22_3725-jgd_GML.zip"}, {"filename": "G02-22_3741-jgd_GML.zip", "url": "https://nlftp.mlit.go.jp/ksj/gml/data/G02/G02-22/G02-22_3741-jgd_GML.zip"}, {"filename": "G02-12_3823-jgd_GML.zip", "url": "https://nlftp.mlit.go.jp/ksj/gml/data/G02/G02-12/G02-12_3823-jgd_GML.zip"}, {"filename": "G02-22_3823-jgd_GML.zip", "url": "https://nlftp.mlit.go.jp/ksj/gml/data/G02/G02-22/G02-22_3823-jgd_GML.zip"}, {"filename": "G02-12_3824-jgd_GML.zip", "url": "https://nlftp.mlit.go.jp/ksj/gml/data/G02/G02-12/G02-12_3824-jgd_GML.zip"}, {"filename": "G02-22_3824-jgd_GML.zip", "url": "https://nlftp.mlit.go.jp/ksj/gml/data/G02/G02-22/G02-22_3824-jgd_GML.zip"}, {"filename": "G02-12_3831-jgd_GML.zip", "url": "https://nlftp.mlit.go.jp/ksj/gml/data/G02/G02-12/G02-12_3831-jgd_GML.zip"}, {"filename": "G02-22_3831-jgd_GML.zip", "url": "https://nlftp.mlit.go.jp/ksj/gml/data/G02/G02-22/G02-22_3831-jgd_GML.zip"}, {"filename": "G02-22_3841-jgd_GML.zip", "url": "https://nlftp.mlit.go.jp/ksj/gml/data/G02/G02-22/G02-22_3841-jgd_GML.zip"}, {"filename": "G02-12_3926-jgd_GML.zip", "url": "https://nlftp.mlit.go.jp/ksj/gml/data/G02/G02-12/G02-12_3926-jgd_GML.zip"}, {"filename": "G02-22_3926-jgd_GML.zip", "url": "https://nlftp.mlit.go.jp/ksj/gml/data/G02/G02-22/G02-22_3926-jgd_GML.zip"}, {"filename": "G02-12_3927-jgd_GML.zip", "url": "https://nlftp.mlit.go.jp/ksj/gml/data/G02/G02-12/G02-12_3927-jgd_GML.zip"}, {"filename": "G02-22_3927-jgd_GML.zip", "url": "https://nlftp.mlit.go.jp/ksj/gml/data/G02/G02-22/G02-22_3927-jgd_GML.zip"}, {"filename": "G02-12_3928-jgd_GML.zip", "url": "https://nlftp.mlit.go.jp/ksj/gml/data/G02/G02-12/G02-12_3928-jgd_GML.zip"}, {"filename": "G02-22_3928-jgd_GML.zip", "url": "https://nlftp.mlit.go.jp/ksj/gml/data/G02/G02-22/G02-22_3928-jgd_GML.zip"}, {"filename": "G02-22_3942-jgd_GML.zip", "url": "https://nlftp.mlit.go.jp/ksj/gml/data/G02/G02-22/G02-22_3942-jgd_GML.zip"}, {"filename": "G02-12_4027-jgd_GML.zip", "url": "https://nlftp.mlit.go.jp/ksj/gml/data/G02/G02-12/G02-12_4027-jgd_GML.zip"}, {"filename": "G02-22_4027-jgd_GML.zip", "url": "https://nlftp.mlit.go.jp/ksj/gml/data/G02/G02-22/G02-22_4027-jgd_GML.zip"}, {"filename": "G02-12_4028-jgd_GML.zip", "url": "https://nlftp.mlit.go.jp/ksj/gml/data/G02/G02-12/G02-12_4028-jgd_GML.zip"}, {"filename": "G02-22_4028-jgd_GML.zip", "url": "https://nlftp.mlit.go.jp/ksj/gml/data/G02/G02-22/G02-22_4028-jgd_GML.zip"}, {"filename": "G02-22_4040-jgd_GML.zip", "url": "https://nlftp.mlit.go.jp/ksj/gml/data/G02/G02-22/G02-22_4040-jgd_GML.zip"}, {"filename": "G02-22_4042-jgd_GML.zip", "url": "https://nlftp.mlit.go.jp/ksj/gml/data/G02/G02-22/G02-22_4042-jgd_GML.zip"}, {"filename": "G02-12_4128-jgd_GML.zip", "url": "https://nlftp.mlit.go.jp/ksj/gml/data/G02/G02-12/G02-12_4128-jgd_GML.zip"}, {"filename": "G02-22_4128-jgd_GML.zip", "url": "https://nlftp.mlit.go.jp/ksj/gml/data/G02/G02-22/G02-22_4128-jgd_GML.zip"}, {"filename": "G02-12_4129-jgd_GML.zip", "url": "https://nlftp.mlit.go.jp/ksj/gml/data/G02/G02-12/G02-12_4129-jgd_GML.zip"}, {"filename": "G02-22_4129-jgd_GML.zip", "url": "https://nlftp.mlit.go.jp/ksj/gml/data/G02/G02-22/G02-22_4129-jgd_GML.zip"}, {"filename": "G02-22_4142-jgd_GML.zip", "url": "https://nlftp.mlit.go.jp/ksj/gml/data/G02/G02-22/G02-22_4142-jgd_GML.zip"}, {"filename": "G02-12_4229-jgd_GML.zip", "url": "https://nlftp.mlit.go.jp/ksj/gml/data/G02/G02-12/G02-12_4229-jgd_GML.zip"}, {"filename": "G02-22_4229-jgd_GML.zip", "url": "https://nlftp.mlit.go.jp/ksj/gml/data/G02/G02-22/G02-22_4229-jgd_GML.zip"}, {"filename": "G02-12_4230-jgd_GML.zip", "url": "https://nlftp.mlit.go.jp/ksj/gml/data/G02/G02-12/G02-12_4230-jgd_GML.zip"}, {"filename": "G02-22_4230-jgd_GML.zip", "url": "https://nlftp.mlit.go.jp/ksj/gml/data/G02/G02-22/G02-22_4230-jgd_GML.zip"}, {"filename": "G02-12_4328-jgd_GML.zip", "url": "https://nlftp.mlit.go.jp/ksj/gml/data/G02/G02-12/G02-12_4328-jgd_GML.zip"}, {"filename": "G02-22_4328-jgd_GML.zip", "url": "https://nlftp.mlit.go.jp/ksj/gml/data/G02/G02-22/G02-22_4328-jgd_GML.zip"}, {"filename": "G02-12_4329-jgd_GML.zip", "url": "https://nlftp.mlit.go.jp/ksj/gml/data/G02/G02-12/G02-12_4329-jgd_GML.zip"}, {"filename": "G02-22_4329-jgd_GML.zip", "url": "https://nlftp.mlit.go.jp/ksj/gml/data/G02/G02-22/G02-22_4329-jgd_GML.zip"}, {"filename": "G02-12_4429-jgd_GML.zip", "url": "https://nlftp.mlit.go.jp/ksj/gml/data/G02/G02-12/G02-12_4429-jgd_GML.zip"}, {"filename": "G02-22_4429-jgd_GML.zip", "url": "https://nlftp.mlit.go.jp/ksj/gml/data/G02/G02-22/G02-22_4429-jgd_GML.zip"}, {"filename": "G02-12_4529-jgd_GML.zip", "url": "https://nlftp.mlit.go.jp/ksj/gml/data/G02/G02-12/G02-12_4529-jgd_GML.zip"}, {"filename": "G02-22_4529-jgd_GML.zip", "url": "https://nlftp.mlit.go.jp/ksj/gml/data/G02/G02-22/G02-22_4529-jgd_GML.zip"}, {"filename": "G02-12_4530-jgd_GML.zip", "url": "https://nlftp.mlit.go.jp/ksj/gml/data/G02/G02-12/G02-12_4530-jgd_GML.zip"}, {"filename": "G02-22_4530-jgd_GML.zip", "url": "https://nlftp.mlit.go.jp/ksj/gml/data/G02/G02-22/G02-22_4530-jgd_GML.zip"}, {"filename": "G02-12_4531-jgd_GML.zip", "url": "https://nlftp.mlit.go.jp/ksj/gml/data/G02/G02-12/G02-12_4531-jgd_GML.zip"}, {"filename": "G02-22_4531-jgd_GML.zip", "url": "https://nlftp.mlit.go.jp/ksj/gml/data/G02/G02-22/G02-22_4531-jgd_GML.zip"}, {"filename": "G02-22_4540-jgd_GML.zip", "url": "https://nlftp.mlit.go.jp/ksj/gml/data/G02/G02-22/G02-22_4540-jgd_GML.zip"}, {"filename": "G02-12_4629-jgd_GML.zip", "url": "https://nlftp.mlit.go.jp/ksj/gml/data/G02/G02-12/G02-12_4629-jgd_GML.zip"}, {"filename": "G02-22_4629-jgd_GML.zip", "url": "https://nlftp.mlit.go.jp/ksj/gml/data/G02/G02-22/G02-22_4629-jgd_GML.zip"}, {"filename": "G02-12_4630-jgd_GML.zip", "url": "https://nlftp.mlit.go.jp/ksj/gml/data/G02/G02-12/G02-12_4630-jgd_GML.zip"}, {"filename": "G02-22_4630-jgd_GML.zip", "url": "https://nlftp.mlit.go.jp/ksj/gml/data/G02/G02-22/G02-22_4630-jgd_GML.zip"}, {"filename": "G02-12_4631-jgd_GML.zip", "url": "https://nlftp.mlit.go.jp/ksj/gml/data/G02/G02-12/G02-12_4631-jgd_GML.zip"}, {"filename": "G02-22_4631-jgd_GML.zip", "url": "https://nlftp.mlit.go.jp/ksj/gml/data/G02/G02-22/G02-22_4631-jgd_GML.zip"}, {"filename": "G02-12_4728-jgd_GML.zip", "url": "https://nlftp.mlit.go.jp/ksj/gml/data/G02/G02-12/G02-12_4728-jgd_GML.zip"}, {"filename": "G02-22_4728-jgd_GML.zip", "url": "https://nlftp.mlit.go.jp/ksj/gml/data/G02/G02-22/G02-22_4728-jgd_GML.zip"}, {"filename": "G02-12_4729-jgd_GML.zip", "url": "https://nlftp.mlit.go.jp/ksj/gml/data/G02/G02-12/G02-12_4729-jgd_GML.zip"}, {"filename": "G02-22_4729-jgd_GML.zip", "url": "https://nlftp.mlit.go.jp/ksj/gml/data/G02/G02-22/G02-22_4729-jgd_GML.zip"}, {"filename": "G02-12_4730-jgd_GML.zip", "url": "https://nlftp.mlit.go.jp/ksj/gml/data/G02/G02-12/G02-12_4730-jgd_GML.zip"}, {"filename": "G02-22_4730-jgd_GML.zip", "url": "https://nlftp.mlit.go.jp/ksj/gml/data/G02/G02-22/G02-22_4730-jgd_GML.zip"}, {"filename": "G02-12_4731-jgd_GML.zip", "url": "https://nlftp.mlit.go.jp/ksj/gml/data/G02/G02-12/G02-12_4731-jgd_GML.zip"}, {"filename": "G02-22_4731-jgd_GML.zip", "url": "https://nlftp.mlit.go.jp/ksj/gml/data/G02/G02-22/G02-22_4731-jgd_GML.zip"}, {"filename": "G02-22_4740-jgd_GML.zip", "url": "https://nlftp.mlit.go.jp/ksj/gml/data/G02/G02-22/G02-22_4740-jgd_GML.zip"}, {"filename": "G02-12_4828-jgd_GML.zip", "url": "https://nlftp.mlit.go.jp/ksj/gml/data/G02/G02-12/G02-12_4828-jgd_GML.zip"}, {"filename": "G02-22_4828-jgd_GML.zip", "url": "https://nlftp.mlit.go.jp/ksj/gml/data/G02/G02-22/G02-22_4828-jgd_GML.zip"}, {"filename": "G02-12_4829-jgd_GML.zip", "url": "https://nlftp.mlit.go.jp/ksj/gml/data/G02/G02-12/G02-12_4829-jgd_GML.zip"}, {"filename": "G02-22_4829-jgd_GML.zip", "url": "https://nlftp.mlit.go.jp/ksj/gml/data/G02/G02-22/G02-22_4829-jgd_GML.zip"}, {"filename": "G02-12_4830-jgd_GML.zip", "url": "https://nlftp.mlit.go.jp/ksj/gml/data/G02/G02-12/G02-12_4830-jgd_GML.zip"}, {"filename": "G02-22_4830-jgd_GML.zip", "url": "https://nlftp.mlit.go.jp/ksj/gml/data/G02/G02-22/G02-22_4830-jgd_GML.zip"}, {"filename": "G02-12_4831-jgd_GML.zip", "url": "https://nlftp.mlit.go.jp/ksj/gml/data/G02/G02-12/G02-12_4831-jgd_GML.zip"}, {"filename": "G02-22_4831-jgd_GML.zip", "url": "https://nlftp.mlit.go.jp/ksj/gml/data/G02/G02-22/G02-22_4831-jgd_GML.zip"}, {"filename": "G02-12_4839-jgd_GML.zip", "url": "https://nlftp.mlit.go.jp/ksj/gml/data/G02/G02-12/G02-12_4839-jgd_GML.zip"}, {"filename": "G02-22_4839-jgd_GML.zip", "url": "https://nlftp.mlit.go.jp/ksj/gml/data/G02/G02-22/G02-22_4839-jgd_GML.zip"}, {"filename": "G02-12_4928-jgd_GML.zip", "url": "https://nlftp.mlit.go.jp/ksj/gml/data/G02/G02-12/G02-12_4928-jgd_GML.zip"}, {"filename": "G02-22_4928-jgd_GML.zip", "url": "https://nlftp.mlit.go.jp/ksj/gml/data/G02/G02-22/G02-22_4928-jgd_GML.zip"}, {"filename": "G02-12_4929-jgd_GML.zip", "url": "https://nlftp.mlit.go.jp/ksj/gml/data/G02/G02-12/G02-12_4929-jgd_GML.zip"}, {"filename": "G02-22_4929-jgd_GML.zip", "url": "https://nlftp.mlit.go.jp/ksj/gml/data/G02/G02-22/G02-22_4929-jgd_GML.zip"}, {"filename": "G02-12_4930-jgd_GML.zip", "url": "https://nlftp.mlit.go.jp/ksj/gml/data/G02/G02-12/G02-12_4930-jgd_GML.zip"}, {"filename": "G02-22_4930-jgd_GML.zip", "url": "https://nlftp.mlit.go.jp/ksj/gml/data/G02/G02-22/G02-22_4930-jgd_GML.zip"}, {"filename": "G02-12_4931-jgd_GML.zip", "url": "https://nlftp.mlit.go.jp/ksj/gml/data/G02/G02-12/G02-12_4931-jgd_GML.zip"}, {"filename": "G02-22_4931-jgd_GML.zip", "url": "https://nlftp.mlit.go.jp/ksj/gml/data/G02/G02-22/G02-22_4931-jgd_GML.zip"}, {"filename": "G02-12_4932-jgd_GML.zip", "url": "https://nlftp.mlit.go.jp/ksj/gml/data/G02/G02-12/G02-12_4932-jgd_GML.zip"}, {"filename": "G02-22_4932-jgd_GML.zip", "url": "https://nlftp.mlit.go.jp/ksj/gml/data/G02/G02-22/G02-22_4932-jgd_GML.zip"}, {"filename": "G02-12_4933-jgd_GML.zip", "url": "https://nlftp.mlit.go.jp/ksj/gml/data/G02/G02-12/G02-12_4933-jgd_GML.zip"}, {"filename": "G02-22_4933-jgd_GML.zip", "url": "https://nlftp.mlit.go.jp/ksj/gml/data/G02/G02-22/G02-22_4933-jgd_GML.zip"}, {"filename": "G02-12_4934-jgd_GML.zip", "url": "https://nlftp.mlit.go.jp/ksj/gml/data/G02/G02-12/G02-12_4934-jgd_GML.zip"}, {"filename": "G02-22_4934-jgd_GML.zip", "url": "https://nlftp.mlit.go.jp/ksj/gml/data/G02/G02-22/G02-22_4934-jgd_GML.zip"}, {"filename": "G02-12_4939-jgd_GML.zip", "url": "https://nlftp.mlit.go.jp/ksj/gml/data/G02/G02-12/G02-12_4939-jgd_GML.zip"}, {"filename": "G02-22_4939-jgd_GML.zip", "url": "https://nlftp.mlit.go.jp/ksj/gml/data/G02/G02-22/G02-22_4939-jgd_GML.zip"}, {"filename": "G02-12_5029-jgd_GML.zip", "url": "https://nlftp.mlit.go.jp/ksj/gml/data/G02/G02-12/G02-12_5029-jgd_GML.zip"}, {"filename": "G02-22_5029-jgd_GML.zip", "url": "https://nlftp.mlit.go.jp/ksj/gml/data/G02/G02-22/G02-22_5029-jgd_GML.zip"}, {"filename": "G02-12_5030-jgd_GML.zip", "url": "https://nlftp.mlit.go.jp/ksj/gml/data/G02/G02-12/G02-12_5030-jgd_GML.zip"}, {"filename": "G02-22_5030-jgd_GML.zip", "url": "https://nlftp.mlit.go.jp/ksj/gml/data/G02/G02-22/G02-22_5030-jgd_GML.zip"}, {"filename": "G02-12_5031-jgd_GML.zip", "url": "https://nlftp.mlit.go.jp/ksj/gml/data/G02/G02-12/G02-12_5031-jgd_GML.zip"}, {"filename": "G02-22_5031-jgd_GML.zip", "url": "https://nlftp.mlit.go.jp/ksj/gml/data/G02/G02-22/G02-22_5031-jgd_GML.zip"}, {"filename": "G02-12_5032-jgd_GML.zip", "url": "https://nlftp.mlit.go.jp/ksj/gml/data/G02/G02-12/G02-12_5032-jgd_GML.zip"}, {"filename": "G02-22_5032-jgd_GML.zip", "url": "https://nlftp.mlit.go.jp/ksj/gml/data/G02/G02-22/G02-22_5032-jgd_GML.zip"}, {"filename": "G02-12_5033-jgd_GML.zip", "url": "https://nlftp.mlit.go.jp/ksj/gml/data/G02/G02-12/G02-12_5033-jgd_GML.zip"}, {"filename": "G02-22_5033-jgd_GML.zip", "url": "https://nlftp.mlit.go.jp/ksj/gml/data/G02/G02-22/G02-22_5033-jgd_GML.zip"}, {"filename": "G02-12_5034-jgd_GML.zip", "url": "https://nlftp.mlit.go.jp/ksj/gml/data/G02/G02-12/G02-12_5034-jgd_GML.zip"}, {"filename": "G02-22_5034-jgd_GML.zip", "url": "https://nlftp.mlit.go.jp/ksj/gml/data/G02/G02-22/G02-22_5034-jgd_GML.zip"}, {"filename": "G02-12_5035-jgd_GML.zip", "url": "https://nlftp.mlit.go.jp/ksj/gml/data/G02/G02-12/G02-12_5035-jgd_GML.zip"}, {"filename": "G02-22_5035-jgd_GML.zip", "url": "https://nlftp.mlit.go.jp/ksj/gml/data/G02/G02-22/G02-22_5035-jgd_GML.zip"}, {"filename": "G02-12_5036-jgd_GML.zip", "url": "https://nlftp.mlit.go.jp/ksj/gml/data/G02/G02-12/G02-12_5036-jgd_GML.zip"}, {"filename": "G02-22_5036-jgd_GML.zip", "url": "https://nlftp.mlit.go.jp/ksj/gml/data/G02/G02-22/G02-22_5036-jgd_GML.zip"}, {"filename": "G02-12_5039-jgd_GML.zip", "url": "https://nlftp.mlit.go.jp/ksj/gml/data/G02/G02-12/G02-12_5039-jgd_GML.zip"}, {"filename": "G02-22_5039-jgd_GML.zip", "url": "https://nlftp.mlit.go.jp/ksj/gml/data/G02/G02-22/G02-22_5039-jgd_GML.zip"}, {"filename": "G02-12_5129-jgd_GML.zip", "url": "https://nlftp.mlit.go.jp/ksj/gml/data/G02/G02-12/G02-12_5129-jgd_GML.zip"}, {"filename": "G02-22_5129-jgd_GML.zip", "url": "https://nlftp.mlit.go.jp/ksj/gml/data/G02/G02-22/G02-22_5129-jgd_GML.zip"}, {"filename": "G02-12_5130-jgd_GML.zip", "url": "https://nlftp.mlit.go.jp/ksj/gml/data/G02/G02-12/G02-12_5130-jgd_GML.zip"}, {"filename": "G02-22_5130-jgd_GML.zip", "url": "https://nlftp.mlit.go.jp/ksj/gml/data/G02/G02-22/G02-22_5130-jgd_GML.zip"}, {"filename": "G02-12_5131-jgd_GML.zip", "url": "https://nlftp.mlit.go.jp/ksj/gml/data/G02/G02-12/G02-12_5131-jgd_GML.zip"}, {"filename": "G02-22_5131-jgd_GML.zip", "url": "https://nlftp.mlit.go.jp/ksj/gml/data/G02/G02-22/G02-22_5131-jgd_GML.zip"}, {"filename": "G02-12_5132-jgd_GML.zip", "url": "https://nlftp.mlit.go.jp/ksj/gml/data/G02/G02-12/G02-12_5132-jgd_GML.zip"}, {"filename": "G02-22_5132-jgd_GML.zip", "url": "https://nlftp.mlit.go.jp/ksj/gml/data/G02/G02-22/G02-22_5132-jgd_GML.zip"}, {"filename": "G02-12_5133-jgd_GML.zip", "url": "https://nlftp.mlit.go.jp/ksj/gml/data/G02/G02-12/G02-12_5133-jgd_GML.zip"}, {"filename": "G02-22_5133-jgd_GML.zip", "url": "https://nlftp.mlit.go.jp/ksj/gml/data/G02/G02-22/G02-22_5133-jgd_GML.zip"}, {"filename": "G02-12_5134-jgd_GML.zip", "url": "https://nlftp.mlit.go.jp/ksj/gml/data/G02/G02-12/G02-12_5134-jgd_GML.zip"}, {"filename": "G02-22_5134-jgd_GML.zip", "url": "https://nlftp.mlit.go.jp/ksj/gml/data/G02/G02-22/G02-22_5134-jgd_GML.zip"}, {"filename": "G02-12_5135-jgd_GML.zip", "url": "https://nlftp.mlit.go.jp/ksj/gml/data/G02/G02-12/G02-12_5135-jgd_GML.zip"}, {"filename": "G02-22_5135-jgd_GML.zip", "url": "https://nlftp.mlit.go.jp/ksj/gml/data/G02/G02-22/G02-22_5135-jgd_GML.zip"}, {"filename": "G02-12_5136-jgd_GML.zip", "url": "https://nlftp.mlit.go.jp/ksj/gml/data/G02/G02-12/G02-12_5136-jgd_GML.zip"}, {"filename": "G02-22_5136-jgd_GML.zip", "url": "https://nlftp.mlit.go.jp/ksj/gml/data/G02/G02-22/G02-22_5136-jgd_GML.zip"}, {"filename": "G02-12_5137-jgd_GML.zip", "url": "https://nlftp.mlit.go.jp/ksj/gml/data/G02/G02-12/G02-12_5137-jgd_GML.zip"}, {"filename": "G02-22_5137-jgd_GML.zip", "url": "https://nlftp.mlit.go.jp/ksj/gml/data/G02/G02-22/G02-22_5137-jgd_GML.zip"}, {"filename": "G02-12_5138-jgd_GML.zip", "url": "https://nlftp.mlit.go.jp/ksj/gml/data/G02/G02-12/G02-12_5138-jgd_GML.zip"}, {"filename": "G02-22_5138-jgd_GML.zip", "url": "https://nlftp.mlit.go.jp/ksj/gml/data/G02/G02-22/G02-22_5138-jgd_GML.zip"}, {"filename": "G02-12_5139-jgd_GML.zip", "url": "https://nlftp.mlit.go.jp/ksj/gml/data/G02/G02-12/G02-12_5139-jgd_GML.zip"}, {"filename": "G02-22_5139-jgd_GML.zip", "url": "https://nlftp.mlit.go.jp/ksj/gml/data/G02/G02-22/G02-22_5139-jgd_GML.zip"}, {"filename": "G02-12_5229-jgd_GML.zip", "url": "https://nlftp.mlit.go.jp/ksj/gml/data/G02/G02-12/G02-12_5229-jgd_GML.zip"}, {"filename": "G02-22_5229-jgd_GML.zip", "url": "https://nlftp.mlit.go.jp/ksj/gml/data/G02/G02-22/G02-22_5229-jgd_GML.zip"}, {"filename": "G02-12_5231-jgd_GML.zip", "url": "https://nlftp.mlit.go.jp/ksj/gml/data/G02/G02-12/G02-12_5231-jgd_GML.zip"}, {"filename": "G02-22_5231-jgd_GML.zip", "url": "https://nlftp.mlit.go.jp/ksj/gml/data/G02/G02-22/G02-22_5231-jgd_GML.zip"}, {"filename": "G02-12_5232-jgd_GML.zip", "url": "https://nlftp.mlit.go.jp/ksj/gml/data/G02/G02-12/G02-12_5232-jgd_GML.zip"}, {"filename": "G02-22_5232-jgd_GML.zip", "url": "https://nlftp.mlit.go.jp/ksj/gml/data/G02/G02-22/G02-22_5232-jgd_GML.zip"}, {"filename": "G02-12_5233-jgd_GML.zip", "url": "https://nlftp.mlit.go.jp/ksj/gml/data/G02/G02-12/G02-12_5233-jgd_GML.zip"}, {"filename": "G02-22_5233-jgd_GML.zip", "url": "https://nlftp.mlit.go.jp/ksj/gml/data/G02/G02-22/G02-22_5233-jgd_GML.zip"}, {"filename": "G02-12_5234-jgd_GML.zip", "url": "https://nlftp.mlit.go.jp/ksj/gml/data/G02/G02-12/G02-12_5234-jgd_GML.zip"}, {"filename": "G02-22_5234-jgd_GML.zip", "url": "https://nlftp.mlit.go.jp/ksj/gml/data/G02/G02-22/G02-22_5234-jgd_GML.zip"}, {"filename": "G02-12_5235-jgd_GML.zip", "url": "https://nlftp.mlit.go.jp/ksj/gml/data/G02/G02-12/G02-12_5235-jgd_GML.zip"}, {"filename": "G02-22_5235-jgd_GML.zip", "url": "https://nlftp.mlit.go.jp/ksj/gml/data/G02/G02-22/G02-22_5235-jgd_GML.zip"}, {"filename": "G02-12_5236-jgd_GML.zip", "url": "https://nlftp.mlit.go.jp/ksj/gml/data/G02/G02-12/G02-12_5236-jgd_GML.zip"}, {"filename": "G02-22_5236-jgd_GML.zip", "url": "https://nlftp.mlit.go.jp/ksj/gml/data/G02/G02-22/G02-22_5236-jgd_GML.zip"}, {"filename": "G02-12_5237-jgd_GML.zip", "url": "https://nlftp.mlit.go.jp/ksj/gml/data/G02/G02-12/G02-12_5237-jgd_GML.zip"}, {"filename": "G02-22_5237-jgd_GML.zip", "url": "https://nlftp.mlit.go.jp/ksj/gml/data/G02/G02-22/G02-22_5237-jgd_GML.zip"}, {"filename": "G02-12_5238-jgd_GML.zip", "url": "https://nlftp.mlit.go.jp/ksj/gml/data/G02/G02-12/G02-12_5238-jgd_GML.zip"}, {"filename": "G02-22_5238-jgd_GML.zip", "url": "https://nlftp.mlit.go.jp/ksj/gml/data/G02/G02-22/G02-22_5238-jgd_GML.zip"}, {"filename": "G02-12_5239-jgd_GML.zip", "url": "https://nlftp.mlit.go.jp/ksj/gml/data/G02/G02-12/G02-12_5239-jgd_GML.zip"}, {"filename": "G02-22_5239-jgd_GML.zip", "url": "https://nlftp.mlit.go.jp/ksj/gml/data/G02/G02-22/G02-22_5239-jgd_GML.zip"}, {"filename": "G02-12_5240-jgd_GML.zip", "url": "https://nlftp.mlit.go.jp/ksj/gml/data/G02/G02-12/G02-12_5240-jgd_GML.zip"}, {"filename": "G02-22_5240-jgd_GML.zip", "url": "https://nlftp.mlit.go.jp/ksj/gml/data/G02/G02-22/G02-22_5240-jgd_GML.zip"}, {"filename": "G02-12_5332-jgd_GML.zip", "url": "https://nlftp.mlit.go.jp/ksj/gml/data/G02/G02-12/G02-12_5332-jgd_GML.zip"}, {"filename": "G02-22_5332-jgd_GML.zip", "url": "https://nlftp.mlit.go.jp/ksj/gml/data/G02/G02-22/G02-22_5332-jgd_GML.zip"}, {"filename": "G02-12_5333-jgd_GML.zip", "url": "https://nlftp.mlit.go.jp/ksj/gml/data/G02/G02-12/G02-12_5333-jgd_GML.zip"}, {"filename": "G02-22_5333-jgd_GML.zip", "url": "https://nlftp.mlit.go.jp/ksj/gml/data/G02/G02-22/G02-22_5333-jgd_GML.zip"}, {"filename": "G02-12_5334-jgd_GML.zip", "url": "https://nlftp.mlit.go.jp/ksj/gml/data/G02/G02-12/G02-12_5334-jgd_GML.zip"}, {"filename": "G02-22_5334-jgd_GML.zip", "url": "https://nlftp.mlit.go.jp/ksj/gml/data/G02/G02-22/G02-22_5334-jgd_GML.zip"}, {"filename": "G02-12_5335-jgd_GML.zip", "url": "https://nlftp.mlit.go.jp/ksj/gml/data/G02/G02-12/G02-12_5335-jgd_GML.zip"}, {"filename": "G02-22_5335-jgd_GML.zip", "url": "https://nlftp.mlit.go.jp/ksj/gml/data/G02/G02-22/G02-22_5335-jgd_GML.zip"}, {"filename": "G02-12_5336-jgd_GML.zip", "url": "https://nlftp.mlit.go.jp/ksj/gml/data/G02/G02-12/G02-12_5336-jgd_GML.zip"}, {"filename": "G02-22_5336-jgd_GML.zip", "url": "https://nlftp.mlit.go.jp/ksj/gml/data/G02/G02-22/G02-22_5336-jgd_GML.zip"}, {"filename": "G02-12_5337-jgd_GML.zip", "url": "https://nlftp.mlit.go.jp/ksj/gml/data/G02/G02-12/G02-12_5337-jgd_GML.zip"}, {"filename": "G02-22_5337-jgd_GML.zip", "url": "https://nlftp.mlit.go.jp/ksj/gml/data/G02/G02-22/G02-22_5337-jgd_GML.zip"}, {"filename": "G02-12_5338-jgd_GML.zip", "url": "https://nlftp.mlit.go.jp/ksj/gml/data/G02/G02-12/G02-12_5338-jgd_GML.zip"}, {"filename": "G02-22_5338-jgd_GML.zip", "url": "https://nlftp.mlit.go.jp/ksj/gml/data/G02/G02-22/G02-22_5338-jgd_GML.zip"}, {"filename": "G02-12_5339-jgd_GML.zip", "url": "https://nlftp.mlit.go.jp/ksj/gml/data/G02/G02-12/G02-12_5339-jgd_GML.zip"}, {"filename": "G02-22_5339-jgd_GML.zip", "url": "https://nlftp.mlit.go.jp/ksj/gml/data/G02/G02-22/G02-22_5339-jgd_GML.zip"}, {"filename": "G02-12_5340-jgd_GML.zip", "url": "https://nlftp.mlit.go.jp/ksj/gml/data/G02/G02-12/G02-12_5340-jgd_GML.zip"}, {"filename": "G02-22_5340-jgd_GML.zip", "url": "https://nlftp.mlit.go.jp/ksj/gml/data/G02/G02-22/G02-22_5340-jgd_GML.zip"}, {"filename": "G02-12_5432-jgd_GML.zip", "url": "https://nlftp.mlit.go.jp/ksj/gml/data/G02/G02-12/G02-12_5432-jgd_GML.zip"}, {"filename": "G02-22_5432-jgd_GML.zip", "url": "https://nlftp.mlit.go.jp/ksj/gml/data/G02/G02-22/G02-22_5432-jgd_GML.zip"}, {"filename": "G02-12_5433-jgd_GML.zip", "url": "https://nlftp.mlit.go.jp/ksj/gml/data/G02/G02-12/G02-12_5433-jgd_GML.zip"}, {"filename": "G02-22_5433-jgd_GML.zip", "url": "https://nlftp.mlit.go.jp/ksj/gml/data/G02/G02-22/G02-22_5433-jgd_GML.zip"}, {"filename": "G02-12_5435-jgd_GML.zip", "url": "https://nlftp.mlit.go.jp/ksj/gml/data/G02/G02-12/G02-12_5435-jgd_GML.zip"}, {"filename": "G02-22_5435-jgd_GML.zip", "url": "https://nlftp.mlit.go.jp/ksj/gml/data/G02/G02-22/G02-22_5435-jgd_GML.zip"}, {"filename": "G02-12_5436-jgd_GML.zip", "url": "https://nlftp.mlit.go.jp/ksj/gml/data/G02/G02-12/G02-12_5436-jgd_GML.zip"}, {"filename": "G02-22_5436-jgd_GML.zip", "url": "https://nlftp.mlit.go.jp/ksj/gml/data/G02/G02-22/G02-22_5436-jgd_GML.zip"}, {"filename": "G02-12_5437-jgd_GML.zip", "url": "https://nlftp.mlit.go.jp/ksj/gml/data/G02/G02-12/G02-12_5437-jgd_GML.zip"}, {"filename": "G02-22_5437-jgd_GML.zip", "url": "https://nlftp.mlit.go.jp/ksj/gml/data/G02/G02-22/G02-22_5437-jgd_GML.zip"}, {"filename": "G02-12_5438-jgd_GML.zip", "url": "https://nlftp.mlit.go.jp/ksj/gml/data/G02/G02-12/G02-12_5438-jgd_GML.zip"}, {"filename": "G02-22_5438-jgd_GML.zip", "url": "https://nlftp.mlit.go.jp/ksj/gml/data/G02/G02-22/G02-22_5438-jgd_GML.zip"}, {"filename": "G02-12_5439-jgd_GML.zip", "url": "https://nlftp.mlit.go.jp/ksj/gml/data/G02/G02-12/G02-12_5439-jgd_GML.zip"}, {"filename": "G02-22_5439-jgd_GML.zip", "url": "https://nlftp.mlit.go.jp/ksj/gml/data/G02/G02-22/G02-22_5439-jgd_GML.zip"}, {"filename": "G02-12_5440-jgd_GML.zip", "url": "https://nlftp.mlit.go.jp/ksj/gml/data/G02/G02-12/G02-12_5440-jgd_GML.zip"}, {"filename": "G02-22_5440-jgd_GML.zip", "url": "https://nlftp.mlit.go.jp/ksj/gml/data/G02/G02-22/G02-22_5440-jgd_GML.zip"}, {"filename": "G02-12_5531-jgd_GML.zip", "url": "https://nlftp.mlit.go.jp/ksj/gml/data/G02/G02-12/G02-12_5531-jgd_GML.zip"}, {"filename": "G02-22_5531-jgd_GML.zip", "url": "https://nlftp.mlit.go.jp/ksj/gml/data/G02/G02-22/G02-22_5531-jgd_GML.zip"}, {"filename": "G02-12_5536-jgd_GML.zip", "url": "https://nlftp.mlit.go.jp/ksj/gml/data/G02/G02-12/G02-12_5536-jgd_GML.zip"}, {"filename": "G02-22_5536-jgd_GML.zip", "url": "https://nlftp.mlit.go.jp/ksj/gml/data/G02/G02-22/G02-22_5536-jgd_GML.zip"}, {"filename": "G02-12_5537-jgd_GML.zip", "url": "https://nlftp.mlit.go.jp/ksj/gml/data/G02/G02-12/G02-12_5537-jgd_GML.zip"}, {"filename": "G02-22_5537-jgd_GML.zip", "url": "https://nlftp.mlit.go.jp/ksj/gml/data/G02/G02-22/G02-22_5537-jgd_GML.zip"}, {"filename": "G02-12_5538-jgd_GML.zip", "url": "https://nlftp.mlit.go.jp/ksj/gml/data/G02/G02-12/G02-12_5538-jgd_GML.zip"}, {"filename": "G02-22_5538-jgd_GML.zip", "url": "https://nlftp.mlit.go.jp/ksj/gml/data/G02/G02-22/G02-22_5538-jgd_GML.zip"}, {"filename": "G02-12_5539-jgd_GML.zip", "url": "https://nlftp.mlit.go.jp/ksj/gml/data/G02/G02-12/G02-12_5539-jgd_GML.zip"}, {"filename": "G02-22_5539-jgd_GML.zip", "url": "https://nlftp.mlit.go.jp/ksj/gml/data/G02/G02-22/G02-22_5539-jgd_GML.zip"}, {"filename": "G02-12_5540-jgd_GML.zip", "url": "https://nlftp.mlit.go.jp/ksj/gml/data/G02/G02-12/G02-12_5540-jgd_GML.zip"}, {"filename": "G02-22_5540-jgd_GML.zip", "url": "https://nlftp.mlit.go.jp/ksj/gml/data/G02/G02-22/G02-22_5540-jgd_GML.zip"}, {"filename": "G02-12_5541-jgd_GML.zip", "url": "https://nlftp.mlit.go.jp/ksj/gml/data/G02/G02-12/G02-12_5541-jgd_GML.zip"}, {"filename": "G02-22_5541-jgd_GML.zip", "url": "https://nlftp.mlit.go.jp/ksj/gml/data/G02/G02-22/G02-22_5541-jgd_GML.zip"}, {"filename": "G02-12_5636-jgd_GML.zip", "url": "https://nlftp.mlit.go.jp/ksj/gml/data/G02/G02-12/G02-12_5636-jgd_GML.zip"}, {"filename": "G02-22_5636-jgd_GML.zip", "url": "https://nlftp.mlit.go.jp/ksj/gml/data/G02/G02-22/G02-22_5636-jgd_GML.zip"}, {"filename": "G02-12_5637-jgd_GML.zip", "url": "https://nlftp.mlit.go.jp/ksj/gml/data/G02/G02-12/G02-12_5637-jgd_GML.zip"}, {"filename": "G02-22_5637-jgd_GML.zip", "url": "https://nlftp.mlit.go.jp/ksj/gml/data/G02/G02-22/G02-22_5637-jgd_GML.zip"}, {"filename": "G02-12_5638-jgd_GML.zip", "url": "https://nlftp.mlit.go.jp/ksj/gml/data/G02/G02-12/G02-12_5638-jgd_GML.zip"}, {"filename": "G02-22_5638-jgd_GML.zip", "url": "https://nlftp.mlit.go.jp/ksj/gml/data/G02/G02-22/G02-22_5638-jgd_GML.zip"}, {"filename": "G02-12_5639-jgd_GML.zip", "url": "https://nlftp.mlit.go.jp/ksj/gml/data/G02/G02-12/G02-12_5639-jgd_GML.zip"}, {"filename": "G02-22_5639-jgd_GML.zip", "url": "https://nlftp.mlit.go.jp/ksj/gml/data/G02/G02-22/G02-22_5639-jgd_GML.zip"}, {"filename": "G02-12_5640-jgd_GML.zip", "url": "https://nlftp.mlit.go.jp/ksj/gml/data/G02/G02-12/G02-12_5640-jgd_GML.zip"}, {"filename": "G02-22_5640-jgd_GML.zip", "url": "https://nlftp.mlit.go.jp/ksj/gml/data/G02/G02-22/G02-22_5640-jgd_GML.zip"}, {"filename": "G02-12_5641-jgd_GML.zip", "url": "https://nlftp.mlit.go.jp/ksj/gml/data/G02/G02-12/G02-12_5641-jgd_GML.zip"}, {"filename": "G02-22_5641-jgd_GML.zip", "url": "https://nlftp.mlit.go.jp/ksj/gml/data/G02/G02-22/G02-22_5641-jgd_GML.zip"}, {"filename": "G02-12_5738-jgd_GML.zip", "url": "https://nlftp.mlit.go.jp/ksj/gml/data/G02/G02-12/G02-12_5738-jgd_GML.zip"}, {"filename": "G02-22_5738-jgd_GML.zip", "url": "https://nlftp.mlit.go.jp/ksj/gml/data/G02/G02-22/G02-22_5738-jgd_GML.zip"}, {"filename": "G02-12_5739-jgd_GML.zip", "url": "https://nlftp.mlit.go.jp/ksj/gml/data/G02/G02-12/G02-12_5739-jgd_GML.zip"}, {"filename": "G02-22_5739-jgd_GML.zip", "url": "https://nlftp.mlit.go.jp/ksj/gml/data/G02/G02-22/G02-22_5739-jgd_GML.zip"}, {"filename": "G02-12_5740-jgd_GML.zip", "url": "https://nlftp.mlit.go.jp/ksj/gml/data/G02/G02-12/G02-12_5740-jgd_GML.zip"}, {"filename": "G02-22_5740-jgd_GML.zip", "url": "https://nlftp.mlit.go.jp/ksj/gml/data/G02/G02-22/G02-22_5740-jgd_GML.zip"}, {"filename": "G02-12_5741-jgd_GML.zip", "url": "https://nlftp.mlit.go.jp/ksj/gml/data/G02/G02-12/G02-12_5741-jgd_GML.zip"}, {"filename": "G02-22_5741-jgd_GML.zip", "url": "https://nlftp.mlit.go.jp/ksj/gml/data/G02/G02-22/G02-22_5741-jgd_GML.zip"}, {"filename": "G02-12_5839-jgd_GML.zip", "url": "https://nlftp.mlit.go.jp/ksj/gml/data/G02/G02-12/G02-12_5839-jgd_GML.zip"}, {"filename": "G02-22_5839-jgd_GML.zip", "url": "https://nlftp.mlit.go.jp/ksj/gml/data/G02/G02-22/G02-22_5839-jgd_GML.zip"}, {"filename": "G02-12_5840-jgd_GML.zip", "url": "https://nlftp.mlit.go.jp/ksj/gml/data/G02/G02-12/G02-12_5840-jgd_GML.zip"}, {"filename": "G02-22_5840-jgd_GML.zip", "url": "https://nlftp.mlit.go.jp/ksj/gml/data/G02/G02-22/G02-22_5840-jgd_GML.zip"}, {"filename": "G02-12_5841-jgd_GML.zip", "url": "https://nlftp.mlit.go.jp/ksj/gml/data/G02/G02-12/G02-12_5841-jgd_GML.zip"}, {"filename": "G02-22_5841-jgd_GML.zip", "url": "https://nlftp.mlit.go.jp/ksj/gml/data/G02/G02-22/G02-22_5841-jgd_GML.zip"}, {"filename": "G02-12_5939-jgd_GML.zip", "url": "https://nlftp.mlit.go.jp/ksj/gml/data/G02/G02-12/G02-12_5939-jgd_GML.zip"}, {"filename": "G02-22_5939-jgd_GML.zip", "url": "https://nlftp.mlit.go.jp/ksj/gml/data/G02/G02-22/G02-22_5939-jgd_GML.zip"}, {"filename": "G02-12_5940-jgd_GML.zip", "url": "https://nlftp.mlit.go.jp/ksj/gml/data/G02/G02-12/G02-12_5940-jgd_GML.zip"}, {"filename": "G02-22_5940-jgd_GML.zip", "url": "https://nlftp.mlit.go.jp/ksj/gml/data/G02/G02-22/G02-22_5940-jgd_GML.zip"}, {"filename": "G02-12_5941-jgd_GML.zip", "url": "https://nlftp.mlit.go.jp/ksj/gml/data/G02/G02-12/G02-12_5941-jgd_GML.zip"}, {"filename": "G02-22_5941-jgd_GML.zip", "url": "https://nlftp.mlit.go.jp/ksj/gml/data/G02/G02-22/G02-22_5941-jgd_GML.zip"}, {"filename": "G02-12_5942-jgd_GML.zip", "url": "https://nlftp.mlit.go.jp/ksj/gml/data/G02/G02-12/G02-12_5942-jgd_GML.zip"}, {"filename": "G02-22_5942-jgd_GML.zip", "url": "https://nlftp.mlit.go.jp/ksj/gml/data/G02/G02-22/G02-22_5942-jgd_GML.zip"}, {"filename": "G02-12_6039-jgd_GML.zip", "url": "https://nlftp.mlit.go.jp/ksj/gml/data/G02/G02-12/G02-12_6039-jgd_GML.zip"}, {"filename": "G02-22_6039-jgd_GML.zip", "url": "https://nlftp.mlit.go.jp/ksj/gml/data/G02/G02-22/G02-22_6039-jgd_GML.zip"}, {"filename": "G02-12_6040-jgd_GML.zip", "url": "https://nlftp.mlit.go.jp/ksj/gml/data/G02/G02-12/G02-12_6040-jgd_GML.zip"}, {"filename": "G02-22_6040-jgd_GML.zip", "url": "https://nlftp.mlit.go.jp/ksj/gml/data/G02/G02-22/G02-22_6040-jgd_GML.zip"}, {"filename": "G02-12_6041-jgd_GML.zip", "url": "https://nlftp.mlit.go.jp/ksj/gml/data/G02/G02-12/G02-12_6041-jgd_GML.zip"}, {"filename": "G02-22_6041-jgd_GML.zip", "url": "https://nlftp.mlit.go.jp/ksj/gml/data/G02/G02-22/G02-22_6041-jgd_GML.zip"}, {"filename": "G02-12_6139-jgd_GML.zip", "url": "https://nlftp.mlit.go.jp/ksj/gml/data/G02/G02-12/G02-12_6139-jgd_GML.zip"}, {"filename": "G02-22_6139-jgd_GML.zip", "url": "https://nlftp.mlit.go.jp/ksj/gml/data/G02/G02-22/G02-22_6139-jgd_GML.zip"}, {"filename": "G02-12_6140-jgd_GML.zip", "url": "https://nlftp.mlit.go.jp/ksj/gml/data/G02/G02-12/G02-12_6140-jgd_GML.zip"}, {"filename": "G02-22_6140-jgd_GML.zip", "url": "https://nlftp.mlit.go.jp/ksj/gml/data/G02/G02-22/G02-22_6140-jgd_GML.zip"}, {"filename": "G02-12_6141-jgd_GML.zip", "url": "https://nlftp.mlit.go.jp/ksj/gml/data/G02/G02-12/G02-12_6141-jgd_GML.zip"}, {"filename": "G02-22_6141-jgd_GML.zip", "url": "https://nlftp.mlit.go.jp/ksj/gml/data/G02/G02-22/G02-22_6141-jgd_GML.zip"}, {"filename": "G02-12_6239-jgd_GML.zip", "url": "https://nlftp.mlit.go.jp/ksj/gml/data/G02/G02-12/G02-12_6239-jgd_GML.zip"}, {"filename": "G02-22_6239-jgd_GML.zip", "url": "https://nlftp.mlit.go.jp/ksj/gml/data/G02/G02-22/G02-22_6239-jgd_GML.zip"}, {"filename": "G02-12_6240-jgd_GML.zip", "url": "https://nlftp.mlit.go.jp/ksj/gml/data/G02/G02-12/G02-12_6240-jgd_GML.zip"}, {"filename": "G02-22_6240-jgd_GML.zip", "url": "https://nlftp.mlit.go.jp/ksj/gml/data/G02/G02-22/G02-22_6240-jgd_GML.zip"}, {"filename": "G02-12_6241-jgd_GML.zip", "url": "https://nlftp.mlit.go.jp/ksj/gml/data/G02/G02-12/G02-12_6241-jgd_GML.zip"}, {"filename": "G02-22_6241-jgd_GML.zip", "url": "https://nlftp.mlit.go.jp/ksj/gml/data/G02/G02-22/G02-22_6241-jgd_GML.zip"}, {"filename": "G02-12_6243-jgd_GML.zip", "url": "https://nlftp.mlit.go.jp/ksj/gml/data/G02/G02-12/G02-12_6243-jgd_GML.zip"}, {"filename": "G02-22_6243-jgd_GML.zip", "url": "https://nlftp.mlit.go.jp/ksj/gml/data/G02/G02-22/G02-22_6243-jgd_GML.zip"}, {"filename": "G02-12_6339-jgd_GML.zip", "url": "https://nlftp.mlit.go.jp/ksj/gml/data/G02/G02-12/G02-12_6339-jgd_GML.zip"}, {"filename": "G02-22_6339-jgd_GML.zip", "url": "https://nlftp.mlit.go.jp/ksj/gml/data/G02/G02-22/G02-22_6339-jgd_GML.zip"}, {"filename": "G02-12_6340-jgd_GML.zip", "url": "https://nlftp.mlit.go.jp/ksj/gml/data/G02/G02-12/G02-12_6340-jgd_GML.zip"}, {"filename": "G02-22_6340-jgd_GML.zip", "url": "https://nlftp.mlit.go.jp/ksj/gml/data/G02/G02-22/G02-22_6340-jgd_GML.zip"}, {"filename": "G02-12_6341-jgd_GML.zip", "url": "https://nlftp.mlit.go.jp/ksj/gml/data/G02/G02-12/G02-12_6341-jgd_GML.zip"}, {"filename": "G02-22_6341-jgd_GML.zip", "url": "https://nlftp.mlit.go.jp/ksj/gml/data/G02/G02-22/G02-22_6341-jgd_GML.zip"}, {"filename": "G02-12_6342-jgd_GML.zip", "url": "https://nlftp.mlit.go.jp/ksj/gml/data/G02/G02-12/G02-12_6342-jgd_GML.zip"}, {"filename": "G02-22_6342-jgd_GML.zip", "url": "https://nlftp.mlit.go.jp/ksj/gml/data/G02/G02-22/G02-22_6342-jgd_GML.zip"}, {"filename": "G02-12_6343-jgd_GML.zip", "url": "https://nlftp.mlit.go.jp/ksj/gml/data/G02/G02-12/G02-12_6343-jgd_GML.zip"}, {"filename": "G02-22_6343-jgd_GML.zip", "url": "https://nlftp.mlit.go.jp/ksj/gml/data/G02/G02-22/G02-22_6343-jgd_GML.zip"}, {"filename": "G02-12_6439-jgd_GML.zip", "url": "https://nlftp.mlit.go.jp/ksj/gml/data/G02/G02-12/G02-12_6439-jgd_GML.zip"}, {"filename": "G02-22_6439-jgd_GML.zip", "url": "https://nlftp.mlit.go.jp/ksj/gml/data/G02/G02-22/G02-22_6439-jgd_GML.zip"}, {"filename": "G02-12_6440-jgd_GML.zip", "url": "https://nlftp.mlit.go.jp/ksj/gml/data/G02/G02-12/G02-12_6440-jgd_GML.zip"}, {"filename": "G02-22_6440-jgd_GML.zip", "url": "https://nlftp.mlit.go.jp/ksj/gml/data/G02/G02-22/G02-22_6440-jgd_GML.zip"}, {"filename": "G02-12_6441-jgd_GML.zip", "url": "https://nlftp.mlit.go.jp/ksj/gml/data/G02/G02-12/G02-12_6441-jgd_GML.zip"}, {"filename": "G02-22_6441-jgd_GML.zip", "url": "https://nlftp.mlit.go.jp/ksj/gml/data/G02/G02-22/G02-22_6441-jgd_GML.zip"}, {"filename": "G02-12_6442-jgd_GML.zip", "url": "https://nlftp.mlit.go.jp/ksj/gml/data/G02/G02-12/G02-12_6442-jgd_GML.zip"}, {"filename": "G02-22_6442-jgd_GML.zip", "url": "https://nlftp.mlit.go.jp/ksj/gml/data/G02/G02-22/G02-22_6442-jgd_GML.zip"}, {"filename": "G02-12_6443-jgd_GML.zip", "url": "https://nlftp.mlit.go.jp/ksj/gml/data/G02/G02-12/G02-12_6443-jgd_GML.zip"}, {"filename": "G02-22_6443-jgd_GML.zip", "url": "https://nlftp.mlit.go.jp/ksj/gml/data/G02/G02-22/G02-22_6443-jgd_GML.zip"}, {"filename": "G02-12_6444-jgd_GML.zip", "url": "https://nlftp.mlit.go.jp/ksj/gml/data/G02/G02-12/G02-12_6444-jgd_GML.zip"}, {"filename": "G02-22_6444-jgd_GML.zip", "url": "https://nlftp.mlit.go.jp/ksj/gml/data/G02/G02-22/G02-22_6444-jgd_GML.zip"}, {"filename": "G02-12_6445-jgd_GML.zip", "url": "https://nlftp.mlit.go.jp/ksj/gml/data/G02/G02-12/G02-12_6445-jgd_GML.zip"}, {"filename": "G02-22_6445-jgd_GML.zip", "url": "https://nlftp.mlit.go.jp/ksj/gml/data/G02/G02-22/G02-22_6445-jgd_GML.zip"}, {"filename": "G02-12_6540-jgd_GML.zip", "url": "https://nlftp.mlit.go.jp/ksj/gml/data/G02/G02-12/G02-12_6540-jgd_GML.zip"}, {"filename": "G02-22_6540-jgd_GML.zip", "url": "https://nlftp.mlit.go.jp/ksj/gml/data/G02/G02-22/G02-22_6540-jgd_GML.zip"}, {"filename": "G02-12_6541-jgd_GML.zip", "url": "https://nlftp.mlit.go.jp/ksj/gml/data/G02/G02-12/G02-12_6541-jgd_GML.zip"}, {"filename": "G02-22_6541-jgd_GML.zip", "url": "https://nlftp.mlit.go.jp/ksj/gml/data/G02/G02-22/G02-22_6541-jgd_GML.zip"}, {"filename": "G02-12_6542-jgd_GML.zip", "url": "https://nlftp.mlit.go.jp/ksj/gml/data/G02/G02-12/G02-12_6542-jgd_GML.zip"}, {"filename": "G02-22_6542-jgd_GML.zip", "url": "https://nlftp.mlit.go.jp/ksj/gml/data/G02/G02-22/G02-22_6542-jgd_GML.zip"}, {"filename": "G02-12_6543-jgd_GML.zip", "url": "https://nlftp.mlit.go.jp/ksj/gml/data/G02/G02-12/G02-12_6543-jgd_GML.zip"}, {"filename": "G02-22_6543-jgd_GML.zip", "url": "https://nlftp.mlit.go.jp/ksj/gml/data/G02/G02-22/G02-22_6543-jgd_GML.zip"}, {"filename": "G02-12_6544-jgd_GML.zip", "url": "https://nlftp.mlit.go.jp/ksj/gml/data/G02/G02-12/G02-12_6544-jgd_GML.zip"}, {"filename": "G02-22_6544-jgd_GML.zip", "url": "https://nlftp.mlit.go.jp/ksj/gml/data/G02/G02-22/G02-22_6544-jgd_GML.zip"}, {"filename": "G02-12_6545-jgd_GML.zip", "url": "https://nlftp.mlit.go.jp/ksj/gml/data/G02/G02-12/G02-12_6545-jgd_GML.zip"}, {"filename": "G02-22_6545-jgd_GML.zip", "url": "https://nlftp.mlit.go.jp/ksj/gml/data/G02/G02-22/G02-22_6545-jgd_GML.zip"}, {"filename": "G02-22_6546-jgd_GML.zip", "url": "https://nlftp.mlit.go.jp/ksj/gml/data/G02/G02-22/G02-22_6546-jgd_GML.zip"}, {"filename": "G02-12_6641-jgd_GML.zip", "url": "https://nlftp.mlit.go.jp/ksj/gml/data/G02/G02-12/G02-12_6641-jgd_GML.zip"}, {"filename": "G02-22_6641-jgd_GML.zip", "url": "https://nlftp.mlit.go.jp/ksj/gml/data/G02/G02-22/G02-22_6641-jgd_GML.zip"}, {"filename": "G02-12_6642-jgd_GML.zip", "url": "https://nlftp.mlit.go.jp/ksj/gml/data/G02/G02-12/G02-12_6642-jgd_GML.zip"}, {"filename": "G02-22_6642-jgd_GML.zip", "url": "https://nlftp.mlit.go.jp/ksj/gml/data/G02/G02-22/G02-22_6642-jgd_GML.zip"}, {"filename": "G02-12_6643-jgd_GML.zip", "url": "https://nlftp.mlit.go.jp/ksj/gml/data/G02/G02-12/G02-12_6643-jgd_GML.zip"}, {"filename": "G02-22_6643-jgd_GML.zip", "url": "https://nlftp.mlit.go.jp/ksj/gml/data/G02/G02-22/G02-22_6643-jgd_GML.zip"}, {"filename": "G02-12_6644-jgd_GML.zip", "url": "https://nlftp.mlit.go.jp/ksj/gml/data/G02/G02-12/G02-12_6644-jgd_GML.zip"}, {"filename": "G02-22_6644-jgd_GML.zip", "url": "https://nlftp.mlit.go.jp/ksj/gml/data/G02/G02-22/G02-22_6644-jgd_GML.zip"}, {"filename": "G02-12_6645-jgd_GML.zip", "url": "https://nlftp.mlit.go.jp/ksj/gml/data/G02/G02-12/G02-12_6645-jgd_GML.zip"}, {"filename": "G02-22_6645-jgd_GML.zip", "url": "https://nlftp.mlit.go.jp/ksj/gml/data/G02/G02-22/G02-22_6645-jgd_GML.zip"}, {"filename": "G02-22_6646-jgd_GML.zip", "url": "https://nlftp.mlit.go.jp/ksj/gml/data/G02/G02-22/G02-22_6646-jgd_GML.zip"}, {"filename": "G02-22_6647-jgd_GML.zip", "url": "https://nlftp.mlit.go.jp/ksj/gml/data/G02/G02-22/G02-22_6647-jgd_GML.zip"}, {"filename": "G02-12_6741-jgd_GML.zip", "url": "https://nlftp.mlit.go.jp/ksj/gml/data/G02/G02-12/G02-12_6741-jgd_GML.zip"}, {"filename": "G02-22_6741-jgd_GML.zip", "url": "https://nlftp.mlit.go.jp/ksj/gml/data/G02/G02-22/G02-22_6741-jgd_GML.zip"}, {"filename": "G02-12_6742-jgd_GML.zip", "url": "https://nlftp.mlit.go.jp/ksj/gml/data/G02/G02-12/G02-12_6742-jgd_GML.zip"}, {"filename": "G02-22_6742-jgd_GML.zip", "url": "https://nlftp.mlit.go.jp/ksj/gml/data/G02/G02-22/G02-22_6742-jgd_GML.zip"}, {"filename": "G02-22_6747-jgd_GML.zip", "url": "https://nlftp.mlit.go.jp/ksj/gml/data/G02/G02-22/G02-22_6747-jgd_GML.zip"}, {"filename": "G02-22_6748-jgd_GML.zip", "url": "https://nlftp.mlit.go.jp/ksj/gml/data/G02/G02-22/G02-22_6748-jgd_GML.zip"}, {"filename": "G02-12_6840-jgd_GML.zip", "url": "https://nlftp.mlit.go.jp/ksj/gml/data/G02/G02-12/G02-12_6840-jgd_GML.zip"}, {"filename": "G02-22_6840-jgd_GML.zip", "url": "https://nlftp.mlit.go.jp/ksj/gml/data/G02/G02-22/G02-22_6840-jgd_GML.zip"}, {"filename": "G02-12_6841-jgd_GML.zip", "url": "https://nlftp.mlit.go.jp/ksj/gml/data/G02/G02-12/G02-12_6841-jgd_GML.zip"}, {"filename": "G02-22_6841-jgd_GML.zip", "url": "https://nlftp.mlit.go.jp/ksj/gml/data/G02/G02-22/G02-22_6841-jgd_GML.zip"}, {"filename": "G02-12_6842-jgd_GML.zip", "url": "https://nlftp.mlit.go.jp/ksj/gml/data/G02/G02-12/G02-12_6842-jgd_GML.zip"}, {"filename": "G02-22_6842-jgd_GML.zip", "url": "https://nlftp.mlit.go.jp/ksj/gml/data/G02/G02-22/G02-22_6842-jgd_GML.zip"}, {"filename": "G02-22_6847-jgd_GML.zip", "url": "https://nlftp.mlit.go.jp/ksj/gml/data/G02/G02-22/G02-22_6847-jgd_GML.zip"}, {"filename": "G02-22_6848-jgd_GML.zip", "url": "https://nlftp.mlit.go.jp/ksj/gml/data/G02/G02-22/G02-22_6848-jgd_GML.zip"}]