3622,世界測地系,2012年（平成24年）,0.01MB,G02-12_3622-jgd_GML.zip
3622,世界測地系,2022年（令和4年）,0.02MB,G02-22_3622-jgd_GML.zip
3623,世界測地系,2012年（平成24年）,0.11MB,G02-12_3623-jgd_GML.zip
3623,世界測地系,2022年（令和4年）,0.17MB,G02-22_3623-jgd_GML.zip
3624,世界測地系,2012年（平成24年）,0.09MB,G02-12_3624-jgd_GML.zip
3624,世界測地系,2022年（令和4年）,0.13MB,G02-22_3624-jgd_GML.zip
3631,世界測地系,2022年（令和4年）,0.01MB,G02-22_3631-jgd_GML.zip
3641,世界測地系,2022年（令和4年）,0.01MB,G02-22_3641-jgd_GML.zip
3653,世界測地系,2022年（令和4年）,0.01MB,G02-22_3653-jgd_GML.zip
3724,世界測地系,2012年（平成24年）,0.01MB,G02-12_3724-jgd_GML.zip
3724,世界測地系,2022年（令和4年）,0.01MB,G02-22_3724-jgd_GML.zip
3725,世界測地系,2012年（平成24年）,0.07MB,G02-12_3725-jgd_GML.zip
3725,世界測地系,2022年（令和4年）,0.1MB,G02-22_3725-jgd_GML.zip
3741,世界測地系,2022年（令和4年）,0.02MB,G02-22_3741-jgd_GML.zip
3823,世界測地系,2012年（平成24年）,0.01MB,G02-12_3823-jgd_GML.zip
3823,世界測地系,2022年（令和4年）,0.02MB,G02-22_3823-jgd_GML.zip
3824,世界測地系,2012年（平成24年）,0.01MB,G02-12_3824-jgd_GML.zip
3824,世界測地系,2022年（令和4年）,0.01MB,G02-22_3824-jgd_GML.zip
3831,世界測地系,2012年（平成24年）,0.02MB,G02-12_3831-jgd_GML.zip
3831,世界測地系,2022年（令和4年）,0.03MB,G02-22_3831-jgd_GML.zip
3841,世界測地系,2022年（令和4年）,0.01MB,G02-22_3841-jgd_GML.zip
3926,世界測地系,2012年（平成24年）,0.03MB,G02-12_3926-jgd_GML.zip
3926,世界測地系,2022年（令和4年）,0.04MB,G02-22_3926-jgd_GML.zip
3927,世界測地系,2012年（平成24年）,0.24MB,G02-12_3927-jgd_GML.zip
3927,世界測地系,2022年（令和4年）,0.37MB,G02-22_3927-jgd_GML.zip
3928,世界測地系,2012年（平成24年）,0.07MB,G02-12_3928-jgd_GML.zip
3928,世界測地系,2022年（令和4年）,0.1MB,G02-22_3928-jgd_GML.zip
3942,世界測地系,2022年（令和4年）,0.02MB,G02-22_3942-jgd_GML.zip
4027,世界測地系,2012年（平成24年）,0.04MB,G02-12_4027-jgd_GML.zip
4027,世界測地系,2022年（令和4年）,0.06MB,G02-22_4027-jgd_GML.zip
4028,世界測地系,2012年（平成24年）,0.09MB,G02-12_4028-jgd_GML.zip
4028,世界測地系,2022年（令和4年）,0.14MB,G02-22_4028-jgd_GML.zip
4040,世界測地系,2022年（令和4年）,0.01MB,G02-22_4040-jgd_GML.zip
4042,世界測地系,2022年（令和4年）,0.04MB,G02-22_4042-jgd_GML.zip
4128,世界測地系,2012年（平成24年）,0.09MB,G02-12_4128-jgd_GML.zip
4128,世界測地系,2022年（令和4年）,0.14MB,G02-22_4128-jgd_GML.zip
4129,世界測地系,2012年（平成24年）,0.01MB,G02-12_4129-jgd_GML.zip
4129,世界測地系,2022年（令和4年）,0.02MB,G02-22_4129-jgd_GML.zip
4142,世界測地系,2022年（令和4年）,0.02MB,G02-22_4142-jgd_GML.zip
4229,世界測地系,2012年（平成24年）,0.29MB,G02-12_4229-jgd_GML.zip
4229,世界測地系,2022年（令和4年）,0.43MB,G02-22_4229-jgd_GML.zip
4230,世界測地系,2012年（平成24年）,0.01MB,G02-12_4230-jgd_GML.zip
4230,世界測地系,2022年（令和4年）,0.01MB,G02-22_4230-jgd_GML.zip
4328,世界測地系,2012年（平成24年）,0.01MB,G02-12_4328-jgd_GML.zip
4328,世界測地系,2022年（令和4年）,0.01MB,G02-22_4328-jgd_GML.zip
4329,世界測地系,2012年（平成24年）,0.01MB,G02-12_4329-jgd_GML.zip
4329,世界測地系,2022年（令和4年）,0.02MB,G02-22_4329-jgd_GML.zip
4429,世界測地系,2012年（平成24年）,0.05MB,G02-12_4429-jgd_GML.zip
4429,世界測地系,2022年（令和4年）,0.07MB,G02-22_4429-jgd_GML.zip
4529,世界測地系,2012年（平成24年）,0.01MB,G02-12_4529-jgd_GML.zip
4529,世界測地系,2022年（令和4年）,0.01MB,G02-22_4529-jgd_GML.zip
4530,世界測地系,2012年（平成24年）,0.25MB,G02-12_4530-jgd_GML.zip
4530,世界測地系,2022年（令和4年）,0.38MB,G02-22_4530-jgd_GML.zip
4531,世界測地系,2012年（平成24年）,0.02MB,G02-12_4531-jgd_GML.zip
4531,世界測地系,2022年（令和4年）,0.03MB,G02-22_4531-jgd_GML.zip
4540,世界測地系,2022年（令和4年）,0.01MB,G02-22_4540-jgd_GML.zip
4629,世界測地系,2012年（平成24年）,0.02MB,G02-12_4629-jgd_GML.zip
4629,世界測地系,2022年（令和4年）,0.03MB,G02-22_4629-jgd_GML.zip
4630,世界測地系,2012年（平成24年）,0.34MB,G02-12_4630-jgd_GML.zip
4630,世界測地系,2022年（令和4年）,0.51MB,G02-22_4630-jgd_GML.zip
4631,世界測地系,2012年（平成24年）,0.07MB,G02-12_4631-jgd_GML.zip
4631,世界測地系,2022年（令和4年）,0.11MB,G02-22_4631-jgd_GML.zip
4728,世界測地系,2012年（平成24年）,0.01MB,G02-12_4728-jgd_GML.zip
4728,世界測地系,2022年（令和4年）,0.01MB,G02-22_4728-jgd_GML.zip
4729,世界測地系,2012年（平成24年）,0.06MB,G02-12_4729-jgd_GML.zip
4729,世界測地系,2022年（令和4年）,0.09MB,G02-22_4729-jgd_GML.zip
4730,世界測地系,2012年（平成24年）,1.18MB,G02-12_4730-jgd_GML.zip
4730,世界測地系,2022年（令和4年）,1.77MB,G02-22_4730-jgd_GML.zip
4731,世界測地系,2012年（平成24年）,0.69MB,G02-12_4731-jgd_GML.zip
4731,世界測地系,2022年（令和4年）,1.03MB,G02-22_4731-jgd_GML.zip
4740,世界測地系,2022年（令和4年）,0.01MB,G02-22_4740-jgd_GML.zip
4828,世界測地系,2012年（平成24年）,0.06MB,G02-12_4828-jgd_GML.zip
4828,世界測地系,2022年（令和4年）,0.09MB,G02-22_4828-jgd_GML.zip
4829,世界測地系,2012年（平成24年）,0.05MB,G02-12_4829-jgd_GML.zip
4829,世界測地系,2022年（令和4年）,0.07MB,G02-22_4829-jgd_GML.zip
4830,世界測地系,2012年（平成24年）,1.37MB,G02-12_4830-jgd_GML.zip
4830,世界測地系,2022年（令和4年）,2.08MB,G02-22_4830-jgd_GML.zip
4831,世界測地系,2012年（平成24年）,1.15MB,G02-12_4831-jgd_GML.zip
4831,世界測地系,2022年（令和4年）,1.76MB,G02-22_4831-jgd_GML.zip
4839,世界測地系,2012年（平成24年）,0.01MB,G02-12_4839-jgd_GML.zip
4839,世界測地系,2022年（令和4年）,0.01MB,G02-22_4839-jgd_GML.zip
4928,世界測地系,2012年（平成24年）,0.13MB,G02-12_4928-jgd_GML.zip
4928,世界測地系,2022年（令和4年）,0.18MB,G02-22_4928-jgd_GML.zip
4929,世界測地系,2012年（平成24年）,0.72MB,G02-12_4929-jgd_GML.zip
4929,世界測地系,2022年（令和4年）,1.08MB,G02-22_4929-jgd_GML.zip
4930,世界測地系,2012年（平成24年）,1.37MB,G02-12_4930-jgd_GML.zip
4930,世界測地系,2022年（令和4年）,2.05MB,G02-22_4930-jgd_GML.zip
4931,世界測地系,2012年（平成24年）,1.57MB,G02-12_4931-jgd_GML.zip
4931,世界測地系,2022年（令和4年）,2.38MB,G02-22_4931-jgd_GML.zip
4932,世界測地系,2012年（平成24年）,0.81MB,G02-12_4932-jgd_GML.zip
4932,世界測地系,2022年（令和4年）,1.23MB,G02-22_4932-jgd_GML.zip
4933,世界測地系,2012年（平成24年）,0.19MB,G02-12_4933-jgd_GML.zip
4933,世界測地系,2022年（令和4年）,0.28MB,G02-22_4933-jgd_GML.zip
4934,世界測地系,2012年（平成24年）,0.02MB,G02-12_4934-jgd_GML.zip
4934,世界測地系,2022年（令和4年）,0.03MB,G02-22_4934-jgd_GML.zip
4939,世界測地系,2012年（平成24年）,0.03MB,G02-12_4939-jgd_GML.zip
4939,世界測地系,2022年（令和4年）,0.05MB,G02-22_4939-jgd_GML.zip
5029,世界測地系,2012年（平成24年）,0.26MB,G02-12_5029-jgd_GML.zip
5029,世界測地系,2022年（令和4年）,0.37MB,G02-22_5029-jgd_GML.zip
5030,世界測地系,2012年（平成24年）,1.15MB,G02-12_5030-jgd_GML.zip
5030,世界測地系,2022年（令和4年）,1.75MB,G02-22_5030-jgd_GML.zip
5031,世界測地系,2012年（平成24年）,0.67MB,G02-12_5031-jgd_GML.zip
5031,世界測地系,2022年（令和4年）,0.99MB,G02-22_5031-jgd_GML.zip
5032,世界測地系,2012年（平成24年）,1.04MB,G02-12_5032-jgd_GML.zip
5032,世界測地系,2022年（令和4年）,1.58MB,G02-22_5032-jgd_GML.zip
5033,世界測地系,2012年（平成24年）,1.53MB,G02-12_5033-jgd_GML.zip
5033,世界測地系,2022年（令和4年）,2.36MB,G02-22_5033-jgd_GML.zip
5034,世界測地系,2012年（平成24年）,0.87MB,G02-12_5034-jgd_GML.zip
5034,世界測地系,2022年（令和4年）,1.34MB,G02-22_5034-jgd_GML.zip
5035,世界測地系,2012年（平成24年）,0.98MB,G02-12_5035-jgd_GML.zip
5035,世界測地系,2022年（令和4年）,1.5MB,G02-22_5035-jgd_GML.zip
5036,世界測地系,2012年（平成24年）,0.11MB,G02-12_5036-jgd_GML.zip
5036,世界測地系,2022年（令和4年）,0.16MB,G02-22_5036-jgd_GML.zip
5039,世界測地系,2012年（平成24年）,0.02MB,G02-12_5039-jgd_GML.zip
5039,世界測地系,2022年（令和4年）,0.02MB,G02-22_5039-jgd_GML.zip
5129,世界測地系,2012年（平成24年）,0.21MB,G02-12_5129-jgd_GML.zip
5129,世界測地系,2022年（令和4年）,0.31MB,G02-22_5129-jgd_GML.zip
5130,世界測地系,2012年（平成24年）,0.13MB,G02-12_5130-jgd_GML.zip
5130,世界測地系,2022年（令和4年）,0.2MB,G02-22_5130-jgd_GML.zip
5131,世界測地系,2012年（平成24年）,1.38MB,G02-12_5131-jgd_GML.zip
5131,世界測地系,2022年（令和4年）,2.09MB,G02-22_5131-jgd_GML.zip
5132,世界測地系,2012年（平成24年）,1.42MB,G02-12_5132-jgd_GML.zip
5132,世界測地系,2022年（令和4年）,2.15MB,G02-22_5132-jgd_GML.zip
5133,世界測地系,2012年（平成24年）,1.10MB,G02-12_5133-jgd_GML.zip
5133,世界測地系,2022年（令和4年）,1.63MB,G02-22_5133-jgd_GML.zip
5134,世界測地系,2012年（平成24年）,0.79MB,G02-12_5134-jgd_GML.zip
5134,世界測地系,2022年（令和4年）,1.19MB,G02-22_5134-jgd_GML.zip
5135,世界測地系,2012年（平成24年）,1.37MB,G02-12_5135-jgd_GML.zip
5135,世界測地系,2022年（令和4年）,2.11MB,G02-22_5135-jgd_GML.zip
5136,世界測地系,2012年（平成24年）,1.10MB,G02-12_5136-jgd_GML.zip
5136,世界測地系,2022年（令和4年）,1.68MB,G02-22_5136-jgd_GML.zip
5137,世界測地系,2012年（平成24年）,0.07MB,G02-12_5137-jgd_GML.zip
5137,世界測地系,2022年（令和4年）,0.09MB,G02-22_5137-jgd_GML.zip
5138,世界測地系,2012年（平成24年）,0.05MB,G02-12_5138-jgd_GML.zip
5138,世界測地系,2022年（令和4年）,0.08MB,G02-22_5138-jgd_GML.zip
5139,世界測地系,2012年（平成24年）,0.06MB,G02-12_5139-jgd_GML.zip
5139,世界測地系,2022年（令和4年）,0.09MB,G02-22_5139-jgd_GML.zip
5229,世界測地系,2012年（平成24年）,0.01MB,G02-12_5229-jgd_GML.zip
5229,世界測地系,2022年（令和4年）,0.02MB,G02-22_5229-jgd_GML.zip
5231,世界測地系,2012年（平成24年）,0.08MB,G02-12_5231-jgd_GML.zip
5231,世界測地系,2022年（令和4年）,0.12MB,G02-22_5231-jgd_GML.zip
5232,世界測地系,2012年（平成24年）,1.33MB,G02-12_5232-jgd_GML.zip
5232,世界測地系,2022年（令和4年）,2.02MB,G02-22_5232-jgd_GML.zip
5233,世界測地系,2012年（平成24年）,1.67MB,G02-12_5233-jgd_GML.zip
5233,世界測地系,2022年（令和4年）,2.54MB,G02-22_5233-jgd_GML.zip
5234,世界測地系,2012年（平成24年）,1.57MB,G02-12_5234-jgd_GML.zip
5234,世界測地系,2022年（令和4年）,2.38MB,G02-22_5234-jgd_GML.zip
5235,世界測地系,2012年（平成24年）,1.61MB,G02-12_5235-jgd_GML.zip
5235,世界測地系,2022年（令和4年）,2.46MB,G02-22_5235-jgd_GML.zip
5236,世界測地系,2012年（平成24年）,1.32MB,G02-12_5236-jgd_GML.zip
5236,世界測地系,2022年（令和4年）,2.01MB,G02-22_5236-jgd_GML.zip
5237,世界測地系,2012年（平成24年）,1.60MB,G02-12_5237-jgd_GML.zip
5237,世界測地系,2022年（令和4年）,2.45MB,G02-22_5237-jgd_GML.zip
5238,世界測地系,2012年（平成24年）,1.36MB,G02-12_5238-jgd_GML.zip
5238,世界測地系,2022年（令和4年）,2.11MB,G02-22_5238-jgd_GML.zip
5239,世界測地系,2012年（平成24年）,0.53MB,G02-12_5239-jgd_GML.zip
5239,世界測地系,2022年（令和4年）,0.8MB,G02-22_5239-jgd_GML.zip
5240,世界測地系,2012年（平成24年）,0.23MB,G02-12_5240-jgd_GML.zip
5240,世界測地系,2022年（令和4年）,0.34MB,G02-22_5240-jgd_GML.zip
5332,世界測地系,2012年（平成24年）,0.14MB,G02-12_5332-jgd_GML.zip
5332,世界測地系,2022年（令和4年）,0.21MB,G02-22_5332-jgd_GML.zip
5333,世界測地系,2012年（平成24年）,0.50MB,G02-12_5333-jgd_GML.zip
5333,世界測地系,2022年（令和4年）,0.76MB,G02-22_5333-jgd_GML.zip
5334,世界測地系,2012年（平成24年）,0.78MB,G02-12_5334-jgd_GML.zip
5334,世界測地系,2022年（令和4年）,1.19MB,G02-22_5334-jgd_GML.zip
5335,世界測地系,2012年（平成24年）,0.78MB,G02-12_5335-jgd_GML.zip
5335,世界測地系,2022年（令和4年）,1.18MB,G02-22_5335-jgd_GML.zip
5336,世界測地系,2012年（平成24年）,1.73MB,G02-12_5336-jgd_GML.zip
5336,世界測地系,2022年（令和4年）,2.7MB,G02-22_5336-jgd_GML.zip
5337,世界測地系,2012年（平成24年）,1.84MB,G02-12_5337-jgd_GML.zip
5337,世界測地系,2022年（令和4年）,2.87MB,G02-22_5337-jgd_GML.zip
5338,世界測地系,2012年（平成24年）,1.89MB,G02-12_5338-jgd_GML.zip
5338,世界測地系,2022年（令和4年）,2.95MB,G02-22_5338-jgd_GML.zip
5339,世界測地系,2012年（平成24年）,1.41MB,G02-12_5339-jgd_GML.zip
5339,世界測地系,2022年（令和4年）,2.09MB,G02-22_5339-jgd_GML.zip
5340,世界測地系,2012年（平成24年）,0.81MB,G02-12_5340-jgd_GML.zip
5340,世界測地系,2022年（令和4年）,1.21MB,G02-22_5340-jgd_GML.zip
5432,世界測地系,2012年（平成24年）,0.02MB,G02-12_5432-jgd_GML.zip
5432,世界測地系,2022年（令和4年）,0.02MB,G02-22_5432-jgd_GML.zip
5433,世界測地系,2012年（平成24年）,0.12MB,G02-12_5433-jgd_GML.zip
5433,世界測地系,2022年（令和4年）,0.18MB,G02-22_5433-jgd_GML.zip
5435,世界測地系,2012年（平成24年）,0.01MB,G02-12_5435-jgd_GML.zip
5435,世界測地系,2022年（令和4年）,0.01MB,G02-22_5435-jgd_GML.zip
5436,世界測地系,2012年（平成24年）,1.31MB,G02-12_5436-jgd_GML.zip
5436,世界測地系,2022年（令和4年）,2.04MB,G02-22_5436-jgd_GML.zip
5437,世界測地系,2012年（平成24年）,1.89MB,G02-12_5437-jgd_GML.zip
5437,世界測地系,2022年（令和4年）,2.97MB,G02-22_5437-jgd_GML.zip
5438,世界測地系,2012年（平成24年）,1.83MB,G02-12_5438-jgd_GML.zip
5438,世界測地系,2022年（令和4年）,2.82MB,G02-22_5438-jgd_GML.zip
5439,世界測地系,2012年（平成24年）,1.49MB,G02-12_5439-jgd_GML.zip
5439,世界測地系,2022年（令和4年）,2.21MB,G02-22_5439-jgd_GML.zip
5440,世界測地系,2012年（平成24年）,0.87MB,G02-12_5440-jgd_GML.zip
5440,世界測地系,2022年（令和4年）,1.3MB,G02-22_5440-jgd_GML.zip
5531,世界測地系,2012年（平成24年）,0.01MB,G02-12_5531-jgd_GML.zip
5531,世界測地系,2022年（令和4年）,0.01MB,G02-22_5531-jgd_GML.zip
5536,世界測地系,2012年（平成24年）,0.46MB,G02-12_5536-jgd_GML.zip
5536,世界測地系,2022年（令和4年）,0.69MB,G02-22_5536-jgd_GML.zip
5537,世界測地系,2012年（平成24年）,0.82MB,G02-12_5537-jgd_GML.zip
5537,世界測地系,2022年（令和4年）,1.26MB,G02-22_5537-jgd_GML.zip
5538,世界測地系,2012年（平成24年）,1.70MB,G02-12_5538-jgd_GML.zip
5538,世界測地系,2022年（令和4年）,2.62MB,G02-22_5538-jgd_GML.zip
5539,世界測地系,2012年（平成24年）,1.85MB,G02-12_5539-jgd_GML.zip
5539,世界測地系,2022年（令和4年）,2.88MB,G02-22_5539-jgd_GML.zip
5540,世界測地系,2012年（平成24年）,1.50MB,G02-12_5540-jgd_GML.zip
5540,世界測地系,2022年（令和4年）,2.26MB,G02-22_5540-jgd_GML.zip
5541,世界測地系,2012年（平成24年）,0.02MB,G02-12_5541-jgd_GML.zip
5541,世界測地系,2022年（令和4年）,0.02MB,G02-22_5541-jgd_GML.zip
5636,世界測地系,2012年（平成24年）,0.06MB,G02-12_5636-jgd_GML.zip
5636,世界測地系,2022年（令和4年）,0.09MB,G02-22_5636-jgd_GML.zip
5637,世界測地系,2012年（平成24年）,0.13MB,G02-12_5637-jgd_GML.zip
5637,世界測地系,2022年（令和4年）,0.2MB,G02-22_5637-jgd_GML.zip
5638,世界測地系,2012年（平成24年）,0.51MB,G02-12_5638-jgd_GML.zip
5638,世界測地系,2022年（令和4年）,0.76MB,G02-22_5638-jgd_GML.zip
5639,世界測地系,2012年（平成24年）,1.75MB,G02-12_5639-jgd_GML.zip
5639,世界測地系,2022年（令和4年）,2.71MB,G02-22_5639-jgd_GML.zip
5640,世界測地系,2012年（平成24年）,1.68MB,G02-12_5640-jgd_GML.zip
5640,世界測地系,2022年（令和4年）,2.58MB,G02-22_5640-jgd_GML.zip
5641,世界測地系,2012年（平成24年）,0.04MB,G02-12_5641-jgd_GML.zip
5641,世界測地系,2022年（令和4年）,0.06MB,G02-22_5641-jgd_GML.zip
5738,世界測地系,2012年（平成24年）,0.18MB,G02-12_5738-jgd_GML.zip
5738,世界測地系,2022年（令和4年）,0.29MB,G02-22_5738-jgd_GML.zip
5739,世界測地系,2012年（平成24年）,1.05MB,G02-12_5739-jgd_GML.zip
5739,世界測地系,2022年（令和4年）,1.62MB,G02-22_5739-jgd_GML.zip
5740,世界測地系,2012年（平成24年）,1.72MB,G02-12_5740-jgd_GML.zip
5740,世界測地系,2022年（令和4年）,2.64MB,G02-22_5740-jgd_GML.zip
5741,世界測地系,2012年（平成24年）,0.42MB,G02-12_5741-jgd_GML.zip
5741,世界測地系,2022年（令和4年）,0.63MB,G02-22_5741-jgd_GML.zip
5839,世界測地系,2012年（平成24年）,0.33MB,G02-12_5839-jgd_GML.zip
5839,世界測地系,2022年（令和4年）,0.5MB,G02-22_5839-jgd_GML.zip
5840,世界測地系,2012年（平成24年）,1.79MB,G02-12_5840-jgd_GML.zip
5840,世界測地系,2022年（令和4年）,2.74MB,G02-22_5840-jgd_GML.zip
5841,世界測地系,2012年（平成24年）,1.28MB,G02-12_5841-jgd_GML.zip
5841,世界測地系,2022年（令和4年）,1.95MB,G02-22_5841-jgd_GML.zip
5939,世界測地系,2012年（平成24年）,0.09MB,G02-12_5939-jgd_GML.zip
5939,世界測地系,2022年（令和4年）,0.14MB,G02-22_5939-jgd_GML.zip
5940,世界測地系,2012年（平成24年）,1.71MB,G02-12_5940-jgd_GML.zip
5940,世界測地系,2022年（令和4年）,2.61MB,G02-22_5940-jgd_GML.zip
5941,世界測地系,2012年（平成24年）,1.76MB,G02-12_5941-jgd_GML.zip
5941,世界測地系,2022年（令和4年）,2.69MB,G02-22_5941-jgd_GML.zip
5942,世界測地系,2012年（平成24年）,0.04MB,G02-12_5942-jgd_GML.zip
5942,世界測地系,2022年（令和4年）,0.06MB,G02-22_5942-jgd_GML.zip
6039,世界測地系,2012年（平成24年）,0.11MB,G02-12_6039-jgd_GML.zip
6039,世界測地系,2022年（令和4年）,0.16MB,G02-22_6039-jgd_GML.zip
6040,世界測地系,2012年（平成24年）,1.75MB,G02-12_6040-jgd_GML.zip
6040,世界測地系,2022年（令和4年）,2.67MB,G02-22_6040-jgd_GML.zip
6041,世界測地系,2012年（平成24年）,1.24MB,G02-12_6041-jgd_GML.zip
6041,世界測地系,2022年（令和4年）,1.86MB,G02-22_6041-jgd_GML.zip
6139,世界測地系,2012年（平成24年）,0.01MB,G02-12_6139-jgd_GML.zip
6139,世界測地系,2022年（令和4年）,0.02MB,G02-22_6139-jgd_GML.zip
6140,世界測地系,2012年（平成24年）,0.94MB,G02-12_6140-jgd_GML.zip
6140,世界測地系,2022年（令和4年）,1.42MB,G02-22_6140-jgd_GML.zip
6141,世界測地系,2012年（平成24年）,0.49MB,G02-12_6141-jgd_GML.zip
6141,世界測地系,2022年（令和4年）,0.74MB,G02-22_6141-jgd_GML.zip
6239,世界測地系,2012年（平成24年）,0.02MB,G02-12_6239-jgd_GML.zip
6239,世界測地系,2022年（令和4年）,0.03MB,G02-22_6239-jgd_GML.zip
6240,世界測地系,2012年（平成24年）,1.04MB,G02-12_6240-jgd_GML.zip
6240,世界測地系,2022年（令和4年）,1.6MB,G02-22_6240-jgd_GML.zip
6241,世界測地系,2012年（平成24年）,0.17MB,G02-12_6241-jgd_GML.zip
6241,世界測地系,2022年（令和4年）,0.26MB,G02-22_6241-jgd_GML.zip
6243,世界測地系,2012年（平成24年）,0.02MB,G02-12_6243-jgd_GML.zip
6243,世界測地系,2022年（令和4年）,0.03MB,G02-22_6243-jgd_GML.zip
6339,世界測地系,2012年（平成24年）,0.33MB,G02-12_6339-jgd_GML.zip
6339,世界測地系,2022年（令和4年）,0.5MB,G02-22_6339-jgd_GML.zip
6340,世界測地系,2012年（平成24年）,1.07MB,G02-12_6340-jgd_GML.zip
6340,世界測地系,2022年（令和4年）,1.64MB,G02-22_6340-jgd_GML.zip
6341,世界測地系,2012年（平成24年）,0.37MB,G02-12_6341-jgd_GML.zip
6341,世界測地系,2022年（令和4年）,0.56MB,G02-22_6341-jgd_GML.zip
6342,世界測地系,2012年（平成24年）,1.05MB,G02-12_6342-jgd_GML.zip
6342,世界測地系,2022年（令和4年）,1.59MB,G02-22_6342-jgd_GML.zip
6343,世界測地系,2012年（平成24年）,0.70MB,G02-12_6343-jgd_GML.zip
6343,世界測地系,2022年（令和4年）,1.04MB,G02-22_6343-jgd_GML.zip
6439,世界測地系,2012年（平成24年）,0.02MB,G02-12_6439-jgd_GML.zip
6439,世界測地系,2022年（令和4年）,0.02MB,G02-22_6439-jgd_GML.zip
6440,世界測地系,2012年（平成24年）,1.14MB,G02-12_6440-jgd_GML.zip
6440,世界測地系,2022年（令和4年）,1.74MB,G02-22_6440-jgd_GML.zip
6441,世界測地系,2012年（平成24年）,1.52MB,G02-12_6441-jgd_GML.zip
6441,世界測地系,2022年（令和4年）,2.28MB,G02-22_6441-jgd_GML.zip
6442,世界測地系,2012年（平成24年）,1.80MB,G02-12_6442-jgd_GML.zip
6442,世界測地系,2022年（令和4年）,2.73MB,G02-22_6442-jgd_GML.zip
6443,世界測地系,2012年（平成24年）,1.49MB,G02-12_6443-jgd_GML.zip
6443,世界測地系,2022年（令和4年）,2.19MB,G02-22_6443-jgd_GML.zip
6444,世界測地系,2012年（平成24年）,0.82MB,G02-12_6444-jgd_GML.zip
6444,世界測地系,2022年（令和4年）,1.21MB,G02-22_6444-jgd_GML.zip
6445,世界測地系,2012年（平成24年）,0.24MB,G02-12_6445-jgd_GML.zip
6445,世界測地系,2022年（令和4年）,0.36MB,G02-22_6445-jgd_GML.zip
6540,世界測地系,2012年（平成24年）,0.02MB,G02-12_6540-jgd_GML.zip
6540,世界測地系,2022年（令和4年）,0.03MB,G02-22_6540-jgd_GML.zip
6541,世界測地系,2012年（平成24年）,1.01MB,G02-12_6541-jgd_GML.zip
6541,世界測地系,2022年（令和4年）,1.53MB,G02-22_6541-jgd_GML.zip
6542,世界測地系,2012年（平成24年）,1.77MB,G02-12_6542-jgd_GML.zip
6542,世界測地系,2022年（令和4年）,2.68MB,G02-22_6542-jgd_GML.zip
6543,世界測地系,2012年（平成24年）,1.72MB,G02-12_6543-jgd_GML.zip
6543,世界測地系,2022年（令和4年）,2.61MB,G02-22_6543-jgd_GML.zip
6544,世界測地系,2012年（平成24年）,1.53MB,G02-12_6544-jgd_GML.zip
6544,世界測地系,2022年（令和4年）,2.3MB,G02-22_6544-jgd_GML.zip
6545,世界測地系,2012年（平成24年）,0.32MB,G02-12_6545-jgd_GML.zip
6545,世界測地系,2022年（令和4年）,0.57MB,G02-22_6545-jgd_GML.zip
6546,世界測地系,2022年（令和4年）,0.09MB,G02-22_6546-jgd_GML.zip
6641,世界測地系,2012年（平成24年）,0.53MB,G02-12_6641-jgd_GML.zip
6641,世界測地系,2022年（令和4年）,0.81MB,G02-22_6641-jgd_GML.zip
6642,世界測地系,2012年（平成24年）,1.71MB,G02-12_6642-jgd_GML.zip
6642,世界測地系,2022年（令和4年）,2.59MB,G02-22_6642-jgd_GML.zip
6643,世界測地系,2012年（平成24年）,0.74MB,G02-12_6643-jgd_GML.zip
6643,世界測地系,2022年（令和4年）,1.14MB,G02-22_6643-jgd_GML.zip
6644,世界測地系,2012年（平成24年）,0.10MB,G02-12_6644-jgd_GML.zip
6644,世界測地系,2022年（令和4年）,0.15MB,G02-22_6644-jgd_GML.zip
6645,世界測地系,2012年（平成24年）,0.18MB,G02-12_6645-jgd_GML.zip
6645,世界測地系,2022年（令和4年）,0.35MB,G02-22_6645-jgd_GML.zip
6646,世界測地系,2022年（令和4年）,0.18MB,G02-22_6646-jgd_GML.zip
6647,世界測地系,2022年（令和4年）,0.05MB,G02-22_6647-jgd_GML.zip
6741,世界測地系,2012年（平成24年）,0.58MB,G02-12_6741-jgd_GML.zip
6741,世界測地系,2022年（令和4年）,0.88MB,G02-22_6741-jgd_GML.zip
6742,世界測地系,2012年（平成24年）,0.89MB,G02-12_6742-jgd_GML.zip
6742,世界測地系,2022年（令和4年）,1.35MB,G02-22_6742-jgd_GML.zip
6747,世界測地系,2022年（令和4年）,0.31MB,G02-22_6747-jgd_GML.zip
6748,世界測地系,2022年（令和4年）,0.11MB,G02-22_6748-jgd_GML.zip
6840,世界測地系,2012年（平成24年）,0.01MB,G02-12_6840-jgd_GML.zip
6840,世界測地系,2022年（令和4年）,0.02MB,G02-22_6840-jgd_GML.zip
6841,世界測地系,2012年（平成24年）,0.13MB,G02-12_6841-jgd_GML.zip
6841,世界測地系,2022年（令和4年）,0.2MB,G02-22_6841-jgd_GML.zip
6842,世界測地系,2012年（平成24年）,0.03MB,G02-12_6842-jgd_GML.zip
6842,世界測地系,2022年（令和4年）,0.05MB,G02-22_6842-jgd_GML.zip
6847,世界測地系,2022年（令和4年）,0.03MB,G02-22_6847-jgd_GML.zip
6848,世界測地系,2022年（令和4年）,0.12MB,G02-22_6848-jgd_GML.zip