[{"filename": "G08-15_01_GML.zip", "url": "https://nlftp.mlit.go.jp/ksj/gml/data/G08/G08-15/G08-15_01_GML.zip"}, {"filename": "G08-15_02_GML.zip", "url": "https://nlftp.mlit.go.jp/ksj/gml/data/G08/G08-15/G08-15_02_GML.zip"}, {"filename": "G08-15_03_GML.zip", "url": "https://nlftp.mlit.go.jp/ksj/gml/data/G08/G08-15/G08-15_03_GML.zip"}, {"filename": "G08-15_04_GML.zip", "url": "https://nlftp.mlit.go.jp/ksj/gml/data/G08/G08-15/G08-15_04_GML.zip"}, {"filename": "G08-15_05_GML.zip", "url": "https://nlftp.mlit.go.jp/ksj/gml/data/G08/G08-15/G08-15_05_GML.zip"}, {"filename": "G08-15_06_GML.zip", "url": "https://nlftp.mlit.go.jp/ksj/gml/data/G08/G08-15/G08-15_06_GML.zip"}, {"filename": "G08-15_07_GML.zip", "url": "https://nlftp.mlit.go.jp/ksj/gml/data/G08/G08-15/G08-15_07_GML.zip"}, {"filename": "G08-15_08_GML.zip", "url": "https://nlftp.mlit.go.jp/ksj/gml/data/G08/G08-15/G08-15_08_GML.zip"}, {"filename": "G08-15_09_GML.zip", "url": "https://nlftp.mlit.go.jp/ksj/gml/data/G08/G08-15/G08-15_09_GML.zip"}, {"filename": "G08-15_10_GML.zip", "url": "https://nlftp.mlit.go.jp/ksj/gml/data/G08/G08-15/G08-15_10_GML.zip"}, {"filename": "G08-15_11_GML.zip", "url": "https://nlftp.mlit.go.jp/ksj/gml/data/G08/G08-15/G08-15_11_GML.zip"}, {"filename": "G08-15_12_GML.zip", "url": "https://nlftp.mlit.go.jp/ksj/gml/data/G08/G08-15/G08-15_12_GML.zip"}, {"filename": "G08-15_13_GML.zip", "url": "https://nlftp.mlit.go.jp/ksj/gml/data/G08/G08-15/G08-15_13_GML.zip"}, {"filename": "G08-15_14_GML.zip", "url": "https://nlftp.mlit.go.jp/ksj/gml/data/G08/G08-15/G08-15_14_GML.zip"}, {"filename": "G08-15_15_GML.zip", "url": "https://nlftp.mlit.go.jp/ksj/gml/data/G08/G08-15/G08-15_15_GML.zip"}, {"filename": "G08-15_16_GML.zip", "url": "https://nlftp.mlit.go.jp/ksj/gml/data/G08/G08-15/G08-15_16_GML.zip"}, {"filename": "G08-15_17_GML.zip", "url": "https://nlftp.mlit.go.jp/ksj/gml/data/G08/G08-15/G08-15_17_GML.zip"}, {"filename": "G08-15_18_GML.zip", "url": "https://nlftp.mlit.go.jp/ksj/gml/data/G08/G08-15/G08-15_18_GML.zip"}, {"filename": "G08-15_19_GML.zip", "url": "https://nlftp.mlit.go.jp/ksj/gml/data/G08/G08-15/G08-15_19_GML.zip"}, {"filename": "G08-15_20_GML.zip", "url": "https://nlftp.mlit.go.jp/ksj/gml/data/G08/G08-15/G08-15_20_GML.zip"}, {"filename": "G08-15_21_GML.zip", "url": "https://nlftp.mlit.go.jp/ksj/gml/data/G08/G08-15/G08-15_21_GML.zip"}, {"filename": "G08-15_22_GML.zip", "url": "https://nlftp.mlit.go.jp/ksj/gml/data/G08/G08-15/G08-15_22_GML.zip"}, {"filename": "G08-15_23_GML.zip", "url": "https://nlftp.mlit.go.jp/ksj/gml/data/G08/G08-15/G08-15_23_GML.zip"}, {"filename": "G08-15_24_GML.zip", "url": "https://nlftp.mlit.go.jp/ksj/gml/data/G08/G08-15/G08-15_24_GML.zip"}, {"filename": "G08-15_25_GML.zip", "url": "https://nlftp.mlit.go.jp/ksj/gml/data/G08/G08-15/G08-15_25_GML.zip"}, {"filename": "G08-15_26_GML.zip", "url": "https://nlftp.mlit.go.jp/ksj/gml/data/G08/G08-15/G08-15_26_GML.zip"}, {"filename": "G08-15_27_GML.zip", "url": "https://nlftp.mlit.go.jp/ksj/gml/data/G08/G08-15/G08-15_27_GML.zip"}, {"filename": "G08-15_28_GML.zip", "url": "https://nlftp.mlit.go.jp/ksj/gml/data/G08/G08-15/G08-15_28_GML.zip"}, {"filename": "G08-15_29_GML.zip", "url": "https://nlftp.mlit.go.jp/ksj/gml/data/G08/G08-15/G08-15_29_GML.zip"}, {"filename": "G08-15_30_GML.zip", "url": "https://nlftp.mlit.go.jp/ksj/gml/data/G08/G08-15/G08-15_30_GML.zip"}, {"filename": "G08-15_31_GML.zip", "url": "https://nlftp.mlit.go.jp/ksj/gml/data/G08/G08-15/G08-15_31_GML.zip"}, {"filename": "G08-15_32_GML.zip", "url": "https://nlftp.mlit.go.jp/ksj/gml/data/G08/G08-15/G08-15_32_GML.zip"}, {"filename": "G08-15_33_GML.zip", "url": "https://nlftp.mlit.go.jp/ksj/gml/data/G08/G08-15/G08-15_33_GML.zip"}, {"filename": "G08-15_34_GML.zip", "url": "https://nlftp.mlit.go.jp/ksj/gml/data/G08/G08-15/G08-15_34_GML.zip"}, {"filename": "G08-15_35_GML.zip", "url": "https://nlftp.mlit.go.jp/ksj/gml/data/G08/G08-15/G08-15_35_GML.zip"}, {"filename": "G08-15_36_GML.zip", "url": "https://nlftp.mlit.go.jp/ksj/gml/data/G08/G08-15/G08-15_36_GML.zip"}, {"filename": "G08-15_37_GML.zip", "url": "https://nlftp.mlit.go.jp/ksj/gml/data/G08/G08-15/G08-15_37_GML.zip"}, {"filename": "G08-15_38_GML.zip", "url": "https://nlftp.mlit.go.jp/ksj/gml/data/G08/G08-15/G08-15_38_GML.zip"}, {"filename": "G08-15_39_GML.zip", "url": "https://nlftp.mlit.go.jp/ksj/gml/data/G08/G08-15/G08-15_39_GML.zip"}, {"filename": "G08-15_40_GML.zip", "url": "https://nlftp.mlit.go.jp/ksj/gml/data/G08/G08-15/G08-15_40_GML.zip"}, {"filename": "G08-15_41_GML.zip", "url": "https://nlftp.mlit.go.jp/ksj/gml/data/G08/G08-15/G08-15_41_GML.zip"}, {"filename": "G08-15_42_GML.zip", "url": "https://nlftp.mlit.go.jp/ksj/gml/data/G08/G08-15/G08-15_42_GML.zip"}, {"filename": "G08-15_43_GML.zip", "url": "https://nlftp.mlit.go.jp/ksj/gml/data/G08/G08-15/G08-15_43_GML.zip"}, {"filename": "G08-15_44_GML.zip", "url": "https://nlftp.mlit.go.jp/ksj/gml/data/G08/G08-15/G08-15_44_GML.zip"}, {"filename": "G08-15_45_GML.zip", "url": "https://nlftp.mlit.go.jp/ksj/gml/data/G08/G08-15/G08-15_45_GML.zip"}, {"filename": "G08-15_46_GML.zip", "url": "https://nlftp.mlit.go.jp/ksj/gml/data/G08/G08-15/G08-15_46_GML.zip"}, {"filename": "G08-15_47_GML.zip", "url": "https://nlftp.mlit.go.jp/ksj/gml/data/G08/G08-15/G08-15_47_GML.zip"}]