北海道,世界測地系,2015年（平成27年）,115.56MB,G08-15_01_GML.zip
青森,世界測地系,2015年（平成27年）,25.67MB,G08-15_02_GML.zip
岩手,世界測地系,2015年（平成27年）,14.49MB,G08-15_03_GML.zip
宮城,世界測地系,2015年（平成27年）,44.36MB,G08-15_04_GML.zip
秋田,世界測地系,2015年（平成27年）,22.94MB,G08-15_05_GML.zip
山形,世界測地系,2015年（平成27年）,18.19MB,G08-15_06_GML.zip
福島,世界測地系,2015年（平成27年）,24.66MB,G08-15_07_GML.zip
茨城,世界測地系,2015年（平成27年）,56.30MB,G08-15_08_GML.zip
栃木,世界測地系,2015年（平成27年）,14.33MB,G08-15_09_GML.zip
群馬,世界測地系,2015年（平成27年）,7.26MB,G08-15_10_GML.zip
埼玉,世界測地系,2015年（平成27年）,41.28MB,G08-15_11_GML.zip
千葉,世界測地系,2015年（平成27年）,53.57MB,G08-15_12_GML.zip
東京,世界測地系,2015年（平成27年）,11.10MB,G08-15_13_GML.zip
神奈川,世界測地系,2015年（平成27年）,10.29MB,G08-15_14_GML.zip
新潟,世界測地系,2015年（平成27年）,37.06MB,G08-15_15_GML.zip
富山,世界測地系,2015年（平成27年）,11.48MB,G08-15_16_GML.zip
石川,世界測地系,2015年（平成27年）,12.68MB,G08-15_17_GML.zip
福井,世界測地系,2015年（平成27年）,13.01MB,G08-15_18_GML.zip
山梨,世界測地系,2015年（平成27年）,3.11MB,G08-15_19_GML.zip
長野,世界測地系,2015年（平成27年）,7.72MB,G08-15_20_GML.zip
岐阜,世界測地系,2015年（平成27年）,17.53MB,G08-15_21_GML.zip
静岡,世界測地系,2015年（平成27年）,21.32MB,G08-15_22_GML.zip
愛知,世界測地系,2015年（平成27年）,38.46MB,G08-15_23_GML.zip
三重,世界測地系,2015年（平成27年）,23.11MB,G08-15_24_GML.zip
滋賀,世界測地系,2015年（平成27年）,11.95MB,G08-15_25_GML.zip
京都,世界測地系,2015年（平成27年）,8.06MB,G08-15_26_GML.zip
大阪,世界測地系,2015年（平成27年）,12.25MB,G08-15_27_GML.zip
兵庫,世界測地系,2015年（平成27年）,4.32MB,G08-15_28_GML.zip
奈良,世界測地系,2015年（平成27年）,6.47MB,G08-15_29_GML.zip
和歌山,世界測地系,2015年（平成27年）,8.64MB,G08-15_30_GML.zip
鳥取,世界測地系,2015年（平成27年）,5.35MB,G08-15_31_GML.zip
島根,世界測地系,2015年（平成27年）,10.49MB,G08-15_32_GML.zip
岡山,世界測地系,2015年（平成27年）,12.68MB,G08-15_33_GML.zip
広島,世界測地系,2015年（平成27年）,13.92MB,G08-15_34_GML.zip
山口,世界測地系,2015年（平成27年）,15.30MB,G08-15_35_GML.zip
徳島,世界測地系,2015年（平成27年）,11.82MB,G08-15_36_GML.zip
香川,世界測地系,2015年（平成27年）,6.72MB,G08-15_37_GML.zip
愛媛,世界測地系,2015年（平成27年）,7.48MB,G08-15_38_GML.zip
高知,世界測地系,2015年（平成27年）,10.97MB,G08-15_39_GML.zip
福岡,世界測地系,2015年（平成27年）,27.43MB,G08-15_40_GML.zip
佐賀,世界測地系,2015年（平成27年）,16.08MB,G08-15_41_GML.zip
長崎,世界測地系,2015年（平成27年）,5.17MB,G08-15_42_GML.zip
熊本,世界測地系,2015年（平成27年）,17.69MB,G08-15_43_GML.zip
大分,世界測地系,2015年（平成27年）,10.50MB,G08-15_44_GML.zip
宮崎,世界測地系,2015年（平成27年）,17.50MB,G08-15_45_GML.zip
鹿児島,世界測地系,2015年（平成27年）,16.20MB,G08-15_46_GML.zip
沖縄,世界測地系,2015年（平成27年）,4.00MB,G08-15_47_GML.zip