[{"filename": "L03-b-14_3036.zip", "url": "https://nlftp.mlit.go.jp/ksj/gml/data/L03-b_r/L03-b_r-14/L03-b-14_3036.zip"}, {"filename": "L03-b-14_3622.zip", "url": "https://nlftp.mlit.go.jp/ksj/gml/data/L03-b_r/L03-b_r-14/L03-b-14_3622.zip"}, {"filename": "L03-b-14_3623.zip", "url": "https://nlftp.mlit.go.jp/ksj/gml/data/L03-b_r/L03-b_r-14/L03-b-14_3623.zip"}, {"filename": "L03-b-14_3624.zip", "url": "https://nlftp.mlit.go.jp/ksj/gml/data/L03-b_r/L03-b_r-14/L03-b-14_3624.zip"}, {"filename": "L03-b-14_3631.zip", "url": "https://nlftp.mlit.go.jp/ksj/gml/data/L03-b_r/L03-b_r-14/L03-b-14_3631.zip"}, {"filename": "L03-b-14_3641.zip", "url": "https://nlftp.mlit.go.jp/ksj/gml/data/L03-b_r/L03-b_r-14/L03-b-14_3641.zip"}, {"filename": "L03-b-14_3653.zip", "url": "https://nlftp.mlit.go.jp/ksj/gml/data/L03-b_r/L03-b_r-14/L03-b-14_3653.zip"}, {"filename": "L03-b-14_3724.zip", "url": "https://nlftp.mlit.go.jp/ksj/gml/data/L03-b_r/L03-b_r-14/L03-b-14_3724.zip"}, {"filename": "L03-b-14_3725.zip", "url": "https://nlftp.mlit.go.jp/ksj/gml/data/L03-b_r/L03-b_r-14/L03-b-14_3725.zip"}, {"filename": "L03-b-14_3741.zip", "url": "https://nlftp.mlit.go.jp/ksj/gml/data/L03-b_r/L03-b_r-14/L03-b-14_3741.zip"}, {"filename": "L03-b-14_3823.zip", "url": "https://nlftp.mlit.go.jp/ksj/gml/data/L03-b_r/L03-b_r-14/L03-b-14_3823.zip"}, {"filename": "L03-b-14_3824.zip", "url": "https://nlftp.mlit.go.jp/ksj/gml/data/L03-b_r/L03-b_r-14/L03-b-14_3824.zip"}, {"filename": "L03-b-14_3831.zip", "url": "https://nlftp.mlit.go.jp/ksj/gml/data/L03-b_r/L03-b_r-14/L03-b-14_3831.zip"}, {"filename": "L03-b-14_3841.zip", "url": "https://nlftp.mlit.go.jp/ksj/gml/data/L03-b_r/L03-b_r-14/L03-b-14_3841.zip"}, {"filename": "L03-b-14_3926.zip", "url": "https://nlftp.mlit.go.jp/ksj/gml/data/L03-b_r/L03-b_r-14/L03-b-14_3926.zip"}, {"filename": "L03-b-14_3927.zip", "url": "https://nlftp.mlit.go.jp/ksj/gml/data/L03-b_r/L03-b_r-14/L03-b-14_3927.zip"}, {"filename": "L03-b-14_3928.zip", "url": "https://nlftp.mlit.go.jp/ksj/gml/data/L03-b_r/L03-b_r-14/L03-b-14_3928.zip"}, {"filename": "L03-b-14_3942.zip", "url": "https://nlftp.mlit.go.jp/ksj/gml/data/L03-b_r/L03-b_r-14/L03-b-14_3942.zip"}, {"filename": "L03-b-14_4027.zip", "url": "https://nlftp.mlit.go.jp/ksj/gml/data/L03-b_r/L03-b_r-14/L03-b-14_4027.zip"}, {"filename": "L03-b-14_4028.zip", "url": "https://nlftp.mlit.go.jp/ksj/gml/data/L03-b_r/L03-b_r-14/L03-b-14_4028.zip"}, {"filename": "L03-b-14_4040.zip", "url": "https://nlftp.mlit.go.jp/ksj/gml/data/L03-b_r/L03-b_r-14/L03-b-14_4040.zip"}, {"filename": "L03-b-14_4042.zip", "url": "https://nlftp.mlit.go.jp/ksj/gml/data/L03-b_r/L03-b_r-14/L03-b-14_4042.zip"}, {"filename": "L03-b-14_4128.zip", "url": "https://nlftp.mlit.go.jp/ksj/gml/data/L03-b_r/L03-b_r-14/L03-b-14_4128.zip"}, {"filename": "L03-b-14_4129.zip", "url": "https://nlftp.mlit.go.jp/ksj/gml/data/L03-b_r/L03-b_r-14/L03-b-14_4129.zip"}, {"filename": "L03-b-14_4142.zip", "url": "https://nlftp.mlit.go.jp/ksj/gml/data/L03-b_r/L03-b_r-14/L03-b-14_4142.zip"}, {"filename": "L03-b-14_4229.zip", "url": "https://nlftp.mlit.go.jp/ksj/gml/data/L03-b_r/L03-b_r-14/L03-b-14_4229.zip"}, {"filename": "L03-b-14_4230.zip", "url": "https://nlftp.mlit.go.jp/ksj/gml/data/L03-b_r/L03-b_r-14/L03-b-14_4230.zip"}, {"filename": "L03-b-14_4328.zip", "url": "https://nlftp.mlit.go.jp/ksj/gml/data/L03-b_r/L03-b_r-14/L03-b-14_4328.zip"}, {"filename": "L03-b-14_4329.zip", "url": "https://nlftp.mlit.go.jp/ksj/gml/data/L03-b_r/L03-b_r-14/L03-b-14_4329.zip"}, {"filename": "L03-b-14_4429.zip", "url": "https://nlftp.mlit.go.jp/ksj/gml/data/L03-b_r/L03-b_r-14/L03-b-14_4429.zip"}, {"filename": "L03-b-14_4440.zip", "url": "https://nlftp.mlit.go.jp/ksj/gml/data/L03-b_r/L03-b_r-14/L03-b-14_4440.zip"}, {"filename": "L03-b-14_4529.zip", "url": "https://nlftp.mlit.go.jp/ksj/gml/data/L03-b_r/L03-b_r-14/L03-b-14_4529.zip"}, {"filename": "L03-b-14_4530.zip", "url": "https://nlftp.mlit.go.jp/ksj/gml/data/L03-b_r/L03-b_r-14/L03-b-14_4530.zip"}, {"filename": "L03-b-14_4531.zip", "url": "https://nlftp.mlit.go.jp/ksj/gml/data/L03-b_r/L03-b_r-14/L03-b-14_4531.zip"}, {"filename": "L03-b-14_4540.zip", "url": "https://nlftp.mlit.go.jp/ksj/gml/data/L03-b_r/L03-b_r-14/L03-b-14_4540.zip"}, {"filename": "L03-b-14_4629.zip", "url": "https://nlftp.mlit.go.jp/ksj/gml/data/L03-b_r/L03-b_r-14/L03-b-14_4629.zip"}, {"filename": "L03-b-14_4630.zip", "url": "https://nlftp.mlit.go.jp/ksj/gml/data/L03-b_r/L03-b_r-14/L03-b-14_4630.zip"}, {"filename": "L03-b-14_4631.zip", "url": "https://nlftp.mlit.go.jp/ksj/gml/data/L03-b_r/L03-b_r-14/L03-b-14_4631.zip"}, {"filename": "L03-b-14_4728.zip", "url": "https://nlftp.mlit.go.jp/ksj/gml/data/L03-b_r/L03-b_r-14/L03-b-14_4728.zip"}, {"filename": "L03-b-14_4729.zip", "url": "https://nlftp.mlit.go.jp/ksj/gml/data/L03-b_r/L03-b_r-14/L03-b-14_4729.zip"}, {"filename": "L03-b-14_4730.zip", "url": "https://nlftp.mlit.go.jp/ksj/gml/data/L03-b_r/L03-b_r-14/L03-b-14_4730.zip"}, {"filename": "L03-b-14_4731.zip", "url": "https://nlftp.mlit.go.jp/ksj/gml/data/L03-b_r/L03-b_r-14/L03-b-14_4731.zip"}, {"filename": "L03-b-14_4739.zip", "url": "https://nlftp.mlit.go.jp/ksj/gml/data/L03-b_r/L03-b_r-14/L03-b-14_4739.zip"}, {"filename": "L03-b-14_4740.zip", "url": "https://nlftp.mlit.go.jp/ksj/gml/data/L03-b_r/L03-b_r-14/L03-b-14_4740.zip"}, {"filename": "L03-b-14_4828.zip", "url": "https://nlftp.mlit.go.jp/ksj/gml/data/L03-b_r/L03-b_r-14/L03-b-14_4828.zip"}, {"filename": "L03-b-14_4829.zip", "url": "https://nlftp.mlit.go.jp/ksj/gml/data/L03-b_r/L03-b_r-14/L03-b-14_4829.zip"}, {"filename": "L03-b-14_4830.zip", "url": "https://nlftp.mlit.go.jp/ksj/gml/data/L03-b_r/L03-b_r-14/L03-b-14_4830.zip"}, {"filename": "L03-b-14_4831.zip", "url": "https://nlftp.mlit.go.jp/ksj/gml/data/L03-b_r/L03-b_r-14/L03-b-14_4831.zip"}, {"filename": "L03-b-14_4839.zip", "url": "https://nlftp.mlit.go.jp/ksj/gml/data/L03-b_r/L03-b_r-14/L03-b-14_4839.zip"}, {"filename": "L03-b-14_4928.zip", "url": "https://nlftp.mlit.go.jp/ksj/gml/data/L03-b_r/L03-b_r-14/L03-b-14_4928.zip"}, {"filename": "L03-b-14_4929.zip", "url": "https://nlftp.mlit.go.jp/ksj/gml/data/L03-b_r/L03-b_r-14/L03-b-14_4929.zip"}, {"filename": "L03-b-14_4930.zip", "url": "https://nlftp.mlit.go.jp/ksj/gml/data/L03-b_r/L03-b_r-14/L03-b-14_4930.zip"}, {"filename": "L03-b-14_4931.zip", "url": "https://nlftp.mlit.go.jp/ksj/gml/data/L03-b_r/L03-b_r-14/L03-b-14_4931.zip"}, {"filename": "L03-b-14_4932.zip", "url": "https://nlftp.mlit.go.jp/ksj/gml/data/L03-b_r/L03-b_r-14/L03-b-14_4932.zip"}, {"filename": "L03-b-14_4933.zip", "url": "https://nlftp.mlit.go.jp/ksj/gml/data/L03-b_r/L03-b_r-14/L03-b-14_4933.zip"}, {"filename": "L03-b-14_4934.zip", "url": "https://nlftp.mlit.go.jp/ksj/gml/data/L03-b_r/L03-b_r-14/L03-b-14_4934.zip"}, {"filename": "L03-b-14_4939.zip", "url": "https://nlftp.mlit.go.jp/ksj/gml/data/L03-b_r/L03-b_r-14/L03-b-14_4939.zip"}, {"filename": "L03-b-14_5029.zip", "url": "https://nlftp.mlit.go.jp/ksj/gml/data/L03-b_r/L03-b_r-14/L03-b-14_5029.zip"}, {"filename": "L03-b-14_5030.zip", "url": "https://nlftp.mlit.go.jp/ksj/gml/data/L03-b_r/L03-b_r-14/L03-b-14_5030.zip"}, {"filename": "L03-b-14_5031.zip", "url": "https://nlftp.mlit.go.jp/ksj/gml/data/L03-b_r/L03-b_r-14/L03-b-14_5031.zip"}, {"filename": "L03-b-14_5032.zip", "url": "https://nlftp.mlit.go.jp/ksj/gml/data/L03-b_r/L03-b_r-14/L03-b-14_5032.zip"}, {"filename": "L03-b-14_5033.zip", "url": "https://nlftp.mlit.go.jp/ksj/gml/data/L03-b_r/L03-b_r-14/L03-b-14_5033.zip"}, {"filename": "L03-b-14_5034.zip", "url": "https://nlftp.mlit.go.jp/ksj/gml/data/L03-b_r/L03-b_r-14/L03-b-14_5034.zip"}, {"filename": "L03-b-14_5035.zip", "url": "https://nlftp.mlit.go.jp/ksj/gml/data/L03-b_r/L03-b_r-14/L03-b-14_5035.zip"}, {"filename": "L03-b-14_5036.zip", "url": "https://nlftp.mlit.go.jp/ksj/gml/data/L03-b_r/L03-b_r-14/L03-b-14_5036.zip"}, {"filename": "L03-b-14_5038.zip", "url": "https://nlftp.mlit.go.jp/ksj/gml/data/L03-b_r/L03-b_r-14/L03-b-14_5038.zip"}, {"filename": "L03-b-14_5039.zip", "url": "https://nlftp.mlit.go.jp/ksj/gml/data/L03-b_r/L03-b_r-14/L03-b-14_5039.zip"}, {"filename": "L03-b-14_5129.zip", "url": "https://nlftp.mlit.go.jp/ksj/gml/data/L03-b_r/L03-b_r-14/L03-b-14_5129.zip"}, {"filename": "L03-b-14_5130.zip", "url": "https://nlftp.mlit.go.jp/ksj/gml/data/L03-b_r/L03-b_r-14/L03-b-14_5130.zip"}, {"filename": "L03-b-14_5131.zip", "url": "https://nlftp.mlit.go.jp/ksj/gml/data/L03-b_r/L03-b_r-14/L03-b-14_5131.zip"}, {"filename": "L03-b-14_5132.zip", "url": "https://nlftp.mlit.go.jp/ksj/gml/data/L03-b_r/L03-b_r-14/L03-b-14_5132.zip"}, {"filename": "L03-b-14_5133.zip", "url": "https://nlftp.mlit.go.jp/ksj/gml/data/L03-b_r/L03-b_r-14/L03-b-14_5133.zip"}, {"filename": "L03-b-14_5134.zip", "url": "https://nlftp.mlit.go.jp/ksj/gml/data/L03-b_r/L03-b_r-14/L03-b-14_5134.zip"}, {"filename": "L03-b-14_5135.zip", "url": "https://nlftp.mlit.go.jp/ksj/gml/data/L03-b_r/L03-b_r-14/L03-b-14_5135.zip"}, {"filename": "L03-b-14_5136.zip", "url": "https://nlftp.mlit.go.jp/ksj/gml/data/L03-b_r/L03-b_r-14/L03-b-14_5136.zip"}, {"filename": "L03-b-14_5137.zip", "url": "https://nlftp.mlit.go.jp/ksj/gml/data/L03-b_r/L03-b_r-14/L03-b-14_5137.zip"}, {"filename": "L03-b-14_5138.zip", "url": "https://nlftp.mlit.go.jp/ksj/gml/data/L03-b_r/L03-b_r-14/L03-b-14_5138.zip"}, {"filename": "L03-b-14_5139.zip", "url": "https://nlftp.mlit.go.jp/ksj/gml/data/L03-b_r/L03-b_r-14/L03-b-14_5139.zip"}, {"filename": "L03-b-14_5229.zip", "url": "https://nlftp.mlit.go.jp/ksj/gml/data/L03-b_r/L03-b_r-14/L03-b-14_5229.zip"}, {"filename": "L03-b-14_5231.zip", "url": "https://nlftp.mlit.go.jp/ksj/gml/data/L03-b_r/L03-b_r-14/L03-b-14_5231.zip"}, {"filename": "L03-b-14_5232.zip", "url": "https://nlftp.mlit.go.jp/ksj/gml/data/L03-b_r/L03-b_r-14/L03-b-14_5232.zip"}, {"filename": "L03-b-14_5233.zip", "url": "https://nlftp.mlit.go.jp/ksj/gml/data/L03-b_r/L03-b_r-14/L03-b-14_5233.zip"}, {"filename": "L03-b-14_5234.zip", "url": "https://nlftp.mlit.go.jp/ksj/gml/data/L03-b_r/L03-b_r-14/L03-b-14_5234.zip"}, {"filename": "L03-b-14_5235.zip", "url": "https://nlftp.mlit.go.jp/ksj/gml/data/L03-b_r/L03-b_r-14/L03-b-14_5235.zip"}, {"filename": "L03-b-14_5236.zip", "url": "https://nlftp.mlit.go.jp/ksj/gml/data/L03-b_r/L03-b_r-14/L03-b-14_5236.zip"}, {"filename": "L03-b-14_5237.zip", "url": "https://nlftp.mlit.go.jp/ksj/gml/data/L03-b_r/L03-b_r-14/L03-b-14_5237.zip"}, {"filename": "L03-b-14_5238.zip", "url": "https://nlftp.mlit.go.jp/ksj/gml/data/L03-b_r/L03-b_r-14/L03-b-14_5238.zip"}, {"filename": "L03-b-14_5239.zip", "url": "https://nlftp.mlit.go.jp/ksj/gml/data/L03-b_r/L03-b_r-14/L03-b-14_5239.zip"}, {"filename": "L03-b-14_5240.zip", "url": "https://nlftp.mlit.go.jp/ksj/gml/data/L03-b_r/L03-b_r-14/L03-b-14_5240.zip"}, {"filename": "L03-b-14_5332.zip", "url": "https://nlftp.mlit.go.jp/ksj/gml/data/L03-b_r/L03-b_r-14/L03-b-14_5332.zip"}, {"filename": "L03-b-14_5333.zip", "url": "https://nlftp.mlit.go.jp/ksj/gml/data/L03-b_r/L03-b_r-14/L03-b-14_5333.zip"}, {"filename": "L03-b-14_5334.zip", "url": "https://nlftp.mlit.go.jp/ksj/gml/data/L03-b_r/L03-b_r-14/L03-b-14_5334.zip"}, {"filename": "L03-b-14_5335.zip", "url": "https://nlftp.mlit.go.jp/ksj/gml/data/L03-b_r/L03-b_r-14/L03-b-14_5335.zip"}, {"filename": "L03-b-14_5336.zip", "url": "https://nlftp.mlit.go.jp/ksj/gml/data/L03-b_r/L03-b_r-14/L03-b-14_5336.zip"}, {"filename": "L03-b-14_5337.zip", "url": "https://nlftp.mlit.go.jp/ksj/gml/data/L03-b_r/L03-b_r-14/L03-b-14_5337.zip"}, {"filename": "L03-b-14_5338.zip", "url": "https://nlftp.mlit.go.jp/ksj/gml/data/L03-b_r/L03-b_r-14/L03-b-14_5338.zip"}, {"filename": "L03-b-14_5339.zip", "url": "https://nlftp.mlit.go.jp/ksj/gml/data/L03-b_r/L03-b_r-14/L03-b-14_5339.zip"}, {"filename": "L03-b-14_5340.zip", "url": "https://nlftp.mlit.go.jp/ksj/gml/data/L03-b_r/L03-b_r-14/L03-b-14_5340.zip"}, {"filename": "L03-b-14_5432.zip", "url": "https://nlftp.mlit.go.jp/ksj/gml/data/L03-b_r/L03-b_r-14/L03-b-14_5432.zip"}, {"filename": "L03-b-14_5433.zip", "url": "https://nlftp.mlit.go.jp/ksj/gml/data/L03-b_r/L03-b_r-14/L03-b-14_5433.zip"}, {"filename": "L03-b-14_5435.zip", "url": "https://nlftp.mlit.go.jp/ksj/gml/data/L03-b_r/L03-b_r-14/L03-b-14_5435.zip"}, {"filename": "L03-b-14_5436.zip", "url": "https://nlftp.mlit.go.jp/ksj/gml/data/L03-b_r/L03-b_r-14/L03-b-14_5436.zip"}, {"filename": "L03-b-14_5437.zip", "url": "https://nlftp.mlit.go.jp/ksj/gml/data/L03-b_r/L03-b_r-14/L03-b-14_5437.zip"}, {"filename": "L03-b-14_5438.zip", "url": "https://nlftp.mlit.go.jp/ksj/gml/data/L03-b_r/L03-b_r-14/L03-b-14_5438.zip"}, {"filename": "L03-b-14_5439.zip", "url": "https://nlftp.mlit.go.jp/ksj/gml/data/L03-b_r/L03-b_r-14/L03-b-14_5439.zip"}, {"filename": "L03-b-14_5440.zip", "url": "https://nlftp.mlit.go.jp/ksj/gml/data/L03-b_r/L03-b_r-14/L03-b-14_5440.zip"}, {"filename": "L03-b-14_5531.zip", "url": "https://nlftp.mlit.go.jp/ksj/gml/data/L03-b_r/L03-b_r-14/L03-b-14_5531.zip"}, {"filename": "L03-b-14_5536.zip", "url": "https://nlftp.mlit.go.jp/ksj/gml/data/L03-b_r/L03-b_r-14/L03-b-14_5536.zip"}, {"filename": "L03-b-14_5537.zip", "url": "https://nlftp.mlit.go.jp/ksj/gml/data/L03-b_r/L03-b_r-14/L03-b-14_5537.zip"}, {"filename": "L03-b-14_5538.zip", "url": "https://nlftp.mlit.go.jp/ksj/gml/data/L03-b_r/L03-b_r-14/L03-b-14_5538.zip"}, {"filename": "L03-b-14_5539.zip", "url": "https://nlftp.mlit.go.jp/ksj/gml/data/L03-b_r/L03-b_r-14/L03-b-14_5539.zip"}, {"filename": "L03-b-14_5540.zip", "url": "https://nlftp.mlit.go.jp/ksj/gml/data/L03-b_r/L03-b_r-14/L03-b-14_5540.zip"}, {"filename": "L03-b-14_5541.zip", "url": "https://nlftp.mlit.go.jp/ksj/gml/data/L03-b_r/L03-b_r-14/L03-b-14_5541.zip"}, {"filename": "L03-b-14_5636.zip", "url": "https://nlftp.mlit.go.jp/ksj/gml/data/L03-b_r/L03-b_r-14/L03-b-14_5636.zip"}, {"filename": "L03-b-14_5637.zip", "url": "https://nlftp.mlit.go.jp/ksj/gml/data/L03-b_r/L03-b_r-14/L03-b-14_5637.zip"}, {"filename": "L03-b-14_5638.zip", "url": "https://nlftp.mlit.go.jp/ksj/gml/data/L03-b_r/L03-b_r-14/L03-b-14_5638.zip"}, {"filename": "L03-b-14_5639.zip", "url": "https://nlftp.mlit.go.jp/ksj/gml/data/L03-b_r/L03-b_r-14/L03-b-14_5639.zip"}, {"filename": "L03-b-14_5640.zip", "url": "https://nlftp.mlit.go.jp/ksj/gml/data/L03-b_r/L03-b_r-14/L03-b-14_5640.zip"}, {"filename": "L03-b-14_5641.zip", "url": "https://nlftp.mlit.go.jp/ksj/gml/data/L03-b_r/L03-b_r-14/L03-b-14_5641.zip"}, {"filename": "L03-b-14_5738.zip", "url": "https://nlftp.mlit.go.jp/ksj/gml/data/L03-b_r/L03-b_r-14/L03-b-14_5738.zip"}, {"filename": "L03-b-14_5739.zip", "url": "https://nlftp.mlit.go.jp/ksj/gml/data/L03-b_r/L03-b_r-14/L03-b-14_5739.zip"}, {"filename": "L03-b-14_5740.zip", "url": "https://nlftp.mlit.go.jp/ksj/gml/data/L03-b_r/L03-b_r-14/L03-b-14_5740.zip"}, {"filename": "L03-b-14_5741.zip", "url": "https://nlftp.mlit.go.jp/ksj/gml/data/L03-b_r/L03-b_r-14/L03-b-14_5741.zip"}, {"filename": "L03-b-14_5839.zip", "url": "https://nlftp.mlit.go.jp/ksj/gml/data/L03-b_r/L03-b_r-14/L03-b-14_5839.zip"}, {"filename": "L03-b-14_5840.zip", "url": "https://nlftp.mlit.go.jp/ksj/gml/data/L03-b_r/L03-b_r-14/L03-b-14_5840.zip"}, {"filename": "L03-b-14_5841.zip", "url": "https://nlftp.mlit.go.jp/ksj/gml/data/L03-b_r/L03-b_r-14/L03-b-14_5841.zip"}, {"filename": "L03-b-14_5939.zip", "url": "https://nlftp.mlit.go.jp/ksj/gml/data/L03-b_r/L03-b_r-14/L03-b-14_5939.zip"}, {"filename": "L03-b-14_5940.zip", "url": "https://nlftp.mlit.go.jp/ksj/gml/data/L03-b_r/L03-b_r-14/L03-b-14_5940.zip"}, {"filename": "L03-b-14_5941.zip", "url": "https://nlftp.mlit.go.jp/ksj/gml/data/L03-b_r/L03-b_r-14/L03-b-14_5941.zip"}, {"filename": "L03-b-14_5942.zip", "url": "https://nlftp.mlit.go.jp/ksj/gml/data/L03-b_r/L03-b_r-14/L03-b-14_5942.zip"}, {"filename": "L03-b-14_6039.zip", "url": "https://nlftp.mlit.go.jp/ksj/gml/data/L03-b_r/L03-b_r-14/L03-b-14_6039.zip"}, {"filename": "L03-b-14_6040.zip", "url": "https://nlftp.mlit.go.jp/ksj/gml/data/L03-b_r/L03-b_r-14/L03-b-14_6040.zip"}, {"filename": "L03-b-14_6041.zip", "url": "https://nlftp.mlit.go.jp/ksj/gml/data/L03-b_r/L03-b_r-14/L03-b-14_6041.zip"}, {"filename": "L03-b-14_6139.zip", "url": "https://nlftp.mlit.go.jp/ksj/gml/data/L03-b_r/L03-b_r-14/L03-b-14_6139.zip"}, {"filename": "L03-b-14_6140.zip", "url": "https://nlftp.mlit.go.jp/ksj/gml/data/L03-b_r/L03-b_r-14/L03-b-14_6140.zip"}, {"filename": "L03-b-14_6141.zip", "url": "https://nlftp.mlit.go.jp/ksj/gml/data/L03-b_r/L03-b_r-14/L03-b-14_6141.zip"}, {"filename": "L03-b-14_6239.zip", "url": "https://nlftp.mlit.go.jp/ksj/gml/data/L03-b_r/L03-b_r-14/L03-b-14_6239.zip"}, {"filename": "L03-b-14_6240.zip", "url": "https://nlftp.mlit.go.jp/ksj/gml/data/L03-b_r/L03-b_r-14/L03-b-14_6240.zip"}, {"filename": "L03-b-14_6241.zip", "url": "https://nlftp.mlit.go.jp/ksj/gml/data/L03-b_r/L03-b_r-14/L03-b-14_6241.zip"}, {"filename": "L03-b-14_6243.zip", "url": "https://nlftp.mlit.go.jp/ksj/gml/data/L03-b_r/L03-b_r-14/L03-b-14_6243.zip"}, {"filename": "L03-b-14_6339.zip", "url": "https://nlftp.mlit.go.jp/ksj/gml/data/L03-b_r/L03-b_r-14/L03-b-14_6339.zip"}, {"filename": "L03-b-14_6340.zip", "url": "https://nlftp.mlit.go.jp/ksj/gml/data/L03-b_r/L03-b_r-14/L03-b-14_6340.zip"}, {"filename": "L03-b-14_6341.zip", "url": "https://nlftp.mlit.go.jp/ksj/gml/data/L03-b_r/L03-b_r-14/L03-b-14_6341.zip"}, {"filename": "L03-b-14_6342.zip", "url": "https://nlftp.mlit.go.jp/ksj/gml/data/L03-b_r/L03-b_r-14/L03-b-14_6342.zip"}, {"filename": "L03-b-14_6343.zip", "url": "https://nlftp.mlit.go.jp/ksj/gml/data/L03-b_r/L03-b_r-14/L03-b-14_6343.zip"}, {"filename": "L03-b-14_6439.zip", "url": "https://nlftp.mlit.go.jp/ksj/gml/data/L03-b_r/L03-b_r-14/L03-b-14_6439.zip"}, {"filename": "L03-b-14_6440.zip", "url": "https://nlftp.mlit.go.jp/ksj/gml/data/L03-b_r/L03-b_r-14/L03-b-14_6440.zip"}, {"filename": "L03-b-14_6441.zip", "url": "https://nlftp.mlit.go.jp/ksj/gml/data/L03-b_r/L03-b_r-14/L03-b-14_6441.zip"}, {"filename": "L03-b-14_6442.zip", "url": "https://nlftp.mlit.go.jp/ksj/gml/data/L03-b_r/L03-b_r-14/L03-b-14_6442.zip"}, {"filename": "L03-b-14_6443.zip", "url": "https://nlftp.mlit.go.jp/ksj/gml/data/L03-b_r/L03-b_r-14/L03-b-14_6443.zip"}, {"filename": "L03-b-14_6444.zip", "url": "https://nlftp.mlit.go.jp/ksj/gml/data/L03-b_r/L03-b_r-14/L03-b-14_6444.zip"}, {"filename": "L03-b-14_6445.zip", "url": "https://nlftp.mlit.go.jp/ksj/gml/data/L03-b_r/L03-b_r-14/L03-b-14_6445.zip"}, {"filename": "L03-b-14_6540.zip", "url": "https://nlftp.mlit.go.jp/ksj/gml/data/L03-b_r/L03-b_r-14/L03-b-14_6540.zip"}, {"filename": "L03-b-14_6541.zip", "url": "https://nlftp.mlit.go.jp/ksj/gml/data/L03-b_r/L03-b_r-14/L03-b-14_6541.zip"}, {"filename": "L03-b-14_6542.zip", "url": "https://nlftp.mlit.go.jp/ksj/gml/data/L03-b_r/L03-b_r-14/L03-b-14_6542.zip"}, {"filename": "L03-b-14_6543.zip", "url": "https://nlftp.mlit.go.jp/ksj/gml/data/L03-b_r/L03-b_r-14/L03-b-14_6543.zip"}, {"filename": "L03-b-14_6544.zip", "url": "https://nlftp.mlit.go.jp/ksj/gml/data/L03-b_r/L03-b_r-14/L03-b-14_6544.zip"}, {"filename": "L03-b-14_6545.zip", "url": "https://nlftp.mlit.go.jp/ksj/gml/data/L03-b_r/L03-b_r-14/L03-b-14_6545.zip"}, {"filename": "L03-b-14_6546.zip", "url": "https://nlftp.mlit.go.jp/ksj/gml/data/L03-b_r/L03-b_r-14/L03-b-14_6546.zip"}, {"filename": "L03-b-14_6641.zip", "url": "https://nlftp.mlit.go.jp/ksj/gml/data/L03-b_r/L03-b_r-14/L03-b-14_6641.zip"}, {"filename": "L03-b-14_6642.zip", "url": "https://nlftp.mlit.go.jp/ksj/gml/data/L03-b_r/L03-b_r-14/L03-b-14_6642.zip"}, {"filename": "L03-b-14_6643.zip", "url": "https://nlftp.mlit.go.jp/ksj/gml/data/L03-b_r/L03-b_r-14/L03-b-14_6643.zip"}, {"filename": "L03-b-14_6644.zip", "url": "https://nlftp.mlit.go.jp/ksj/gml/data/L03-b_r/L03-b_r-14/L03-b-14_6644.zip"}, {"filename": "L03-b-14_6645.zip", "url": "https://nlftp.mlit.go.jp/ksj/gml/data/L03-b_r/L03-b_r-14/L03-b-14_6645.zip"}, {"filename": "L03-b-14_6646.zip", "url": "https://nlftp.mlit.go.jp/ksj/gml/data/L03-b_r/L03-b_r-14/L03-b-14_6646.zip"}, {"filename": "L03-b-14_6647.zip", "url": "https://nlftp.mlit.go.jp/ksj/gml/data/L03-b_r/L03-b_r-14/L03-b-14_6647.zip"}, {"filename": "L03-b-14_6741.zip", "url": "https://nlftp.mlit.go.jp/ksj/gml/data/L03-b_r/L03-b_r-14/L03-b-14_6741.zip"}, {"filename": "L03-b-14_6742.zip", "url": "https://nlftp.mlit.go.jp/ksj/gml/data/L03-b_r/L03-b_r-14/L03-b-14_6742.zip"}, {"filename": "L03-b-14_6747.zip", "url": "https://nlftp.mlit.go.jp/ksj/gml/data/L03-b_r/L03-b_r-14/L03-b-14_6747.zip"}, {"filename": "L03-b-14_6748.zip", "url": "https://nlftp.mlit.go.jp/ksj/gml/data/L03-b_r/L03-b_r-14/L03-b-14_6748.zip"}, {"filename": "L03-b-14_6840.zip", "url": "https://nlftp.mlit.go.jp/ksj/gml/data/L03-b_r/L03-b_r-14/L03-b-14_6840.zip"}, {"filename": "L03-b-14_6841.zip", "url": "https://nlftp.mlit.go.jp/ksj/gml/data/L03-b_r/L03-b_r-14/L03-b-14_6841.zip"}, {"filename": "L03-b-14_6842.zip", "url": "https://nlftp.mlit.go.jp/ksj/gml/data/L03-b_r/L03-b_r-14/L03-b-14_6842.zip"}, {"filename": "L03-b-14_6847.zip", "url": "https://nlftp.mlit.go.jp/ksj/gml/data/L03-b_r/L03-b_r-14/L03-b-14_6847.zip"}, {"filename": "L03-b-14_6848.zip", "url": "https://nlftp.mlit.go.jp/ksj/gml/data/L03-b_r/L03-b_r-14/L03-b-14_6848.zip"}]