3624,世界測地系,2021年（令和3年）,0.76MB,L03-b-u-21_3624-jgd2011_GML.zip
3624,日本測地系,2021年（令和3年）,0.76MB,L03-b-u-21_3624-tky_GML.zip
3624,世界測地系,2016年（平成26年）,0.45MB,L03-b-u-16_3624-jgd_GML.zip
3624,日本測地系,2016年（平成26年）,0.45MB,L03-b-u-16_3624-tky_GML.zip
3624,世界測地系,2014年（平成26年）,0.42MB,L03-b-u-14_3624-jgd_GML.zip
3624,日本測地系,2014年（平成26年）,0.42MB,L03-b-u-14_3624-tky_GML.zip
3624,世界測地系,2009年（平成21年）,0.51MB,L03-b-u-09_3624-jgd_GML.zip
3624,日本測地系,2009年（平成21年）,0.50MB,L03-b-u-09_3624-tky_GML.zip
3725,世界測地系,2021年（令和3年）,0.57MB,L03-b-u-21_3725-jgd2011_GML.zip
3725,日本測地系,2021年（令和3年）,0.57MB,L03-b-u-21_3725-tky_GML.zip
3725,世界測地系,2016年（平成26年）,0.34MB,L03-b-u-16_3725-jgd_GML.zip
3725,日本測地系,2016年（平成26年）,0.34MB,L03-b-u-16_3725-tky_GML.zip
3725,世界測地系,2014年（平成26年）,0.31MB,L03-b-u-14_3725-jgd_GML.zip
3725,日本測地系,2014年（平成26年）,0.31MB,L03-b-u-14_3725-tky_GML.zip
3725,世界測地系,2009年（平成21年）,0.37MB,L03-b-u-09_3725-jgd_GML.zip
3725,日本測地系,2009年（平成21年）,0.37MB,L03-b-u-09_3725-tky_GML.zip
3927,世界測地系,2021年（令和3年）,1.99MB,L03-b-u-21_3927-jgd2011_GML.zip
3927,日本測地系,2021年（令和3年）,1.99MB,L03-b-u-21_3927-tky_GML.zip
3927,世界測地系,2016年（平成26年）,1.12MB,L03-b-u-16_3927-jgd_GML.zip
3927,日本測地系,2016年（平成26年）,1.12MB,L03-b-u-16_3927-tky_GML.zip
3927,世界測地系,2014年（平成26年）,1.08MB,L03-b-u-14_3927-jgd_GML.zip
3927,日本測地系,2014年（平成26年）,1.08MB,L03-b-u-14_3927-tky_GML.zip
3927,世界測地系,2009年（平成21年）,1.18MB,L03-b-u-09_3927-jgd_GML.zip
3927,日本測地系,2009年（平成21年）,1.18MB,L03-b-u-09_3927-tky_GML.zip
3928,世界測地系,2021年（令和3年）,0.47MB,L03-b-u-21_3928-jgd2011_GML.zip
3928,日本測地系,2021年（令和3年）,0.49MB,L03-b-u-21_3928-tky_GML.zip
3928,世界測地系,2016年（平成26年）,0.28MB,L03-b-u-16_3928-jgd_GML.zip
3928,日本測地系,2016年（平成26年）,0.29MB,L03-b-u-16_3928-tky_GML.zip
3928,世界測地系,2014年（平成26年）,0.26MB,L03-b-u-14_3928-jgd_GML.zip
3928,日本測地系,2014年（平成26年）,0.27MB,L03-b-u-14_3928-tky_GML.zip
3928,世界測地系,2009年（平成21年）,0.32MB,L03-b-u-09_3928-jgd_GML.zip
3928,日本測地系,2009年（平成21年）,0.32MB,L03-b-u-09_3928-tky_GML.zip
3942,世界測地系,2021年（令和3年）,0.06MB,L03-b-u-21_3942-jgd2011_GML.zip
3942,日本測地系,2021年（令和3年）,0.07MB,L03-b-u-21_3942-tky_GML.zip
3942,世界測地系,2016年（平成26年）,0.05MB,L03-b-u-16_3942-jgd_GML.zip
3942,日本測地系,2016年（平成26年）,0.05MB,L03-b-u-16_3942-tky_GML.zip
3942,世界測地系,2014年（平成26年）,0.03MB,L03-b-u-14_3942-jgd_GML.zip
3942,日本測地系,2014年（平成26年）,0.03MB,L03-b-u-14_3942-tky_GML.zip
3942,世界測地系,2009年（平成21年）,0.03MB,L03-b-u-09_3942-jgd_GML.zip
3942,日本測地系,2009年（平成21年）,0.04MB,L03-b-u-09_3942-tky_GML.zip
4027,世界測地系,2021年（令和3年）,0.09MB,L03-b-u-21_4027-jgd2011_GML.zip
4027,日本測地系,2021年（令和3年）,0.08MB,L03-b-u-21_4027-tky_GML.zip
4027,世界測地系,2016年（平成26年）,0.06MB,L03-b-u-16_4027-jgd_GML.zip
4027,日本測地系,2016年（平成26年）,0.06MB,L03-b-u-16_4027-tky_GML.zip
4027,世界測地系,2014年（平成26年）,0.05MB,L03-b-u-14_4027-jgd_GML.zip
4027,日本測地系,2014年（平成26年）,0.04MB,L03-b-u-14_4027-tky_GML.zip
4027,世界測地系,2009年（平成21年）,0.05MB,L03-b-u-09_4027-jgd_GML.zip
4027,日本測地系,2009年（平成21年）,0.05MB,L03-b-u-09_4027-tky_GML.zip
4028,世界測地系,2021年（令和3年）,0.04MB,L03-b-u-21_4028-jgd2011_GML.zip
4028,日本測地系,2021年（令和3年）,0.04MB,L03-b-u-21_4028-tky_GML.zip
4028,世界測地系,2016年（平成26年）,0.03MB,L03-b-u-16_4028-jgd_GML.zip
4028,日本測地系,2016年（平成26年）,0.03MB,L03-b-u-16_4028-tky_GML.zip
4028,世界測地系,2014年（平成26年）,0.02MB,L03-b-u-14_4028-jgd_GML.zip
4028,日本測地系,2014年（平成26年）,0.02MB,L03-b-u-14_4028-tky_GML.zip
4028,世界測地系,2009年（平成21年）,0.02MB,L03-b-u-09_4028-jgd_GML.zip
4028,日本測地系,2009年（平成21年）,0.02MB,L03-b-u-09_4028-tky_GML.zip
4042,世界測地系,2021年（令和3年）,0.15MB,L03-b-u-21_4042-jgd2011_GML.zip
4042,日本測地系,2021年（令和3年）,0.15MB,L03-b-u-21_4042-tky_GML.zip
4042,世界測地系,2016年（平成26年）,0.1MB,L03-b-u-16_4042-jgd_GML.zip
4042,日本測地系,2016年（平成26年）,0.1MB,L03-b-u-16_4042-tky_GML.zip
4042,世界測地系,2014年（平成26年）,0.08MB,L03-b-u-14_4042-jgd_GML.zip
4042,日本測地系,2014年（平成26年）,0.08MB,L03-b-u-14_4042-tky_GML.zip
4042,世界測地系,2009年（平成21年）,0.09MB,L03-b-u-09_4042-jgd_GML.zip
4042,日本測地系,2009年（平成21年）,0.09MB,L03-b-u-09_4042-tky_GML.zip
4128,世界測地系,2021年（令和3年）,0.11MB,L03-b-u-21_4128-jgd2011_GML.zip
4128,日本測地系,2021年（令和3年）,0.11MB,L03-b-u-21_4128-tky_GML.zip
4128,世界測地系,2016年（平成26年）,0.07MB,L03-b-u-16_4128-jgd_GML.zip
4128,日本測地系,2016年（平成26年）,0.07MB,L03-b-u-16_4128-tky_GML.zip
4128,世界測地系,2014年（平成26年）,0.06MB,L03-b-u-14_4128-jgd_GML.zip
4128,日本測地系,2014年（平成26年）,0.06MB,L03-b-u-14_4128-tky_GML.zip
4128,世界測地系,2009年（平成21年）,0.06MB,L03-b-u-09_4128-jgd_GML.zip
4128,日本測地系,2009年（平成21年）,0.06MB,L03-b-u-09_4128-tky_GML.zip
4129,世界測地系,2021年（令和3年）,0.04MB,L03-b-u-21_4129-jgd2011_GML.zip
4129,日本測地系,2021年（令和3年）,0.04MB,L03-b-u-21_4129-tky_GML.zip
4129,世界測地系,2016年（平成26年）,0.04MB,L03-b-u-16_4129-jgd_GML.zip
4129,日本測地系,2016年（平成26年）,0.04MB,L03-b-u-16_4129-tky_GML.zip
4129,世界測地系,2014年（平成26年）,0.02MB,L03-b-u-14_4129-jgd_GML.zip
4129,日本測地系,2014年（平成26年）,0.02MB,L03-b-u-14_4129-tky_GML.zip
4129,世界測地系,2009年（平成21年）,0.02MB,L03-b-u-09_4129-jgd_GML.zip
4129,日本測地系,2009年（平成21年）,0.02MB,L03-b-u-09_4129-tky_GML.zip
4229,世界測地系,2021年（令和3年）,0.23MB,L03-b-u-21_4229-jgd2011_GML.zip
4229,日本測地系,2021年（令和3年）,0.23MB,L03-b-u-21_4229-tky_GML.zip
4229,世界測地系,2016年（平成26年）,0.14MB,L03-b-u-16_4229-jgd_GML.zip
4229,日本測地系,2016年（平成26年）,0.14MB,L03-b-u-16_4229-tky_GML.zip
4229,世界測地系,2014年（平成26年）,0.12MB,L03-b-u-14_4229-jgd_GML.zip
4229,日本測地系,2014年（平成26年）,0.12MB,L03-b-u-14_4229-tky_GML.zip
4229,世界測地系,2009年（平成21年）,0.14MB,L03-b-u-09_4229-jgd_GML.zip
4229,日本測地系,2009年（平成21年）,0.14MB,L03-b-u-09_4229-tky_GML.zip
4530,世界測地系,2021年（令和3年）,0.52MB,L03-b-u-21_4530-jgd2011_GML.zip
4530,日本測地系,2021年（令和3年）,0.52MB,L03-b-u-21_4530-tky_GML.zip
4530,世界測地系,2016年（平成26年）,0.31MB,L03-b-u-16_4530-jgd_GML.zip
4530,日本測地系,2016年（平成26年）,0.31MB,L03-b-u-16_4530-tky_GML.zip
4530,世界測地系,2014年（平成26年）,0.29MB,L03-b-u-14_4530-jgd_GML.zip
4530,日本測地系,2014年（平成26年）,0.29MB,L03-b-u-14_4530-tky_GML.zip
4530,世界測地系,2009年（平成21年）,0.33MB,L03-b-u-09_4530-jgd_GML.zip
4530,日本測地系,2009年（平成21年）,0.33MB,L03-b-u-09_4530-tky_GML.zip
4630,世界測地系,2021年（令和3年）,0.93MB,L03-b-u-21_4630-jgd2011_GML.zip
4630,日本測地系,2021年（令和3年）,0.96MB,L03-b-u-21_4630-tky_GML.zip
4630,世界測地系,2016年（平成26年）,0.52MB,L03-b-u-16_4630-jgd_GML.zip
4630,日本測地系,2016年（平成26年）,0.53MB,L03-b-u-16_4630-tky_GML.zip
4630,世界測地系,2014年（平成26年）,0.49MB,L03-b-u-14_4630-jgd_GML.zip
4630,日本測地系,2014年（平成26年）,0.50MB,L03-b-u-14_4630-tky_GML.zip
4630,世界測地系,2009年（平成21年）,0.56MB,L03-b-u-09_4630-jgd_GML.zip
4630,日本測地系,2009年（平成21年）,0.57MB,L03-b-u-09_4630-tky_GML.zip
4631,世界測地系,2021年（令和3年）,0.04MB,L03-b-u-21_4631-jgd2011_GML.zip
4631,日本測地系,2021年（令和3年）,0.05MB,L03-b-u-21_4631-tky_GML.zip
4631,世界測地系,2016年（平成26年）,0.03MB,L03-b-u-16_4631-jgd_GML.zip
4631,日本測地系,2016年（平成26年）,0.04MB,L03-b-u-16_4631-tky_GML.zip
4631,世界測地系,2014年（平成26年）,0.02MB,L03-b-u-14_4631-jgd_GML.zip
4631,日本測地系,2014年（平成26年）,0.02MB,L03-b-u-14_4631-tky_GML.zip
4631,世界測地系,2009年（平成21年）,0.02MB,L03-b-u-09_4631-jgd_GML.zip
4631,日本測地系,2009年（平成21年）,0.03MB,L03-b-u-09_4631-tky_GML.zip
4730,世界測地系,2021年（令和3年）,4.61MB,L03-b-u-21_4730-jgd2011_GML.zip
4730,日本測地系,2021年（令和3年）,4.59MB,L03-b-u-21_4730-tky_GML.zip
4730,世界測地系,2016年（平成26年）,2.69MB,L03-b-u-16_4730-jgd_GML.zip
4730,日本測地系,2016年（平成26年）,2.68MB,L03-b-u-16_4730-tky_GML.zip
4730,世界測地系,2014年（平成26年）,2.61MB,L03-b-u-14_4730-jgd_GML.zip
4730,日本測地系,2014年（平成26年）,2.60MB,L03-b-u-14_4730-tky_GML.zip
4730,世界測地系,2009年（平成21年）,2.98MB,L03-b-u-09_4730-jgd_GML.zip
4730,日本測地系,2009年（平成21年）,2.97MB,L03-b-u-09_4730-tky_GML.zip
4731,世界測地系,2021年（令和3年）,1.97MB,L03-b-u-21_4731-jgd2011_GML.zip
4731,日本測地系,2021年（令和3年）,2.01MB,L03-b-u-21_4731-tky_GML.zip
4731,世界測地系,2016年（平成26年）,1.19MB,L03-b-u-16_4731-jgd_GML.zip
4731,日本測地系,2016年（平成26年）,1.21MB,L03-b-u-16_4731-tky_GML.zip
4731,世界測地系,2014年（平成26年）,1.14MB,L03-b-u-14_4731-jgd_GML.zip
4731,日本測地系,2014年（平成26年）,1.16MB,L03-b-u-14_4731-tky_GML.zip
4731,世界測地系,2009年（平成21年）,1.32MB,L03-b-u-09_4731-jgd_GML.zip
4731,日本測地系,2009年（平成21年）,1.35MB,L03-b-u-09_4731-tky_GML.zip
4828,世界測地系,2021年（令和3年）,0.04MB,L03-b-u-21_4828-jgd2011_GML.zip
4828,日本測地系,2021年（令和3年）,0.04MB,L03-b-u-21_4828-tky_GML.zip
4828,世界測地系,2016年（平成26年）,0.04MB,L03-b-u-16_4828-jgd_GML.zip
4828,日本測地系,2016年（平成26年）,0.04MB,L03-b-u-16_4828-tky_GML.zip
4828,世界測地系,2014年（平成26年）,0.02MB,L03-b-u-14_4828-jgd_GML.zip
4828,日本測地系,2014年（平成26年）,0.02MB,L03-b-u-14_4828-tky_GML.zip
4828,世界測地系,2009年（平成21年）,0.02MB,L03-b-u-09_4828-jgd_GML.zip
4828,日本測地系,2009年（平成21年）,0.03MB,L03-b-u-09_4828-tky_GML.zip
4829,世界測地系,2021年（令和3年）,0.08MB,L03-b-u-21_4829-jgd2011_GML.zip
4829,日本測地系,2021年（令和3年）,0.09MB,L03-b-u-21_4829-tky_GML.zip
4829,世界測地系,2016年（平成26年）,0.06MB,L03-b-u-16_4829-jgd_GML.zip
4829,日本測地系,2016年（平成26年）,0.07MB,L03-b-u-16_4829-tky_GML.zip
4829,世界測地系,2014年（平成26年）,0.05MB,L03-b-u-14_4829-jgd_GML.zip
4829,日本測地系,2014年（平成26年）,0.05MB,L03-b-u-14_4829-tky_GML.zip
4829,世界測地系,2009年（平成21年）,0.05MB,L03-b-u-09_4829-jgd_GML.zip
4829,日本測地系,2009年（平成21年）,0.06MB,L03-b-u-09_4829-tky_GML.zip
4830,世界測地系,2021年（令和3年）,1.94MB,L03-b-u-21_4830-jgd2011_GML.zip
4830,日本測地系,2021年（令和3年）,1.94MB,L03-b-u-21_4830-tky_GML.zip
4830,世界測地系,2016年（平成26年）,1.04MB,L03-b-u-16_4830-jgd_GML.zip
4830,日本測地系,2016年（平成26年）,1.04MB,L03-b-u-16_4830-tky_GML.zip
4830,世界測地系,2014年（平成26年）,0.99MB,L03-b-u-14_4830-jgd_GML.zip
4830,日本測地系,2014年（平成26年）,0.99MB,L03-b-u-14_4830-tky_GML.zip
4830,世界測地系,2009年（平成21年）,1.09MB,L03-b-u-09_4830-jgd_GML.zip
4830,日本測地系,2009年（平成21年）,1.09MB,L03-b-u-09_4830-tky_GML.zip
4831,世界測地系,2021年（令和3年）,1.1MB,L03-b-u-21_4831-jgd2011_GML.zip
4831,日本測地系,2021年（令和3年）,1.08MB,L03-b-u-21_4831-tky_GML.zip
4831,世界測地系,2016年（平成26年）,0.66MB,L03-b-u-16_4831-jgd_GML.zip
4831,日本測地系,2016年（平成26年）,0.65MB,L03-b-u-16_4831-tky_GML.zip
4831,世界測地系,2014年（平成26年）,0.63MB,L03-b-u-14_4831-jgd_GML.zip
4831,日本測地系,2014年（平成26年）,0.62MB,L03-b-u-14_4831-tky_GML.zip
4831,世界測地系,2009年（平成21年）,0.72MB,L03-b-u-09_4831-jgd_GML.zip
4831,日本測地系,2009年（平成21年）,0.71MB,L03-b-u-09_4831-tky_GML.zip
4928,世界測地系,2021年（令和3年）,0.08MB,L03-b-u-21_4928-jgd2011_GML.zip
4928,日本測地系,2021年（令和3年）,0.08MB,L03-b-u-21_4928-tky_GML.zip
4928,世界測地系,2016年（平成26年）,0.06MB,L03-b-u-16_4928-jgd_GML.zip
4928,日本測地系,2016年（平成26年）,0.06MB,L03-b-u-16_4928-tky_GML.zip
4928,世界測地系,2014年（平成26年）,0.04MB,L03-b-u-14_4928-jgd_GML.zip
4928,日本測地系,2014年（平成26年）,0.04MB,L03-b-u-14_4928-tky_GML.zip
4928,世界測地系,2009年（平成21年）,0.05MB,L03-b-u-09_4928-jgd_GML.zip
4928,日本測地系,2009年（平成21年）,0.05MB,L03-b-u-09_4928-tky_GML.zip
4929,世界測地系,2021年（令和3年）,3.51MB,L03-b-u-21_4929-jgd2011_GML.zip
4929,日本測地系,2021年（令和3年）,3.51MB,L03-b-u-21_4929-tky_GML.zip
4929,世界測地系,2016年（平成26年）,2.06MB,L03-b-u-16_4929-jgd_GML.zip
4929,日本測地系,2016年（平成26年）,2.06MB,L03-b-u-16_4929-tky_GML.zip
4929,世界測地系,2014年（平成26年）,2.00MB,L03-b-u-14_4929-jgd_GML.zip
4929,日本測地系,2014年（平成26年）,2.00MB,L03-b-u-14_4929-tky_GML.zip
4929,世界測地系,2009年（平成21年）,2.23MB,L03-b-u-09_4929-jgd_GML.zip
4929,日本測地系,2009年（平成21年）,2.23MB,L03-b-u-09_4929-tky_GML.zip
4930,世界測地系,2021年（令和3年）,7.32MB,L03-b-u-21_4930-jgd2011_GML.zip
4930,日本測地系,2021年（令和3年）,7.4MB,L03-b-u-21_4930-tky_GML.zip
4930,世界測地系,2016年（平成26年）,4.09MB,L03-b-u-16_4930-jgd_GML.zip
4930,日本測地系,2016年（平成26年）,4.13MB,L03-b-u-16_4930-tky_GML.zip
4930,世界測地系,2014年（平成26年）,3.98MB,L03-b-u-14_4930-jgd_GML.zip
4930,日本測地系,2014年（平成26年）,4.02MB,L03-b-u-14_4930-tky_GML.zip
4930,世界測地系,2009年（平成21年）,4.58MB,L03-b-u-09_4930-jgd_GML.zip
4930,日本測地系,2009年（平成21年）,4.63MB,L03-b-u-09_4930-tky_GML.zip
4931,世界測地系,2021年（令和3年）,2.67MB,L03-b-u-21_4931-jgd2011_GML.zip
4931,日本測地系,2021年（令和3年）,2.69MB,L03-b-u-21_4931-tky_GML.zip
4931,世界測地系,2016年（平成26年）,1.51MB,L03-b-u-16_4931-jgd_GML.zip
4931,日本測地系,2016年（平成26年）,1.52MB,L03-b-u-16_4931-tky_GML.zip
4931,世界測地系,2014年（平成26年）,1.46MB,L03-b-u-14_4931-jgd_GML.zip
4931,日本測地系,2014年（平成26年）,1.47MB,L03-b-u-14_4931-tky_GML.zip
4931,世界測地系,2009年（平成21年）,1.68MB,L03-b-u-09_4931-jgd_GML.zip
4931,日本測地系,2009年（平成21年）,1.68MB,L03-b-u-09_4931-tky_GML.zip
4932,世界測地系,2021年（令和3年）,1.93MB,L03-b-u-21_4932-jgd2011_GML.zip
4932,日本測地系,2021年（令和3年）,1.94MB,L03-b-u-21_4932-tky_GML.zip
4932,世界測地系,2016年（平成26年）,1.16MB,L03-b-u-16_4932-jgd_GML.zip
4932,日本測地系,2016年（平成26年）,1.17MB,L03-b-u-16_4932-tky_GML.zip
4932,世界測地系,2014年（平成26年）,1.12MB,L03-b-u-14_4932-jgd_GML.zip
4932,日本測地系,2014年（平成26年）,1.12MB,L03-b-u-14_4932-tky_GML.zip
4932,世界測地系,2009年（平成21年）,1.24MB,L03-b-u-09_4932-jgd_GML.zip
4932,日本測地系,2009年（平成21年）,1.24MB,L03-b-u-09_4932-tky_GML.zip
4933,世界測地系,2021年（令和3年）,0.38MB,L03-b-u-21_4933-jgd2011_GML.zip
4933,日本測地系,2021年（令和3年）,0.4MB,L03-b-u-21_4933-tky_GML.zip
4933,世界測地系,2016年（平成26年）,0.24MB,L03-b-u-16_4933-jgd_GML.zip
4933,日本測地系,2016年（平成26年）,0.25MB,L03-b-u-16_4933-tky_GML.zip
4933,世界測地系,2014年（平成26年）,0.22MB,L03-b-u-14_4933-jgd_GML.zip
4933,日本測地系,2014年（平成26年）,0.23MB,L03-b-u-14_4933-tky_GML.zip
4933,世界測地系,2009年（平成21年）,0.25MB,L03-b-u-09_4933-jgd_GML.zip
4933,日本測地系,2009年（平成21年）,0.26MB,L03-b-u-09_4933-tky_GML.zip
4934,世界測地系,2021年（令和3年）,0.1MB,L03-b-u-21_4934-jgd2011_GML.zip
4934,日本測地系,2021年（令和3年）,0.1MB,L03-b-u-21_4934-tky_GML.zip
4934,世界測地系,2016年（平成26年）,0.07MB,L03-b-u-16_4934-jgd_GML.zip
4934,日本測地系,2016年（平成26年）,0.07MB,L03-b-u-16_4934-tky_GML.zip
4934,世界測地系,2014年（平成26年）,0.06MB,L03-b-u-14_4934-jgd_GML.zip
4934,日本測地系,2014年（平成26年）,0.06MB,L03-b-u-14_4934-tky_GML.zip
4934,世界測地系,2009年（平成21年）,0.07MB,L03-b-u-09_4934-jgd_GML.zip
4934,日本測地系,2009年（平成21年）,0.07MB,L03-b-u-09_4934-tky_GML.zip
4939,世界測地系,2021年（令和3年）,0.27MB,L03-b-u-21_4939-jgd2011_GML.zip
4939,日本測地系,2021年（令和3年）,0.27MB,L03-b-u-21_4939-tky_GML.zip
4939,世界測地系,2016年（平成26年）,0.17MB,L03-b-u-16_4939-jgd_GML.zip
4939,日本測地系,2016年（平成26年）,0.17MB,L03-b-u-16_4939-tky_GML.zip
4939,世界測地系,2014年（平成26年）,0.15MB,L03-b-u-14_4939-jgd_GML.zip
4939,日本測地系,2014年（平成26年）,0.15MB,L03-b-u-14_4939-tky_GML.zip
4939,世界測地系,2009年（平成21年）,0.18MB,L03-b-u-09_4939-jgd_GML.zip
4939,日本測地系,2009年（平成21年）,0.18MB,L03-b-u-09_4939-tky_GML.zip
5029,世界測地系,2021年（令和3年）,0.72MB,L03-b-u-21_5029-jgd2011_GML.zip
5029,日本測地系,2021年（令和3年）,0.69MB,L03-b-u-21_5029-tky_GML.zip
5029,世界測地系,2016年（平成26年）,0.41MB,L03-b-u-16_5029-jgd_GML.zip
5029,日本測地系,2016年（平成26年）,0.39MB,L03-b-u-16_5029-tky_GML.zip
5029,世界測地系,2014年（平成26年）,0.38MB,L03-b-u-14_5029-jgd_GML.zip
5029,日本測地系,2014年（平成26年）,0.36MB,L03-b-u-14_5029-tky_GML.zip
5029,世界測地系,2009年（平成21年）,0.44MB,L03-b-u-09_5029-jgd_GML.zip
5029,日本測地系,2009年（平成21年）,0.41MB,L03-b-u-09_5029-tky_GML.zip
5030,世界測地系,2021年（令和3年）,8.95MB,L03-b-u-21_5030-jgd2011_GML.zip
5030,日本測地系,2021年（令和3年）,8.89MB,L03-b-u-21_5030-tky_GML.zip
5030,世界測地系,2016年（平成26年）,5.08MB,L03-b-u-16_5030-jgd_GML.zip
5030,日本測地系,2016年（平成26年）,5.04MB,L03-b-u-16_5030-tky_GML.zip
5030,世界測地系,2014年（平成26年）,4.96MB,L03-b-u-14_5030-jgd_GML.zip
5030,日本測地系,2014年（平成26年）,4.92MB,L03-b-u-14_5030-tky_GML.zip
5030,世界測地系,2009年（平成21年）,5.67MB,L03-b-u-09_5030-jgd_GML.zip
5030,日本測地系,2009年（平成21年）,5.62MB,L03-b-u-09_5030-tky_GML.zip
5031,世界測地系,2021年（令和3年）,2.11MB,L03-b-u-21_5031-jgd2011_GML.zip
5031,日本測地系,2021年（令和3年）,2.17MB,L03-b-u-21_5031-tky_GML.zip
5031,世界測地系,2016年（平成26年）,1.26MB,L03-b-u-16_5031-jgd_GML.zip
5031,日本測地系,2016年（平成26年）,1.3MB,L03-b-u-16_5031-tky_GML.zip
5031,世界測地系,2014年（平成26年）,1.22MB,L03-b-u-14_5031-jgd_GML.zip
5031,日本測地系,2014年（平成26年）,1.25MB,L03-b-u-14_5031-tky_GML.zip
5031,世界測地系,2009年（平成21年）,1.34MB,L03-b-u-09_5031-jgd_GML.zip
5031,日本測地系,2009年（平成21年）,1.38MB,L03-b-u-09_5031-tky_GML.zip
5032,世界測地系,2021年（令和3年）,3.24MB,L03-b-u-21_5032-jgd2011_GML.zip
5032,日本測地系,2021年（令和3年）,3.26MB,L03-b-u-21_5032-tky_GML.zip
5032,世界測地系,2016年（平成26年）,1.95MB,L03-b-u-16_5032-jgd_GML.zip
5032,日本測地系,2016年（平成26年）,1.96MB,L03-b-u-16_5032-tky_GML.zip
5032,世界測地系,2014年（平成26年）,1.89MB,L03-b-u-14_5032-jgd_GML.zip
5032,日本測地系,2014年（平成26年）,1.90MB,L03-b-u-14_5032-tky_GML.zip
5032,世界測地系,2009年（平成21年）,2.12MB,L03-b-u-09_5032-jgd_GML.zip
5032,日本測地系,2009年（平成21年）,2.13MB,L03-b-u-09_5032-tky_GML.zip
5033,世界測地系,2021年（令和3年）,3.45MB,L03-b-u-21_5033-jgd2011_GML.zip
5033,日本測地系,2021年（令和3年）,3.47MB,L03-b-u-21_5033-tky_GML.zip
5033,世界測地系,2016年（平成26年）,2.02MB,L03-b-u-16_5033-jgd_GML.zip
5033,日本測地系,2016年（平成26年）,2.03MB,L03-b-u-16_5033-tky_GML.zip
5033,世界測地系,2014年（平成26年）,1.95MB,L03-b-u-14_5033-jgd_GML.zip
5033,日本測地系,2014年（平成26年）,1.96MB,L03-b-u-14_5033-tky_GML.zip
5033,世界測地系,2009年（平成21年）,2.23MB,L03-b-u-09_5033-jgd_GML.zip
5033,日本測地系,2009年（平成21年）,2.24MB,L03-b-u-09_5033-tky_GML.zip
5034,世界測地系,2021年（令和3年）,0.8MB,L03-b-u-21_5034-jgd2011_GML.zip
5034,日本測地系,2021年（令和3年）,0.81MB,L03-b-u-21_5034-tky_GML.zip
5034,世界測地系,2016年（平成26年）,0.49MB,L03-b-u-16_5034-jgd_GML.zip
5034,日本測地系,2016年（平成26年）,0.49MB,L03-b-u-16_5034-tky_GML.zip
5034,世界測地系,2014年（平成26年）,0.46MB,L03-b-u-14_5034-jgd_GML.zip
5034,日本測地系,2014年（平成26年）,0.47MB,L03-b-u-14_5034-tky_GML.zip
5034,世界測地系,2009年（平成21年）,0.52MB,L03-b-u-09_5034-jgd_GML.zip
5034,日本測地系,2009年（平成21年）,0.53MB,L03-b-u-09_5034-tky_GML.zip
5035,世界測地系,2021年（令和3年）,0.68MB,L03-b-u-21_5035-jgd2011_GML.zip
5035,日本測地系,2021年（令和3年）,0.68MB,L03-b-u-21_5035-tky_GML.zip
5035,世界測地系,2016年（平成26年）,0.42MB,L03-b-u-16_5035-jgd_GML.zip
5035,日本測地系,2016年（平成26年）,0.42MB,L03-b-u-16_5035-tky_GML.zip
5035,世界測地系,2014年（平成26年）,0.39MB,L03-b-u-14_5035-jgd_GML.zip
5035,日本測地系,2014年（平成26年）,0.39MB,L03-b-u-14_5035-tky_GML.zip
5035,世界測地系,2009年（平成21年）,0.43MB,L03-b-u-09_5035-jgd_GML.zip
5035,日本測地系,2009年（平成21年）,0.43MB,L03-b-u-09_5035-tky_GML.zip
5036,世界測地系,2021年（令和3年）,0.44MB,L03-b-u-21_5036-jgd2011_GML.zip
5036,日本測地系,2021年（令和3年）,0.44MB,L03-b-u-21_5036-tky_GML.zip
5036,世界測地系,2016年（平成26年）,0.25MB,L03-b-u-16_5036-jgd_GML.zip
5036,日本測地系,2016年（平成26年）,0.25MB,L03-b-u-16_5036-tky_GML.zip
5036,世界測地系,2014年（平成26年）,0.23MB,L03-b-u-14_5036-jgd_GML.zip
5036,日本測地系,2014年（平成26年）,0.23MB,L03-b-u-14_5036-tky_GML.zip
5036,世界測地系,2009年（平成21年）,0.27MB,L03-b-u-09_5036-jgd_GML.zip
5036,日本測地系,2009年（平成21年）,0.28MB,L03-b-u-09_5036-tky_GML.zip
5129,世界測地系,2021年（令和3年）,0.06MB,L03-b-u-21_5129-jgd2011_GML.zip
5129,日本測地系,2021年（令和3年）,0.06MB,L03-b-u-21_5129-tky_GML.zip
5129,世界測地系,2016年（平成26年）,0.04MB,L03-b-u-16_5129-jgd_GML.zip
5129,日本測地系,2016年（平成26年）,0.04MB,L03-b-u-16_5129-tky_GML.zip
5129,世界測地系,2014年（平成26年）,0.03MB,L03-b-u-14_5129-jgd_GML.zip
5129,日本測地系,2014年（平成26年）,0.03MB,L03-b-u-14_5129-tky_GML.zip
5129,世界測地系,2009年（平成21年）,0.03MB,L03-b-u-09_5129-jgd_GML.zip
5129,日本測地系,2009年（平成21年）,0.03MB,L03-b-u-09_5129-tky_GML.zip
5130,世界測地系,2021年（令和3年）,0.74MB,L03-b-u-21_5130-jgd2011_GML.zip
5130,日本測地系,2021年（令和3年）,0.72MB,L03-b-u-21_5130-tky_GML.zip
5130,世界測地系,2016年（平成26年）,0.42MB,L03-b-u-16_5130-jgd_GML.zip
5130,日本測地系,2016年（平成26年）,0.41MB,L03-b-u-16_5130-tky_GML.zip
5130,世界測地系,2014年（平成26年）,0.40MB,L03-b-u-14_5130-jgd_GML.zip
5130,日本測地系,2014年（平成26年）,0.39MB,L03-b-u-14_5130-tky_GML.zip
5130,世界測地系,2009年（平成21年）,0.49MB,L03-b-u-09_5130-jgd_GML.zip
5130,日本測地系,2009年（平成21年）,0.48MB,L03-b-u-09_5130-tky_GML.zip
5131,世界測地系,2021年（令和3年）,6MB,L03-b-u-21_5131-jgd2011_GML.zip
5131,日本測地系,2021年（令和3年）,5.96MB,L03-b-u-21_5131-tky_GML.zip
5131,世界測地系,2016年（平成26年）,3.49MB,L03-b-u-16_5131-jgd_GML.zip
5131,日本測地系,2016年（平成26年）,3.46MB,L03-b-u-16_5131-tky_GML.zip
5131,世界測地系,2014年（平成26年）,3.42MB,L03-b-u-14_5131-jgd_GML.zip
5131,日本測地系,2014年（平成26年）,3.39MB,L03-b-u-14_5131-tky_GML.zip
5131,世界測地系,2009年（平成21年）,3.92MB,L03-b-u-09_5131-jgd_GML.zip
5131,日本測地系,2009年（平成21年）,3.88MB,L03-b-u-09_5131-tky_GML.zip
5132,世界測地系,2021年（令和3年）,7.83MB,L03-b-u-21_5132-jgd2011_GML.zip
5132,日本測地系,2021年（令和3年）,7.81MB,L03-b-u-21_5132-tky_GML.zip
5132,世界測地系,2016年（平成26年）,4.72MB,L03-b-u-16_5132-jgd_GML.zip
5132,日本測地系,2016年（平成26年）,4.71MB,L03-b-u-16_5132-tky_GML.zip
5132,世界測地系,2014年（平成26年）,4.62MB,L03-b-u-14_5132-jgd_GML.zip
5132,日本測地系,2014年（平成26年）,4.60MB,L03-b-u-14_5132-tky_GML.zip
5132,世界測地系,2009年（平成21年）,5.28MB,L03-b-u-09_5132-jgd_GML.zip
5132,日本測地系,2009年（平成21年）,5.27MB,L03-b-u-09_5132-tky_GML.zip
5133,世界測地系,2021年（令和3年）,7.69MB,L03-b-u-21_5133-jgd2011_GML.zip
5133,日本測地系,2021年（令和3年）,7.72MB,L03-b-u-21_5133-tky_GML.zip
5133,世界測地系,2016年（平成26年）,4.63MB,L03-b-u-16_5133-jgd_GML.zip
5133,日本測地系,2016年（平成26年）,4.64MB,L03-b-u-16_5133-tky_GML.zip
5133,世界測地系,2014年（平成26年）,4.52MB,L03-b-u-14_5133-jgd_GML.zip
5133,日本測地系,2014年（平成26年）,4.53MB,L03-b-u-14_5133-tky_GML.zip
5133,世界測地系,2009年（平成21年）,5.17MB,L03-b-u-09_5133-jgd_GML.zip
5133,日本測地系,2009年（平成21年）,5.18MB,L03-b-u-09_5133-tky_GML.zip
5134,世界測地系,2021年（令和3年）,4.18MB,L03-b-u-21_5134-jgd2011_GML.zip
5134,日本測地系,2021年（令和3年）,4.2MB,L03-b-u-21_5134-tky_GML.zip
5134,世界測地系,2016年（平成26年）,2.51MB,L03-b-u-16_5134-jgd_GML.zip
5134,日本測地系,2016年（平成26年）,2.52MB,L03-b-u-16_5134-tky_GML.zip
5134,世界測地系,2014年（平成26年）,2.44MB,L03-b-u-14_5134-jgd_GML.zip
5134,日本測地系,2014年（平成26年）,2.45MB,L03-b-u-14_5134-tky_GML.zip
5134,世界測地系,2009年（平成21年）,2.62MB,L03-b-u-09_5134-jgd_GML.zip
5134,日本測地系,2009年（平成21年）,2.64MB,L03-b-u-09_5134-tky_GML.zip
5135,世界測地系,2021年（令和3年）,9.3MB,L03-b-u-21_5135-jgd2011_GML.zip
5135,日本測地系,2021年（令和3年）,9.39MB,L03-b-u-21_5135-tky_GML.zip
5135,世界測地系,2016年（平成26年）,5.6MB,L03-b-u-16_5135-jgd_GML.zip
5135,日本測地系,2016年（平成26年）,5.65MB,L03-b-u-16_5135-tky_GML.zip
5135,世界測地系,2014年（平成26年）,5.48MB,L03-b-u-14_5135-jgd_GML.zip
5135,日本測地系,2014年（平成26年）,5.53MB,L03-b-u-14_5135-tky_GML.zip
5135,世界測地系,2009年（平成21年）,6.30MB,L03-b-u-09_5135-jgd_GML.zip
5135,日本測地系,2009年（平成21年）,6.36MB,L03-b-u-09_5135-tky_GML.zip
5136,世界測地系,2021年（令和3年）,2.81MB,L03-b-u-21_5136-jgd2011_GML.zip
5136,日本測地系,2021年（令和3年）,2.86MB,L03-b-u-21_5136-tky_GML.zip
5136,世界測地系,2016年（平成26年）,1.59MB,L03-b-u-16_5136-jgd_GML.zip
5136,日本測地系,2016年（平成26年）,1.61MB,L03-b-u-16_5136-tky_GML.zip
5136,世界測地系,2014年（平成26年）,1.53MB,L03-b-u-14_5136-jgd_GML.zip
5136,日本測地系,2014年（平成26年）,1.56MB,L03-b-u-14_5136-tky_GML.zip
5136,世界測地系,2009年（平成21年）,1.68MB,L03-b-u-09_5136-jgd_GML.zip
5136,日本測地系,2009年（平成21年）,1.71MB,L03-b-u-09_5136-tky_GML.zip
5137,世界測地系,2021年（令和3年）,0.68MB,L03-b-u-21_5137-jgd2011_GML.zip
5137,日本測地系,2021年（令和3年）,0.75MB,L03-b-u-21_5137-tky_GML.zip
5137,世界測地系,2016年（平成26年）,0.4MB,L03-b-u-16_5137-jgd_GML.zip
5137,日本測地系,2016年（平成26年）,0.44MB,L03-b-u-16_5137-tky_GML.zip
5137,世界測地系,2014年（平成26年）,0.38MB,L03-b-u-14_5137-jgd_GML.zip
5137,日本測地系,2014年（平成26年）,0.41MB,L03-b-u-14_5137-tky_GML.zip
5137,世界測地系,2009年（平成21年）,0.44MB,L03-b-u-09_5137-jgd_GML.zip
5137,日本測地系,2009年（平成21年）,0.48MB,L03-b-u-09_5137-tky_GML.zip
5138,世界測地系,2021年（令和3年）,0.50MB,L03-b-u-21_5138-jgd2011_GML.zip
5138,日本測地系,2021年（令和3年）,0.54MB,L03-b-u-21_5138-tky_GML.zip
5138,世界測地系,2016年（平成26年）,0.3MB,L03-b-u-16_5138-jgd_GML.zip
5138,日本測地系,2016年（平成26年）,0.32MB,L03-b-u-16_5138-tky_GML.zip
5138,世界測地系,2014年（平成26年）,0.27MB,L03-b-u-14_5138-jgd_GML.zip
5138,日本測地系,2014年（平成26年）,0.30MB,L03-b-u-14_5138-tky_GML.zip
5138,世界測地系,2009年（平成21年）,0.31MB,L03-b-u-09_5138-jgd_GML.zip
5138,日本測地系,2009年（平成21年）,0.34MB,L03-b-u-09_5138-tky_GML.zip
5139,世界測地系,2021年（令和3年）,0.38MB,L03-b-u-21_5139-jgd2011_GML.zip
5139,日本測地系,2021年（令和3年）,0.38MB,L03-b-u-21_5139-tky_GML.zip
5139,世界測地系,2016年（平成26年）,0.23MB,L03-b-u-16_5139-jgd_GML.zip
5139,日本測地系,2016年（平成26年）,0.23MB,L03-b-u-16_5139-tky_GML.zip
5139,世界測地系,2014年（平成26年）,0.21MB,L03-b-u-14_5139-jgd_GML.zip
5139,日本測地系,2014年（平成26年）,0.21MB,L03-b-u-14_5139-tky_GML.zip
5139,世界測地系,2009年（平成21年）,0.24MB,L03-b-u-09_5139-jgd_GML.zip
5139,日本測地系,2009年（平成21年）,0.24MB,L03-b-u-09_5139-tky_GML.zip
5231,世界測地系,2021年（令和3年）,0.18MB,L03-b-u-21_5231-jgd2011_GML.zip
5231,日本測地系,2021年（令和3年）,0.17MB,L03-b-u-21_5231-tky_GML.zip
5231,世界測地系,2016年（平成26年）,0.12MB,L03-b-u-16_5231-jgd_GML.zip
5231,日本測地系,2016年（平成26年）,0.11MB,L03-b-u-16_5231-tky_GML.zip
5231,世界測地系,2014年（平成26年）,0.10MB,L03-b-u-14_5231-jgd_GML.zip
5231,日本測地系,2014年（平成26年）,0.09MB,L03-b-u-14_5231-tky_GML.zip
5231,世界測地系,2009年（平成21年）,0.12MB,L03-b-u-09_5231-jgd_GML.zip
5231,日本測地系,2009年（平成21年）,0.11MB,L03-b-u-09_5231-tky_GML.zip
5232,世界測地系,2021年（令和3年）,2.43MB,L03-b-u-21_5232-jgd2011_GML.zip
5232,日本測地系,2021年（令和3年）,2.43MB,L03-b-u-21_5232-tky_GML.zip
5232,世界測地系,2016年（平成26年）,1.43MB,L03-b-u-16_5232-jgd_GML.zip
5232,日本測地系,2016年（平成26年）,1.43MB,L03-b-u-16_5232-tky_GML.zip
5232,世界測地系,2014年（平成26年）,1.38MB,L03-b-u-14_5232-jgd_GML.zip
5232,日本測地系,2014年（平成26年）,1.38MB,L03-b-u-14_5232-tky_GML.zip
5232,世界測地系,2009年（平成21年）,1.45MB,L03-b-u-09_5232-jgd_GML.zip
5232,日本測地系,2009年（平成21年）,1.45MB,L03-b-u-09_5232-tky_GML.zip
5233,世界測地系,2021年（令和3年）,2.53MB,L03-b-u-21_5233-jgd2011_GML.zip
5233,日本測地系,2021年（令和3年）,2.49MB,L03-b-u-21_5233-tky_GML.zip
5233,世界測地系,2016年（平成26年）,1.53MB,L03-b-u-16_5233-jgd_GML.zip
5233,日本測地系,2016年（平成26年）,1.5MB,L03-b-u-16_5233-tky_GML.zip
5233,世界測地系,2014年（平成26年）,1.48MB,L03-b-u-14_5233-jgd_GML.zip
5233,日本測地系,2014年（平成26年）,1.45MB,L03-b-u-14_5233-tky_GML.zip
5233,世界測地系,2009年（平成21年）,1.68MB,L03-b-u-09_5233-jgd_GML.zip
5233,日本測地系,2009年（平成21年）,1.64MB,L03-b-u-09_5233-tky_GML.zip
5234,世界測地系,2021年（令和3年）,7.29MB,L03-b-u-21_5234-jgd2011_GML.zip
5234,日本測地系,2021年（令和3年）,7.26MB,L03-b-u-21_5234-tky_GML.zip
5234,世界測地系,2016年（平成26年）,4.11MB,L03-b-u-16_5234-jgd_GML.zip
5234,日本測地系,2016年（平成26年）,4.09MB,L03-b-u-16_5234-tky_GML.zip
5234,世界測地系,2014年（平成26年）,4.01MB,L03-b-u-14_5234-jgd_GML.zip
5234,日本測地系,2014年（平成26年）,3.99MB,L03-b-u-14_5234-tky_GML.zip
5234,世界測地系,2009年（平成21年）,4.62MB,L03-b-u-09_5234-jgd_GML.zip
5234,日本測地系,2009年（平成21年）,4.61MB,L03-b-u-09_5234-tky_GML.zip
5235,世界測地系,2021年（令和3年）,15.87MB,L03-b-u-21_5235-jgd2011_GML.zip
5235,日本測地系,2021年（令和3年）,15.84MB,L03-b-u-21_5235-tky_GML.zip
5235,世界測地系,2016年（平成26年）,9.2MB,L03-b-u-16_5235-jgd_GML.zip
5235,日本測地系,2016年（平成26年）,9.17MB,L03-b-u-16_5235-tky_GML.zip
5235,世界測地系,2014年（平成26年）,9.03MB,L03-b-u-14_5235-jgd_GML.zip
5235,日本測地系,2014年（平成26年）,9.00MB,L03-b-u-14_5235-tky_GML.zip
5235,世界測地系,2009年（平成21年）,10.44MB,L03-b-u-09_5235-jgd_GML.zip
5235,日本測地系,2009年（平成21年）,10.40MB,L03-b-u-09_5235-tky_GML.zip
5236,世界測地系,2021年（令和3年）,13.78MB,L03-b-u-21_5236-jgd2011_GML.zip
5236,日本測地系,2021年（令和3年）,13.79MB,L03-b-u-21_5236-tky_GML.zip
5236,世界測地系,2016年（平成26年）,7.63MB,L03-b-u-16_5236-jgd_GML.zip
5236,日本測地系,2016年（平成26年）,7.64MB,L03-b-u-16_5236-tky_GML.zip
5236,世界測地系,2014年（平成26年）,7.45MB,L03-b-u-14_5236-jgd_GML.zip
5236,日本測地系,2014年（平成26年）,7.46MB,L03-b-u-14_5236-tky_GML.zip
5236,世界測地系,2009年（平成21年）,8.57MB,L03-b-u-09_5236-jgd_GML.zip
5236,日本測地系,2009年（平成21年）,8.58MB,L03-b-u-09_5236-tky_GML.zip
5237,世界測地系,2021年（令和3年）,10.48MB,L03-b-u-21_5237-jgd2011_GML.zip
5237,日本測地系,2021年（令和3年）,10.49MB,L03-b-u-21_5237-tky_GML.zip
5237,世界測地系,2016年（平成26年）,5.92MB,L03-b-u-16_5237-jgd_GML.zip
5237,日本測地系,2016年（平成26年）,5.92MB,L03-b-u-16_5237-tky_GML.zip
5237,世界測地系,2014年（平成26年）,5.79MB,L03-b-u-14_5237-jgd_GML.zip
5237,日本測地系,2014年（平成26年）,5.80MB,L03-b-u-14_5237-tky_GML.zip
5237,世界測地系,2009年（平成21年）,6.60MB,L03-b-u-09_5237-jgd_GML.zip
5237,日本測地系,2009年（平成21年）,6.60MB,L03-b-u-09_5237-tky_GML.zip
5238,世界測地系,2021年（令和3年）,6.75MB,L03-b-u-21_5238-jgd2011_GML.zip
5238,日本測地系,2021年（令和3年）,6.73MB,L03-b-u-21_5238-tky_GML.zip
5238,世界測地系,2016年（平成26年）,3.86MB,L03-b-u-16_5238-jgd_GML.zip
5238,日本測地系,2016年（平成26年）,3.84MB,L03-b-u-16_5238-tky_GML.zip
5238,世界測地系,2014年（平成26年）,3.76MB,L03-b-u-14_5238-jgd_GML.zip
5238,日本測地系,2014年（平成26年）,3.75MB,L03-b-u-14_5238-tky_GML.zip
5238,世界測地系,2009年（平成21年）,4.34MB,L03-b-u-09_5238-jgd_GML.zip
5238,日本測地系,2009年（平成21年）,4.32MB,L03-b-u-09_5238-tky_GML.zip
5239,世界測地系,2021年（令和3年）,4.16MB,L03-b-u-21_5239-jgd2011_GML.zip
5239,日本測地系,2021年（令和3年）,4.29MB,L03-b-u-21_5239-tky_GML.zip
5239,世界測地系,2016年（平成26年）,2.4MB,L03-b-u-16_5239-jgd_GML.zip
5239,日本測地系,2016年（平成26年）,2.48MB,L03-b-u-16_5239-tky_GML.zip
5239,世界測地系,2014年（平成26年）,2.34MB,L03-b-u-14_5239-jgd_GML.zip
5239,日本測地系,2014年（平成26年）,2.41MB,L03-b-u-14_5239-tky_GML.zip
5239,世界測地系,2009年（平成21年）,2.62MB,L03-b-u-09_5239-jgd_GML.zip
5239,日本測地系,2009年（平成21年）,2.71MB,L03-b-u-09_5239-tky_GML.zip
5240,世界測地系,2021年（令和3年）,0.98MB,L03-b-u-21_5240-jgd2011_GML.zip
5240,日本測地系,2021年（令和3年）,1.00MB,L03-b-u-21_5240-tky_GML.zip
5240,世界測地系,2016年（平成26年）,0.42MB,L03-b-u-16_5240-jgd_GML.zip
5240,日本測地系,2016年（平成26年）,0.43MB,L03-b-u-16_5240-tky_GML.zip
5240,世界測地系,2014年（平成26年）,0.39MB,L03-b-u-14_5240-jgd_GML.zip
5240,日本測地系,2014年（平成26年）,0.40MB,L03-b-u-14_5240-tky_GML.zip
5240,世界測地系,2009年（平成21年）,0.47MB,L03-b-u-09_5240-jgd_GML.zip
5240,日本測地系,2009年（平成21年）,0.48MB,L03-b-u-09_5240-tky_GML.zip
5332,世界測地系,2021年（令和3年）,1.09MB,L03-b-u-21_5332-jgd2011_GML.zip
5332,日本測地系,2021年（令和3年）,1.06MB,L03-b-u-21_5332-tky_GML.zip
5332,世界測地系,2016年（平成26年）,0.67MB,L03-b-u-16_5332-jgd_GML.zip
5332,日本測地系,2016年（平成26年）,0.65MB,L03-b-u-16_5332-tky_GML.zip
5332,世界測地系,2014年（平成26年）,0.64MB,L03-b-u-14_5332-jgd_GML.zip
5332,日本測地系,2014年（平成26年）,0.62MB,L03-b-u-14_5332-tky_GML.zip
5332,世界測地系,2009年（平成21年）,0.76MB,L03-b-u-09_5332-jgd_GML.zip
5332,日本測地系,2009年（平成21年）,0.74MB,L03-b-u-09_5332-tky_GML.zip
5333,世界測地系,2021年（令和3年）,2.24MB,L03-b-u-21_5333-jgd2011_GML.zip
5333,日本測地系,2021年（令和3年）,2.24MB,L03-b-u-21_5333-tky_GML.zip
5333,世界測地系,2016年（平成26年）,1.3MB,L03-b-u-16_5333-jgd_GML.zip
5333,日本測地系,2016年（平成26年）,1.3MB,L03-b-u-16_5333-tky_GML.zip
5333,世界測地系,2014年（平成26年）,1.26MB,L03-b-u-14_5333-jgd_GML.zip
5333,日本測地系,2014年（平成26年）,1.26MB,L03-b-u-14_5333-tky_GML.zip
5333,世界測地系,2009年（平成21年）,1.48MB,L03-b-u-09_5333-jgd_GML.zip
5333,日本測地系,2009年（平成21年）,1.48MB,L03-b-u-09_5333-tky_GML.zip
5334,世界測地系,2021年（令和3年）,4.44MB,L03-b-u-21_5334-jgd2011_GML.zip
5334,日本測地系,2021年（令和3年）,4.42MB,L03-b-u-21_5334-tky_GML.zip
5334,世界測地系,2016年（平成26年）,2.54MB,L03-b-u-16_5334-jgd_GML.zip
5334,日本測地系,2016年（平成26年）,2.53MB,L03-b-u-16_5334-tky_GML.zip
5334,世界測地系,2014年（平成26年）,2.48MB,L03-b-u-14_5334-jgd_GML.zip
5334,日本測地系,2014年（平成26年）,2.47MB,L03-b-u-14_5334-tky_GML.zip
5334,世界測地系,2009年（平成21年）,2.35MB,L03-b-u-09_5334-jgd_GML.zip
5334,日本測地系,2009年（平成21年）,2.35MB,L03-b-u-09_5334-tky_GML.zip
5335,世界測地系,2021年（令和3年）,2.94MB,L03-b-u-21_5335-jgd2011_GML.zip
5335,日本測地系,2021年（令和3年）,2.92MB,L03-b-u-21_5335-tky_GML.zip
5335,世界測地系,2016年（平成26年）,1.64MB,L03-b-u-16_5335-jgd_GML.zip
5335,日本測地系,2016年（平成26年）,1.63MB,L03-b-u-16_5335-tky_GML.zip
5335,世界測地系,2014年（平成26年）,1.59MB,L03-b-u-14_5335-jgd_GML.zip
5335,日本測地系,2014年（平成26年）,1.58MB,L03-b-u-14_5335-tky_GML.zip
5335,世界測地系,2009年（平成21年）,1.72MB,L03-b-u-09_5335-jgd_GML.zip
5335,日本測地系,2009年（平成21年）,1.70MB,L03-b-u-09_5335-tky_GML.zip
5336,世界測地系,2021年（令和3年）,6.34MB,L03-b-u-21_5336-jgd2011_GML.zip
5336,日本測地系,2021年（令和3年）,6.27MB,L03-b-u-21_5336-tky_GML.zip
5336,世界測地系,2016年（平成26年）,3.58MB,L03-b-u-16_5336-jgd_GML.zip
5336,日本測地系,2016年（平成26年）,3.54MB,L03-b-u-16_5336-tky_GML.zip
5336,世界測地系,2014年（平成26年）,3.49MB,L03-b-u-14_5336-jgd_GML.zip
5336,日本測地系,2014年（平成26年）,3.45MB,L03-b-u-14_5336-tky_GML.zip
5336,世界測地系,2009年（平成21年）,3.99MB,L03-b-u-09_5336-jgd_GML.zip
5336,日本測地系,2009年（平成21年）,3.94MB,L03-b-u-09_5336-tky_GML.zip
5337,世界測地系,2021年（令和3年）,5.09MB,L03-b-u-21_5337-jgd2011_GML.zip
5337,日本測地系,2021年（令和3年）,5.07MB,L03-b-u-21_5337-tky_GML.zip
5337,世界測地系,2016年（平成26年）,2.79MB,L03-b-u-16_5337-jgd_GML.zip
5337,日本測地系,2016年（平成26年）,2.78MB,L03-b-u-16_5337-tky_GML.zip
5337,世界測地系,2014年（平成26年）,2.73MB,L03-b-u-14_5337-jgd_GML.zip
5337,日本測地系,2014年（平成26年）,2.71MB,L03-b-u-14_5337-tky_GML.zip
5337,世界測地系,2009年（平成21年）,3.08MB,L03-b-u-09_5337-jgd_GML.zip
5337,日本測地系,2009年（平成21年）,3.06MB,L03-b-u-09_5337-tky_GML.zip
5338,世界測地系,2021年（令和3年）,4.74MB,L03-b-u-21_5338-jgd2011_GML.zip
5338,日本測地系,2021年（令和3年）,4.77MB,L03-b-u-21_5338-tky_GML.zip
5338,世界測地系,2016年（平成26年）,2.69MB,L03-b-u-16_5338-jgd_GML.zip
5338,日本測地系,2016年（平成26年）,2.71MB,L03-b-u-16_5338-tky_GML.zip
5338,世界測地系,2014年（平成26年）,2.62MB,L03-b-u-14_5338-jgd_GML.zip
5338,日本測地系,2014年（平成26年）,2.64MB,L03-b-u-14_5338-tky_GML.zip
5338,世界測地系,2009年（平成21年）,3.02MB,L03-b-u-09_5338-jgd_GML.zip
5338,日本測地系,2009年（平成21年）,3.03MB,L03-b-u-09_5338-tky_GML.zip
5339,世界測地系,2021年（令和3年）,16.68MB,L03-b-u-21_5339-jgd2011_GML.zip
5339,日本測地系,2021年（令和3年）,16.68MB,L03-b-u-21_5339-tky_GML.zip
5339,世界測地系,2016年（平成26年）,9.57MB,L03-b-u-16_5339-jgd_GML.zip
5339,日本測地系,2016年（平成26年）,9.56MB,L03-b-u-16_5339-tky_GML.zip
5339,世界測地系,2014年（平成26年）,9.39MB,L03-b-u-14_5339-jgd_GML.zip
5339,日本測地系,2014年（平成26年）,9.38MB,L03-b-u-14_5339-tky_GML.zip
5339,世界測地系,2009年（平成21年）,10.83MB,L03-b-u-09_5339-jgd_GML.zip
5339,日本測地系,2009年（平成21年）,10.82MB,L03-b-u-09_5339-tky_GML.zip
5340,世界測地系,2021年（令和3年）,12.60MB,L03-b-u-21_5340-jgd2011_GML.zip
5340,日本測地系,2021年（令和3年）,12.70MB,L03-b-u-21_5340-tky_GML.zip
5340,世界測地系,2016年（平成26年）,7.07MB,L03-b-u-16_5340-jgd_GML.zip
5340,日本測地系,2016年（平成26年）,7.13MB,L03-b-u-16_5340-tky_GML.zip
5340,世界測地系,2014年（平成26年）,6.91MB,L03-b-u-14_5340-jgd_GML.zip
5340,日本測地系,2014年（平成26年）,6.97MB,L03-b-u-14_5340-tky_GML.zip
5340,世界測地系,2009年（平成21年）,8.02MB,L03-b-u-09_5340-jgd_GML.zip
5340,日本測地系,2009年（平成21年）,8.08MB,L03-b-u-09_5340-tky_GML.zip
5433,世界測地系,2021年（令和3年）,0.13MB,L03-b-u-21_5433-jgd2011_GML.zip
5433,日本測地系,2021年（令和3年）,0.13MB,L03-b-u-21_5433-tky_GML.zip
5433,世界測地系,2016年（平成26年）,0.09MB,L03-b-u-16_5433-jgd_GML.zip
5433,日本測地系,2016年（平成26年）,0.09MB,L03-b-u-16_5433-tky_GML.zip
5433,世界測地系,2014年（平成26年）,0.07MB,L03-b-u-14_5433-jgd_GML.zip
5433,日本測地系,2014年（平成26年）,0.07MB,L03-b-u-14_5433-tky_GML.zip
5433,世界測地系,2009年（平成21年）,0.09MB,L03-b-u-09_5433-jgd_GML.zip
5433,日本測地系,2009年（平成21年）,0.09MB,L03-b-u-09_5433-tky_GML.zip
5436,世界測地系,2021年（令和3年）,5.48MB,L03-b-u-21_5436-jgd2011_GML.zip
5436,日本測地系,2021年（令和3年）,5.48MB,L03-b-u-21_5436-tky_GML.zip
5436,世界測地系,2016年（平成26年）,3.12MB,L03-b-u-16_5436-jgd_GML.zip
5436,日本測地系,2016年（平成26年）,3.12MB,L03-b-u-16_5436-tky_GML.zip
5436,世界測地系,2014年（平成26年）,3.04MB,L03-b-u-14_5436-jgd_GML.zip
5436,日本測地系,2014年（平成26年）,3.04MB,L03-b-u-14_5436-tky_GML.zip
5436,世界測地系,2009年（平成21年）,3.38MB,L03-b-u-09_5436-jgd_GML.zip
5436,日本測地系,2009年（平成21年）,3.38MB,L03-b-u-09_5436-tky_GML.zip
5437,世界測地系,2021年（令和3年）,6.40MB,L03-b-u-21_5437-jgd2011_GML.zip
5437,日本測地系,2021年（令和3年）,6.47MB,L03-b-u-21_5437-tky_GML.zip
5437,世界測地系,2016年（平成26年）,2.14MB,L03-b-u-16_5437-jgd_GML.zip
5437,日本測地系,2016年（平成26年）,2.16MB,L03-b-u-16_5437-tky_GML.zip
5437,世界測地系,2014年（平成26年）,2.08MB,L03-b-u-14_5437-jgd_GML.zip
5437,日本測地系,2014年（平成26年）,2.09MB,L03-b-u-14_5437-tky_GML.zip
5437,世界測地系,2009年（平成21年）,2.38MB,L03-b-u-09_5437-jgd_GML.zip
5437,日本測地系,2009年（平成21年）,2.40MB,L03-b-u-09_5437-tky_GML.zip
5438,世界測地系,2021年（令和3年）,8.34MB,L03-b-u-21_5438-jgd2011_GML.zip
5438,日本測地系,2021年（令和3年）,8.32MB,L03-b-u-21_5438-tky_GML.zip
5438,世界測地系,2016年（平成26年）,4.53MB,L03-b-u-16_5438-jgd_GML.zip
5438,日本測地系,2016年（平成26年）,4.52MB,L03-b-u-16_5438-tky_GML.zip
5438,世界測地系,2014年（平成26年）,4.42MB,L03-b-u-14_5438-jgd_GML.zip
5438,日本測地系,2014年（平成26年）,4.40MB,L03-b-u-14_5438-tky_GML.zip
5438,世界測地系,2009年（平成21年）,4.92MB,L03-b-u-09_5438-jgd_GML.zip
5438,日本測地系,2009年（平成21年）,4.91MB,L03-b-u-09_5438-tky_GML.zip
5439,世界測地系,2021年（令和3年）,18.11MB,L03-b-u-21_5439-jgd2011_GML.zip
5439,日本測地系,2021年（令和3年）,18.04MB,L03-b-u-21_5439-tky_GML.zip
5439,世界測地系,2016年（平成26年）,10.17MB,L03-b-u-16_5439-jgd_GML.zip
5439,日本測地系,2016年（平成26年）,10.11MB,L03-b-u-16_5439-tky_GML.zip
5439,世界測地系,2014年（平成26年）,9.98MB,L03-b-u-14_5439-jgd_GML.zip
5439,日本測地系,2014年（平成26年）,9.92MB,L03-b-u-14_5439-tky_GML.zip
5439,世界測地系,2009年（平成21年）,11.54MB,L03-b-u-09_5439-jgd_GML.zip
5439,日本測地系,2009年（平成21年）,11.48MB,L03-b-u-09_5439-tky_GML.zip
5440,世界測地系,2021年（令和3年）,11.41MB,L03-b-u-21_5440-jgd2011_GML.zip
5440,日本測地系,2021年（令和3年）,11.44MB,L03-b-u-21_5440-tky_GML.zip
5440,世界測地系,2016年（平成26年）,6.49MB,L03-b-u-16_5440-jgd_GML.zip
5440,日本測地系,2016年（平成26年）,6.52MB,L03-b-u-16_5440-tky_GML.zip
5440,世界測地系,2014年（平成26年）,6.35MB,L03-b-u-14_5440-jgd_GML.zip
5440,日本測地系,2014年（平成26年）,6.37MB,L03-b-u-14_5440-tky_GML.zip
5440,世界測地系,2009年（平成21年）,7.43MB,L03-b-u-09_5440-jgd_GML.zip
5440,日本測地系,2009年（平成21年）,7.46MB,L03-b-u-09_5440-tky_GML.zip
5536,世界測地系,2021年（令和3年）,2.28MB,L03-b-u-21_5536-jgd2011_GML.zip
5536,日本測地系,2021年（令和3年）,2.22MB,L03-b-u-21_5536-tky_GML.zip
5536,世界測地系,2016年（平成26年）,1.31MB,L03-b-u-16_5536-jgd_GML.zip
5536,日本測地系,2016年（平成26年）,1.28MB,L03-b-u-16_5536-tky_GML.zip
5536,世界測地系,2014年（平成26年）,1.27MB,L03-b-u-14_5536-jgd_GML.zip
5536,日本測地系,2014年（平成26年）,1.24MB,L03-b-u-14_5536-tky_GML.zip
5536,世界測地系,2009年（平成21年）,1.50MB,L03-b-u-09_5536-jgd_GML.zip
5536,日本測地系,2009年（平成21年）,1.46MB,L03-b-u-09_5536-tky_GML.zip
5537,世界測地系,2021年（令和3年）,4.98MB,L03-b-u-21_5537-jgd2011_GML.zip
5537,日本測地系,2021年（令和3年）,4.92MB,L03-b-u-21_5537-tky_GML.zip
5537,世界測地系,2016年（平成26年）,1.78MB,L03-b-u-16_5537-jgd_GML.zip
5537,日本測地系,2016年（平成26年）,1.77MB,L03-b-u-16_5537-tky_GML.zip
5537,世界測地系,2014年（平成26年）,1.73MB,L03-b-u-14_5537-jgd_GML.zip
5537,日本測地系,2014年（平成26年）,1.72MB,L03-b-u-14_5537-tky_GML.zip
5537,世界測地系,2009年（平成21年）,1.96MB,L03-b-u-09_5537-jgd_GML.zip
5537,日本測地系,2009年（平成21年）,1.95MB,L03-b-u-09_5537-tky_GML.zip
5538,世界測地系,2021年（令和3年）,7.63MB,L03-b-u-21_5538-jgd2011_GML.zip
5538,日本測地系,2021年（令和3年）,7.60MB,L03-b-u-21_5538-tky_GML.zip
5538,世界測地系,2016年（平成26年）,3.91MB,L03-b-u-16_5538-jgd_GML.zip
5538,日本測地系,2016年（平成26年）,3.9MB,L03-b-u-16_5538-tky_GML.zip
5538,世界測地系,2014年（平成26年）,3.82MB,L03-b-u-14_5538-jgd_GML.zip
5538,日本測地系,2014年（平成26年）,3.80MB,L03-b-u-14_5538-tky_GML.zip
5538,世界測地系,2009年（平成21年）,4.30MB,L03-b-u-09_5538-jgd_GML.zip
5538,日本測地系,2009年（平成21年）,4.28MB,L03-b-u-09_5538-tky_GML.zip
5539,世界測地系,2021年（令和3年）,5.34MB,L03-b-u-21_5539-jgd2011_GML.zip
5539,日本測地系,2021年（令和3年）,5.29MB,L03-b-u-21_5539-tky_GML.zip
5539,世界測地系,2016年（平成26年）,2.82MB,L03-b-u-16_5539-jgd_GML.zip
5539,日本測地系,2016年（平成26年）,2.78MB,L03-b-u-16_5539-tky_GML.zip
5539,世界測地系,2014年（平成26年）,2.76MB,L03-b-u-14_5539-jgd_GML.zip
5539,日本測地系,2014年（平成26年）,2.72MB,L03-b-u-14_5539-tky_GML.zip
5539,世界測地系,2009年（平成21年）,3.17MB,L03-b-u-09_5539-jgd_GML.zip
5539,日本測地系,2009年（平成21年）,3.13MB,L03-b-u-09_5539-tky_GML.zip
5540,世界測地系,2021年（令和3年）,7.39MB,L03-b-u-21_5540-jgd2011_GML.zip
5540,日本測地系,2021年（令和3年）,7.41MB,L03-b-u-21_5540-tky_GML.zip
5540,世界測地系,2016年（平成26年）,4.03MB,L03-b-u-16_5540-jgd_GML.zip
5540,日本測地系,2016年（平成26年）,4.06MB,L03-b-u-16_5540-tky_GML.zip
5540,世界測地系,2014年（平成26年）,3.93MB,L03-b-u-14_5540-jgd_GML.zip
5540,日本測地系,2014年（平成26年）,3.95MB,L03-b-u-14_5540-tky_GML.zip
5540,世界測地系,2009年（平成21年）,4.53MB,L03-b-u-09_5540-jgd_GML.zip
5540,日本測地系,2009年（平成21年）,4.56MB,L03-b-u-09_5540-tky_GML.zip
5541,世界測地系,2021年（令和3年）,0.12MB,L03-b-u-21_5541-jgd2011_GML.zip
5541,日本測地系,2021年（令和3年）,0.15MB,L03-b-u-21_5541-tky_GML.zip
5541,世界測地系,2016年（平成26年）,0.08MB,L03-b-u-16_5541-jgd_GML.zip
5541,日本測地系,2016年（平成26年）,0.1MB,L03-b-u-16_5541-tky_GML.zip
5541,世界測地系,2014年（平成26年）,0.06MB,L03-b-u-14_5541-jgd_GML.zip
5541,日本測地系,2014年（平成26年）,0.08MB,L03-b-u-14_5541-tky_GML.zip
5541,世界測地系,2009年（平成21年）,0.08MB,L03-b-u-09_5541-jgd_GML.zip
5541,日本測地系,2009年（平成21年）,0.10MB,L03-b-u-09_5541-tky_GML.zip
5636,世界測地系,2021年（令和3年）,0.08MB,L03-b-u-21_5636-jgd2011_GML.zip
5636,日本測地系,2021年（令和3年）,0.08MB,L03-b-u-21_5636-tky_GML.zip
5636,世界測地系,2016年（平成26年）,0.06MB,L03-b-u-16_5636-jgd_GML.zip
5636,日本測地系,2016年（平成26年）,0.06MB,L03-b-u-16_5636-tky_GML.zip
5636,世界測地系,2014年（平成26年）,0.04MB,L03-b-u-14_5636-jgd_GML.zip
5636,日本測地系,2014年（平成26年）,0.04MB,L03-b-u-14_5636-tky_GML.zip
5636,世界測地系,2009年（平成21年）,0.05MB,L03-b-u-09_5636-jgd_GML.zip
5636,日本測地系,2009年（平成21年）,0.05MB,L03-b-u-09_5636-tky_GML.zip
5637,世界測地系,2021年（令和3年）,0.19MB,L03-b-u-21_5637-jgd2011_GML.zip
5637,日本測地系,2021年（令和3年）,0.18MB,L03-b-u-21_5637-tky_GML.zip
5637,世界測地系,2016年（平成26年）,0.11MB,L03-b-u-16_5637-jgd_GML.zip
5637,日本測地系,2016年（平成26年）,0.11MB,L03-b-u-16_5637-tky_GML.zip
5637,世界測地系,2014年（平成26年）,0.09MB,L03-b-u-14_5637-jgd_GML.zip
5637,日本測地系,2014年（平成26年）,0.09MB,L03-b-u-14_5637-tky_GML.zip
5637,世界測地系,2009年（平成21年）,0.11MB,L03-b-u-09_5637-jgd_GML.zip
5637,日本測地系,2009年（平成21年）,0.11MB,L03-b-u-09_5637-tky_GML.zip
5638,世界測地系,2021年（令和3年）,3.89MB,L03-b-u-21_5638-jgd2011_GML.zip
5638,日本測地系,2021年（令和3年）,3.83MB,L03-b-u-21_5638-tky_GML.zip
5638,世界測地系,2016年（平成26年）,2.23MB,L03-b-u-16_5638-jgd_GML.zip
5638,日本測地系,2016年（平成26年）,2.19MB,L03-b-u-16_5638-tky_GML.zip
5638,世界測地系,2014年（平成26年）,2.17MB,L03-b-u-14_5638-jgd_GML.zip
5638,日本測地系,2014年（平成26年）,2.14MB,L03-b-u-14_5638-tky_GML.zip
5638,世界測地系,2009年（平成21年）,2.29MB,L03-b-u-09_5638-jgd_GML.zip
5638,日本測地系,2009年（平成21年）,2.26MB,L03-b-u-09_5638-tky_GML.zip
5639,世界測地系,2021年（令和3年）,5.26MB,L03-b-u-21_5639-jgd2011_GML.zip
5639,日本測地系,2021年（令和3年）,5.31MB,L03-b-u-21_5639-tky_GML.zip
5639,世界測地系,2016年（平成26年）,2.97MB,L03-b-u-16_5639-jgd_GML.zip
5639,日本測地系,2016年（平成26年）,3MB,L03-b-u-16_5639-tky_GML.zip
5639,世界測地系,2014年（平成26年）,2.90MB,L03-b-u-14_5639-jgd_GML.zip
5639,日本測地系,2014年（平成26年）,2.92MB,L03-b-u-14_5639-tky_GML.zip
5639,世界測地系,2009年（平成21年）,3.20MB,L03-b-u-09_5639-jgd_GML.zip
5639,日本測地系,2009年（平成21年）,3.22MB,L03-b-u-09_5639-tky_GML.zip
5640,世界測地系,2021年（令和3年）,6.4MB,L03-b-u-21_5640-jgd2011_GML.zip
5640,日本測地系,2021年（令和3年）,6.36MB,L03-b-u-21_5640-tky_GML.zip
5640,世界測地系,2016年（平成26年）,3.78MB,L03-b-u-16_5640-jgd_GML.zip
5640,日本測地系,2016年（平成26年）,3.76MB,L03-b-u-16_5640-tky_GML.zip
5640,世界測地系,2014年（平成26年）,3.68MB,L03-b-u-14_5640-jgd_GML.zip
5640,日本測地系,2014年（平成26年）,3.66MB,L03-b-u-14_5640-tky_GML.zip
5640,世界測地系,2009年（平成21年）,4.27MB,L03-b-u-09_5640-jgd_GML.zip
5640,日本測地系,2009年（平成21年）,4.25MB,L03-b-u-09_5640-tky_GML.zip
5641,世界測地系,2021年（令和3年）,0.44MB,L03-b-u-21_5641-jgd2011_GML.zip
5641,日本測地系,2021年（令和3年）,0.13MB,L03-b-u-21_5641-tky_GML.zip
5641,世界測地系,2016年（平成26年）,0.27MB,L03-b-u-16_5641-jgd_GML.zip
5641,日本測地系,2016年（平成26年）,0.3MB,L03-b-u-16_5641-tky_GML.zip
5641,世界測地系,2014年（平成26年）,0.25MB,L03-b-u-14_5641-jgd_GML.zip
5641,日本測地系,2014年（平成26年）,0.28MB,L03-b-u-14_5641-tky_GML.zip
5641,世界測地系,2009年（平成21年）,0.29MB,L03-b-u-09_5641-jgd_GML.zip
5641,日本測地系,2009年（平成21年）,0.33MB,L03-b-u-09_5641-tky_GML.zip
5738,世界測地系,2021年（令和3年）,0.53MB,L03-b-u-21_5738-jgd2011_GML.zip
5738,日本測地系,2021年（令和3年）,0.51MB,L03-b-u-21_5738-tky_GML.zip
5738,世界測地系,2016年（平成26年）,0.31MB,L03-b-u-16_5738-jgd_GML.zip
5738,日本測地系,2016年（平成26年）,0.3MB,L03-b-u-16_5738-tky_GML.zip
5738,世界測地系,2014年（平成26年）,0.29MB,L03-b-u-14_5738-jgd_GML.zip
5738,日本測地系,2014年（平成26年）,0.28MB,L03-b-u-14_5738-tky_GML.zip
5738,世界測地系,2009年（平成21年）,0.36MB,L03-b-u-09_5738-jgd_GML.zip
5738,日本測地系,2009年（平成21年）,0.35MB,L03-b-u-09_5738-tky_GML.zip
5739,世界測地系,2021年（令和3年）,2.25MB,L03-b-u-21_5739-jgd2011_GML.zip
5739,日本測地系,2021年（令和3年）,2.12MB,L03-b-u-21_5739-tky_GML.zip
5739,世界測地系,2016年（平成26年）,0.92MB,L03-b-u-16_5739-jgd_GML.zip
5739,日本測地系,2016年（平成26年）,0.91MB,L03-b-u-16_5739-tky_GML.zip
5739,世界測地系,2014年（平成26年）,0.89MB,L03-b-u-14_5739-jgd_GML.zip
5739,日本測地系,2014年（平成26年）,0.88MB,L03-b-u-14_5739-tky_GML.zip
5739,世界測地系,2009年（平成21年）,0.79MB,L03-b-u-09_5739-jgd_GML.zip
5739,日本測地系,2009年（平成21年）,0.78MB,L03-b-u-09_5739-tky_GML.zip
5740,世界測地系,2021年（令和3年）,7.12MB,L03-b-u-21_5740-jgd2011_GML.zip
5740,日本測地系,2021年（令和3年）,7.09MB,L03-b-u-21_5740-tky_GML.zip
5740,世界測地系,2016年（平成26年）,3.9MB,L03-b-u-16_5740-jgd_GML.zip
5740,日本測地系,2016年（平成26年）,3.87MB,L03-b-u-16_5740-tky_GML.zip
5740,世界測地系,2014年（平成26年）,3.80MB,L03-b-u-14_5740-jgd_GML.zip
5740,日本測地系,2014年（平成26年）,3.78MB,L03-b-u-14_5740-tky_GML.zip
5740,世界測地系,2009年（平成21年）,4.38MB,L03-b-u-09_5740-jgd_GML.zip
5740,日本測地系,2009年（平成21年）,4.35MB,L03-b-u-09_5740-tky_GML.zip
5741,世界測地系,2021年（令和3年）,1.93MB,L03-b-u-21_5741-jgd2011_GML.zip
5741,日本測地系,2021年（令和3年）,0.64MB,L03-b-u-21_5741-tky_GML.zip
5741,世界測地系,2016年（平成26年）,1.16MB,L03-b-u-16_5741-jgd_GML.zip
5741,日本測地系,2016年（平成26年）,1.18MB,L03-b-u-16_5741-tky_GML.zip
5741,世界測地系,2014年（平成26年）,1.11MB,L03-b-u-14_5741-jgd_GML.zip
5741,日本測地系,2014年（平成26年）,1.13MB,L03-b-u-14_5741-tky_GML.zip
5741,世界測地系,2009年（平成21年）,1.30MB,L03-b-u-09_5741-jgd_GML.zip
5741,日本測地系,2009年（平成21年）,1.32MB,L03-b-u-09_5741-tky_GML.zip
5839,世界測地系,2021年（令和3年）,1.53MB,L03-b-u-21_5839-jgd2011_GML.zip
5839,日本測地系,2021年（令和3年）,0.66MB,L03-b-u-21_5839-tky_GML.zip
5839,世界測地系,2016年（平成26年）,0.76MB,L03-b-u-16_5839-jgd_GML.zip
5839,日本測地系,2016年（平成26年）,0.76MB,L03-b-u-16_5839-tky_GML.zip
5839,世界測地系,2014年（平成26年）,0.72MB,L03-b-u-14_5839-jgd_GML.zip
5839,日本測地系,2014年（平成26年）,0.72MB,L03-b-u-14_5839-tky_GML.zip
5839,世界測地系,2009年（平成21年）,0.83MB,L03-b-u-09_5839-jgd_GML.zip
5839,日本測地系,2009年（平成21年）,0.83MB,L03-b-u-09_5839-tky_GML.zip
5840,世界測地系,2021年（令和3年）,1.78MB,L03-b-u-21_5840-jgd2011_GML.zip
5840,日本測地系,2021年（令和3年）,0.12MB,L03-b-u-21_5840-tky_GML.zip
5840,世界測地系,2016年（平成26年）,1.06MB,L03-b-u-16_5840-jgd_GML.zip
5840,日本測地系,2016年（平成26年）,1.06MB,L03-b-u-16_5840-tky_GML.zip
5840,世界測地系,2014年（平成26年）,1.02MB,L03-b-u-14_5840-jgd_GML.zip
5840,日本測地系,2014年（平成26年）,1.02MB,L03-b-u-14_5840-tky_GML.zip
5840,世界測地系,2009年（平成21年）,0.83MB,L03-b-u-09_5840-jgd_GML.zip
5840,日本測地系,2009年（平成21年）,0.83MB,L03-b-u-09_5840-tky_GML.zip
5841,世界測地系,2021年（令和3年）,3.86MB,L03-b-u-21_5841-jgd2011_GML.zip
5841,日本測地系,2021年（令和3年）,0.1MB,L03-b-u-21_5841-tky_GML.zip
5841,世界測地系,2016年（平成26年）,2.2MB,L03-b-u-16_5841-jgd_GML.zip
5841,日本測地系,2016年（平成26年）,2.23MB,L03-b-u-16_5841-tky_GML.zip
5841,世界測地系,2014年（平成26年）,2.13MB,L03-b-u-14_5841-jgd_GML.zip
5841,日本測地系,2014年（平成26年）,2.16MB,L03-b-u-14_5841-tky_GML.zip
5841,世界測地系,2009年（平成21年）,2.32MB,L03-b-u-09_5841-jgd_GML.zip
5841,日本測地系,2009年（平成21年）,2.35MB,L03-b-u-09_5841-tky_GML.zip
5939,世界測地系,2021年（令和3年）,0.73MB,L03-b-u-21_5939-jgd2011_GML.zip
5939,日本測地系,2021年（令和3年）,0.45MB,L03-b-u-21_5939-tky_GML.zip
5939,世界測地系,2016年（平成26年）,0.44MB,L03-b-u-16_5939-jgd_GML.zip
5939,日本測地系,2016年（平成26年）,0.44MB,L03-b-u-16_5939-tky_GML.zip
5939,世界測地系,2014年（平成26年）,0.42MB,L03-b-u-14_5939-jgd_GML.zip
5939,日本測地系,2014年（平成26年）,0.42MB,L03-b-u-14_5939-tky_GML.zip
5939,世界測地系,2009年（平成21年）,0.54MB,L03-b-u-09_5939-jgd_GML.zip
5939,日本測地系,2009年（平成21年）,0.54MB,L03-b-u-09_5939-tky_GML.zip
5940,世界測地系,2021年（令和3年）,3.76MB,L03-b-u-21_5940-jgd2011_GML.zip
5940,日本測地系,2021年（令和3年）,0.45MB,L03-b-u-21_5940-tky_GML.zip
5940,世界測地系,2016年（平成26年）,2.25MB,L03-b-u-16_5940-jgd_GML.zip
5940,日本測地系,2016年（平成26年）,2.22MB,L03-b-u-16_5940-tky_GML.zip
5940,世界測地系,2014年（平成26年）,2.18MB,L03-b-u-14_5940-jgd_GML.zip
5940,日本測地系,2014年（平成26年）,2.16MB,L03-b-u-14_5940-tky_GML.zip
5940,世界測地系,2009年（平成21年）,2.37MB,L03-b-u-09_5940-jgd_GML.zip
5940,日本測地系,2009年（平成21年）,2.35MB,L03-b-u-09_5940-tky_GML.zip
5941,世界測地系,2021年（令和3年）,3.76MB,L03-b-u-21_5941-jgd2011_GML.zip
5941,日本測地系,2021年（令和3年）,4.64MB,L03-b-u-21_5941-tky_GML.zip
5941,世界測地系,2016年（平成26年）,2.62MB,L03-b-u-16_5941-jgd_GML.zip
5941,日本測地系,2016年（平成26年）,2.61MB,L03-b-u-16_5941-tky_GML.zip
5941,世界測地系,2014年（平成26年）,2.54MB,L03-b-u-14_5941-jgd_GML.zip
5941,日本測地系,2014年（平成26年）,2.54MB,L03-b-u-14_5941-tky_GML.zip
5941,世界測地系,2009年（平成21年）,2.92MB,L03-b-u-09_5941-jgd_GML.zip
5941,日本測地系,2009年（平成21年）,2.91MB,L03-b-u-09_5941-tky_GML.zip
5942,日本測地系,2021年（令和3年）,0.1MB,L03-b-u-21_5942-tky_GML.zip
5942,日本測地系,2016年（平成26年）,0.03MB,L03-b-u-16_5942-tky_GML.zip
5942,日本測地系,2014年（平成26年）,0.01MB,L03-b-u-14_5942-tky_GML.zip
5942,日本測地系,2009年（平成21年）,0.01MB,L03-b-u-09_5942-tky_GML.zip
6039,世界測地系,2021年（令和3年）,0.08MB,L03-b-u-21_6039-jgd2011_GML.zip
6039,日本測地系,2021年（令和3年）,0.15MB,L03-b-u-21_6039-tky_GML.zip
6039,世界測地系,2016年（平成26年）,0.05MB,L03-b-u-16_6039-jgd_GML.zip
6039,日本測地系,2016年（平成26年）,0.05MB,L03-b-u-16_6039-tky_GML.zip
6039,世界測地系,2014年（平成26年）,0.04MB,L03-b-u-14_6039-jgd_GML.zip
6039,日本測地系,2014年（平成26年）,0.03MB,L03-b-u-14_6039-tky_GML.zip
6039,世界測地系,2009年（平成21年）,0.04MB,L03-b-u-09_6039-jgd_GML.zip
6039,日本測地系,2009年（平成21年）,0.04MB,L03-b-u-09_6039-tky_GML.zip
6040,世界測地系,2021年（令和3年）,3.08MB,L03-b-u-21_6040-jgd2011_GML.zip
6040,日本測地系,2021年（令和3年）,7.1MB,L03-b-u-21_6040-tky_GML.zip
6040,世界測地系,2016年（平成26年）,1.86MB,L03-b-u-16_6040-jgd_GML.zip
6040,日本測地系,2016年（平成26年）,1.87MB,L03-b-u-16_6040-tky_GML.zip
6040,世界測地系,2014年（平成26年）,1.80MB,L03-b-u-14_6040-jgd_GML.zip
6040,日本測地系,2014年（平成26年）,1.81MB,L03-b-u-14_6040-tky_GML.zip
6040,世界測地系,2009年（平成21年）,2.09MB,L03-b-u-09_6040-jgd_GML.zip
6040,日本測地系,2009年（平成21年）,2.10MB,L03-b-u-09_6040-tky_GML.zip
6041,世界測地系,2021年（令和3年）,2.82MB,L03-b-u-21_6041-jgd2011_GML.zip
6041,日本測地系,2021年（令和3年）,0.15MB,L03-b-u-21_6041-tky_GML.zip
6041,世界測地系,2016年（平成26年）,1.69MB,L03-b-u-16_6041-jgd_GML.zip
6041,日本測地系,2016年（平成26年）,1.71MB,L03-b-u-16_6041-tky_GML.zip
6041,世界測地系,2014年（平成26年）,1.63MB,L03-b-u-14_6041-jgd_GML.zip
6041,日本測地系,2014年（平成26年）,1.65MB,L03-b-u-14_6041-tky_GML.zip
6041,世界測地系,2009年（平成21年）,1.89MB,L03-b-u-09_6041-jgd_GML.zip
6041,日本測地系,2009年（平成21年）,1.91MB,L03-b-u-09_6041-tky_GML.zip
6140,世界測地系,2021年（令和3年）,2.25MB,L03-b-u-21_6140-jgd2011_GML.zip
6140,日本測地系,2021年（令和3年）,6.36MB,L03-b-u-21_6140-tky_GML.zip
6140,世界測地系,2016年（平成26年）,1.35MB,L03-b-u-16_6140-jgd_GML.zip
6140,日本測地系,2016年（平成26年）,1.35MB,L03-b-u-16_6140-tky_GML.zip
6140,世界測地系,2014年（平成26年）,1.31MB,L03-b-u-14_6140-jgd_GML.zip
6140,日本測地系,2014年（平成26年）,1.30MB,L03-b-u-14_6140-tky_GML.zip
6140,世界測地系,2009年（平成21年）,1.53MB,L03-b-u-09_6140-jgd_GML.zip
6140,日本測地系,2009年（平成21年）,1.53MB,L03-b-u-09_6140-tky_GML.zip
6141,世界測地系,2021年（令和3年）,2.41MB,L03-b-u-21_6141-jgd2011_GML.zip
6141,日本測地系,2021年（令和3年）,0.49MB,L03-b-u-21_6141-tky_GML.zip
6141,世界測地系,2016年（平成26年）,1.45MB,L03-b-u-16_6141-jgd_GML.zip
6141,日本測地系,2016年（平成26年）,1.44MB,L03-b-u-16_6141-tky_GML.zip
6141,世界測地系,2014年（平成26年）,1.40MB,L03-b-u-14_6141-jgd_GML.zip
6141,日本測地系,2014年（平成26年）,1.38MB,L03-b-u-14_6141-tky_GML.zip
6141,世界測地系,2009年（平成21年）,1.64MB,L03-b-u-09_6141-jgd_GML.zip
6141,日本測地系,2009年（平成21年）,1.63MB,L03-b-u-09_6141-tky_GML.zip
6240,世界測地系,2021年（令和3年）,1.09MB,L03-b-u-21_6240-jgd2011_GML.zip
6240,日本測地系,2021年（令和3年）,2.12MB,L03-b-u-21_6240-tky_GML.zip
6240,世界測地系,2016年（平成26年）,0.66MB,L03-b-u-16_6240-jgd_GML.zip
6240,日本測地系,2016年（平成26年）,0.66MB,L03-b-u-16_6240-tky_GML.zip
6240,世界測地系,2014年（平成26年）,0.63MB,L03-b-u-14_6240-jgd_GML.zip
6240,日本測地系,2014年（平成26年）,0.63MB,L03-b-u-14_6240-tky_GML.zip
6240,世界測地系,2009年（平成21年）,0.72MB,L03-b-u-09_6240-jgd_GML.zip
6240,日本測地系,2009年（平成21年）,0.72MB,L03-b-u-09_6240-tky_GML.zip
6241,世界測地系,2021年（令和3年）,0.2MB,L03-b-u-21_6241-jgd2011_GML.zip
6241,日本測地系,2021年（令和3年）,7.09MB,L03-b-u-21_6241-tky_GML.zip
6241,世界測地系,2016年（平成26年）,0.13MB,L03-b-u-16_6241-jgd_GML.zip
6241,日本測地系,2016年（平成26年）,0.13MB,L03-b-u-16_6241-tky_GML.zip
6241,世界測地系,2014年（平成26年）,0.11MB,L03-b-u-14_6241-jgd_GML.zip
6241,日本測地系,2014年（平成26年）,0.11MB,L03-b-u-14_6241-tky_GML.zip
6241,世界測地系,2009年（平成21年）,0.14MB,L03-b-u-09_6241-jgd_GML.zip
6241,日本測地系,2009年（平成21年）,0.14MB,L03-b-u-09_6241-tky_GML.zip
6339,世界測地系,2021年（令和3年）,0.05MB,L03-b-u-21_6339-jgd2011_GML.zip
6339,日本測地系,2021年（令和3年）,1.97MB,L03-b-u-21_6339-tky_GML.zip
6339,世界測地系,2016年（平成26年）,0.04MB,L03-b-u-16_6339-jgd_GML.zip
6339,日本測地系,2016年（平成26年）,0.04MB,L03-b-u-16_6339-tky_GML.zip
6339,世界測地系,2014年（平成26年）,0.03MB,L03-b-u-14_6339-jgd_GML.zip
6339,日本測地系,2014年（平成26年）,0.02MB,L03-b-u-14_6339-tky_GML.zip
6339,世界測地系,2009年（平成21年）,0.03MB,L03-b-u-09_6339-jgd_GML.zip
6339,日本測地系,2009年（平成21年）,0.03MB,L03-b-u-09_6339-tky_GML.zip
6340,世界測地系,2021年（令和3年）,1.02MB,L03-b-u-21_6340-jgd2011_GML.zip
6340,日本測地系,2021年（令和3年）,1.52MB,L03-b-u-21_6340-tky_GML.zip
6340,世界測地系,2016年（平成26年）,0.62MB,L03-b-u-16_6340-jgd_GML.zip
6340,日本測地系,2016年（平成26年）,0.61MB,L03-b-u-16_6340-tky_GML.zip
6340,世界測地系,2014年（平成26年）,0.58MB,L03-b-u-14_6340-jgd_GML.zip
6340,日本測地系,2014年（平成26年）,0.58MB,L03-b-u-14_6340-tky_GML.zip
6340,世界測地系,2009年（平成21年）,0.66MB,L03-b-u-09_6340-jgd_GML.zip
6340,日本測地系,2009年（平成21年）,0.65MB,L03-b-u-09_6340-tky_GML.zip
6341,世界測地系,2021年（令和3年）,2.19MB,L03-b-u-21_6341-jgd2011_GML.zip
6341,日本測地系,2021年（令和3年）,1.78MB,L03-b-u-21_6341-tky_GML.zip
6341,世界測地系,2016年（平成26年）,1.32MB,L03-b-u-16_6341-jgd_GML.zip
6341,日本測地系,2016年（平成26年）,1.34MB,L03-b-u-16_6341-tky_GML.zip
6341,世界測地系,2014年（平成26年）,1.28MB,L03-b-u-14_6341-jgd_GML.zip
6341,日本測地系,2014年（平成26年）,1.30MB,L03-b-u-14_6341-tky_GML.zip
6341,世界測地系,2009年（平成21年）,1.47MB,L03-b-u-09_6341-jgd_GML.zip
6341,日本測地系,2009年（平成21年）,1.50MB,L03-b-u-09_6341-tky_GML.zip
6342,世界測地系,2021年（令和3年）,0.44MB,L03-b-u-21_6342-jgd2011_GML.zip
6342,日本測地系,2021年（令和3年）,3.92MB,L03-b-u-21_6342-tky_GML.zip
6342,世界測地系,2016年（平成26年）,0.27MB,L03-b-u-16_6342-jgd_GML.zip
6342,日本測地系,2016年（平成26年）,0.29MB,L03-b-u-16_6342-tky_GML.zip
6342,世界測地系,2014年（平成26年）,0.25MB,L03-b-u-14_6342-jgd_GML.zip
6342,日本測地系,2014年（平成26年）,0.26MB,L03-b-u-14_6342-tky_GML.zip
6342,世界測地系,2009年（平成21年）,0.29MB,L03-b-u-09_6342-jgd_GML.zip
6342,日本測地系,2009年（平成21年）,0.30MB,L03-b-u-09_6342-tky_GML.zip
6343,世界測地系,2021年（令和3年）,0.19MB,L03-b-u-21_6343-jgd2011_GML.zip
6343,日本測地系,2021年（令和3年）,0.73MB,L03-b-u-21_6343-tky_GML.zip
6343,世界測地系,2016年（平成26年）,0.12MB,L03-b-u-16_6343-jgd_GML.zip
6343,日本測地系,2016年（平成26年）,0.12MB,L03-b-u-16_6343-tky_GML.zip
6343,世界測地系,2014年（平成26年）,0.10MB,L03-b-u-14_6343-jgd_GML.zip
6343,日本測地系,2014年（平成26年）,0.10MB,L03-b-u-14_6343-tky_GML.zip
6343,世界測地系,2009年（平成21年）,0.13MB,L03-b-u-09_6343-jgd_GML.zip
6343,日本測地系,2009年（平成21年）,0.13MB,L03-b-u-09_6343-tky_GML.zip
6440,世界測地系,2021年（令和3年）,0.58MB,L03-b-u-21_6440-jgd2011_GML.zip
6440,日本測地系,2021年（令和3年）,3.72MB,L03-b-u-21_6440-tky_GML.zip
6440,世界測地系,2016年（平成26年）,0.35MB,L03-b-u-16_6440-jgd_GML.zip
6440,日本測地系,2016年（平成26年）,0.35MB,L03-b-u-16_6440-tky_GML.zip
6440,世界測地系,2014年（平成26年）,0.33MB,L03-b-u-14_6440-jgd_GML.zip
6440,日本測地系,2014年（平成26年）,0.32MB,L03-b-u-14_6440-tky_GML.zip
6440,世界測地系,2009年（平成21年）,0.38MB,L03-b-u-09_6440-jgd_GML.zip
6440,日本測地系,2009年（平成21年）,0.38MB,L03-b-u-09_6440-tky_GML.zip
6441,世界測地系,2021年（令和3年）,9.42MB,L03-b-u-21_6441-jgd2011_GML.zip
6441,日本測地系,2021年（令和3年）,4.63MB,L03-b-u-21_6441-tky_GML.zip
6441,世界測地系,2016年（平成26年）,5.67MB,L03-b-u-16_6441-jgd_GML.zip
6441,日本測地系,2016年（平成26年）,5.65MB,L03-b-u-16_6441-tky_GML.zip
6441,世界測地系,2014年（平成26年）,5.54MB,L03-b-u-14_6441-jgd_GML.zip
6441,日本測地系,2014年（平成26年）,5.52MB,L03-b-u-14_6441-tky_GML.zip
6441,世界測地系,2009年（平成21年）,6.41MB,L03-b-u-09_6441-jgd_GML.zip
6441,日本測地系,2009年（平成21年）,6.39MB,L03-b-u-09_6441-tky_GML.zip
6442,世界測地系,2021年（令和3年）,0.38MB,L03-b-u-21_6442-jgd2011_GML.zip
6442,日本測地系,2021年（令和3年）,0.03MB,L03-b-u-21_6442-tky_GML.zip
6442,世界測地系,2016年（平成26年）,0.24MB,L03-b-u-16_6442-jgd_GML.zip
6442,日本測地系,2016年（平成26年）,0.25MB,L03-b-u-16_6442-tky_GML.zip
6442,世界測地系,2014年（平成26年）,0.22MB,L03-b-u-14_6442-jgd_GML.zip
6442,日本測地系,2014年（平成26年）,0.23MB,L03-b-u-14_6442-tky_GML.zip
6442,世界測地系,2009年（平成21年）,0.25MB,L03-b-u-09_6442-jgd_GML.zip
6442,日本測地系,2009年（平成21年）,0.26MB,L03-b-u-09_6442-tky_GML.zip
6443,世界測地系,2021年（令和3年）,1.48MB,L03-b-u-21_6443-jgd2011_GML.zip
6443,日本測地系,2021年（令和3年）,0.06MB,L03-b-u-21_6443-tky_GML.zip
6443,世界測地系,2016年（平成26年）,0.89MB,L03-b-u-16_6443-jgd_GML.zip
6443,日本測地系,2016年（平成26年）,0.89MB,L03-b-u-16_6443-tky_GML.zip
6443,世界測地系,2014年（平成26年）,0.86MB,L03-b-u-14_6443-jgd_GML.zip
6443,日本測地系,2014年（平成26年）,0.86MB,L03-b-u-14_6443-tky_GML.zip
6443,世界測地系,2009年（平成21年）,0.99MB,L03-b-u-09_6443-jgd_GML.zip
6443,日本測地系,2009年（平成21年）,0.99MB,L03-b-u-09_6443-tky_GML.zip
6444,世界測地系,2021年（令和3年）,1.78MB,L03-b-u-21_6444-jgd2011_GML.zip
6444,日本測地系,2021年（令和3年）,3.11MB,L03-b-u-21_6444-tky_GML.zip
6444,世界測地系,2016年（平成26年）,1.08MB,L03-b-u-16_6444-jgd_GML.zip
6444,日本測地系,2016年（平成26年）,1.08MB,L03-b-u-16_6444-tky_GML.zip
6444,世界測地系,2014年（平成26年）,1.04MB,L03-b-u-14_6444-jgd_GML.zip
6444,日本測地系,2014年（平成26年）,1.05MB,L03-b-u-14_6444-tky_GML.zip
6444,世界測地系,2009年（平成21年）,1.22MB,L03-b-u-09_6444-jgd_GML.zip
6444,日本測地系,2009年（平成21年）,1.22MB,L03-b-u-09_6444-tky_GML.zip
6445,世界測地系,2021年（令和3年）,0.12MB,L03-b-u-21_6445-jgd2011_GML.zip
6445,日本測地系,2021年（令和3年）,2.85MB,L03-b-u-21_6445-tky_GML.zip
6445,世界測地系,2016年（平成26年）,0.08MB,L03-b-u-16_6445-jgd_GML.zip
6445,日本測地系,2016年（平成26年）,0.09MB,L03-b-u-16_6445-tky_GML.zip
6445,世界測地系,2014年（平成26年）,0.07MB,L03-b-u-14_6445-jgd_GML.zip
6445,日本測地系,2014年（平成26年）,0.07MB,L03-b-u-14_6445-tky_GML.zip
6445,世界測地系,2009年（平成21年）,0.08MB,L03-b-u-09_6445-jgd_GML.zip
6445,日本測地系,2009年（平成21年）,0.08MB,L03-b-u-09_6445-tky_GML.zip
6541,世界測地系,2021年（令和3年）,1.1MB,L03-b-u-21_6541-jgd2011_GML.zip
6541,日本測地系,2021年（令和3年）,2.24MB,L03-b-u-21_6541-tky_GML.zip
6541,世界測地系,2016年（平成26年）,0.67MB,L03-b-u-16_6541-jgd_GML.zip
6541,日本測地系,2016年（平成26年）,0.66MB,L03-b-u-16_6541-tky_GML.zip
6541,世界測地系,2014年（平成26年）,0.64MB,L03-b-u-14_6541-jgd_GML.zip
6541,日本測地系,2014年（平成26年）,0.63MB,L03-b-u-14_6541-tky_GML.zip
6541,世界測地系,2009年（平成21年）,0.74MB,L03-b-u-09_6541-jgd_GML.zip
6541,日本測地系,2009年（平成21年）,0.73MB,L03-b-u-09_6541-tky_GML.zip
6542,世界測地系,2021年（令和3年）,2.17MB,L03-b-u-21_6542-jgd2011_GML.zip
6542,日本測地系,2021年（令和3年）,2.39MB,L03-b-u-21_6542-tky_GML.zip
6542,世界測地系,2016年（平成26年）,1.31MB,L03-b-u-16_6542-jgd_GML.zip
6542,日本測地系,2016年（平成26年）,1.31MB,L03-b-u-16_6542-tky_GML.zip
6542,世界測地系,2014年（平成26年）,1.26MB,L03-b-u-14_6542-jgd_GML.zip
6542,日本測地系,2014年（平成26年）,1.27MB,L03-b-u-14_6542-tky_GML.zip
6542,世界測地系,2009年（平成21年）,1.47MB,L03-b-u-09_6542-jgd_GML.zip
6542,日本測地系,2009年（平成21年）,1.48MB,L03-b-u-09_6542-tky_GML.zip
6543,世界測地系,2021年（令和3年）,0.64MB,L03-b-u-21_6543-jgd2011_GML.zip
6543,日本測地系,2021年（令和3年）,1.09MB,L03-b-u-21_6543-tky_GML.zip
6543,世界測地系,2016年（平成26年）,0.39MB,L03-b-u-16_6543-jgd_GML.zip
6543,日本測地系,2016年（平成26年）,0.39MB,L03-b-u-16_6543-tky_GML.zip
6543,世界測地系,2014年（平成26年）,0.37MB,L03-b-u-14_6543-jgd_GML.zip
6543,日本測地系,2014年（平成26年）,0.37MB,L03-b-u-14_6543-tky_GML.zip
6543,世界測地系,2009年（平成21年）,0.47MB,L03-b-u-09_6543-jgd_GML.zip
6543,日本測地系,2009年（平成21年）,0.47MB,L03-b-u-09_6543-tky_GML.zip
6544,世界測地系,2021年（令和3年）,0.67MB,L03-b-u-21_6544-jgd2011_GML.zip
6544,日本測地系,2021年（令和3年）,0.2MB,L03-b-u-21_6544-tky_GML.zip
6544,世界測地系,2016年（平成26年）,0.41MB,L03-b-u-16_6544-jgd_GML.zip
6544,日本測地系,2016年（平成26年）,0.41MB,L03-b-u-16_6544-tky_GML.zip
6544,世界測地系,2014年（平成26年）,0.38MB,L03-b-u-14_6544-jgd_GML.zip
6544,日本測地系,2014年（平成26年）,0.38MB,L03-b-u-14_6544-tky_GML.zip
6544,世界測地系,2009年（平成21年）,0.44MB,L03-b-u-09_6544-jgd_GML.zip
6544,日本測地系,2009年（平成21年）,0.44MB,L03-b-u-09_6544-tky_GML.zip
6545,世界測地系,2021年（令和3年）,0.11MB,L03-b-u-21_6545-jgd2011_GML.zip
6545,日本測地系,2021年（令和3年）,0.05MB,L03-b-u-21_6545-tky_GML.zip
6545,世界測地系,2016年（平成26年）,0.08MB,L03-b-u-16_6545-jgd_GML.zip
6545,日本測地系,2016年（平成26年）,0.08MB,L03-b-u-16_6545-tky_GML.zip
6545,世界測地系,2014年（平成26年）,0.06MB,L03-b-u-14_6545-jgd_GML.zip
6545,日本測地系,2014年（平成26年）,0.06MB,L03-b-u-14_6545-tky_GML.zip
6545,世界測地系,2009年（平成21年）,0.07MB,L03-b-u-09_6545-jgd_GML.zip
6545,日本測地系,2009年（平成21年）,0.07MB,L03-b-u-09_6545-tky_GML.zip
6641,世界測地系,2021年（令和3年）,0.1MB,L03-b-u-21_6641-jgd2011_GML.zip
6641,日本測地系,2021年（令和3年）,1.01MB,L03-b-u-21_6641-tky_GML.zip
6641,世界測地系,2016年（平成26年）,0.07MB,L03-b-u-16_6641-jgd_GML.zip
6641,日本測地系,2016年（平成26年）,0.07MB,L03-b-u-16_6641-tky_GML.zip
6641,世界測地系,2014年（平成26年）,0.05MB,L03-b-u-14_6641-jgd_GML.zip
6641,日本測地系,2014年（平成26年）,0.05MB,L03-b-u-14_6641-tky_GML.zip
6641,世界測地系,2009年（平成21年）,0.06MB,L03-b-u-09_6641-jgd_GML.zip
6641,日本測地系,2009年（平成21年）,0.06MB,L03-b-u-09_6641-tky_GML.zip
6642,世界測地系,2021年（令和3年）,0.45MB,L03-b-u-21_6642-jgd2011_GML.zip
6642,日本測地系,2021年（令和3年）,2.23MB,L03-b-u-21_6642-tky_GML.zip
6642,世界測地系,2016年（平成26年）,0.28MB,L03-b-u-16_6642-jgd_GML.zip
6642,日本測地系,2016年（平成26年）,0.28MB,L03-b-u-16_6642-tky_GML.zip
6642,世界測地系,2014年（平成26年）,0.26MB,L03-b-u-14_6642-jgd_GML.zip
6642,日本測地系,2014年（平成26年）,0.26MB,L03-b-u-14_6642-tky_GML.zip
6642,世界測地系,2009年（平成21年）,0.29MB,L03-b-u-09_6642-jgd_GML.zip
6642,日本測地系,2009年（平成21年）,0.29MB,L03-b-u-09_6642-tky_GML.zip
6643,世界測地系,2021年（令和3年）,0.45MB,L03-b-u-21_6643-jgd2011_GML.zip
6643,日本測地系,2021年（令和3年）,0.46MB,L03-b-u-21_6643-tky_GML.zip
6643,世界測地系,2016年（平成26年）,0.27MB,L03-b-u-16_6643-jgd_GML.zip
6643,日本測地系,2016年（平成26年）,0.27MB,L03-b-u-16_6643-tky_GML.zip
6643,世界測地系,2014年（平成26年）,0.25MB,L03-b-u-14_6643-jgd_GML.zip
6643,日本測地系,2014年（平成26年）,0.25MB,L03-b-u-14_6643-tky_GML.zip
6643,世界測地系,2009年（平成21年）,0.29MB,L03-b-u-09_6643-jgd_GML.zip
6643,日本測地系,2009年（平成21年）,0.29MB,L03-b-u-09_6643-tky_GML.zip
6644,世界測地系,2021年（令和3年）,0.09MB,L03-b-u-21_6644-jgd2011_GML.zip
6644,日本測地系,2021年（令和3年）,0.19MB,L03-b-u-21_6644-tky_GML.zip
6644,世界測地系,2016年（平成26年）,0.07MB,L03-b-u-16_6644-jgd_GML.zip
6644,日本測地系,2016年（平成26年）,0.06MB,L03-b-u-16_6644-tky_GML.zip
6644,世界測地系,2014年（平成26年）,0.05MB,L03-b-u-14_6644-jgd_GML.zip
6644,日本測地系,2014年（平成26年）,0.05MB,L03-b-u-14_6644-tky_GML.zip
6644,世界測地系,2009年（平成21年）,0.06MB,L03-b-u-09_6644-jgd_GML.zip
6644,日本測地系,2009年（平成21年）,0.06MB,L03-b-u-09_6644-tky_GML.zip
6742,世界測地系,2021年（令和3年）,0.1MB,L03-b-u-21_6742-jgd2011_GML.zip
6742,日本測地系,2021年（令和3年）,0.57MB,L03-b-u-21_6742-tky_GML.zip
6742,世界測地系,2016年（平成26年）,0.07MB,L03-b-u-16_6742-jgd_GML.zip
6742,日本測地系,2016年（平成26年）,0.07MB,L03-b-u-16_6742-tky_GML.zip
6742,世界測地系,2014年（平成26年）,0.05MB,L03-b-u-14_6742-jgd_GML.zip
6742,日本測地系,2014年（平成26年）,0.05MB,L03-b-u-14_6742-tky_GML.zip
6742,世界測地系,2009年（平成21年）,0.06MB,L03-b-u-09_6742-jgd_GML.zip
6742,日本測地系,2009年（平成21年）,0.06MB,L03-b-u-09_6742-tky_GML.zip
6841,世界測地系,2021年（令和3年）,0.15MB,L03-b-u-21_6841-jgd2011_GML.zip
6841,日本測地系,2021年（令和3年）,0.15MB,L03-b-u-21_6841-tky_GML.zip
6841,世界測地系,2016年（平成28年）,0.1MB,L03-b-u-16_6841-jgd_GML.zip
6841,日本測地系,2016年（平成28年）,0.1MB,L03-b-u-16_6841-tky_GML.zip
6841,世界測地系,2014年（平成26年）,0.08MB,L03-b-u-14_6841-jgd_GML.zip
6841,日本測地系,2014年（平成26年）,0.08MB,L03-b-u-14_6841-tky_GML.zip
6841,世界測地系,2009年（平成21年）,0.09MB,L03-b-u-09_6841-jgd_GML.zip
6841,日本測地系,2009年（平成21年）,0.09MB,L03-b-u-09_6841-tky_GML.zip