[{"filename": "L03-b-c-21_5134-jgd2011_GML.zip", "url": "https://nlftp.mlit.go.jp/ksj/gml/data/L03-b-c/L03-b-c-21/L03-b-c-21_5134-jgd2011_GML.zip"}, {"filename": "L03-b-c-16_5134_GML.zip", "url": "https://nlftp.mlit.go.jp/ksj/gml/data/L03-b-c/L03-b-c-16/L03-b-c-16_5134_GML.zip"}, {"filename": "L03-b-c-21_5135-jgd2011_GML.zip", "url": "https://nlftp.mlit.go.jp/ksj/gml/data/L03-b-c/L03-b-c-21/L03-b-c-21_5135-jgd2011_GML.zip"}, {"filename": "L03-b-c-16_5135_GML.zip", "url": "https://nlftp.mlit.go.jp/ksj/gml/data/L03-b-c/L03-b-c-16/L03-b-c-16_5135_GML.zip"}, {"filename": "L03-b-c-21_5136-jgd2011_GML.zip", "url": "https://nlftp.mlit.go.jp/ksj/gml/data/L03-b-c/L03-b-c-21/L03-b-c-21_5136-jgd2011_GML.zip"}, {"filename": "L03-b-c-21_5234-jgd2011_GML.zip", "url": "https://nlftp.mlit.go.jp/ksj/gml/data/L03-b-c/L03-b-c-21/L03-b-c-21_5234-jgd2011_GML.zip"}, {"filename": "L03-b-c-16_5234_GML.zip", "url": "https://nlftp.mlit.go.jp/ksj/gml/data/L03-b-c/L03-b-c-16/L03-b-c-16_5234_GML.zip"}, {"filename": "L03-b-c-21_5235-jgd2011_GML.zip", "url": "https://nlftp.mlit.go.jp/ksj/gml/data/L03-b-c/L03-b-c-21/L03-b-c-21_5235-jgd2011_GML.zip"}, {"filename": "L03-b-c-16_5235_GML.zip", "url": "https://nlftp.mlit.go.jp/ksj/gml/data/L03-b-c/L03-b-c-16/L03-b-c-16_5235_GML.zip"}, {"filename": "L03-b-c-21_5236-jgd2011_GML.zip", "url": "https://nlftp.mlit.go.jp/ksj/gml/data/L03-b-c/L03-b-c-21/L03-b-c-21_5236-jgd2011_GML.zip"}, {"filename": "L03-b-c-16_5236_GML.zip", "url": "https://nlftp.mlit.go.jp/ksj/gml/data/L03-b-c/L03-b-c-16/L03-b-c-16_5236_GML.zip"}, {"filename": "L03-b-c-21_5237-jgd2011_GML.zip", "url": "https://nlftp.mlit.go.jp/ksj/gml/data/L03-b-c/L03-b-c-21/L03-b-c-21_5237-jgd2011_GML.zip"}, {"filename": "L03-b-c-16_5237_GML.zip", "url": "https://nlftp.mlit.go.jp/ksj/gml/data/L03-b-c/L03-b-c-16/L03-b-c-16_5237_GML.zip"}, {"filename": "L03-b-c-21_5239-jgd2011_GML.zip", "url": "https://nlftp.mlit.go.jp/ksj/gml/data/L03-b-c/L03-b-c-21/L03-b-c-21_5239-jgd2011_GML.zip"}, {"filename": "L03-b-c-16_5239_GML.zip", "url": "https://nlftp.mlit.go.jp/ksj/gml/data/L03-b-c/L03-b-c-16/L03-b-c-16_5239_GML.zip"}, {"filename": "L03-b-c-21_5336-jgd2011_GML.zip", "url": "https://nlftp.mlit.go.jp/ksj/gml/data/L03-b-c/L03-b-c-21/L03-b-c-21_5336-jgd2011_GML.zip"}, {"filename": "L03-b-c-16_5336_GML.zip", "url": "https://nlftp.mlit.go.jp/ksj/gml/data/L03-b-c/L03-b-c-16/L03-b-c-16_5336_GML.zip"}, {"filename": "L03-b-c-21_5337-jgd2011_GML.zip", "url": "https://nlftp.mlit.go.jp/ksj/gml/data/L03-b-c/L03-b-c-21/L03-b-c-21_5337-jgd2011_GML.zip"}, {"filename": "L03-b-c-16_5337_GML.zip", "url": "https://nlftp.mlit.go.jp/ksj/gml/data/L03-b-c/L03-b-c-16/L03-b-c-16_5337_GML.zip"}, {"filename": "L03-b-c-21_5339-jgd2011_GML.zip", "url": "https://nlftp.mlit.go.jp/ksj/gml/data/L03-b-c/L03-b-c-21/L03-b-c-21_5339-jgd2011_GML.zip"}, {"filename": "L03-b-c-16_5339_GML.zip", "url": "https://nlftp.mlit.go.jp/ksj/gml/data/L03-b-c/L03-b-c-16/L03-b-c-16_5339_GML.zip"}, {"filename": "L03-b-c-21_5340-jgd2011_GML.zip", "url": "https://nlftp.mlit.go.jp/ksj/gml/data/L03-b-c/L03-b-c-21/L03-b-c-21_5340-jgd2011_GML.zip"}, {"filename": "L03-b-c-16_5340_GML.zip", "url": "https://nlftp.mlit.go.jp/ksj/gml/data/L03-b-c/L03-b-c-16/L03-b-c-16_5340_GML.zip"}, {"filename": "L03-b-c-21_5439-jgd2011_GML.zip", "url": "https://nlftp.mlit.go.jp/ksj/gml/data/L03-b-c/L03-b-c-21/L03-b-c-21_5439-jgd2011_GML.zip"}, {"filename": "L03-b-c-16_5439_GML.zip", "url": "https://nlftp.mlit.go.jp/ksj/gml/data/L03-b-c/L03-b-c-16/L03-b-c-16_5439_GML.zip"}, {"filename": "L03-b-c-21_5440-jgd2011_GML.zip", "url": "https://nlftp.mlit.go.jp/ksj/gml/data/L03-b-c/L03-b-c-21/L03-b-c-21_5440-jgd2011_GML.zip"}, {"filename": "L03-b-c-16_5440_GML.zip", "url": "https://nlftp.mlit.go.jp/ksj/gml/data/L03-b-c/L03-b-c-16/L03-b-c-16_5440_GML.zip"}]