3036,世界測地系,2014年（平成26年）,0.01MB,L03-b-14_3036.zip
3622,世界測地系,2014年（平成26年）,0.01MB,L03-b-14_3622.zip
3623,世界測地系,2014年（平成26年）,0.01MB,L03-b-14_3623.zip
3624,世界測地系,2014年（平成26年）,0.01MB,L03-b-14_3624.zip
3631,世界測地系,2014年（平成26年）,0.01MB,L03-b-14_3631.zip
3641,世界測地系,2014年（平成26年）,0.01MB,L03-b-14_3641.zip
3653,世界測地系,2014年（平成26年）,0.01MB,L03-b-14_3653.zip
3724,世界測地系,2014年（平成26年）,0.01MB,L03-b-14_3724.zip
3725,世界測地系,2014年（平成26年）,0.01MB,L03-b-14_3725.zip
3741,世界測地系,2014年（平成26年）,0.01MB,L03-b-14_3741.zip
3823,世界測地系,2014年（平成26年）,0.01MB,L03-b-14_3823.zip
3824,世界測地系,2014年（平成26年）,0.01MB,L03-b-14_3824.zip
3831,世界測地系,2014年（平成26年）,0.01MB,L03-b-14_3831.zip
3841,世界測地系,2014年（平成26年）,0.01MB,L03-b-14_3841.zip
3926,世界測地系,2014年（平成26年）,0.01MB,L03-b-14_3926.zip
3927,世界測地系,2014年（平成26年）,0.03MB,L03-b-14_3927.zip
3928,世界測地系,2014年（平成26年）,0.01MB,L03-b-14_3928.zip
3942,世界測地系,2014年（平成26年）,0.01MB,L03-b-14_3942.zip
4027,世界測地系,2014年（平成26年）,0.01MB,L03-b-14_4027.zip
4028,世界測地系,2014年（平成26年）,0.01MB,L03-b-14_4028.zip
4040,世界測地系,2014年（平成26年）,0.01MB,L03-b-14_4040.zip
4042,世界測地系,2014年（平成26年）,0.01MB,L03-b-14_4042.zip
4128,世界測地系,2014年（平成26年）,0.01MB,L03-b-14_4128.zip
4129,世界測地系,2014年（平成26年）,0.01MB,L03-b-14_4129.zip
4142,世界測地系,2014年（平成26年）,0.01MB,L03-b-14_4142.zip
4229,世界測地系,2014年（平成26年）,0.02MB,L03-b-14_4229.zip
4230,世界測地系,2014年（平成26年）,0.01MB,L03-b-14_4230.zip
4328,世界測地系,2014年（平成26年）,0.01MB,L03-b-14_4328.zip
4329,世界測地系,2014年（平成26年）,0.01MB,L03-b-14_4329.zip
4429,世界測地系,2014年（平成26年）,0.01MB,L03-b-14_4429.zip
4440,世界測地系,2014年（平成26年）,0.01MB,L03-b-14_4440.zip
4529,世界測地系,2014年（平成26年）,0.01MB,L03-b-14_4529.zip
4530,世界測地系,2014年（平成26年）,0.02MB,L03-b-14_4530.zip
4531,世界測地系,2014年（平成26年）,0.01MB,L03-b-14_4531.zip
4540,世界測地系,2014年（平成26年）,0.01MB,L03-b-14_4540.zip
4629,世界測地系,2014年（平成26年）,0.01MB,L03-b-14_4629.zip
4630,世界測地系,2014年（平成26年）,0.03MB,L03-b-14_4630.zip
4631,世界測地系,2014年（平成26年）,0.01MB,L03-b-14_4631.zip
4728,世界測地系,2014年（平成26年）,0.01MB,L03-b-14_4728.zip
4729,世界測地系,2014年（平成26年）,0.01MB,L03-b-14_4729.zip
4730,世界測地系,2014年（平成26年）,0.09MB,L03-b-14_4730.zip
4731,世界測地系,2014年（平成26年）,0.05MB,L03-b-14_4731.zip
4739,世界測地系,2014年（平成26年）,0.01MB,L03-b-14_4739.zip
4740,世界測地系,2014年（平成26年）,0.01MB,L03-b-14_4740.zip
4828,世界測地系,2014年（平成26年）,0.01MB,L03-b-14_4828.zip
4829,世界測地系,2014年（平成26年）,0.01MB,L03-b-14_4829.zip
4830,世界測地系,2014年（平成26年）,0.08MB,L03-b-14_4830.zip
4831,世界測地系,2014年（平成26年）,0.05MB,L03-b-14_4831.zip
4839,世界測地系,2014年（平成26年）,0.01MB,L03-b-14_4839.zip
4928,世界測地系,2014年（平成26年）,0.01MB,L03-b-14_4928.zip
4929,世界測地系,2014年（平成26年）,0.06MB,L03-b-14_4929.zip
4930,世界測地系,2014年（平成26年）,0.11MB,L03-b-14_4930.zip
4931,世界測地系,2014年（平成26年）,0.09MB,L03-b-14_4931.zip
4932,世界測地系,2014年（平成26年）,0.04MB,L03-b-14_4932.zip
4933,世界測地系,2014年（平成26年）,0.01MB,L03-b-14_4933.zip
4934,世界測地系,2014年（平成26年）,0.01MB,L03-b-14_4934.zip
4939,世界測地系,2014年（平成26年）,0.01MB,L03-b-14_4939.zip
5029,世界測地系,2014年（平成26年）,0.03MB,L03-b-14_5029.zip
5030,世界測地系,2014年（平成26年）,0.09MB,L03-b-14_5030.zip
5031,世界測地系,2014年（平成26年）,0.05MB,L03-b-14_5031.zip
5032,世界測地系,2014年（平成26年）,0.06MB,L03-b-14_5032.zip
5033,世界測地系,2014年（平成26年）,0.06MB,L03-b-14_5033.zip
5034,世界測地系,2014年（平成26年）,0.03MB,L03-b-14_5034.zip
5035,世界測地系,2014年（平成26年）,0.04MB,L03-b-14_5035.zip
5036,世界測地系,2014年（平成26年）,0.01MB,L03-b-14_5036.zip
5038,世界測地系,2014年（平成26年）,0.01MB,L03-b-14_5038.zip
5039,世界測地系,2014年（平成26年）,0.01MB,L03-b-14_5039.zip
5129,世界測地系,2014年（平成26年）,0.02MB,L03-b-14_5129.zip
5130,世界測地系,2014年（平成26年）,0.01MB,L03-b-14_5130.zip
5131,世界測地系,2014年（平成26年）,0.07MB,L03-b-14_5131.zip
5132,世界測地系,2014年（平成26年）,0.08MB,L03-b-14_5132.zip
5133,世界測地系,2014年（平成26年）,0.09MB,L03-b-14_5133.zip
5134,世界測地系,2014年（平成26年）,0.06MB,L03-b-14_5134.zip
5135,世界測地系,2014年（平成26年）,0.09MB,L03-b-14_5135.zip
5136,世界測地系,2014年（平成26年）,0.05MB,L03-b-14_5136.zip
5137,世界測地系,2014年（平成26年）,0.01MB,L03-b-14_5137.zip
5138,世界測地系,2014年（平成26年）,0.01MB,L03-b-14_5138.zip
5139,世界測地系,2014年（平成26年）,0.01MB,L03-b-14_5139.zip
5229,世界測地系,2014年（平成26年）,0.01MB,L03-b-14_5229.zip
5231,世界測地系,2014年（平成26年）,0.01MB,L03-b-14_5231.zip
5232,世界測地系,2014年（平成26年）,0.07MB,L03-b-14_5232.zip
5233,世界測地系,2014年（平成26年）,0.09MB,L03-b-14_5233.zip
5234,世界測地系,2014年（平成26年）,0.09MB,L03-b-14_5234.zip
5235,世界測地系,2014年（平成26年）,0.11MB,L03-b-14_5235.zip
5236,世界測地系,2014年（平成26年）,0.11MB,L03-b-14_5236.zip
5237,世界測地系,2014年（平成26年）,0.10MB,L03-b-14_5237.zip
5238,世界測地系,2014年（平成26年）,0.08MB,L03-b-14_5238.zip
5239,世界測地系,2014年（平成26年）,0.05MB,L03-b-14_5239.zip
5240,世界測地系,2014年（平成26年）,0.02MB,L03-b-14_5240.zip
5332,世界測地系,2014年（平成26年）,0.02MB,L03-b-14_5332.zip
5333,世界測地系,2014年（平成26年）,0.04MB,L03-b-14_5333.zip
5334,世界測地系,2014年（平成26年）,0.04MB,L03-b-14_5334.zip
5335,世界測地系,2014年（平成26年）,0.04MB,L03-b-14_5335.zip
5336,世界測地系,2014年（平成26年）,0.07MB,L03-b-14_5336.zip
5337,世界測地系,2014年（平成26年）,0.07MB,L03-b-14_5337.zip
5338,世界測地系,2014年（平成26年）,0.07MB,L03-b-14_5338.zip
5339,世界測地系,2014年（平成26年）,0.12MB,L03-b-14_5339.zip
5340,世界測地系,2014年（平成26年）,0.11MB,L03-b-14_5340.zip
5432,世界測地系,2014年（平成26年）,0.01MB,L03-b-14_5432.zip
5433,世界測地系,2014年（平成26年）,0.01MB,L03-b-14_5433.zip
5435,世界測地系,2014年（平成26年）,0.01MB,L03-b-14_5435.zip
5436,世界測地系,2014年（平成26年）,0.06MB,L03-b-14_5436.zip
5437,世界測地系,2014年（平成26年）,0.06MB,L03-b-14_5437.zip
5438,世界測地系,2014年（平成26年）,0.09MB,L03-b-14_5438.zip
5439,世界測地系,2014年（平成26年）,0.14MB,L03-b-14_5439.zip
5440,世界測地系,2014年（平成26年）,0.10MB,L03-b-14_5440.zip
5531,世界測地系,2014年（平成26年）,0.01MB,L03-b-14_5531.zip
5536,世界測地系,2014年（平成26年）,0.04MB,L03-b-14_5536.zip
5537,世界測地系,2014年（平成26年）,0.04MB,L03-b-14_5537.zip
5538,世界測地系,2014年（平成26年）,0.09MB,L03-b-14_5538.zip
5539,世界測地系,2014年（平成26年）,0.05MB,L03-b-14_5539.zip
5540,世界測地系,2014年（平成26年）,0.10MB,L03-b-14_5540.zip
5541,世界測地系,2014年（平成26年）,0.01MB,L03-b-14_5541.zip
5636,世界測地系,2014年（平成26年）,0.01MB,L03-b-14_5636.zip
5637,世界測地系,2014年（平成26年）,0.01MB,L03-b-14_5637.zip
5638,世界測地系,2014年（平成26年）,0.05MB,L03-b-14_5638.zip
5639,世界測地系,2014年（平成26年）,0.07MB,L03-b-14_5639.zip
5640,世界測地系,2014年（平成26年）,0.10MB,L03-b-14_5640.zip
5641,世界測地系,2014年（平成26年）,0.01MB,L03-b-14_5641.zip
5738,世界測地系,2014年（平成26年）,0.01MB,L03-b-14_5738.zip
5739,世界測地系,2014年（平成26年）,0.03MB,L03-b-14_5739.zip
5740,世界測地系,2014年（平成26年）,0.10MB,L03-b-14_5740.zip
5741,世界測地系,2014年（平成26年）,0.04MB,L03-b-14_5741.zip
5839,世界測地系,2014年（平成26年）,0.03MB,L03-b-14_5839.zip
5840,世界測地系,2014年（平成26年）,0.07MB,L03-b-14_5840.zip
5841,世界測地系,2014年（平成26年）,0.09MB,L03-b-14_5841.zip
5939,世界測地系,2014年（平成26年）,0.01MB,L03-b-14_5939.zip
5940,世界測地系,2014年（平成26年）,0.07MB,L03-b-14_5940.zip
5941,世界測地系,2014年（平成26年）,0.07MB,L03-b-14_5941.zip
5942,世界測地系,2014年（平成26年）,0.01MB,L03-b-14_5942.zip
6039,世界測地系,2014年（平成26年）,0.01MB,L03-b-14_6039.zip
6040,世界測地系,2014年（平成26年）,0.06MB,L03-b-14_6040.zip
6041,世界測地系,2014年（平成26年）,0.08MB,L03-b-14_6041.zip
6139,世界測地系,2014年（平成26年）,0.01MB,L03-b-14_6139.zip
6140,世界測地系,2014年（平成26年）,0.05MB,L03-b-14_6140.zip
6141,世界測地系,2014年（平成26年）,0.04MB,L03-b-14_6141.zip
6239,世界測地系,2014年（平成26年）,0.01MB,L03-b-14_6239.zip
6240,世界測地系,2014年（平成26年）,0.04MB,L03-b-14_6240.zip
6241,世界測地系,2014年（平成26年）,0.01MB,L03-b-14_6241.zip
6243,世界測地系,2014年（平成26年）,0.01MB,L03-b-14_6243.zip
6339,世界測地系,2014年（平成26年）,0.02MB,L03-b-14_6339.zip
6340,世界測地系,2014年（平成26年）,0.04MB,L03-b-14_6340.zip
6341,世界測地系,2014年（平成26年）,0.02MB,L03-b-14_6341.zip
6342,世界測地系,2014年（平成26年）,0.04MB,L03-b-14_6342.zip
6343,世界測地系,2014年（平成26年）,0.03MB,L03-b-14_6343.zip
6439,世界測地系,2014年（平成26年）,0.01MB,L03-b-14_6439.zip
6440,世界測地系,2014年（平成26年）,0.05MB,L03-b-14_6440.zip
6441,世界測地系,2014年（平成26年）,0.09MB,L03-b-14_6441.zip
6442,世界測地系,2014年（平成26年）,0.05MB,L03-b-14_6442.zip
6443,世界測地系,2014年（平成26年）,0.07MB,L03-b-14_6443.zip
6444,世界測地系,2014年（平成26年）,0.05MB,L03-b-14_6444.zip
6445,世界測地系,2014年（平成26年）,0.02MB,L03-b-14_6445.zip
6540,世界測地系,2014年（平成26年）,0.01MB,L03-b-14_6540.zip
6541,世界測地系,2014年（平成26年）,0.04MB,L03-b-14_6541.zip
6542,世界測地系,2014年（平成26年）,0.07MB,L03-b-14_6542.zip
6543,世界測地系,2014年（平成26年）,0.04MB,L03-b-14_6543.zip
6544,世界測地系,2014年（平成26年）,0.07MB,L03-b-14_6544.zip
6545,世界測地系,2014年（平成26年）,0.04MB,L03-b-14_6545.zip
6546,世界測地系,2014年（平成26年）,0.01MB,L03-b-14_6546.zip
6641,世界測地系,2014年（平成26年）,0.02MB,L03-b-14_6641.zip
6642,世界測地系,2014年（平成26年）,0.06MB,L03-b-14_6642.zip
6643,世界測地系,2014年（平成26年）,0.03MB,L03-b-14_6643.zip
6644,世界測地系,2014年（平成26年）,0.01MB,L03-b-14_6644.zip
6645,世界測地系,2014年（平成26年）,0.01MB,L03-b-14_6645.zip
6646,世界測地系,2014年（平成26年）,0.01MB,L03-b-14_6646.zip
6647,世界測地系,2014年（平成26年）,0.01MB,L03-b-14_6647.zip
6741,世界測地系,2014年（平成26年）,0.04MB,L03-b-14_6741.zip
6742,世界測地系,2014年（平成26年）,0.04MB,L03-b-14_6742.zip
6747,世界測地系,2014年（平成26年）,0.02MB,L03-b-14_6747.zip
6748,世界測地系,2014年（平成26年）,0.01MB,L03-b-14_6748.zip
6840,世界測地系,2014年（平成26年）,0.01MB,L03-b-14_6840.zip
6841,世界測地系,2014年（平成26年）,0.01MB,L03-b-14_6841.zip
6842,世界測地系,2014年（平成26年）,0.01MB,L03-b-14_6842.zip
6847,世界測地系,2014年（平成26年）,0.01MB,L03-b-14_6847.zip
6848,世界測地系,2014年（平成26年）,0.01MB,L03-b-14_6848.zip