5134,世界測地系,2021年（令和3年）,1.45MB,L03-b-c-21_5134-jgd2011_GML.zip
5134,世界測地系,2016年（平成28年）,918KB,L03-b-c-16_5134_GML.zip
5135,世界測地系,2021年（令和3年）,45.82MB,L03-b-c-21_5135-jgd2011_GML.zip
5135,世界測地系,2016年（平成28年）,19.8MB,L03-b-c-16_5135_GML.zip
5136,世界測地系,2021年（令和3年）,1.45MB,L03-b-c-21_5136-jgd2011_GML.zip
5234,世界測地系,2021年（令和3年）,5.67MB,L03-b-c-21_5234-jgd2011_GML.zip
5234,世界測地系,2016年（平成28年）,3.40MB,L03-b-c-16_5234_GML.zip
5235,世界測地系,2021年（令和3年）,55.69MB,L03-b-c-21_5235-jgd2011_GML.zip
5235,世界測地系,2016年（平成28年）,14.2MB,L03-b-c-16_5235_GML.zip
5236,世界測地系,2021年（令和3年）,41.01MB,L03-b-c-21_5236-jgd2011_GML.zip
5236,世界測地系,2016年（平成28年）,17.5MB,L03-b-c-16_5236_GML.zip
5237,世界測地系,2021年（令和3年）,27.86MB,L03-b-c-21_5237-jgd2011_GML.zip
5237,世界測地系,2016年（平成28年）,6.76MB,L03-b-c-16_5237_GML.zip
5239,世界測地系,2021年（令和3年）,20.29MB,L03-b-c-21_5239-jgd2011_GML.zip
5239,世界測地系,2016年（平成28年）,5.00MB,L03-b-c-16_5239_GML.zip
5336,世界測地系,2021年（令和3年）,8.87MB,L03-b-c-21_5336-jgd2011_GML.zip
5336,世界測地系,2016年（平成28年）,5.06MB,L03-b-c-16_5336_GML.zip
5337,世界測地系,2021年（令和3年）,1.55MB,L03-b-c-21_5337-jgd2011_GML.zip
5337,世界測地系,2016年（平成28年）,936KB,L03-b-c-16_5337_GML.zip
5339,世界測地系,2021年（令和3年）,80.54MB,L03-b-c-21_5339-jgd2011_GML.zip
5339,世界測地系,2016年（平成28年）,37.5MB,L03-b-c-16_5339_GML.zip
5340,世界測地系,2021年（令和3年）,32.47MB,L03-b-c-21_5340-jgd2011_GML.zip
5340,世界測地系,2016年（平成28年）,15.9MB,L03-b-c-16_5340_GML.zip
5439,世界測地系,2021年（令和3年）,22.14MB,L03-b-c-21_5439-jgd2011_GML.zip
5439,世界測地系,2016年（平成28年）,5.08MB,L03-b-c-16_5439_GML.zip
5440,世界測地系,2021年（令和3年）,3.03MB,L03-b-c-21_5440-jgd2011_GML.zip
5440,世界測地系,2016年（平成28年）,1.75MB,L03-b-c-16_5440_GML.zip