北海道,世界測地系,2009年（平成21年）,0.12MB,L05-1-09_01_GML.zip
北海道,世界測地系,2009年（平成21年）,0.03MB,L05-2-09_01_GML.zip
青森,世界測地系,2009年（平成21年）,0.05MB,L05-1-09_02_GML.zip
青森,世界測地系,2009年（平成21年）,0.00MB,L05-2-09_02_GML.zip
岩手,世界測地系,2009年（平成21年）,0.07MB,L05-1-09_03_GML.zip
岩手,世界測地系,2009年（平成21年）,0.02MB,L05-2-09_03_GML.zip
宮城,世界測地系,2009年（平成21年）,0.10MB,L05-1-09_04_GML.zip
宮城,世界測地系,2009年（平成21年）,0.01MB,L05-2-09_04_GML.zip
秋田,世界測地系,2009年（平成21年）,0.05MB,L05-1-09_05_GML.zip
秋田,世界測地系,2009年（平成21年）,0.01MB,L05-2-09_05_GML.zip
山形,世界測地系,2009年（平成21年）,0.07MB,L05-1-09_06_GML.zip
山形,世界測地系,2009年（平成21年）,0.01MB,L05-2-09_06_GML.zip
福島,世界測地系,2009年（平成21年）,0.24MB,L05-1-09_07_GML.zip
福島,世界測地系,2009年（平成21年）,0.03MB,L05-2-09_07_GML.zip
茨城,世界測地系,2009年（平成21年）,0.24MB,L05-1-09_08_GML.zip
茨城,世界測地系,2009年（平成21年）,0.08MB,L05-2-09_08_GML.zip
栃木,世界測地系,2009年（平成21年）,0.12MB,L05-1-09_09_GML.zip
栃木,世界測地系,2009年（平成21年）,0.05MB,L05-2-09_09_GML.zip
群馬,世界測地系,2009年（平成21年）,0.09MB,L05-1-09_10_GML.zip
群馬,世界測地系,2009年（平成21年）,0.03MB,L05-2-09_10_GML.zip
埼玉,世界測地系,2009年（平成21年）,0.10MB,L05-1-09_11_GML.zip
埼玉,世界測地系,2009年（平成21年）,0.06MB,L05-2-09_11_GML.zip
千葉,世界測地系,2009年（平成21年）,0.18MB,L05-1-09_12_GML.zip
千葉,世界測地系,2009年（平成21年）,0.03MB,L05-2-09_12_GML.zip
東京,世界測地系,2009年（平成21年）,0.02MB,L05-1-09_13_GML.zip
東京,世界測地系,2009年（平成21年）,0.02MB,L05-2-09_13_GML.zip
神奈川,世界測地系,2009年（平成21年）,0.07MB,L05-1-09_14_GML.zip
神奈川,世界測地系,2009年（平成21年）,0.08MB,L05-2-09_14_GML.zip
新潟,世界測地系,2009年（平成21年）,0.06MB,L05-1-09_15_GML.zip
新潟,世界測地系,2009年（平成21年）,0.03MB,L05-2-09_15_GML.zip
富山,世界測地系,2009年（平成21年）,0.04MB,L05-1-09_16_GML.zip
富山,世界測地系,2009年（平成21年）,0.03MB,L05-2-09_16_GML.zip
石川,世界測地系,2009年（平成21年）,0.08MB,L05-1-09_17_GML.zip
石川,世界測地系,2009年（平成21年）,0.01MB,L05-2-09_17_GML.zip
福井,世界測地系,2009年（平成21年）,0.02MB,L05-1-09_18_GML.zip
福井,世界測地系,2009年（平成21年）,0.01MB,L05-2-09_18_GML.zip
山梨,世界測地系,2009年（平成21年）,0.03MB,L05-1-09_19_GML.zip
山梨,世界測地系,2009年（平成21年）,0.01MB,L05-2-09_19_GML.zip
長野,世界測地系,2009年（平成21年）,0.06MB,L05-1-09_20_GML.zip
長野,世界測地系,2009年（平成21年）,0.01MB,L05-2-09_20_GML.zip
岐阜,世界測地系,2009年（平成21年）,0.06MB,L05-1-09_21_GML.zip
岐阜,世界測地系,2009年（平成21年）,0.05MB,L05-2-09_21_GML.zip
静岡,世界測地系,2009年（平成21年）,0.09MB,L05-1-09_22_GML.zip
静岡,世界測地系,2009年（平成21年）,0.14MB,L05-2-09_22_GML.zip
愛知,世界測地系,2009年（平成21年）,0.12MB,L05-1-09_23_GML.zip
愛知,世界測地系,2009年（平成21年）,0.16MB,L05-2-09_23_GML.zip
三重,世界測地系,2009年（平成21年）,0.12MB,L05-1-09_24_GML.zip
三重,世界測地系,2009年（平成21年）,0.07MB,L05-2-09_24_GML.zip
滋賀,世界測地系,2009年（平成21年）,0.10MB,L05-1-09_25_GML.zip
滋賀,世界測地系,2009年（平成21年）,0.07MB,L05-2-09_25_GML.zip
京都,世界測地系,2009年（平成21年）,0.06MB,L05-1-09_26_GML.zip
京都,世界測地系,2009年（平成21年）,0.04MB,L05-2-09_26_GML.zip
大阪,世界測地系,2009年（平成21年）,0.07MB,L05-1-09_27_GML.zip
大阪,世界測地系,2009年（平成21年）,0.06MB,L05-2-09_27_GML.zip
兵庫,世界測地系,2009年（平成21年）,0.15MB,L05-1-09_28_GML.zip
兵庫,世界測地系,2009年（平成21年）,0.07MB,L05-2-09_28_GML.zip
奈良,世界測地系,2009年（平成21年）,0.04MB,L05-1-09_29_GML.zip
和歌山,世界測地系,2009年（平成21年）,0.04MB,L05-1-09_30_GML.zip
和歌山,世界測地系,2009年（平成21年）,0.01MB,L05-2-09_30_GML.zip
鳥取,世界測地系,2009年（平成21年）,0.04MB,L05-1-09_31_GML.zip
鳥取,世界測地系,2009年（平成21年）,0.01MB,L05-2-09_31_GML.zip
島根,世界測地系,2009年（平成21年）,0.05MB,L05-1-09_32_GML.zip
島根,世界測地系,2009年（平成21年）,0.02MB,L05-2-09_32_GML.zip
岡山,世界測地系,2009年（平成21年）,0.09MB,L05-1-09_33_GML.zip
岡山,世界測地系,2009年（平成21年）,0.02MB,L05-2-09_33_GML.zip
広島,世界測地系,2009年（平成21年）,0.16MB,L05-1-09_34_GML.zip
広島,世界測地系,2009年（平成21年）,0.05MB,L05-2-09_34_GML.zip
山口,世界測地系,2009年（平成21年）,0.08MB,L05-1-09_35_GML.zip
山口,世界測地系,2009年（平成21年）,0.06MB,L05-2-09_35_GML.zip
徳島,世界測地系,2009年（平成21年）,0.05MB,L05-1-09_36_GML.zip
徳島,世界測地系,2009年（平成21年）,0.01MB,L05-2-09_36_GML.zip
香川,世界測地系,2009年（平成21年）,0.06MB,L05-1-09_37_GML.zip
香川,世界測地系,2009年（平成21年）,0.01MB,L05-2-09_37_GML.zip
愛媛,世界測地系,2009年（平成21年）,0.04MB,L05-1-09_38_GML.zip
愛媛,世界測地系,2009年（平成21年）,0.04MB,L05-2-09_38_GML.zip
高知,世界測地系,2009年（平成21年）,0.02MB,L05-1-09_39_GML.zip
高知,世界測地系,2009年（平成21年）,0.01MB,L05-2-09_39_GML.zip
福岡,世界測地系,2009年（平成21年）,0.18MB,L05-1-09_40_GML.zip
福岡,世界測地系,2009年（平成21年）,0.05MB,L05-2-09_40_GML.zip
佐賀,世界測地系,2009年（平成21年）,0.06MB,L05-1-09_41_GML.zip
佐賀,世界測地系,2009年（平成21年）,0.01MB,L05-2-09_41_GML.zip
長崎,世界測地系,2009年（平成21年）,0.06MB,L05-1-09_42_GML.zip
長崎,世界測地系,2009年（平成21年）,0.02MB,L05-2-09_42_GML.zip
熊本,世界測地系,2009年（平成21年）,0.06MB,L05-1-09_43_GML.zip
熊本,世界測地系,2009年（平成21年）,0.03MB,L05-2-09_43_GML.zip
大分,世界測地系,2009年（平成21年）,0.04MB,L05-1-09_44_GML.zip
大分,世界測地系,2009年（平成21年）,0.03MB,L05-2-09_44_GML.zip
宮崎,世界測地系,2009年（平成21年）,0.04MB,L05-1-09_45_GML.zip
宮崎,世界測地系,2009年（平成21年）,0.02MB,L05-2-09_45_GML.zip
鹿児島,世界測地系,2009年（平成21年）,0.05MB,L05-1-09_46_GML.zip
鹿児島,世界測地系,2009年（平成21年）,0.01MB,L05-2-09_46_GML.zip
沖縄,世界測地系,2009年（平成21年）,0.02MB,L05-1-09_47_GML.zip