[{"filename": "L05-1-09_01_GML.zip", "url": "https://nlftp.mlit.go.jp/ksj/gml/data/L05/L05-09/L05-1-09_01_GML.zip"}, {"filename": "L05-2-09_01_GML.zip", "url": "https://nlftp.mlit.go.jp/ksj/gml/data/L05/L05-09/L05-2-09_01_GML.zip"}, {"filename": "L05-1-09_02_GML.zip", "url": "https://nlftp.mlit.go.jp/ksj/gml/data/L05/L05-09/L05-1-09_02_GML.zip"}, {"filename": "L05-2-09_02_GML.zip", "url": "https://nlftp.mlit.go.jp/ksj/gml/data/L05/L05-09/L05-2-09_02_GML.zip"}, {"filename": "L05-1-09_03_GML.zip", "url": "https://nlftp.mlit.go.jp/ksj/gml/data/L05/L05-09/L05-1-09_03_GML.zip"}, {"filename": "L05-2-09_03_GML.zip", "url": "https://nlftp.mlit.go.jp/ksj/gml/data/L05/L05-09/L05-2-09_03_GML.zip"}, {"filename": "L05-1-09_04_GML.zip", "url": "https://nlftp.mlit.go.jp/ksj/gml/data/L05/L05-09/L05-1-09_04_GML.zip"}, {"filename": "L05-2-09_04_GML.zip", "url": "https://nlftp.mlit.go.jp/ksj/gml/data/L05/L05-09/L05-2-09_04_GML.zip"}, {"filename": "L05-1-09_05_GML.zip", "url": "https://nlftp.mlit.go.jp/ksj/gml/data/L05/L05-09/L05-1-09_05_GML.zip"}, {"filename": "L05-2-09_05_GML.zip", "url": "https://nlftp.mlit.go.jp/ksj/gml/data/L05/L05-09/L05-2-09_05_GML.zip"}, {"filename": "L05-1-09_06_GML.zip", "url": "https://nlftp.mlit.go.jp/ksj/gml/data/L05/L05-09/L05-1-09_06_GML.zip"}, {"filename": "L05-2-09_06_GML.zip", "url": "https://nlftp.mlit.go.jp/ksj/gml/data/L05/L05-09/L05-2-09_06_GML.zip"}, {"filename": "L05-1-09_07_GML.zip", "url": "https://nlftp.mlit.go.jp/ksj/gml/data/L05/L05-09/L05-1-09_07_GML.zip"}, {"filename": "L05-2-09_07_GML.zip", "url": "https://nlftp.mlit.go.jp/ksj/gml/data/L05/L05-09/L05-2-09_07_GML.zip"}, {"filename": "L05-1-09_08_GML.zip", "url": "https://nlftp.mlit.go.jp/ksj/gml/data/L05/L05-09/L05-1-09_08_GML.zip"}, {"filename": "L05-2-09_08_GML.zip", "url": "https://nlftp.mlit.go.jp/ksj/gml/data/L05/L05-09/L05-2-09_08_GML.zip"}, {"filename": "L05-1-09_09_GML.zip", "url": "https://nlftp.mlit.go.jp/ksj/gml/data/L05/L05-09/L05-1-09_09_GML.zip"}, {"filename": "L05-2-09_09_GML.zip", "url": "https://nlftp.mlit.go.jp/ksj/gml/data/L05/L05-09/L05-2-09_09_GML.zip"}, {"filename": "L05-1-09_10_GML.zip", "url": "https://nlftp.mlit.go.jp/ksj/gml/data/L05/L05-09/L05-1-09_10_GML.zip"}, {"filename": "L05-2-09_10_GML.zip", "url": "https://nlftp.mlit.go.jp/ksj/gml/data/L05/L05-09/L05-2-09_10_GML.zip"}, {"filename": "L05-1-09_11_GML.zip", "url": "https://nlftp.mlit.go.jp/ksj/gml/data/L05/L05-09/L05-1-09_11_GML.zip"}, {"filename": "L05-2-09_11_GML.zip", "url": "https://nlftp.mlit.go.jp/ksj/gml/data/L05/L05-09/L05-2-09_11_GML.zip"}, {"filename": "L05-1-09_12_GML.zip", "url": "https://nlftp.mlit.go.jp/ksj/gml/data/L05/L05-09/L05-1-09_12_GML.zip"}, {"filename": "L05-2-09_12_GML.zip", "url": "https://nlftp.mlit.go.jp/ksj/gml/data/L05/L05-09/L05-2-09_12_GML.zip"}, {"filename": "L05-1-09_13_GML.zip", "url": "https://nlftp.mlit.go.jp/ksj/gml/data/L05/L05-09/L05-1-09_13_GML.zip"}, {"filename": "L05-2-09_13_GML.zip", "url": "https://nlftp.mlit.go.jp/ksj/gml/data/L05/L05-09/L05-2-09_13_GML.zip"}, {"filename": "L05-1-09_14_GML.zip", "url": "https://nlftp.mlit.go.jp/ksj/gml/data/L05/L05-09/L05-1-09_14_GML.zip"}, {"filename": "L05-2-09_14_GML.zip", "url": "https://nlftp.mlit.go.jp/ksj/gml/data/L05/L05-09/L05-2-09_14_GML.zip"}, {"filename": "L05-1-09_15_GML.zip", "url": "https://nlftp.mlit.go.jp/ksj/gml/data/L05/L05-09/L05-1-09_15_GML.zip"}, {"filename": "L05-2-09_15_GML.zip", "url": "https://nlftp.mlit.go.jp/ksj/gml/data/L05/L05-09/L05-2-09_15_GML.zip"}, {"filename": "L05-1-09_16_GML.zip", "url": "https://nlftp.mlit.go.jp/ksj/gml/data/L05/L05-09/L05-1-09_16_GML.zip"}, {"filename": "L05-2-09_16_GML.zip", "url": "https://nlftp.mlit.go.jp/ksj/gml/data/L05/L05-09/L05-2-09_16_GML.zip"}, {"filename": "L05-1-09_17_GML.zip", "url": "https://nlftp.mlit.go.jp/ksj/gml/data/L05/L05-09/L05-1-09_17_GML.zip"}, {"filename": "L05-2-09_17_GML.zip", "url": "https://nlftp.mlit.go.jp/ksj/gml/data/L05/L05-09/L05-2-09_17_GML.zip"}, {"filename": "L05-1-09_18_GML.zip", "url": "https://nlftp.mlit.go.jp/ksj/gml/data/L05/L05-09/L05-1-09_18_GML.zip"}, {"filename": "L05-2-09_18_GML.zip", "url": "https://nlftp.mlit.go.jp/ksj/gml/data/L05/L05-09/L05-2-09_18_GML.zip"}, {"filename": "L05-1-09_19_GML.zip", "url": "https://nlftp.mlit.go.jp/ksj/gml/data/L05/L05-09/L05-1-09_19_GML.zip"}, {"filename": "L05-2-09_19_GML.zip", "url": "https://nlftp.mlit.go.jp/ksj/gml/data/L05/L05-09/L05-2-09_19_GML.zip"}, {"filename": "L05-1-09_20_GML.zip", "url": "https://nlftp.mlit.go.jp/ksj/gml/data/L05/L05-09/L05-1-09_20_GML.zip"}, {"filename": "L05-2-09_20_GML.zip", "url": "https://nlftp.mlit.go.jp/ksj/gml/data/L05/L05-09/L05-2-09_20_GML.zip"}, {"filename": "L05-1-09_21_GML.zip", "url": "https://nlftp.mlit.go.jp/ksj/gml/data/L05/L05-09/L05-1-09_21_GML.zip"}, {"filename": "L05-2-09_21_GML.zip", "url": "https://nlftp.mlit.go.jp/ksj/gml/data/L05/L05-09/L05-2-09_21_GML.zip"}, {"filename": "L05-1-09_22_GML.zip", "url": "https://nlftp.mlit.go.jp/ksj/gml/data/L05/L05-09/L05-1-09_22_GML.zip"}, {"filename": "L05-2-09_22_GML.zip", "url": "https://nlftp.mlit.go.jp/ksj/gml/data/L05/L05-09/L05-2-09_22_GML.zip"}, {"filename": "L05-1-09_23_GML.zip", "url": "https://nlftp.mlit.go.jp/ksj/gml/data/L05/L05-09/L05-1-09_23_GML.zip"}, {"filename": "L05-2-09_23_GML.zip", "url": "https://nlftp.mlit.go.jp/ksj/gml/data/L05/L05-09/L05-2-09_23_GML.zip"}, {"filename": "L05-1-09_24_GML.zip", "url": "https://nlftp.mlit.go.jp/ksj/gml/data/L05/L05-09/L05-1-09_24_GML.zip"}, {"filename": "L05-2-09_24_GML.zip", "url": "https://nlftp.mlit.go.jp/ksj/gml/data/L05/L05-09/L05-2-09_24_GML.zip"}, {"filename": "L05-1-09_25_GML.zip", "url": "https://nlftp.mlit.go.jp/ksj/gml/data/L05/L05-09/L05-1-09_25_GML.zip"}, {"filename": "L05-2-09_25_GML.zip", "url": "https://nlftp.mlit.go.jp/ksj/gml/data/L05/L05-09/L05-2-09_25_GML.zip"}, {"filename": "L05-1-09_26_GML.zip", "url": "https://nlftp.mlit.go.jp/ksj/gml/data/L05/L05-09/L05-1-09_26_GML.zip"}, {"filename": "L05-2-09_26_GML.zip", "url": "https://nlftp.mlit.go.jp/ksj/gml/data/L05/L05-09/L05-2-09_26_GML.zip"}, {"filename": "L05-1-09_27_GML.zip", "url": "https://nlftp.mlit.go.jp/ksj/gml/data/L05/L05-09/L05-1-09_27_GML.zip"}, {"filename": "L05-2-09_27_GML.zip", "url": "https://nlftp.mlit.go.jp/ksj/gml/data/L05/L05-09/L05-2-09_27_GML.zip"}, {"filename": "L05-1-09_28_GML.zip", "url": "https://nlftp.mlit.go.jp/ksj/gml/data/L05/L05-09/L05-1-09_28_GML.zip"}, {"filename": "L05-2-09_28_GML.zip", "url": "https://nlftp.mlit.go.jp/ksj/gml/data/L05/L05-09/L05-2-09_28_GML.zip"}, {"filename": "L05-1-09_29_GML.zip", "url": "https://nlftp.mlit.go.jp/ksj/gml/data/L05/L05-09/L05-1-09_29_GML.zip"}, {"filename": "L05-1-09_30_GML.zip", "url": "https://nlftp.mlit.go.jp/ksj/gml/data/L05/L05-09/L05-1-09_30_GML.zip"}, {"filename": "L05-2-09_30_GML.zip", "url": "https://nlftp.mlit.go.jp/ksj/gml/data/L05/L05-09/L05-2-09_30_GML.zip"}, {"filename": "L05-1-09_31_GML.zip", "url": "https://nlftp.mlit.go.jp/ksj/gml/data/L05/L05-09/L05-1-09_31_GML.zip"}, {"filename": "L05-2-09_31_GML.zip", "url": "https://nlftp.mlit.go.jp/ksj/gml/data/L05/L05-09/L05-2-09_31_GML.zip"}, {"filename": "L05-1-09_32_GML.zip", "url": "https://nlftp.mlit.go.jp/ksj/gml/data/L05/L05-09/L05-1-09_32_GML.zip"}, {"filename": "L05-2-09_32_GML.zip", "url": "https://nlftp.mlit.go.jp/ksj/gml/data/L05/L05-09/L05-2-09_32_GML.zip"}, {"filename": "L05-1-09_33_GML.zip", "url": "https://nlftp.mlit.go.jp/ksj/gml/data/L05/L05-09/L05-1-09_33_GML.zip"}, {"filename": "L05-2-09_33_GML.zip", "url": "https://nlftp.mlit.go.jp/ksj/gml/data/L05/L05-09/L05-2-09_33_GML.zip"}, {"filename": "L05-1-09_34_GML.zip", "url": "https://nlftp.mlit.go.jp/ksj/gml/data/L05/L05-09/L05-1-09_34_GML.zip"}, {"filename": "L05-2-09_34_GML.zip", "url": "https://nlftp.mlit.go.jp/ksj/gml/data/L05/L05-09/L05-2-09_34_GML.zip"}, {"filename": "L05-1-09_35_GML.zip", "url": "https://nlftp.mlit.go.jp/ksj/gml/data/L05/L05-09/L05-1-09_35_GML.zip"}, {"filename": "L05-2-09_35_GML.zip", "url": "https://nlftp.mlit.go.jp/ksj/gml/data/L05/L05-09/L05-2-09_35_GML.zip"}, {"filename": "L05-1-09_36_GML.zip", "url": "https://nlftp.mlit.go.jp/ksj/gml/data/L05/L05-09/L05-1-09_36_GML.zip"}, {"filename": "L05-2-09_36_GML.zip", "url": "https://nlftp.mlit.go.jp/ksj/gml/data/L05/L05-09/L05-2-09_36_GML.zip"}, {"filename": "L05-1-09_37_GML.zip", "url": "https://nlftp.mlit.go.jp/ksj/gml/data/L05/L05-09/L05-1-09_37_GML.zip"}, {"filename": "L05-2-09_37_GML.zip", "url": "https://nlftp.mlit.go.jp/ksj/gml/data/L05/L05-09/L05-2-09_37_GML.zip"}, {"filename": "L05-1-09_38_GML.zip", "url": "https://nlftp.mlit.go.jp/ksj/gml/data/L05/L05-09/L05-1-09_38_GML.zip"}, {"filename": "L05-2-09_38_GML.zip", "url": "https://nlftp.mlit.go.jp/ksj/gml/data/L05/L05-09/L05-2-09_38_GML.zip"}, {"filename": "L05-1-09_39_GML.zip", "url": "https://nlftp.mlit.go.jp/ksj/gml/data/L05/L05-09/L05-1-09_39_GML.zip"}, {"filename": "L05-2-09_39_GML.zip", "url": "https://nlftp.mlit.go.jp/ksj/gml/data/L05/L05-09/L05-2-09_39_GML.zip"}, {"filename": "L05-1-09_40_GML.zip", "url": "https://nlftp.mlit.go.jp/ksj/gml/data/L05/L05-09/L05-1-09_40_GML.zip"}, {"filename": "L05-2-09_40_GML.zip", "url": "https://nlftp.mlit.go.jp/ksj/gml/data/L05/L05-09/L05-2-09_40_GML.zip"}, {"filename": "L05-1-09_41_GML.zip", "url": "https://nlftp.mlit.go.jp/ksj/gml/data/L05/L05-09/L05-1-09_41_GML.zip"}, {"filename": "L05-2-09_41_GML.zip", "url": "https://nlftp.mlit.go.jp/ksj/gml/data/L05/L05-09/L05-2-09_41_GML.zip"}, {"filename": "L05-1-09_42_GML.zip", "url": "https://nlftp.mlit.go.jp/ksj/gml/data/L05/L05-09/L05-1-09_42_GML.zip"}, {"filename": "L05-2-09_42_GML.zip", "url": "https://nlftp.mlit.go.jp/ksj/gml/data/L05/L05-09/L05-2-09_42_GML.zip"}, {"filename": "L05-1-09_43_GML.zip", "url": "https://nlftp.mlit.go.jp/ksj/gml/data/L05/L05-09/L05-1-09_43_GML.zip"}, {"filename": "L05-2-09_43_GML.zip", "url": "https://nlftp.mlit.go.jp/ksj/gml/data/L05/L05-09/L05-2-09_43_GML.zip"}, {"filename": "L05-1-09_44_GML.zip", "url": "https://nlftp.mlit.go.jp/ksj/gml/data/L05/L05-09/L05-1-09_44_GML.zip"}, {"filename": "L05-2-09_44_GML.zip", "url": "https://nlftp.mlit.go.jp/ksj/gml/data/L05/L05-09/L05-2-09_44_GML.zip"}, {"filename": "L05-1-09_45_GML.zip", "url": "https://nlftp.mlit.go.jp/ksj/gml/data/L05/L05-09/L05-1-09_45_GML.zip"}, {"filename": "L05-2-09_45_GML.zip", "url": "https://nlftp.mlit.go.jp/ksj/gml/data/L05/L05-09/L05-2-09_45_GML.zip"}, {"filename": "L05-1-09_46_GML.zip", "url": "https://nlftp.mlit.go.jp/ksj/gml/data/L05/L05-09/L05-1-09_46_GML.zip"}, {"filename": "L05-2-09_46_GML.zip", "url": "https://nlftp.mlit.go.jp/ksj/gml/data/L05/L05-09/L05-2-09_46_GML.zip"}, {"filename": "L05-1-09_47_GML.zip", "url": "https://nlftp.mlit.go.jp/ksj/gml/data/L05/L05-09/L05-1-09_47_GML.zip"}]