全国,GML形式,世界測地系,2024年（令和6年）,1914MB,250m_mesh_2024_GML.zip
全国,シェープ形式,世界測地系,2024年（令和6年）,756MB,250m_mesh_2024_SHP.zip
全国,GeoJSON形式,世界測地系,2024年（令和6年）,1180MB,250m_mesh_2024_GEOJSON.zip
北海道,GML形式,世界測地系,2024年（令和6年）,106MB,250m_mesh_2024_01_GML.zip
北海道,シェープ形式,世界測地系,2024年（令和6年）,37.6MB,250m_mesh_2024_01_SHP.zip
北海道,GeoJSON形式,世界測地系,2024年（令和6年）,57.8MB,250m_mesh_2024_01_GEOJSON.zip
東北地方,GML形式,世界測地系,2024年（令和6年）,260MB,250m_mesh_2024_52_GML.zip
東北地方,シェープ形式,世界測地系,2024年（令和6年）,96.9MB,250m_mesh_2024_52_SHP.zip
東北地方,GeoJSON形式,世界測地系,2024年（令和6年）,154MB,250m_mesh_2024_52_GEOJSON.zip
青森,GML形式,世界測地系,2024年（令和6年）,34.1MB,250m_mesh_2024_02_GML.zip
青森,シェープ形式,世界測地系,2024年（令和6年）,12.6MB,250m_mesh_2024_02_SHP.zip
青森,GeoJSON形式,世界測地系,2024年（令和6年）,19.6MB,250m_mesh_2024_02_GEOJSON.zip
岩手,GML形式,世界測地系,2024年（令和6年）,57.1MB,250m_mesh_2024_03_GML.zip
岩手,シェープ形式,世界測地系,2024年（令和6年）,19.3MB,250m_mesh_2024_03_SHP.zip
岩手,GeoJSON形式,世界測地系,2024年（令和6年）,30.4MB,250m_mesh_2024_03_GEOJSON.zip
宮城,GML形式,世界測地系,2024年（令和6年）,52.3MB,250m_mesh_2024_04_GML.zip
宮城,シェープ形式,世界測地系,2024年（令和6年）,19.0MB,250m_mesh_2024_04_SHP.zip
宮城,GeoJSON形式,世界測地系,2024年（令和6年）,29.6MB,250m_mesh_2024_04_GEOJSON.zip
秋田,GML形式,世界測地系,2024年（令和6年）,35.6MB,250m_mesh_2024_05_GML.zip
秋田,シェープ形式,世界測地系,2024年（令和6年）,12.5MB,250m_mesh_2024_05_SHP.zip
秋田,GeoJSON形式,世界測地系,2024年（令和6年）,19.7MB,250m_mesh_2024_05_GEOJSON.zip
山形,GML形式,世界測地系,2024年（令和6年）,32.2MB,250m_mesh_2024_06_GML.zip
山形,シェープ形式,世界測地系,2024年（令和6年）,11.8MB,250m_mesh_2024_06_SHP.zip
山形,GeoJSON形式,世界測地系,2024年（令和6年）,18.5MB,250m_mesh_2024_06_GEOJSON.zip
福島,GML形式,世界測地系,2024年（令和6年）,65.8MB,250m_mesh_2024_07_GML.zip
福島,シェープ形式,世界測地系,2024年（令和6年）,23.1MB,250m_mesh_2024_07_SHP.zip
福島,GeoJSON形式,世界測地系,2024年（令和6年）,36.2MB,250m_mesh_2024_07_GEOJSON.zip
関東地方,GML形式,世界測地系,2024年（令和6年）,406MB,250m_mesh_2024_53_GML.zip
関東地方,シェープ形式,世界測地系,2024年（令和6年）,168MB,250m_mesh_2024_53_SHP.zip
関東地方,GeoJSON形式,世界測地系,2024年（令和6年）,259MB,250m_mesh_2024_53_GEOJSON.zip
茨城,GML形式,世界測地系,2024年（令和6年）,85.2MB,250m_mesh_2024_08_GML.zip
茨城,シェープ形式,世界測地系,2024年（令和6年）,31.8MB,250m_mesh_2024_08_SHP.zip
茨城,GeoJSON形式,世界測地系,2024年（令和6年）,49.7MB,250m_mesh_2024_08_GEOJSON.zip
栃木,GML形式,世界測地系,2024年（令和6年）,60.3MB,250m_mesh_2024_09_GML.zip
栃木,シェープ形式,世界測地系,2024年（令和6年）,22.0MB,250m_mesh_2024_09_SHP.zip
栃木,GeoJSON形式,世界測地系,2024年（令和6年）,34.4MB,250m_mesh_2024_09_GEOJSON.zip
群馬,GML形式,世界測地系,2024年（令和6年）,46.3MB,250m_mesh_2024_10_GML.zip
群馬,シェープ形式,世界測地系,2024年（令和6年）,17.8MB,250m_mesh_2024_10_SHP.zip
群馬,GeoJSON形式,世界測地系,2024年（令和6年）,27.6MB,250m_mesh_2024_10_GEOJSON.zip
埼玉,GML形式,世界測地系,2024年（令和6年）,68.3MB,250m_mesh_2024_11_GML.zip
埼玉,シェープ形式,世界測地系,2024年（令和6年）,28.2MB,250m_mesh_2024_11_SHP.zip
埼玉,GeoJSON形式,世界測地系,2024年（令和6年）,42.8MB,250m_mesh_2024_11_GEOJSON.zip
千葉,GML形式,世界測地系,2024年（令和6年）,81.7MB,250m_mesh_2024_12_GML.zip
千葉,シェープ形式,世界測地系,2024年（令和6年）,31.5MB,250m_mesh_2024_12_SHP.zip
千葉,GeoJSON形式,世界測地系,2024年（令和6年）,48.5MB,250m_mesh_2024_12_GEOJSON.zip
東京,GML形式,世界測地系,2024年（令和6年）,41.0MB,250m_mesh_2024_13_GML.zip
東京,シェープ形式,世界測地系,2024年（令和6年）,18.7MB,250m_mesh_2024_13_SHP.zip
東京,GeoJSON形式,世界測地系,2024年（令和6年）,27.1MB,250m_mesh_2024_13_GEOJSON.zip
神奈川,GML形式,世界測地系,2024年（令和6年）,44.9MB,250m_mesh_2024_14_GML.zip
神奈川,シェープ形式,世界測地系,2024年（令和6年）,19.8MB,250m_mesh_2024_14_SHP.zip
神奈川,GeoJSON形式,世界測地系,2024年（令和6年）,29.3MB,250m_mesh_2024_14_GEOJSON.zip
甲信越・北陸地方,GML形式,世界測地系,2024年（令和6年）,199MB,250m_mesh_2024_54_GML.zip
甲信越・北陸地方,シェープ形式,世界測地系,2024年（令和6年）,78.0MB,250m_mesh_2024_54_SHP.zip
甲信越・北陸地方,GeoJSON形式,世界測地系,2024年（令和6年）,123MB,250m_mesh_2024_54_GEOJSON.zip
新潟,GML形式,世界測地系,2024年（令和6年）,55.8MB,250m_mesh_2024_15_GML.zip
新潟,シェープ形式,世界測地系,2024年（令和6年）,20.8MB,250m_mesh_2024_15_SHP.zip
新潟,GeoJSON形式,世界測地系,2024年（令和6年）,32.5MB,250m_mesh_2024_15_GEOJSON.zip
富山,GML形式,世界測地系,2024年（令和6年）,29.0MB,250m_mesh_2024_16_GML.zip
富山,シェープ形式,世界測地系,2024年（令和6年）,10.9MB,250m_mesh_2024_16_SHP.zip
富山,GeoJSON形式,世界測地系,2024年（令和6年）,17.1MB,250m_mesh_2024_16_GEOJSON.zip
石川,GML形式,世界測地系,2024年（令和6年）,22.8MB,250m_mesh_2024_17_GML.zip
石川,シェープ形式,世界測地系,2024年（令和6年）,8.64MB,250m_mesh_2024_17_SHP.zip
石川,GeoJSON形式,世界測地系,2024年（令和6年）,13.3MB,250m_mesh_2024_17_GEOJSON.zip
福井,GML形式,世界測地系,2024年（令和6年）,19.7MB,250m_mesh_2024_18_GML.zip
福井,シェープ形式,世界測地系,2024年（令和6年）,7.51MB,250m_mesh_2024_18_SHP.zip
福井,GeoJSON形式,世界測地系,2024年（令和6年）,11.7MB,250m_mesh_2024_18_GEOJSON.zip
山梨,GML形式,世界測地系,2024年（令和6年）,21.4MB,250m_mesh_2024_19_GML.zip
山梨,シェープ形式,世界測地系,2024年（令和6年）,8.08MB,250m_mesh_2024_19_SHP.zip
山梨,GeoJSON形式,世界測地系,2024年（令和6年）,12.5MB,250m_mesh_2024_19_GEOJSON.zip
長野,GML形式,世界測地系,2024年（令和6年）,62.1MB,250m_mesh_2024_20_GML.zip
長野,シェープ形式,世界測地系,2024年（令和6年）,23.1MB,250m_mesh_2024_20_SHP.zip
長野,GeoJSON形式,世界測地系,2024年（令和6年）,36.1MB,250m_mesh_2024_20_GEOJSON.zip
東海地方,GML形式,世界測地系,2024年（令和6年）,214MB,250m_mesh_2024_55_GML.zip
東海地方,シェープ形式,世界測地系,2024年（令和6年）,87.9MB,250m_mesh_2024_55_SHP.zip
東海地方,GeoJSON形式,世界測地系,2024年（令和6年）,136MB,250m_mesh_2024_55_GEOJSON.zip
岐阜,GML形式,世界測地系,2024年（令和6年）,49.4MB,250m_mesh_2024_21_GML.zip
岐阜,シェープ形式,世界測地系,2024年（令和6年）,18.7MB,250m_mesh_2024_21_SHP.zip
岐阜,GeoJSON形式,世界測地系,2024年（令和6年）,29.0MB,250m_mesh_2024_21_GEOJSON.zip
静岡,GML形式,世界測地系,2024年（令和6年）,60.7MB,250m_mesh_2024_22_GML.zip
静岡,シェープ形式,世界測地系,2024年（令和6年）,24.0MB,250m_mesh_2024_22_SHP.zip
静岡,GeoJSON形式,世界測地系,2024年（令和6年）,36.8MB,250m_mesh_2024_22_GEOJSON.zip
愛知,GML形式,世界測地系,2024年（令和6年）,75.3MB,250m_mesh_2024_23_GML.zip
愛知,シェープ形式,世界測地系,2024年（令和6年）,31.3MB,250m_mesh_2024_23_SHP.zip
愛知,GeoJSON形式,世界測地系,2024年（令和6年）,47.4MB,250m_mesh_2024_23_GEOJSON.zip
三重,GML形式,世界測地系,2024年（令和6年）,39.4MB,250m_mesh_2024_24_GML.zip
三重,シェープ形式,世界測地系,2024年（令和6年）,15.0MB,250m_mesh_2024_24_SHP.zip
三重,GeoJSON形式,世界測地系,2024年（令和6年）,23.4MB,250m_mesh_2024_24_GEOJSON.zip
近畿地方,GML形式,世界測地系,2024年（令和6年）,188MB,250m_mesh_2024_56_GML.zip
近畿地方,シェープ形式,世界測地系,2024年（令和6年）,77.5MB,250m_mesh_2024_56_SHP.zip
近畿地方,GeoJSON形式,世界測地系,2024年（令和6年）,119MB,250m_mesh_2024_56_GEOJSON.zip
滋賀,GML形式,世界測地系,2024年（令和6年）,24.8MB,250m_mesh_2024_25_GML.zip
滋賀,シェープ形式,世界測地系,2024年（令和6年）,9.72MB,250m_mesh_2024_25_SHP.zip
滋賀,GeoJSON形式,世界測地系,2024年（令和6年）,15.0MB,250m_mesh_2024_25_GEOJSON.zip
京都,GML形式,世界測地系,2024年（令和6年）,27.1MB,250m_mesh_2024_26_GML.zip
京都,シェープ形式,世界測地系,2024年（令和6年）,10.5MB,250m_mesh_2024_26_SHP.zip
京都,GeoJSON形式,世界測地系,2024年（令和6年）,16.0MB,250m_mesh_2024_26_GEOJSON.zip
大阪,GML形式,世界測地系,2024年（令和6年）,37.0MB,250m_mesh_2024_27_GML.zip
大阪,シェープ形式,世界測地系,2024年（令和6年）,16.4MB,250m_mesh_2024_27_SHP.zip
大阪,GeoJSON形式,世界測地系,2024年（令和6年）,24.2MB,250m_mesh_2024_27_GEOJSON.zip
兵庫,GML形式,世界測地系,2024年（令和6年）,66.8MB,250m_mesh_2024_28_GML.zip
兵庫,シェープ形式,世界測地系,2024年（令和6年）,25.7MB,250m_mesh_2024_28_SHP.zip
兵庫,GeoJSON形式,世界測地系,2024年（令和6年）,39.7MB,250m_mesh_2024_28_GEOJSON.zip
奈良,GML形式,世界測地系,2024年（令和6年）,20.1MB,250m_mesh_2024_29_GML.zip
奈良,シェープ形式,世界測地系,2024年（令和6年）,7.71MB,250m_mesh_2024_29_SHP.zip
奈良,GeoJSON形式,世界測地系,2024年（令和6年）,11.8MB,250m_mesh_2024_29_GEOJSON.zip
和歌山,GML形式,世界測地系,2024年（令和6年）,22.2MB,250m_mesh_2024_30_GML.zip
和歌山,シェープ形式,世界測地系,2024年（令和6年）,8.28MB,250m_mesh_2024_30_SHP.zip
和歌山,GeoJSON形式,世界測地系,2024年（令和6年）,12.8MB,250m_mesh_2024_30_GEOJSON.zip
中国地方,GML形式,世界測地系,2024年（令和6年）,173MB,250m_mesh_2024_57_GML.zip
中国地方,シェープ形式,世界測地系,2024年（令和6年）,65.2MB,250m_mesh_2024_57_SHP.zip
中国地方,GeoJSON形式,世界測地系,2024年（令和6年）,103MB,250m_mesh_2024_57_GEOJSON.zip
鳥取,GML形式,世界測地系,2024年（令和6年）,15.6MB,250m_mesh_2024_31_GML.zip
鳥取,シェープ形式,世界測地系,2024年（令和6年）,5.75MB,250m_mesh_2024_31_SHP.zip
鳥取,GeoJSON形式,世界測地系,2024年（令和6年）,9.02MB,250m_mesh_2024_31_GEOJSON.zip
島根,GML形式,世界測地系,2024年（令和6年）,30.3MB,250m_mesh_2024_32_GML.zip
島根,シェープ形式,世界測地系,2024年（令和6年）,10.4MB,250m_mesh_2024_32_SHP.zip
島根,GeoJSON形式,世界測地系,2024年（令和6年）,16.3MB,250m_mesh_2024_32_GEOJSON.zip
岡山,GML形式,世界測地系,2024年（令和6年）,50.3MB,250m_mesh_2024_33_GML.zip
岡山,シェープ形式,世界測地系,2024年（令和6年）,18.3MB,250m_mesh_2024_33_SHP.zip
岡山,GeoJSON形式,世界測地系,2024年（令和6年）,28.5MB,250m_mesh_2024_33_GEOJSON.zip
広島,GML形式,世界測地系,2024年（令和6年）,52.7MB,250m_mesh_2024_34_GML.zip
広島,シェープ形式,世界測地系,2024年（令和6年）,19.2MB,250m_mesh_2024_34_SHP.zip
広島,GeoJSON形式,世界測地系,2024年（令和6年）,29.7MB,250m_mesh_2024_34_GEOJSON.zip
山口,GML形式,世界測地系,2024年（令和6年）,35.1MB,250m_mesh_2024_35_GML.zip
山口,シェープ形式,世界測地系,2024年（令和6年）,12.7MB,250m_mesh_2024_35_SHP.zip
山口,GeoJSON形式,世界測地系,2024年（令和6年）,19.7MB,250m_mesh_2024_35_GEOJSON.zip
四国地方,GML形式,世界測地系,2024年（令和6年）,91.6MB,250m_mesh_2024_58_GML.zip
四国地方,シェープ形式,世界測地系,2024年（令和6年）,35.2MB,250m_mesh_2024_58_SHP.zip
四国地方,GeoJSON形式,世界測地系,2024年（令和6年）,55.3MB,250m_mesh_2024_58_GEOJSON.zip
徳島,GML形式,世界測地系,2024年（令和6年）,21.3MB,250m_mesh_2024_36_GML.zip
徳島,シェープ形式,世界測地系,2024年（令和6年）,7.77MB,250m_mesh_2024_36_SHP.zip
徳島,GeoJSON形式,世界測地系,2024年（令和6年）,12.1MB,250m_mesh_2024_36_GEOJSON.zip
香川,GML形式,世界測地系,2024年（令和6年）,24.4MB,250m_mesh_2024_37_GML.zip
香川,シェープ形式,世界測地系,2024年（令和6年）,9.35MB,250m_mesh_2024_37_SHP.zip
香川,GeoJSON形式,世界測地系,2024年（令和6年）,14.5MB,250m_mesh_2024_37_GEOJSON.zip
愛媛,GML形式,世界測地系,2024年（令和6年）,30.2MB,250m_mesh_2024_38_GML.zip
愛媛,シェープ形式,世界測地系,2024年（令和6年）,11.1MB,250m_mesh_2024_38_SHP.zip
愛媛,GeoJSON形式,世界測地系,2024年（令和6年）,17.2MB,250m_mesh_2024_38_GEOJSON.zip
高知,GML形式,世界測地系,2024年（令和6年）,21.6MB,250m_mesh_2024_39_GML.zip
高知,シェープ形式,世界測地系,2024年（令和6年）,7.49MB,250m_mesh_2024_39_SHP.zip
高知,GeoJSON形式,世界測地系,2024年（令和6年）,11.7MB,250m_mesh_2024_39_GEOJSON.zip
九州地方,GML形式,世界測地系,2024年（令和6年）,269MB,250m_mesh_2024_59_GML.zip
九州地方,シェープ形式,世界測地系,2024年（令和6年）,104MB,250m_mesh_2024_59_SHP.zip
九州地方,GeoJSON形式,世界測地系,2024年（令和6年）,163MB,250m_mesh_2024_59_GEOJSON.zip
福岡,GML形式,世界測地系,2024年（令和6年）,63.0MB,250m_mesh_2024_40_GML.zip
福岡,シェープ形式,世界測地系,2024年（令和6年）,25.1MB,250m_mesh_2024_40_SHP.zip
福岡,GeoJSON形式,世界測地系,2024年（令和6年）,38.6MB,250m_mesh_2024_40_GEOJSON.zip
佐賀,GML形式,世界測地系,2024年（令和6年）,24.3MB,250m_mesh_2024_41_GML.zip
佐賀,シェープ形式,世界測地系,2024年（令和6年）,9.01MB,250m_mesh_2024_41_SHP.zip
佐賀,GeoJSON形式,世界測地系,2024年（令和6年）,14.2MB,250m_mesh_2024_41_GEOJSON.zip
長崎,GML形式,世界測地系,2024年（令和6年）,35.2MB,250m_mesh_2024_42_GML.zip
長崎,シェープ形式,世界測地系,2024年（令和6年）,12.7MB,250m_mesh_2024_42_SHP.zip
長崎,GeoJSON形式,世界測地系,2024年（令和6年）,19.8MB,250m_mesh_2024_42_GEOJSON.zip
熊本,GML形式,世界測地系,2024年（令和6年）,46.7MB,250m_mesh_2024_43_GML.zip
熊本,シェープ形式,世界測地系,2024年（令和6年）,17.0MB,250m_mesh_2024_43_SHP.zip
熊本,GeoJSON形式,世界測地系,2024年（令和6年）,26.5MB,250m_mesh_2024_43_GEOJSON.zip
大分,GML形式,世界測地系,2024年（令和6年）,33.3MB,250m_mesh_2024_44_GML.zip
大分,シェープ形式,世界測地系,2024年（令和6年）,11.7MB,250m_mesh_2024_44_SHP.zip
大分,GeoJSON形式,世界測地系,2024年（令和6年）,18.2MB,250m_mesh_2024_44_GEOJSON.zip
宮崎,GML形式,世界測地系,2024年（令和6年）,32.0MB,250m_mesh_2024_45_GML.zip
宮崎,シェープ形式,世界測地系,2024年（令和6年）,11.5MB,250m_mesh_2024_45_SHP.zip
宮崎,GeoJSON形式,世界測地系,2024年（令和6年）,17.9MB,250m_mesh_2024_45_GEOJSON.zip
鹿児島,GML形式,世界測地系,2024年（令和6年）,51.9MB,250m_mesh_2024_46_GML.zip
鹿児島,シェープ形式,世界測地系,2024年（令和6年）,18.2MB,250m_mesh_2024_46_SHP.zip
鹿児島,GeoJSON形式,世界測地系,2024年（令和6年）,28.4MB,250m_mesh_2024_46_GEOJSON.zip
沖縄,GML形式,世界測地系,2024年（令和6年）,16.6MB,250m_mesh_2024_47_GML.zip
沖縄,シェープ形式,世界測地系,2024年（令和6年）,6.63MB,250m_mesh_2024_47_SHP.zip
沖縄,GeoJSON形式,世界測地系,2024年（令和6年）,10.1MB,250m_mesh_2024_47_GEOJSON.zip