全国,世界測地系,2017年（平成29年）,108.58MB,m500-17_GML.zip
北海道,世界測地系,2017年（平成29年）,8.82MB,m500-17_01_GML.zip
青森,世界測地系,2017年（平成29年）,1.95MB,m500-17_02_GML.zip
岩手,世界測地系,2017年（平成29年）,3.75MB,m500-17_03_GML.zip
宮城,世界測地系,2017年（平成29年）,3.05MB,m500-17_04_GML.zip
秋田,世界測地系,2017年（平成29年）,2.24MB,m500-17_05_GML.zip
山形,世界測地系,2017年（平成29年）,1.86MB,m500-17_06_GML.zip
福島,世界測地系,2017年（平成29年）,4.28MB,m500-17_07_GML.zip
茨城,世界測地系,2017年（平成29年）,3.98MB,m500-17_08_GML.zip
栃木,世界測地系,2017年（平成29年）,3.03MB,m500-17_09_GML.zip
群馬,世界測地系,2017年（平成29年）,2.10MB,m500-17_10_GML.zip
埼玉,世界測地系,2017年（平成29年）,2.62MB,m500-17_11_GML.zip
千葉,世界測地系,2017年（平成29年）,3.69MB,m500-17_12_GML.zip
東京,世界測地系,2017年（平成29年）,1.40MB,m500-17_13_GML.zip
神奈川,世界測地系,2017年（平成29年）,1.61MB,m500-17_14_GML.zip
新潟,世界測地系,2017年（平成29年）,3.11MB,m500-17_15_GML.zip
富山,世界測地系,2017年（平成29年）,1.31MB,m500-17_16_GML.zip
石川,世界測地系,2017年（平成29年）,1.27MB,m500-17_17_GML.zip
福井,世界測地系,2017年（平成29年）,1.05MB,m500-17_18_GML.zip
山梨,世界測地系,2017年（平成29年）,1.07MB,m500-17_19_GML.zip
長野,世界測地系,2017年（平成29年）,3.18MB,m500-17_20_GML.zip
岐阜,世界測地系,2017年（平成29年）,2.47MB,m500-17_21_GML.zip
静岡,世界測地系,2017年（平成29年）,2.78MB,m500-17_22_GML.zip
愛知,世界測地系,2017年（平成29年）,3.03MB,m500-17_23_GML.zip
三重,世界測地系,2017年（平成29年）,1.98MB,m500-17_24_GML.zip
滋賀,世界測地系,2017年（平成29年）,1.21MB,m500-17_25_GML.zip
京都,世界測地系,2017年（平成29年）,1.47MB,m500-17_26_GML.zip
大阪,世界測地系,2017年（平成29年）,1.32MB,m500-17_27_GML.zip
兵庫,世界測地系,2017年（平成29年）,3.31MB,m500-17_28_GML.zip
奈良,世界測地系,2017年（平成29年）,1.00MB,m500-17_29_GML.zip
和歌山,世界測地系,2017年（平成29年）,1.24MB,m500-17_30_GML.zip
鳥取,世界測地系,2017年（平成29年）,0.94MB,m500-17_31_GML.zip
島根,世界測地系,2017年（平成29年）,2.09MB,m500-17_32_GML.zip
岡山,世界測地系,2017年（平成29年）,2.85MB,m500-17_33_GML.zip
広島,世界測地系,2017年（平成29年）,3.12MB,m500-17_34_GML.zip
山口,世界測地系,2017年（平成29年）,2.14MB,m500-17_35_GML.zip
徳島,世界測地系,2017年（平成29年）,1.21MB,m500-17_36_GML.zip
香川,世界測地系,2017年（平成29年）,1.11MB,m500-17_37_GML.zip
愛媛,世界測地系,2017年（平成29年）,1.77MB,m500-17_38_GML.zip
高知,世界測地系,2017年（平成29年）,1.50MB,m500-17_39_GML.zip
福岡,世界測地系,2017年（平成29年）,2.77MB,m500-17_40_GML.zip
佐賀,世界測地系,2017年（平成29年）,1.25MB,m500-17_41_GML.zip
長崎,世界測地系,2017年（平成29年）,2.00MB,m500-17_42_GML.zip
熊本,世界測地系,2017年（平成29年）,2.65MB,m500-17_43_GML.zip
大分,世界測地系,2017年（平成29年）,2.18MB,m500-17_44_GML.zip
宮崎,世界測地系,2017年（平成29年）,1.94MB,m500-17_45_GML.zip
鹿児島,世界測地系,2017年（平成29年）,3.25MB,m500-17_46_GML.zip
沖縄,世界測地系,2017年（平成29年）,0.79MB,m500-17_47_GML.zip