北海道,世界測地系,2018年（平成30年）,9.70MB,1km_mesh_suikei_2018_shape_01.zip
青森,世界測地系,2018年（平成30年）,2.39MB,1km_mesh_suikei_2018_shape_02.zip
岩手,世界測地系,2018年（平成30年）,4.11MB,1km_mesh_suikei_2018_shape_03.zip
宮城,世界測地系,2018年（平成30年）,3.16MB,1km_mesh_suikei_2018_shape_04.zip
秋田,世界測地系,2018年（平成30年）,2.71MB,1km_mesh_suikei_2018_shape_05.zip
山形,世界測地系,2018年（平成30年）,2.24MB,1km_mesh_suikei_2018_shape_06.zip
福島,世界測地系,2018年（平成30年）,4.12MB,1km_mesh_suikei_2018_shape_07.zip
茨城,世界測地系,2018年（平成30年）,3.87MB,1km_mesh_suikei_2018_shape_08.zip
栃木,世界測地系,2018年（平成30年）,3.00MB,1km_mesh_suikei_2018_shape_09.zip
群馬,世界測地系,2018年（平成30年）,2.14MB,1km_mesh_suikei_2018_shape_10.zip
埼玉,世界測地系,2018年（平成30年）,2.48MB,1km_mesh_suikei_2018_shape_11.zip
千葉,世界測地系,2018年（平成30年）,3.60MB,1km_mesh_suikei_2018_shape_12.zip
東京,世界測地系,2018年（平成30年）,1.34MB,1km_mesh_suikei_2018_shape_13.zip
神奈川,世界測地系,2018年（平成30年）,1.57MB,1km_mesh_suikei_2018_shape_14.zip
新潟,世界測地系,2018年（平成30年）,3.71MB,1km_mesh_suikei_2018_shape_15.zip
富山,世界測地系,2018年（平成30年）,1.34MB,1km_mesh_suikei_2018_shape_16.zip
石川,世界測地系,2018年（平成30年）,1.49MB,1km_mesh_suikei_2018_shape_17.zip
福井,世界測地系,2018年（平成30年）,1.25MB,1km_mesh_suikei_2018_shape_18.zip
山梨,世界測地系,2018年（平成30年）,1.16MB,1km_mesh_suikei_2018_shape_19.zip
長野,世界測地系,2018年（平成30年）,3.51MB,1km_mesh_suikei_2018_shape_20.zip
岐阜,世界測地系,2018年（平成30年）,2.76MB,1km_mesh_suikei_2018_shape_21.zip
静岡,世界測地系,2018年（平成30年）,3.02MB,1km_mesh_suikei_2018_shape_22.zip
愛知,世界測地系,2018年（平成30年）,3.09MB,1km_mesh_suikei_2018_shape_23.zip
三重,世界測地系,2018年（平成30年）,2.21MB,1km_mesh_suikei_2018_shape_24.zip
滋賀,世界測地系,2018年（平成30年）,1.39MB,1km_mesh_suikei_2018_shape_25.zip
京都,世界測地系,2018年（平成30年）,1.74MB,1km_mesh_suikei_2018_shape_26.zip
大阪,世界測地系,2018年（平成30年）,1.30MB,1km_mesh_suikei_2018_shape_27.zip
兵庫,世界測地系,2018年（平成30年）,3.75MB,1km_mesh_suikei_2018_shape_28.zip
奈良,世界測地系,2018年（平成30年）,1.07MB,1km_mesh_suikei_2018_shape_29.zip
和歌山,世界測地系,2018年（平成30年）,1.40MB,1km_mesh_suikei_2018_shape_30.zip
鳥取,世界測地系,2018年（平成30年）,1.17MB,1km_mesh_suikei_2018_shape_31.zip
島根,世界測地系,2018年（平成30年）,2.34MB,1km_mesh_suikei_2018_shape_32.zip
岡山,世界測地系,2018年（平成30年）,3.15MB,1km_mesh_suikei_2018_shape_33.zip
広島,世界測地系,2018年（平成30年）,3.44MB,1km_mesh_suikei_2018_shape_34.zip
山口,世界測地系,2018年（平成30年）,2.40MB,1km_mesh_suikei_2018_shape_35.zip
徳島,世界測地系,2018年（平成30年）,1.27MB,1km_mesh_suikei_2018_shape_36.zip
香川,世界測地系,2018年（平成30年）,1.13MB,1km_mesh_suikei_2018_shape_37.zip
愛媛,世界測地系,2018年（平成30年）,2.04MB,1km_mesh_suikei_2018_shape_38.zip
高知,世界測地系,2018年（平成30年）,1.72MB,1km_mesh_suikei_2018_shape_39.zip
福岡,世界測地系,2018年（平成30年）,2.86MB,1km_mesh_suikei_2018_shape_40.zip
佐賀,世界測地系,2018年（平成30年）,1.34MB,1km_mesh_suikei_2018_shape_41.zip
長崎,世界測地系,2018年（平成30年）,2.23MB,1km_mesh_suikei_2018_shape_42.zip
熊本,世界測地系,2018年（平成30年）,2.94MB,1km_mesh_suikei_2018_shape_43.zip
大分,世界測地系,2018年（平成30年）,2.43MB,1km_mesh_suikei_2018_shape_44.zip
宮崎,世界測地系,2018年（平成30年）,2.11MB,1km_mesh_suikei_2018_shape_45.zip
鹿児島,世界測地系,2018年（平成30年）,3.57MB,1km_mesh_suikei_2018_shape_46.zip
沖縄,世界測地系,2018年（平成30年）,0.96MB,1km_mesh_suikei_2018_shape_47.zip