[{"filename": "250m_mesh_2024_GML.zip", "url": "https://nlftp.mlit.go.jp/ksj/gml/data/m250r6/m250r6-24/250m_mesh_2024_GML.zip"}, {"filename": "250m_mesh_2024_SHP.zip", "url": "https://nlftp.mlit.go.jp/ksj/gml/data/m250r6/m250r6-24/250m_mesh_2024_SHP.zip"}, {"filename": "250m_mesh_2024_GEOJSON.zip", "url": "https://nlftp.mlit.go.jp/ksj/gml/data/m250r6/m250r6-24/250m_mesh_2024_GEOJSON.zip"}, {"filename": "250m_mesh_2024_01_GML.zip", "url": "https://nlftp.mlit.go.jp/ksj/gml/data/m250r6/m250r6-24/250m_mesh_2024_01_GML.zip"}, {"filename": "250m_mesh_2024_01_SHP.zip", "url": "https://nlftp.mlit.go.jp/ksj/gml/data/m250r6/m250r6-24/250m_mesh_2024_01_SHP.zip"}, {"filename": "250m_mesh_2024_01_GEOJSON.zip", "url": "https://nlftp.mlit.go.jp/ksj/gml/data/m250r6/m250r6-24/250m_mesh_2024_01_GEOJSON.zip"}, {"filename": "250m_mesh_2024_52_GML.zip", "url": "https://nlftp.mlit.go.jp/ksj/gml/data/m250r6/m250r6-24/250m_mesh_2024_52_GML.zip"}, {"filename": "250m_mesh_2024_52_SHP.zip", "url": "https://nlftp.mlit.go.jp/ksj/gml/data/m250r6/m250r6-24/250m_mesh_2024_52_SHP.zip"}, {"filename": "250m_mesh_2024_52_GEOJSON.zip", "url": "https://nlftp.mlit.go.jp/ksj/gml/data/m250r6/m250r6-24/250m_mesh_2024_52_GEOJSON.zip"}, {"filename": "250m_mesh_2024_02_GML.zip", "url": "https://nlftp.mlit.go.jp/ksj/gml/data/m250r6/m250r6-24/250m_mesh_2024_02_GML.zip"}, {"filename": "250m_mesh_2024_02_SHP.zip", "url": "https://nlftp.mlit.go.jp/ksj/gml/data/m250r6/m250r6-24/250m_mesh_2024_02_SHP.zip"}, {"filename": "250m_mesh_2024_02_GEOJSON.zip", "url": "https://nlftp.mlit.go.jp/ksj/gml/data/m250r6/m250r6-24/250m_mesh_2024_02_GEOJSON.zip"}, {"filename": "250m_mesh_2024_03_GML.zip", "url": "https://nlftp.mlit.go.jp/ksj/gml/data/m250r6/m250r6-24/250m_mesh_2024_03_GML.zip"}, {"filename": "250m_mesh_2024_03_SHP.zip", "url": "https://nlftp.mlit.go.jp/ksj/gml/data/m250r6/m250r6-24/250m_mesh_2024_03_SHP.zip"}, {"filename": "250m_mesh_2024_03_GEOJSON.zip", "url": "https://nlftp.mlit.go.jp/ksj/gml/data/m250r6/m250r6-24/250m_mesh_2024_03_GEOJSON.zip"}, {"filename": "250m_mesh_2024_04_GML.zip", "url": "https://nlftp.mlit.go.jp/ksj/gml/data/m250r6/m250r6-24/250m_mesh_2024_04_GML.zip"}, {"filename": "250m_mesh_2024_04_SHP.zip", "url": "https://nlftp.mlit.go.jp/ksj/gml/data/m250r6/m250r6-24/250m_mesh_2024_04_SHP.zip"}, {"filename": "250m_mesh_2024_04_GEOJSON.zip", "url": "https://nlftp.mlit.go.jp/ksj/gml/data/m250r6/m250r6-24/250m_mesh_2024_04_GEOJSON.zip"}, {"filename": "250m_mesh_2024_05_GML.zip", "url": "https://nlftp.mlit.go.jp/ksj/gml/data/m250r6/m250r6-24/250m_mesh_2024_05_GML.zip"}, {"filename": "250m_mesh_2024_05_SHP.zip", "url": "https://nlftp.mlit.go.jp/ksj/gml/data/m250r6/m250r6-24/250m_mesh_2024_05_SHP.zip"}, {"filename": "250m_mesh_2024_05_GEOJSON.zip", "url": "https://nlftp.mlit.go.jp/ksj/gml/data/m250r6/m250r6-24/250m_mesh_2024_05_GEOJSON.zip"}, {"filename": "250m_mesh_2024_06_GML.zip", "url": "https://nlftp.mlit.go.jp/ksj/gml/data/m250r6/m250r6-24/250m_mesh_2024_06_GML.zip"}, {"filename": "250m_mesh_2024_06_SHP.zip", "url": "https://nlftp.mlit.go.jp/ksj/gml/data/m250r6/m250r6-24/250m_mesh_2024_06_SHP.zip"}, {"filename": "250m_mesh_2024_06_GEOJSON.zip", "url": "https://nlftp.mlit.go.jp/ksj/gml/data/m250r6/m250r6-24/250m_mesh_2024_06_GEOJSON.zip"}, {"filename": "250m_mesh_2024_07_GML.zip", "url": "https://nlftp.mlit.go.jp/ksj/gml/data/m250r6/m250r6-24/250m_mesh_2024_07_GML.zip"}, {"filename": "250m_mesh_2024_07_SHP.zip", "url": "https://nlftp.mlit.go.jp/ksj/gml/data/m250r6/m250r6-24/250m_mesh_2024_07_SHP.zip"}, {"filename": "250m_mesh_2024_07_GEOJSON.zip", "url": "https://nlftp.mlit.go.jp/ksj/gml/data/m250r6/m250r6-24/250m_mesh_2024_07_GEOJSON.zip"}, {"filename": "250m_mesh_2024_53_GML.zip", "url": "https://nlftp.mlit.go.jp/ksj/gml/data/m250r6/m250r6-24/250m_mesh_2024_53_GML.zip"}, {"filename": "250m_mesh_2024_53_SHP.zip", "url": "https://nlftp.mlit.go.jp/ksj/gml/data/m250r6/m250r6-24/250m_mesh_2024_53_SHP.zip"}, {"filename": "250m_mesh_2024_53_GEOJSON.zip", "url": "https://nlftp.mlit.go.jp/ksj/gml/data/m250r6/m250r6-24/250m_mesh_2024_53_GEOJSON.zip"}, {"filename": "250m_mesh_2024_08_GML.zip", "url": "https://nlftp.mlit.go.jp/ksj/gml/data/m250r6/m250r6-24/250m_mesh_2024_08_GML.zip"}, {"filename": "250m_mesh_2024_08_SHP.zip", "url": "https://nlftp.mlit.go.jp/ksj/gml/data/m250r6/m250r6-24/250m_mesh_2024_08_SHP.zip"}, {"filename": "250m_mesh_2024_08_GEOJSON.zip", "url": "https://nlftp.mlit.go.jp/ksj/gml/data/m250r6/m250r6-24/250m_mesh_2024_08_GEOJSON.zip"}, {"filename": "250m_mesh_2024_09_GML.zip", "url": "https://nlftp.mlit.go.jp/ksj/gml/data/m250r6/m250r6-24/250m_mesh_2024_09_GML.zip"}, {"filename": "250m_mesh_2024_09_SHP.zip", "url": "https://nlftp.mlit.go.jp/ksj/gml/data/m250r6/m250r6-24/250m_mesh_2024_09_SHP.zip"}, {"filename": "250m_mesh_2024_09_GEOJSON.zip", "url": "https://nlftp.mlit.go.jp/ksj/gml/data/m250r6/m250r6-24/250m_mesh_2024_09_GEOJSON.zip"}, {"filename": "250m_mesh_2024_10_GML.zip", "url": "https://nlftp.mlit.go.jp/ksj/gml/data/m250r6/m250r6-24/250m_mesh_2024_10_GML.zip"}, {"filename": "250m_mesh_2024_10_SHP.zip", "url": "https://nlftp.mlit.go.jp/ksj/gml/data/m250r6/m250r6-24/250m_mesh_2024_10_SHP.zip"}, {"filename": "250m_mesh_2024_10_GEOJSON.zip", "url": "https://nlftp.mlit.go.jp/ksj/gml/data/m250r6/m250r6-24/250m_mesh_2024_10_GEOJSON.zip"}, {"filename": "250m_mesh_2024_11_GML.zip", "url": "https://nlftp.mlit.go.jp/ksj/gml/data/m250r6/m250r6-24/250m_mesh_2024_11_GML.zip"}, {"filename": "250m_mesh_2024_11_SHP.zip", "url": "https://nlftp.mlit.go.jp/ksj/gml/data/m250r6/m250r6-24/250m_mesh_2024_11_SHP.zip"}, {"filename": "250m_mesh_2024_11_GEOJSON.zip", "url": "https://nlftp.mlit.go.jp/ksj/gml/data/m250r6/m250r6-24/250m_mesh_2024_11_GEOJSON.zip"}, {"filename": "250m_mesh_2024_12_GML.zip", "url": "https://nlftp.mlit.go.jp/ksj/gml/data/m250r6/m250r6-24/250m_mesh_2024_12_GML.zip"}, {"filename": "250m_mesh_2024_12_SHP.zip", "url": "https://nlftp.mlit.go.jp/ksj/gml/data/m250r6/m250r6-24/250m_mesh_2024_12_SHP.zip"}, {"filename": "250m_mesh_2024_12_GEOJSON.zip", "url": "https://nlftp.mlit.go.jp/ksj/gml/data/m250r6/m250r6-24/250m_mesh_2024_12_GEOJSON.zip"}, {"filename": "250m_mesh_2024_13_GML.zip", "url": "https://nlftp.mlit.go.jp/ksj/gml/data/m250r6/m250r6-24/250m_mesh_2024_13_GML.zip"}, {"filename": "250m_mesh_2024_13_SHP.zip", "url": "https://nlftp.mlit.go.jp/ksj/gml/data/m250r6/m250r6-24/250m_mesh_2024_13_SHP.zip"}, {"filename": "250m_mesh_2024_13_GEOJSON.zip", "url": "https://nlftp.mlit.go.jp/ksj/gml/data/m250r6/m250r6-24/250m_mesh_2024_13_GEOJSON.zip"}, {"filename": "250m_mesh_2024_14_GML.zip", "url": "https://nlftp.mlit.go.jp/ksj/gml/data/m250r6/m250r6-24/250m_mesh_2024_14_GML.zip"}, {"filename": "250m_mesh_2024_14_SHP.zip", "url": "https://nlftp.mlit.go.jp/ksj/gml/data/m250r6/m250r6-24/250m_mesh_2024_14_SHP.zip"}, {"filename": "250m_mesh_2024_14_GEOJSON.zip", "url": "https://nlftp.mlit.go.jp/ksj/gml/data/m250r6/m250r6-24/250m_mesh_2024_14_GEOJSON.zip"}, {"filename": "250m_mesh_2024_54_GML.zip", "url": "https://nlftp.mlit.go.jp/ksj/gml/data/m250r6/m250r6-24/250m_mesh_2024_54_GML.zip"}, {"filename": "250m_mesh_2024_54_SHP.zip", "url": "https://nlftp.mlit.go.jp/ksj/gml/data/m250r6/m250r6-24/250m_mesh_2024_54_SHP.zip"}, {"filename": "250m_mesh_2024_54_GEOJSON.zip", "url": "https://nlftp.mlit.go.jp/ksj/gml/data/m250r6/m250r6-24/250m_mesh_2024_54_GEOJSON.zip"}, {"filename": "250m_mesh_2024_15_GML.zip", "url": "https://nlftp.mlit.go.jp/ksj/gml/data/m250r6/m250r6-24/250m_mesh_2024_15_GML.zip"}, {"filename": "250m_mesh_2024_15_SHP.zip", "url": "https://nlftp.mlit.go.jp/ksj/gml/data/m250r6/m250r6-24/250m_mesh_2024_15_SHP.zip"}, {"filename": "250m_mesh_2024_15_GEOJSON.zip", "url": "https://nlftp.mlit.go.jp/ksj/gml/data/m250r6/m250r6-24/250m_mesh_2024_15_GEOJSON.zip"}, {"filename": "250m_mesh_2024_16_GML.zip", "url": "https://nlftp.mlit.go.jp/ksj/gml/data/m250r6/m250r6-24/250m_mesh_2024_16_GML.zip"}, {"filename": "250m_mesh_2024_16_SHP.zip", "url": "https://nlftp.mlit.go.jp/ksj/gml/data/m250r6/m250r6-24/250m_mesh_2024_16_SHP.zip"}, {"filename": "250m_mesh_2024_16_GEOJSON.zip", "url": "https://nlftp.mlit.go.jp/ksj/gml/data/m250r6/m250r6-24/250m_mesh_2024_16_GEOJSON.zip"}, {"filename": "250m_mesh_2024_17_GML.zip", "url": "https://nlftp.mlit.go.jp/ksj/gml/data/m250r6/m250r6-24/250m_mesh_2024_17_GML.zip"}, {"filename": "250m_mesh_2024_17_SHP.zip", "url": "https://nlftp.mlit.go.jp/ksj/gml/data/m250r6/m250r6-24/250m_mesh_2024_17_SHP.zip"}, {"filename": "250m_mesh_2024_17_GEOJSON.zip", "url": "https://nlftp.mlit.go.jp/ksj/gml/data/m250r6/m250r6-24/250m_mesh_2024_17_GEOJSON.zip"}, {"filename": "250m_mesh_2024_18_GML.zip", "url": "https://nlftp.mlit.go.jp/ksj/gml/data/m250r6/m250r6-24/250m_mesh_2024_18_GML.zip"}, {"filename": "250m_mesh_2024_18_SHP.zip", "url": "https://nlftp.mlit.go.jp/ksj/gml/data/m250r6/m250r6-24/250m_mesh_2024_18_SHP.zip"}, {"filename": "250m_mesh_2024_18_GEOJSON.zip", "url": "https://nlftp.mlit.go.jp/ksj/gml/data/m250r6/m250r6-24/250m_mesh_2024_18_GEOJSON.zip"}, {"filename": "250m_mesh_2024_19_GML.zip", "url": "https://nlftp.mlit.go.jp/ksj/gml/data/m250r6/m250r6-24/250m_mesh_2024_19_GML.zip"}, {"filename": "250m_mesh_2024_19_SHP.zip", "url": "https://nlftp.mlit.go.jp/ksj/gml/data/m250r6/m250r6-24/250m_mesh_2024_19_SHP.zip"}, {"filename": "250m_mesh_2024_19_GEOJSON.zip", "url": "https://nlftp.mlit.go.jp/ksj/gml/data/m250r6/m250r6-24/250m_mesh_2024_19_GEOJSON.zip"}, {"filename": "250m_mesh_2024_20_GML.zip", "url": "https://nlftp.mlit.go.jp/ksj/gml/data/m250r6/m250r6-24/250m_mesh_2024_20_GML.zip"}, {"filename": "250m_mesh_2024_20_SHP.zip", "url": "https://nlftp.mlit.go.jp/ksj/gml/data/m250r6/m250r6-24/250m_mesh_2024_20_SHP.zip"}, {"filename": "250m_mesh_2024_20_GEOJSON.zip", "url": "https://nlftp.mlit.go.jp/ksj/gml/data/m250r6/m250r6-24/250m_mesh_2024_20_GEOJSON.zip"}, {"filename": "250m_mesh_2024_55_GML.zip", "url": "https://nlftp.mlit.go.jp/ksj/gml/data/m250r6/m250r6-24/250m_mesh_2024_55_GML.zip"}, {"filename": "250m_mesh_2024_55_SHP.zip", "url": "https://nlftp.mlit.go.jp/ksj/gml/data/m250r6/m250r6-24/250m_mesh_2024_55_SHP.zip"}, {"filename": "250m_mesh_2024_55_GEOJSON.zip", "url": "https://nlftp.mlit.go.jp/ksj/gml/data/m250r6/m250r6-24/250m_mesh_2024_55_GEOJSON.zip"}, {"filename": "250m_mesh_2024_21_GML.zip", "url": "https://nlftp.mlit.go.jp/ksj/gml/data/m250r6/m250r6-24/250m_mesh_2024_21_GML.zip"}, {"filename": "250m_mesh_2024_21_SHP.zip", "url": "https://nlftp.mlit.go.jp/ksj/gml/data/m250r6/m250r6-24/250m_mesh_2024_21_SHP.zip"}, {"filename": "250m_mesh_2024_21_GEOJSON.zip", "url": "https://nlftp.mlit.go.jp/ksj/gml/data/m250r6/m250r6-24/250m_mesh_2024_21_GEOJSON.zip"}, {"filename": "250m_mesh_2024_22_GML.zip", "url": "https://nlftp.mlit.go.jp/ksj/gml/data/m250r6/m250r6-24/250m_mesh_2024_22_GML.zip"}, {"filename": "250m_mesh_2024_22_SHP.zip", "url": "https://nlftp.mlit.go.jp/ksj/gml/data/m250r6/m250r6-24/250m_mesh_2024_22_SHP.zip"}, {"filename": "250m_mesh_2024_22_GEOJSON.zip", "url": "https://nlftp.mlit.go.jp/ksj/gml/data/m250r6/m250r6-24/250m_mesh_2024_22_GEOJSON.zip"}, {"filename": "250m_mesh_2024_23_GML.zip", "url": "https://nlftp.mlit.go.jp/ksj/gml/data/m250r6/m250r6-24/250m_mesh_2024_23_GML.zip"}, {"filename": "250m_mesh_2024_23_SHP.zip", "url": "https://nlftp.mlit.go.jp/ksj/gml/data/m250r6/m250r6-24/250m_mesh_2024_23_SHP.zip"}, {"filename": "250m_mesh_2024_23_GEOJSON.zip", "url": "https://nlftp.mlit.go.jp/ksj/gml/data/m250r6/m250r6-24/250m_mesh_2024_23_GEOJSON.zip"}, {"filename": "250m_mesh_2024_24_GML.zip", "url": "https://nlftp.mlit.go.jp/ksj/gml/data/m250r6/m250r6-24/250m_mesh_2024_24_GML.zip"}, {"filename": "250m_mesh_2024_24_SHP.zip", "url": "https://nlftp.mlit.go.jp/ksj/gml/data/m250r6/m250r6-24/250m_mesh_2024_24_SHP.zip"}, {"filename": "250m_mesh_2024_24_GEOJSON.zip", "url": "https://nlftp.mlit.go.jp/ksj/gml/data/m250r6/m250r6-24/250m_mesh_2024_24_GEOJSON.zip"}, {"filename": "250m_mesh_2024_56_GML.zip", "url": "https://nlftp.mlit.go.jp/ksj/gml/data/m250r6/m250r6-24/250m_mesh_2024_56_GML.zip"}, {"filename": "250m_mesh_2024_56_SHP.zip", "url": "https://nlftp.mlit.go.jp/ksj/gml/data/m250r6/m250r6-24/250m_mesh_2024_56_SHP.zip"}, {"filename": "250m_mesh_2024_56_GEOJSON.zip", "url": "https://nlftp.mlit.go.jp/ksj/gml/data/m250r6/m250r6-24/250m_mesh_2024_56_GEOJSON.zip"}, {"filename": "250m_mesh_2024_25_GML.zip", "url": "https://nlftp.mlit.go.jp/ksj/gml/data/m250r6/m250r6-24/250m_mesh_2024_25_GML.zip"}, {"filename": "250m_mesh_2024_25_SHP.zip", "url": "https://nlftp.mlit.go.jp/ksj/gml/data/m250r6/m250r6-24/250m_mesh_2024_25_SHP.zip"}, {"filename": "250m_mesh_2024_25_GEOJSON.zip", "url": "https://nlftp.mlit.go.jp/ksj/gml/data/m250r6/m250r6-24/250m_mesh_2024_25_GEOJSON.zip"}, {"filename": "250m_mesh_2024_26_GML.zip", "url": "https://nlftp.mlit.go.jp/ksj/gml/data/m250r6/m250r6-24/250m_mesh_2024_26_GML.zip"}, {"filename": "250m_mesh_2024_26_SHP.zip", "url": "https://nlftp.mlit.go.jp/ksj/gml/data/m250r6/m250r6-24/250m_mesh_2024_26_SHP.zip"}, {"filename": "250m_mesh_2024_26_GEOJSON.zip", "url": "https://nlftp.mlit.go.jp/ksj/gml/data/m250r6/m250r6-24/250m_mesh_2024_26_GEOJSON.zip"}, {"filename": "250m_mesh_2024_27_GML.zip", "url": "https://nlftp.mlit.go.jp/ksj/gml/data/m250r6/m250r6-24/250m_mesh_2024_27_GML.zip"}, {"filename": "250m_mesh_2024_27_SHP.zip", "url": "https://nlftp.mlit.go.jp/ksj/gml/data/m250r6/m250r6-24/250m_mesh_2024_27_SHP.zip"}, {"filename": "250m_mesh_2024_27_GEOJSON.zip", "url": "https://nlftp.mlit.go.jp/ksj/gml/data/m250r6/m250r6-24/250m_mesh_2024_27_GEOJSON.zip"}, {"filename": "250m_mesh_2024_28_GML.zip", "url": "https://nlftp.mlit.go.jp/ksj/gml/data/m250r6/m250r6-24/250m_mesh_2024_28_GML.zip"}, {"filename": "250m_mesh_2024_28_SHP.zip", "url": "https://nlftp.mlit.go.jp/ksj/gml/data/m250r6/m250r6-24/250m_mesh_2024_28_SHP.zip"}, {"filename": "250m_mesh_2024_28_GEOJSON.zip", "url": "https://nlftp.mlit.go.jp/ksj/gml/data/m250r6/m250r6-24/250m_mesh_2024_28_GEOJSON.zip"}, {"filename": "250m_mesh_2024_29_GML.zip", "url": "https://nlftp.mlit.go.jp/ksj/gml/data/m250r6/m250r6-24/250m_mesh_2024_29_GML.zip"}, {"filename": "250m_mesh_2024_29_SHP.zip", "url": "https://nlftp.mlit.go.jp/ksj/gml/data/m250r6/m250r6-24/250m_mesh_2024_29_SHP.zip"}, {"filename": "250m_mesh_2024_29_GEOJSON.zip", "url": "https://nlftp.mlit.go.jp/ksj/gml/data/m250r6/m250r6-24/250m_mesh_2024_29_GEOJSON.zip"}, {"filename": "250m_mesh_2024_30_GML.zip", "url": "https://nlftp.mlit.go.jp/ksj/gml/data/m250r6/m250r6-24/250m_mesh_2024_30_GML.zip"}, {"filename": "250m_mesh_2024_30_SHP.zip", "url": "https://nlftp.mlit.go.jp/ksj/gml/data/m250r6/m250r6-24/250m_mesh_2024_30_SHP.zip"}, {"filename": "250m_mesh_2024_30_GEOJSON.zip", "url": "https://nlftp.mlit.go.jp/ksj/gml/data/m250r6/m250r6-24/250m_mesh_2024_30_GEOJSON.zip"}, {"filename": "250m_mesh_2024_57_GML.zip", "url": "https://nlftp.mlit.go.jp/ksj/gml/data/m250r6/m250r6-24/250m_mesh_2024_57_GML.zip"}, {"filename": "250m_mesh_2024_57_SHP.zip", "url": "https://nlftp.mlit.go.jp/ksj/gml/data/m250r6/m250r6-24/250m_mesh_2024_57_SHP.zip"}, {"filename": "250m_mesh_2024_57_GEOJSON.zip", "url": "https://nlftp.mlit.go.jp/ksj/gml/data/m250r6/m250r6-24/250m_mesh_2024_57_GEOJSON.zip"}, {"filename": "250m_mesh_2024_31_GML.zip", "url": "https://nlftp.mlit.go.jp/ksj/gml/data/m250r6/m250r6-24/250m_mesh_2024_31_GML.zip"}, {"filename": "250m_mesh_2024_31_SHP.zip", "url": "https://nlftp.mlit.go.jp/ksj/gml/data/m250r6/m250r6-24/250m_mesh_2024_31_SHP.zip"}, {"filename": "250m_mesh_2024_31_GEOJSON.zip", "url": "https://nlftp.mlit.go.jp/ksj/gml/data/m250r6/m250r6-24/250m_mesh_2024_31_GEOJSON.zip"}, {"filename": "250m_mesh_2024_32_GML.zip", "url": "https://nlftp.mlit.go.jp/ksj/gml/data/m250r6/m250r6-24/250m_mesh_2024_32_GML.zip"}, {"filename": "250m_mesh_2024_32_SHP.zip", "url": "https://nlftp.mlit.go.jp/ksj/gml/data/m250r6/m250r6-24/250m_mesh_2024_32_SHP.zip"}, {"filename": "250m_mesh_2024_32_GEOJSON.zip", "url": "https://nlftp.mlit.go.jp/ksj/gml/data/m250r6/m250r6-24/250m_mesh_2024_32_GEOJSON.zip"}, {"filename": "250m_mesh_2024_33_GML.zip", "url": "https://nlftp.mlit.go.jp/ksj/gml/data/m250r6/m250r6-24/250m_mesh_2024_33_GML.zip"}, {"filename": "250m_mesh_2024_33_SHP.zip", "url": "https://nlftp.mlit.go.jp/ksj/gml/data/m250r6/m250r6-24/250m_mesh_2024_33_SHP.zip"}, {"filename": "250m_mesh_2024_33_GEOJSON.zip", "url": "https://nlftp.mlit.go.jp/ksj/gml/data/m250r6/m250r6-24/250m_mesh_2024_33_GEOJSON.zip"}, {"filename": "250m_mesh_2024_34_GML.zip", "url": "https://nlftp.mlit.go.jp/ksj/gml/data/m250r6/m250r6-24/250m_mesh_2024_34_GML.zip"}, {"filename": "250m_mesh_2024_34_SHP.zip", "url": "https://nlftp.mlit.go.jp/ksj/gml/data/m250r6/m250r6-24/250m_mesh_2024_34_SHP.zip"}, {"filename": "250m_mesh_2024_34_GEOJSON.zip", "url": "https://nlftp.mlit.go.jp/ksj/gml/data/m250r6/m250r6-24/250m_mesh_2024_34_GEOJSON.zip"}, {"filename": "250m_mesh_2024_35_GML.zip", "url": "https://nlftp.mlit.go.jp/ksj/gml/data/m250r6/m250r6-24/250m_mesh_2024_35_GML.zip"}, {"filename": "250m_mesh_2024_35_SHP.zip", "url": "https://nlftp.mlit.go.jp/ksj/gml/data/m250r6/m250r6-24/250m_mesh_2024_35_SHP.zip"}, {"filename": "250m_mesh_2024_35_GEOJSON.zip", "url": "https://nlftp.mlit.go.jp/ksj/gml/data/m250r6/m250r6-24/250m_mesh_2024_35_GEOJSON.zip"}, {"filename": "250m_mesh_2024_58_GML.zip", "url": "https://nlftp.mlit.go.jp/ksj/gml/data/m250r6/m250r6-24/250m_mesh_2024_58_GML.zip"}, {"filename": "250m_mesh_2024_58_SHP.zip", "url": "https://nlftp.mlit.go.jp/ksj/gml/data/m250r6/m250r6-24/250m_mesh_2024_58_SHP.zip"}, {"filename": "250m_mesh_2024_58_GEOJSON.zip", "url": "https://nlftp.mlit.go.jp/ksj/gml/data/m250r6/m250r6-24/250m_mesh_2024_58_GEOJSON.zip"}, {"filename": "250m_mesh_2024_36_GML.zip", "url": "https://nlftp.mlit.go.jp/ksj/gml/data/m250r6/m250r6-24/250m_mesh_2024_36_GML.zip"}, {"filename": "250m_mesh_2024_36_SHP.zip", "url": "https://nlftp.mlit.go.jp/ksj/gml/data/m250r6/m250r6-24/250m_mesh_2024_36_SHP.zip"}, {"filename": "250m_mesh_2024_36_GEOJSON.zip", "url": "https://nlftp.mlit.go.jp/ksj/gml/data/m250r6/m250r6-24/250m_mesh_2024_36_GEOJSON.zip"}, {"filename": "250m_mesh_2024_37_GML.zip", "url": "https://nlftp.mlit.go.jp/ksj/gml/data/m250r6/m250r6-24/250m_mesh_2024_37_GML.zip"}, {"filename": "250m_mesh_2024_37_SHP.zip", "url": "https://nlftp.mlit.go.jp/ksj/gml/data/m250r6/m250r6-24/250m_mesh_2024_37_SHP.zip"}, {"filename": "250m_mesh_2024_37_GEOJSON.zip", "url": "https://nlftp.mlit.go.jp/ksj/gml/data/m250r6/m250r6-24/250m_mesh_2024_37_GEOJSON.zip"}, {"filename": "250m_mesh_2024_38_GML.zip", "url": "https://nlftp.mlit.go.jp/ksj/gml/data/m250r6/m250r6-24/250m_mesh_2024_38_GML.zip"}, {"filename": "250m_mesh_2024_38_SHP.zip", "url": "https://nlftp.mlit.go.jp/ksj/gml/data/m250r6/m250r6-24/250m_mesh_2024_38_SHP.zip"}, {"filename": "250m_mesh_2024_38_GEOJSON.zip", "url": "https://nlftp.mlit.go.jp/ksj/gml/data/m250r6/m250r6-24/250m_mesh_2024_38_GEOJSON.zip"}, {"filename": "250m_mesh_2024_39_GML.zip", "url": "https://nlftp.mlit.go.jp/ksj/gml/data/m250r6/m250r6-24/250m_mesh_2024_39_GML.zip"}, {"filename": "250m_mesh_2024_39_SHP.zip", "url": "https://nlftp.mlit.go.jp/ksj/gml/data/m250r6/m250r6-24/250m_mesh_2024_39_SHP.zip"}, {"filename": "250m_mesh_2024_39_GEOJSON.zip", "url": "https://nlftp.mlit.go.jp/ksj/gml/data/m250r6/m250r6-24/250m_mesh_2024_39_GEOJSON.zip"}, {"filename": "250m_mesh_2024_59_GML.zip", "url": "https://nlftp.mlit.go.jp/ksj/gml/data/m250r6/m250r6-24/250m_mesh_2024_59_GML.zip"}, {"filename": "250m_mesh_2024_59_SHP.zip", "url": "https://nlftp.mlit.go.jp/ksj/gml/data/m250r6/m250r6-24/250m_mesh_2024_59_SHP.zip"}, {"filename": "250m_mesh_2024_59_GEOJSON.zip", "url": "https://nlftp.mlit.go.jp/ksj/gml/data/m250r6/m250r6-24/250m_mesh_2024_59_GEOJSON.zip"}, {"filename": "250m_mesh_2024_40_GML.zip", "url": "https://nlftp.mlit.go.jp/ksj/gml/data/m250r6/m250r6-24/250m_mesh_2024_40_GML.zip"}, {"filename": "250m_mesh_2024_40_SHP.zip", "url": "https://nlftp.mlit.go.jp/ksj/gml/data/m250r6/m250r6-24/250m_mesh_2024_40_SHP.zip"}, {"filename": "250m_mesh_2024_40_GEOJSON.zip", "url": "https://nlftp.mlit.go.jp/ksj/gml/data/m250r6/m250r6-24/250m_mesh_2024_40_GEOJSON.zip"}, {"filename": "250m_mesh_2024_41_GML.zip", "url": "https://nlftp.mlit.go.jp/ksj/gml/data/m250r6/m250r6-24/250m_mesh_2024_41_GML.zip"}, {"filename": "250m_mesh_2024_41_SHP.zip", "url": "https://nlftp.mlit.go.jp/ksj/gml/data/m250r6/m250r6-24/250m_mesh_2024_41_SHP.zip"}, {"filename": "250m_mesh_2024_41_GEOJSON.zip", "url": "https://nlftp.mlit.go.jp/ksj/gml/data/m250r6/m250r6-24/250m_mesh_2024_41_GEOJSON.zip"}, {"filename": "250m_mesh_2024_42_GML.zip", "url": "https://nlftp.mlit.go.jp/ksj/gml/data/m250r6/m250r6-24/250m_mesh_2024_42_GML.zip"}, {"filename": "250m_mesh_2024_42_SHP.zip", "url": "https://nlftp.mlit.go.jp/ksj/gml/data/m250r6/m250r6-24/250m_mesh_2024_42_SHP.zip"}, {"filename": "250m_mesh_2024_42_GEOJSON.zip", "url": "https://nlftp.mlit.go.jp/ksj/gml/data/m250r6/m250r6-24/250m_mesh_2024_42_GEOJSON.zip"}, {"filename": "250m_mesh_2024_43_GML.zip", "url": "https://nlftp.mlit.go.jp/ksj/gml/data/m250r6/m250r6-24/250m_mesh_2024_43_GML.zip"}, {"filename": "250m_mesh_2024_43_SHP.zip", "url": "https://nlftp.mlit.go.jp/ksj/gml/data/m250r6/m250r6-24/250m_mesh_2024_43_SHP.zip"}, {"filename": "250m_mesh_2024_43_GEOJSON.zip", "url": "https://nlftp.mlit.go.jp/ksj/gml/data/m250r6/m250r6-24/250m_mesh_2024_43_GEOJSON.zip"}, {"filename": "250m_mesh_2024_44_GML.zip", "url": "https://nlftp.mlit.go.jp/ksj/gml/data/m250r6/m250r6-24/250m_mesh_2024_44_GML.zip"}, {"filename": "250m_mesh_2024_44_SHP.zip", "url": "https://nlftp.mlit.go.jp/ksj/gml/data/m250r6/m250r6-24/250m_mesh_2024_44_SHP.zip"}, {"filename": "250m_mesh_2024_44_GEOJSON.zip", "url": "https://nlftp.mlit.go.jp/ksj/gml/data/m250r6/m250r6-24/250m_mesh_2024_44_GEOJSON.zip"}, {"filename": "250m_mesh_2024_45_GML.zip", "url": "https://nlftp.mlit.go.jp/ksj/gml/data/m250r6/m250r6-24/250m_mesh_2024_45_GML.zip"}, {"filename": "250m_mesh_2024_45_SHP.zip", "url": "https://nlftp.mlit.go.jp/ksj/gml/data/m250r6/m250r6-24/250m_mesh_2024_45_SHP.zip"}, {"filename": "250m_mesh_2024_45_GEOJSON.zip", "url": "https://nlftp.mlit.go.jp/ksj/gml/data/m250r6/m250r6-24/250m_mesh_2024_45_GEOJSON.zip"}, {"filename": "250m_mesh_2024_46_GML.zip", "url": "https://nlftp.mlit.go.jp/ksj/gml/data/m250r6/m250r6-24/250m_mesh_2024_46_GML.zip"}, {"filename": "250m_mesh_2024_46_SHP.zip", "url": "https://nlftp.mlit.go.jp/ksj/gml/data/m250r6/m250r6-24/250m_mesh_2024_46_SHP.zip"}, {"filename": "250m_mesh_2024_46_GEOJSON.zip", "url": "https://nlftp.mlit.go.jp/ksj/gml/data/m250r6/m250r6-24/250m_mesh_2024_46_GEOJSON.zip"}, {"filename": "250m_mesh_2024_47_GML.zip", "url": "https://nlftp.mlit.go.jp/ksj/gml/data/m250r6/m250r6-24/250m_mesh_2024_47_GML.zip"}, {"filename": "250m_mesh_2024_47_SHP.zip", "url": "https://nlftp.mlit.go.jp/ksj/gml/data/m250r6/m250r6-24/250m_mesh_2024_47_SHP.zip"}, {"filename": "250m_mesh_2024_47_GEOJSON.zip", "url": "https://nlftp.mlit.go.jp/ksj/gml/data/m250r6/m250r6-24/250m_mesh_2024_47_GEOJSON.zip"}]