北海道,世界測地系,2018年（平成30年）,18.49MB,500m_mesh_suikei_2018_shape_01.zip
青森,世界測地系,2018年（平成30年）,5.25MB,500m_mesh_suikei_2018_shape_02.zip
岩手,世界測地系,2018年（平成30年）,9.20MB,500m_mesh_suikei_2018_shape_03.zip
宮城,世界測地系,2018年（平成30年）,7.83MB,500m_mesh_suikei_2018_shape_04.zip
秋田,世界測地系,2018年（平成30年）,5.84MB,500m_mesh_suikei_2018_shape_05.zip
山形,世界測地系,2018年（平成30年）,5.03MB,500m_mesh_suikei_2018_shape_06.zip
福島,世界測地系,2018年（平成30年）,9.94MB,500m_mesh_suikei_2018_shape_07.zip
茨城,世界測地系,2018年（平成30年）,11.25MB,500m_mesh_suikei_2018_shape_08.zip
栃木,世界測地系,2018年（平成30年）,8.26MB,500m_mesh_suikei_2018_shape_09.zip
群馬,世界測地系,2018年（平成30年）,5.93MB,500m_mesh_suikei_2018_shape_10.zip
埼玉,世界測地系,2018年（平成30年）,7.98MB,500m_mesh_suikei_2018_shape_11.zip
千葉,世界測地系,2018年（平成30年）,10.57MB,500m_mesh_suikei_2018_shape_12.zip
東京,世界測地系,2018年（平成30年）,4.46MB,500m_mesh_suikei_2018_shape_13.zip
神奈川,世界測地系,2018年（平成30年）,5.09MB,500m_mesh_suikei_2018_shape_14.zip
新潟,世界測地系,2018年（平成30年）,8.56MB,500m_mesh_suikei_2018_shape_15.zip
富山,世界測地系,2018年（平成30年）,3.77MB,500m_mesh_suikei_2018_shape_16.zip
石川,世界測地系,2018年（平成30年）,3.41MB,500m_mesh_suikei_2018_shape_17.zip
福井,世界測地系,2018年（平成30年）,2.94MB,500m_mesh_suikei_2018_shape_18.zip
山梨,世界測地系,2018年（平成30年）,2.92MB,500m_mesh_suikei_2018_shape_19.zip
長野,世界測地系,2018年（平成30年）,8.61MB,500m_mesh_suikei_2018_shape_20.zip
岐阜,世界測地系,2018年（平成30年）,6.85MB,500m_mesh_suikei_2018_shape_21.zip
静岡,世界測地系,2018年（平成30年）,7.93MB,500m_mesh_suikei_2018_shape_22.zip
愛知,世界測地系,2018年（平成30年）,9.08MB,500m_mesh_suikei_2018_shape_23.zip
三重,世界測地系,2018年（平成30年）,5.58MB,500m_mesh_suikei_2018_shape_24.zip
滋賀,世界測地系,2018年（平成30年）,3.52MB,500m_mesh_suikei_2018_shape_25.zip
京都,世界測地系,2018年（平成30年）,4.01MB,500m_mesh_suikei_2018_shape_26.zip
大阪,世界測地系,2018年（平成30年）,4.18MB,500m_mesh_suikei_2018_shape_27.zip
兵庫,世界測地系,2018年（平成30年）,9.34MB,500m_mesh_suikei_2018_shape_28.zip
奈良,世界測地系,2018年（平成30年）,2.74MB,500m_mesh_suikei_2018_shape_29.zip
和歌山,世界測地系,2018年（平成30年）,3.26MB,500m_mesh_suikei_2018_shape_30.zip
鳥取,世界測地系,2018年（平成30年）,2.51MB,500m_mesh_suikei_2018_shape_31.zip
島根,世界測地系,2018年（平成30年）,4.96MB,500m_mesh_suikei_2018_shape_32.zip
岡山,世界測地系,2018年（平成30年）,7.45MB,500m_mesh_suikei_2018_shape_33.zip
広島,世界測地系,2018年（平成30年）,7.90MB,500m_mesh_suikei_2018_shape_34.zip
山口,世界測地系,2018年（平成30年）,5.37MB,500m_mesh_suikei_2018_shape_35.zip
徳島,世界測地系,2018年（平成30年）,3.05MB,500m_mesh_suikei_2018_shape_36.zip
香川,世界測地系,2018年（平成30年）,3.09MB,500m_mesh_suikei_2018_shape_37.zip
愛媛,世界測地系,2018年（平成30年）,4.54MB,500m_mesh_suikei_2018_shape_38.zip
高知,世界測地系,2018年（平成30年）,3.57MB,500m_mesh_suikei_2018_shape_39.zip
福岡,世界測地系,2018年（平成30年）,8.04MB,500m_mesh_suikei_2018_shape_40.zip
佐賀,世界測地系,2018年（平成30年）,3.49MB,500m_mesh_suikei_2018_shape_41.zip
長崎,世界測地系,2018年（平成30年）,5.24MB,500m_mesh_suikei_2018_shape_42.zip
熊本,世界測地系,2018年（平成30年）,6.98MB,500m_mesh_suikei_2018_shape_43.zip
大分,世界測地系,2018年（平成30年）,5.37MB,500m_mesh_suikei_2018_shape_44.zip
宮崎,世界測地系,2018年（平成30年）,4.90MB,500m_mesh_suikei_2018_shape_45.zip
鹿児島,世界測地系,2018年（平成30年）,8.03MB,500m_mesh_suikei_2018_shape_46.zip
沖縄,世界測地系,2018年（平成30年）,2.27MB,500m_mesh_suikei_2018_shape_47.zip