[{"filename": "1km_mesh_suikei_2018_shape_01.zip", "url": "https://nlftp.mlit.go.jp/ksj/gml/data/m1kh30/m1kh30-18/1km_mesh_suikei_2018_shape_01.zip"}, {"filename": "1km_mesh_suikei_2018_shape_02.zip", "url": "https://nlftp.mlit.go.jp/ksj/gml/data/m1kh30/m1kh30-18/1km_mesh_suikei_2018_shape_02.zip"}, {"filename": "1km_mesh_suikei_2018_shape_03.zip", "url": "https://nlftp.mlit.go.jp/ksj/gml/data/m1kh30/m1kh30-18/1km_mesh_suikei_2018_shape_03.zip"}, {"filename": "1km_mesh_suikei_2018_shape_04.zip", "url": "https://nlftp.mlit.go.jp/ksj/gml/data/m1kh30/m1kh30-18/1km_mesh_suikei_2018_shape_04.zip"}, {"filename": "1km_mesh_suikei_2018_shape_05.zip", "url": "https://nlftp.mlit.go.jp/ksj/gml/data/m1kh30/m1kh30-18/1km_mesh_suikei_2018_shape_05.zip"}, {"filename": "1km_mesh_suikei_2018_shape_06.zip", "url": "https://nlftp.mlit.go.jp/ksj/gml/data/m1kh30/m1kh30-18/1km_mesh_suikei_2018_shape_06.zip"}, {"filename": "1km_mesh_suikei_2018_shape_07.zip", "url": "https://nlftp.mlit.go.jp/ksj/gml/data/m1kh30/m1kh30-18/1km_mesh_suikei_2018_shape_07.zip"}, {"filename": "1km_mesh_suikei_2018_shape_08.zip", "url": "https://nlftp.mlit.go.jp/ksj/gml/data/m1kh30/m1kh30-18/1km_mesh_suikei_2018_shape_08.zip"}, {"filename": "1km_mesh_suikei_2018_shape_09.zip", "url": "https://nlftp.mlit.go.jp/ksj/gml/data/m1kh30/m1kh30-18/1km_mesh_suikei_2018_shape_09.zip"}, {"filename": "1km_mesh_suikei_2018_shape_10.zip", "url": "https://nlftp.mlit.go.jp/ksj/gml/data/m1kh30/m1kh30-18/1km_mesh_suikei_2018_shape_10.zip"}, {"filename": "1km_mesh_suikei_2018_shape_11.zip", "url": "https://nlftp.mlit.go.jp/ksj/gml/data/m1kh30/m1kh30-18/1km_mesh_suikei_2018_shape_11.zip"}, {"filename": "1km_mesh_suikei_2018_shape_12.zip", "url": "https://nlftp.mlit.go.jp/ksj/gml/data/m1kh30/m1kh30-18/1km_mesh_suikei_2018_shape_12.zip"}, {"filename": "1km_mesh_suikei_2018_shape_13.zip", "url": "https://nlftp.mlit.go.jp/ksj/gml/data/m1kh30/m1kh30-18/1km_mesh_suikei_2018_shape_13.zip"}, {"filename": "1km_mesh_suikei_2018_shape_14.zip", "url": "https://nlftp.mlit.go.jp/ksj/gml/data/m1kh30/m1kh30-18/1km_mesh_suikei_2018_shape_14.zip"}, {"filename": "1km_mesh_suikei_2018_shape_15.zip", "url": "https://nlftp.mlit.go.jp/ksj/gml/data/m1kh30/m1kh30-18/1km_mesh_suikei_2018_shape_15.zip"}, {"filename": "1km_mesh_suikei_2018_shape_16.zip", "url": "https://nlftp.mlit.go.jp/ksj/gml/data/m1kh30/m1kh30-18/1km_mesh_suikei_2018_shape_16.zip"}, {"filename": "1km_mesh_suikei_2018_shape_17.zip", "url": "https://nlftp.mlit.go.jp/ksj/gml/data/m1kh30/m1kh30-18/1km_mesh_suikei_2018_shape_17.zip"}, {"filename": "1km_mesh_suikei_2018_shape_18.zip", "url": "https://nlftp.mlit.go.jp/ksj/gml/data/m1kh30/m1kh30-18/1km_mesh_suikei_2018_shape_18.zip"}, {"filename": "1km_mesh_suikei_2018_shape_19.zip", "url": "https://nlftp.mlit.go.jp/ksj/gml/data/m1kh30/m1kh30-18/1km_mesh_suikei_2018_shape_19.zip"}, {"filename": "1km_mesh_suikei_2018_shape_20.zip", "url": "https://nlftp.mlit.go.jp/ksj/gml/data/m1kh30/m1kh30-18/1km_mesh_suikei_2018_shape_20.zip"}, {"filename": "1km_mesh_suikei_2018_shape_21.zip", "url": "https://nlftp.mlit.go.jp/ksj/gml/data/m1kh30/m1kh30-18/1km_mesh_suikei_2018_shape_21.zip"}, {"filename": "1km_mesh_suikei_2018_shape_22.zip", "url": "https://nlftp.mlit.go.jp/ksj/gml/data/m1kh30/m1kh30-18/1km_mesh_suikei_2018_shape_22.zip"}, {"filename": "1km_mesh_suikei_2018_shape_23.zip", "url": "https://nlftp.mlit.go.jp/ksj/gml/data/m1kh30/m1kh30-18/1km_mesh_suikei_2018_shape_23.zip"}, {"filename": "1km_mesh_suikei_2018_shape_24.zip", "url": "https://nlftp.mlit.go.jp/ksj/gml/data/m1kh30/m1kh30-18/1km_mesh_suikei_2018_shape_24.zip"}, {"filename": "1km_mesh_suikei_2018_shape_25.zip", "url": "https://nlftp.mlit.go.jp/ksj/gml/data/m1kh30/m1kh30-18/1km_mesh_suikei_2018_shape_25.zip"}, {"filename": "1km_mesh_suikei_2018_shape_26.zip", "url": "https://nlftp.mlit.go.jp/ksj/gml/data/m1kh30/m1kh30-18/1km_mesh_suikei_2018_shape_26.zip"}, {"filename": "1km_mesh_suikei_2018_shape_27.zip", "url": "https://nlftp.mlit.go.jp/ksj/gml/data/m1kh30/m1kh30-18/1km_mesh_suikei_2018_shape_27.zip"}, {"filename": "1km_mesh_suikei_2018_shape_28.zip", "url": "https://nlftp.mlit.go.jp/ksj/gml/data/m1kh30/m1kh30-18/1km_mesh_suikei_2018_shape_28.zip"}, {"filename": "1km_mesh_suikei_2018_shape_29.zip", "url": "https://nlftp.mlit.go.jp/ksj/gml/data/m1kh30/m1kh30-18/1km_mesh_suikei_2018_shape_29.zip"}, {"filename": "1km_mesh_suikei_2018_shape_30.zip", "url": "https://nlftp.mlit.go.jp/ksj/gml/data/m1kh30/m1kh30-18/1km_mesh_suikei_2018_shape_30.zip"}, {"filename": "1km_mesh_suikei_2018_shape_31.zip", "url": "https://nlftp.mlit.go.jp/ksj/gml/data/m1kh30/m1kh30-18/1km_mesh_suikei_2018_shape_31.zip"}, {"filename": "1km_mesh_suikei_2018_shape_32.zip", "url": "https://nlftp.mlit.go.jp/ksj/gml/data/m1kh30/m1kh30-18/1km_mesh_suikei_2018_shape_32.zip"}, {"filename": "1km_mesh_suikei_2018_shape_33.zip", "url": "https://nlftp.mlit.go.jp/ksj/gml/data/m1kh30/m1kh30-18/1km_mesh_suikei_2018_shape_33.zip"}, {"filename": "1km_mesh_suikei_2018_shape_34.zip", "url": "https://nlftp.mlit.go.jp/ksj/gml/data/m1kh30/m1kh30-18/1km_mesh_suikei_2018_shape_34.zip"}, {"filename": "1km_mesh_suikei_2018_shape_35.zip", "url": "https://nlftp.mlit.go.jp/ksj/gml/data/m1kh30/m1kh30-18/1km_mesh_suikei_2018_shape_35.zip"}, {"filename": "1km_mesh_suikei_2018_shape_36.zip", "url": "https://nlftp.mlit.go.jp/ksj/gml/data/m1kh30/m1kh30-18/1km_mesh_suikei_2018_shape_36.zip"}, {"filename": "1km_mesh_suikei_2018_shape_37.zip", "url": "https://nlftp.mlit.go.jp/ksj/gml/data/m1kh30/m1kh30-18/1km_mesh_suikei_2018_shape_37.zip"}, {"filename": "1km_mesh_suikei_2018_shape_38.zip", "url": "https://nlftp.mlit.go.jp/ksj/gml/data/m1kh30/m1kh30-18/1km_mesh_suikei_2018_shape_38.zip"}, {"filename": "1km_mesh_suikei_2018_shape_39.zip", "url": "https://nlftp.mlit.go.jp/ksj/gml/data/m1kh30/m1kh30-18/1km_mesh_suikei_2018_shape_39.zip"}, {"filename": "1km_mesh_suikei_2018_shape_40.zip", "url": "https://nlftp.mlit.go.jp/ksj/gml/data/m1kh30/m1kh30-18/1km_mesh_suikei_2018_shape_40.zip"}, {"filename": "1km_mesh_suikei_2018_shape_41.zip", "url": "https://nlftp.mlit.go.jp/ksj/gml/data/m1kh30/m1kh30-18/1km_mesh_suikei_2018_shape_41.zip"}, {"filename": "1km_mesh_suikei_2018_shape_42.zip", "url": "https://nlftp.mlit.go.jp/ksj/gml/data/m1kh30/m1kh30-18/1km_mesh_suikei_2018_shape_42.zip"}, {"filename": "1km_mesh_suikei_2018_shape_43.zip", "url": "https://nlftp.mlit.go.jp/ksj/gml/data/m1kh30/m1kh30-18/1km_mesh_suikei_2018_shape_43.zip"}, {"filename": "1km_mesh_suikei_2018_shape_44.zip", "url": "https://nlftp.mlit.go.jp/ksj/gml/data/m1kh30/m1kh30-18/1km_mesh_suikei_2018_shape_44.zip"}, {"filename": "1km_mesh_suikei_2018_shape_45.zip", "url": "https://nlftp.mlit.go.jp/ksj/gml/data/m1kh30/m1kh30-18/1km_mesh_suikei_2018_shape_45.zip"}, {"filename": "1km_mesh_suikei_2018_shape_46.zip", "url": "https://nlftp.mlit.go.jp/ksj/gml/data/m1kh30/m1kh30-18/1km_mesh_suikei_2018_shape_46.zip"}, {"filename": "1km_mesh_suikei_2018_shape_47.zip", "url": "https://nlftp.mlit.go.jp/ksj/gml/data/m1kh30/m1kh30-18/1km_mesh_suikei_2018_shape_47.zip"}]