全国,世界測地系,2017年（平成29年）,40.06MB,m1000-17_GML.zip
北海道,世界測地系,2017年（平成29年）,3.87MB,m1000-17_01_GML.zip
青森,世界測地系,2017年（平成29年）,0.80MB,m1000-17_02_GML.zip
岩手,世界測地系,2017年（平成29年）,1.44MB,m1000-17_03_GML.zip
宮城,世界測地系,2017年（平成29年）,1.08MB,m1000-17_04_GML.zip
秋田,世界測地系,2017年（平成29年）,0.93MB,m1000-17_05_GML.zip
山形,世界測地系,2017年（平成29年）,0.75MB,m1000-17_06_GML.zip
福島,世界測地系,2017年（平成29年）,1.56MB,m1000-17_07_GML.zip
茨城,世界測地系,2017年（平成29年）,1.25MB,m1000-17_08_GML.zip
栃木,世界測地系,2017年（平成29年）,0.98MB,m1000-17_09_GML.zip
群馬,世界測地系,2017年（平成29年）,0.71MB,m1000-17_10_GML.zip
埼玉,世界測地系,2017年（平成29年）,0.78MB,m1000-17_11_GML.zip
千葉,世界測地系,2017年（平成29年）,1.14MB,m1000-17_12_GML.zip
東京,世界測地系,2017年（平成29年）,0.41MB,m1000-17_13_GML.zip
神奈川,世界測地系,2017年（平成29年）,0.48MB,m1000-17_14_GML.zip
新潟,世界測地系,2017年（平成29年）,1.22MB,m1000-17_15_GML.zip
富山,世界測地系,2017年（平成29年）,0.44MB,m1000-17_16_GML.zip
石川,世界測地系,2017年（平成29年）,0.51MB,m1000-17_17_GML.zip
福井,世界測地系,2017年（平成29年）,0.41MB,m1000-17_18_GML.zip
山梨,世界測地系,2017年（平成29年）,0.39MB,m1000-17_19_GML.zip
長野,世界測地系,2017年（平成29年）,1.17MB,m1000-17_20_GML.zip
岐阜,世界測地系,2017年（平成29年）,0.92MB,m1000-17_21_GML.zip
静岡,世界測地系,2017年（平成29年）,0.98MB,m1000-17_22_GML.zip
愛知,世界測地系,2017年（平成29年）,0.97MB,m1000-17_23_GML.zip
三重,世界測地系,2017年（平成29年）,0.72MB,m1000-17_24_GML.zip
滋賀,世界測地系,2017年（平成29年）,0.45MB,m1000-17_25_GML.zip
京都,世界測地系,2017年（平成29年）,0.59MB,m1000-17_26_GML.zip
大阪,世界測地系,2017年（平成29年）,0.41MB,m1000-17_27_GML.zip
兵庫,世界測地系,2017年（平成29年）,1.22MB,m1000-17_28_GML.zip
奈良,世界測地系,2017年（平成29年）,0.36MB,m1000-17_29_GML.zip
和歌山,世界測地系,2017年（平成29年）,0.49MB,m1000-17_30_GML.zip
鳥取,世界測地系,2017年（平成29年）,0.40MB,m1000-17_31_GML.zip
島根,世界測地系,2017年（平成29年）,0.84MB,m1000-17_32_GML.zip
岡山,世界測地系,2017年（平成29年）,1.08MB,m1000-17_33_GML.zip
広島,世界測地系,2017年（平成29年）,1.19MB,m1000-17_34_GML.zip
山口,世界測地系,2017年（平成29年）,0.85MB,m1000-17_35_GML.zip
徳島,世界測地系,2017年（平成29年）,0.45MB,m1000-17_36_GML.zip
香川,世界測地系,2017年（平成29年）,0.37MB,m1000-17_37_GML.zip
愛媛,世界測地系,2017年（平成29年）,0.71MB,m1000-17_38_GML.zip
高知,世界測地系,2017年（平成29年）,0.63MB,m1000-17_39_GML.zip
福岡,世界測地系,2017年（平成29年）,0.94MB,m1000-17_40_GML.zip
佐賀,世界測地系,2017年（平成29年）,0.44MB,m1000-17_41_GML.zip
長崎,世界測地系,2017年（平成29年）,0.75MB,m1000-17_42_GML.zip
熊本,世界測地系,2017年（平成29年）,1.00MB,m1000-17_43_GML.zip
大分,世界測地系,2017年（平成29年）,0.85MB,m1000-17_44_GML.zip
宮崎,世界測地系,2017年（平成29年）,0.74MB,m1000-17_45_GML.zip
鹿児島,世界測地系,2017年（平成29年）,1.24MB,m1000-17_46_GML.zip
沖縄,世界測地系,2017年（平成29年）,0.31MB,m1000-17_47_GML.zip