[{"filename": "m1000-17_GML.zip", "url": "https://nlftp.mlit.go.jp/ksj/gml/data/m1000/m1000-17/m1000-17_GML.zip"}, {"filename": "m1000-17_01_GML.zip", "url": "https://nlftp.mlit.go.jp/ksj/gml/data/m1000/m1000-17/m1000-17_01_GML.zip"}, {"filename": "m1000-17_02_GML.zip", "url": "https://nlftp.mlit.go.jp/ksj/gml/data/m1000/m1000-17/m1000-17_02_GML.zip"}, {"filename": "m1000-17_03_GML.zip", "url": "https://nlftp.mlit.go.jp/ksj/gml/data/m1000/m1000-17/m1000-17_03_GML.zip"}, {"filename": "m1000-17_04_GML.zip", "url": "https://nlftp.mlit.go.jp/ksj/gml/data/m1000/m1000-17/m1000-17_04_GML.zip"}, {"filename": "m1000-17_05_GML.zip", "url": "https://nlftp.mlit.go.jp/ksj/gml/data/m1000/m1000-17/m1000-17_05_GML.zip"}, {"filename": "m1000-17_06_GML.zip", "url": "https://nlftp.mlit.go.jp/ksj/gml/data/m1000/m1000-17/m1000-17_06_GML.zip"}, {"filename": "m1000-17_07_GML.zip", "url": "https://nlftp.mlit.go.jp/ksj/gml/data/m1000/m1000-17/m1000-17_07_GML.zip"}, {"filename": "m1000-17_08_GML.zip", "url": "https://nlftp.mlit.go.jp/ksj/gml/data/m1000/m1000-17/m1000-17_08_GML.zip"}, {"filename": "m1000-17_09_GML.zip", "url": "https://nlftp.mlit.go.jp/ksj/gml/data/m1000/m1000-17/m1000-17_09_GML.zip"}, {"filename": "m1000-17_10_GML.zip", "url": "https://nlftp.mlit.go.jp/ksj/gml/data/m1000/m1000-17/m1000-17_10_GML.zip"}, {"filename": "m1000-17_11_GML.zip", "url": "https://nlftp.mlit.go.jp/ksj/gml/data/m1000/m1000-17/m1000-17_11_GML.zip"}, {"filename": "m1000-17_12_GML.zip", "url": "https://nlftp.mlit.go.jp/ksj/gml/data/m1000/m1000-17/m1000-17_12_GML.zip"}, {"filename": "m1000-17_13_GML.zip", "url": "https://nlftp.mlit.go.jp/ksj/gml/data/m1000/m1000-17/m1000-17_13_GML.zip"}, {"filename": "m1000-17_14_GML.zip", "url": "https://nlftp.mlit.go.jp/ksj/gml/data/m1000/m1000-17/m1000-17_14_GML.zip"}, {"filename": "m1000-17_15_GML.zip", "url": "https://nlftp.mlit.go.jp/ksj/gml/data/m1000/m1000-17/m1000-17_15_GML.zip"}, {"filename": "m1000-17_16_GML.zip", "url": "https://nlftp.mlit.go.jp/ksj/gml/data/m1000/m1000-17/m1000-17_16_GML.zip"}, {"filename": "m1000-17_17_GML.zip", "url": "https://nlftp.mlit.go.jp/ksj/gml/data/m1000/m1000-17/m1000-17_17_GML.zip"}, {"filename": "m1000-17_18_GML.zip", "url": "https://nlftp.mlit.go.jp/ksj/gml/data/m1000/m1000-17/m1000-17_18_GML.zip"}, {"filename": "m1000-17_19_GML.zip", "url": "https://nlftp.mlit.go.jp/ksj/gml/data/m1000/m1000-17/m1000-17_19_GML.zip"}, {"filename": "m1000-17_20_GML.zip", "url": "https://nlftp.mlit.go.jp/ksj/gml/data/m1000/m1000-17/m1000-17_20_GML.zip"}, {"filename": "m1000-17_21_GML.zip", "url": "https://nlftp.mlit.go.jp/ksj/gml/data/m1000/m1000-17/m1000-17_21_GML.zip"}, {"filename": "m1000-17_22_GML.zip", "url": "https://nlftp.mlit.go.jp/ksj/gml/data/m1000/m1000-17/m1000-17_22_GML.zip"}, {"filename": "m1000-17_23_GML.zip", "url": "https://nlftp.mlit.go.jp/ksj/gml/data/m1000/m1000-17/m1000-17_23_GML.zip"}, {"filename": "m1000-17_24_GML.zip", "url": "https://nlftp.mlit.go.jp/ksj/gml/data/m1000/m1000-17/m1000-17_24_GML.zip"}, {"filename": "m1000-17_25_GML.zip", "url": "https://nlftp.mlit.go.jp/ksj/gml/data/m1000/m1000-17/m1000-17_25_GML.zip"}, {"filename": "m1000-17_26_GML.zip", "url": "https://nlftp.mlit.go.jp/ksj/gml/data/m1000/m1000-17/m1000-17_26_GML.zip"}, {"filename": "m1000-17_27_GML.zip", "url": "https://nlftp.mlit.go.jp/ksj/gml/data/m1000/m1000-17/m1000-17_27_GML.zip"}, {"filename": "m1000-17_28_GML.zip", "url": "https://nlftp.mlit.go.jp/ksj/gml/data/m1000/m1000-17/m1000-17_28_GML.zip"}, {"filename": "m1000-17_29_GML.zip", "url": "https://nlftp.mlit.go.jp/ksj/gml/data/m1000/m1000-17/m1000-17_29_GML.zip"}, {"filename": "m1000-17_30_GML.zip", "url": "https://nlftp.mlit.go.jp/ksj/gml/data/m1000/m1000-17/m1000-17_30_GML.zip"}, {"filename": "m1000-17_31_GML.zip", "url": "https://nlftp.mlit.go.jp/ksj/gml/data/m1000/m1000-17/m1000-17_31_GML.zip"}, {"filename": "m1000-17_32_GML.zip", "url": "https://nlftp.mlit.go.jp/ksj/gml/data/m1000/m1000-17/m1000-17_32_GML.zip"}, {"filename": "m1000-17_33_GML.zip", "url": "https://nlftp.mlit.go.jp/ksj/gml/data/m1000/m1000-17/m1000-17_33_GML.zip"}, {"filename": "m1000-17_34_GML.zip", "url": "https://nlftp.mlit.go.jp/ksj/gml/data/m1000/m1000-17/m1000-17_34_GML.zip"}, {"filename": "m1000-17_35_GML.zip", "url": "https://nlftp.mlit.go.jp/ksj/gml/data/m1000/m1000-17/m1000-17_35_GML.zip"}, {"filename": "m1000-17_36_GML.zip", "url": "https://nlftp.mlit.go.jp/ksj/gml/data/m1000/m1000-17/m1000-17_36_GML.zip"}, {"filename": "m1000-17_37_GML.zip", "url": "https://nlftp.mlit.go.jp/ksj/gml/data/m1000/m1000-17/m1000-17_37_GML.zip"}, {"filename": "m1000-17_38_GML.zip", "url": "https://nlftp.mlit.go.jp/ksj/gml/data/m1000/m1000-17/m1000-17_38_GML.zip"}, {"filename": "m1000-17_39_GML.zip", "url": "https://nlftp.mlit.go.jp/ksj/gml/data/m1000/m1000-17/m1000-17_39_GML.zip"}, {"filename": "m1000-17_40_GML.zip", "url": "https://nlftp.mlit.go.jp/ksj/gml/data/m1000/m1000-17/m1000-17_40_GML.zip"}, {"filename": "m1000-17_41_GML.zip", "url": "https://nlftp.mlit.go.jp/ksj/gml/data/m1000/m1000-17/m1000-17_41_GML.zip"}, {"filename": "m1000-17_42_GML.zip", "url": "https://nlftp.mlit.go.jp/ksj/gml/data/m1000/m1000-17/m1000-17_42_GML.zip"}, {"filename": "m1000-17_43_GML.zip", "url": "https://nlftp.mlit.go.jp/ksj/gml/data/m1000/m1000-17/m1000-17_43_GML.zip"}, {"filename": "m1000-17_44_GML.zip", "url": "https://nlftp.mlit.go.jp/ksj/gml/data/m1000/m1000-17/m1000-17_44_GML.zip"}, {"filename": "m1000-17_45_GML.zip", "url": "https://nlftp.mlit.go.jp/ksj/gml/data/m1000/m1000-17/m1000-17_45_GML.zip"}, {"filename": "m1000-17_46_GML.zip", "url": "https://nlftp.mlit.go.jp/ksj/gml/data/m1000/m1000-17/m1000-17_46_GML.zip"}, {"filename": "m1000-17_47_GML.zip", "url": "https://nlftp.mlit.go.jp/ksj/gml/data/m1000/m1000-17/m1000-17_47_GML.zip"}]