[{"filename": "N02-23_GML.zip", "url": "https://nlftp.mlit.go.jp/ksj/gml/data/N02/N02-23/N02-23_GML.zip"}, {"filename": "N02-22_GML.zip", "url": "https://nlftp.mlit.go.jp/ksj/gml/data/N02/N02-22/N02-22_GML.zip"}, {"filename": "N02-21_GML.zip", "url": "https://nlftp.mlit.go.jp/ksj/gml/data/N02/N02-21/N02-21_GML.zip"}, {"filename": "N02-20_GML.zip", "url": "https://nlftp.mlit.go.jp/ksj/gml/data/N02/N02-20/N02-20_GML.zip"}, {"filename": "N02-19_GML.zip", "url": "https://nlftp.mlit.go.jp/ksj/gml/data/N02/N02-19/N02-19_GML.zip"}, {"filename": "N02-18_GML.zip", "url": "https://nlftp.mlit.go.jp/ksj/gml/data/N02/N02-18/N02-18_GML.zip"}, {"filename": "N02-17_GML.zip", "url": "https://nlftp.mlit.go.jp/ksj/gml/data/N02/N02-17/N02-17_GML.zip"}, {"filename": "N02-16_GML.zip", "url": "https://nlftp.mlit.go.jp/ksj/gml/data/N02/N02-16/N02-16_GML.zip"}, {"filename": "N02-15_GML.zip", "url": "https://nlftp.mlit.go.jp/ksj/gml/data/N02/N02-15/N02-15_GML.zip"}, {"filename": "N02-14_GML.zip", "url": "https://nlftp.mlit.go.jp/ksj/gml/data/N02/N02-14/N02-14_GML.zip"}, {"filename": "N02-13.zip", "url": "https://nlftp.mlit.go.jp/ksj/gml/data/N02/N02-13/N02-13.zip"}, {"filename": "N02-12_GML.zip", "url": "https://nlftp.mlit.go.jp/ksj/gml/data/N02/N02-12/N02-12_GML.zip"}, {"filename": "N02-11_GML.zip", "url": "https://nlftp.mlit.go.jp/ksj/gml/data/N02/N02-11/N02-11_GML.zip"}, {"filename": "N02-08_GML.zip", "url": "https://nlftp.mlit.go.jp/ksj/gml/data/N02/N02-08/N02-08_GML.zip"}, {"filename": "N02-07_GML.zip", "url": "https://nlftp.mlit.go.jp/ksj/gml/data/N02/N02-07/N02-07_GML.zip"}, {"filename": "N02-06_GML.zip", "url": "https://nlftp.mlit.go.jp/ksj/gml/data/N02/N02-06/N02-06_GML.zip"}, {"filename": "N02-05_GML.zip", "url": "https://nlftp.mlit.go.jp/ksj/gml/data/N02/N02-05/N02-05_GML.zip"}]