全国,世界測地系,2023年（令和5年）,16.7MB,N02-23_GML.zip
全国,世界測地系,2022年（令和4年）,16.7MB,N02-22_GML.zip
全国,世界測地系,2021年（令和3年）,16.1MB,N02-21_GML.zip
全国,世界測地系,2020年（令和2年）,8.04MB,N02-20_GML.zip
全国,世界測地系,2019年（令和元年）,9.86MB,N02-19_GML.zip
全国,世界測地系,2018年（平成30年）,8.06MB,N02-18_GML.zip
全国,世界測地系,2017年（平成29年）,7.93MB,N02-17_GML.zip
全国,世界測地系,2016年（平成28年）,8.09MB,N02-16_GML.zip
全国,世界測地系,2015年（平成27年）,6.05MB,N02-15_GML.zip
全国,世界測地系,2014年（平成26年）,7.15MB,N02-14_GML.zip
全国,世界測地系,2013年（平成25年）,6.18MB,N02-13.zip
全国,世界測地系,2012年（平成24年）,7.19MB,N02-12_GML.zip
全国,世界測地系,2011年（平成23年）,6.90MB,N02-11_GML.zip
全国,世界測地系,2008年（平成20年）,6.79MB,N02-08_GML.zip
全国,世界測地系,2007年（平成19年）,8.46MB,N02-07_GML.zip
全国,世界測地系,2006年（平成18年）,8.49MB,N02-06_GML.zip
全国,世界測地系,2005年（平成17年）,17.93MB,N02-05_GML.zip