[{"filename": "N04-78_3622-tky_GML.zip", "url": "https://nlftp.mlit.go.jp/ksj/gml/data/N04/N04-78/N04-78_3622-tky_GML.zip"}, {"filename": "N04-02_3622-jgd_GML.zip", "url": "https://nlftp.mlit.go.jp/ksj/gml/data/N04/N04-02/N04-02_3622-jgd_GML.zip"}, {"filename": "N04-03_3622-jgd_GML.zip", "url": "https://nlftp.mlit.go.jp/ksj/gml/data/N04/N04-03/N04-03_3622-jgd_GML.zip"}, {"filename": "N04-04_3622-jgd_GML.zip", "url": "https://nlftp.mlit.go.jp/ksj/gml/data/N04/N04-04/N04-04_3622-jgd_GML.zip"}, {"filename": "N04-10_3622-jgd_GML.zip", "url": "https://nlftp.mlit.go.jp/ksj/gml/data/N04/N04-10/N04-10_3622-jgd_GML.zip"}, {"filename": "N04-78_3623-tky_GML.zip", "url": "https://nlftp.mlit.go.jp/ksj/gml/data/N04/N04-78/N04-78_3623-tky_GML.zip"}, {"filename": "N04-02_3623-jgd_GML.zip", "url": "https://nlftp.mlit.go.jp/ksj/gml/data/N04/N04-02/N04-02_3623-jgd_GML.zip"}, {"filename": "N04-03_3623-jgd_GML.zip", "url": "https://nlftp.mlit.go.jp/ksj/gml/data/N04/N04-03/N04-03_3623-jgd_GML.zip"}, {"filename": "N04-04_3623-jgd_GML.zip", "url": "https://nlftp.mlit.go.jp/ksj/gml/data/N04/N04-04/N04-04_3623-jgd_GML.zip"}, {"filename": "N04-10_3623-jgd_GML.zip", "url": "https://nlftp.mlit.go.jp/ksj/gml/data/N04/N04-10/N04-10_3623-jgd_GML.zip"}, {"filename": "N04-78_3624-tky_GML.zip", "url": "https://nlftp.mlit.go.jp/ksj/gml/data/N04/N04-78/N04-78_3624-tky_GML.zip"}, {"filename": "N04-02_3624-jgd_GML.zip", "url": "https://nlftp.mlit.go.jp/ksj/gml/data/N04/N04-02/N04-02_3624-jgd_GML.zip"}, {"filename": "N04-03_3624-jgd_GML.zip", "url": "https://nlftp.mlit.go.jp/ksj/gml/data/N04/N04-03/N04-03_3624-jgd_GML.zip"}, {"filename": "N04-04_3624-jgd_GML.zip", "url": "https://nlftp.mlit.go.jp/ksj/gml/data/N04/N04-04/N04-04_3624-jgd_GML.zip"}, {"filename": "N04-10_3624-jgd_GML.zip", "url": "https://nlftp.mlit.go.jp/ksj/gml/data/N04/N04-10/N04-10_3624-jgd_GML.zip"}, {"filename": "N04-78_3631-tky_GML.zip", "url": "https://nlftp.mlit.go.jp/ksj/gml/data/N04/N04-78/N04-78_3631-tky_GML.zip"}, {"filename": "N04-78_3641-tky_GML.zip", "url": "https://nlftp.mlit.go.jp/ksj/gml/data/N04/N04-78/N04-78_3641-tky_GML.zip"}, {"filename": "N04-78_3653-tky_GML.zip", "url": "https://nlftp.mlit.go.jp/ksj/gml/data/N04/N04-78/N04-78_3653-tky_GML.zip"}, {"filename": "N04-02_3653-jgd_GML.zip", "url": "https://nlftp.mlit.go.jp/ksj/gml/data/N04/N04-02/N04-02_3653-jgd_GML.zip"}, {"filename": "N04-03_3653-jgd_GML.zip", "url": "https://nlftp.mlit.go.jp/ksj/gml/data/N04/N04-03/N04-03_3653-jgd_GML.zip"}, {"filename": "N04-04_3653-jgd_GML.zip", "url": "https://nlftp.mlit.go.jp/ksj/gml/data/N04/N04-04/N04-04_3653-jgd_GML.zip"}, {"filename": "N04-10_3653-jgd_GML.zip", "url": "https://nlftp.mlit.go.jp/ksj/gml/data/N04/N04-10/N04-10_3653-jgd_GML.zip"}, {"filename": "N04-78_3724-tky_GML.zip", "url": "https://nlftp.mlit.go.jp/ksj/gml/data/N04/N04-78/N04-78_3724-tky_GML.zip"}, {"filename": "N04-02_3724-jgd_GML.zip", "url": "https://nlftp.mlit.go.jp/ksj/gml/data/N04/N04-02/N04-02_3724-jgd_GML.zip"}, {"filename": "N04-03_3724-jgd_GML.zip", "url": "https://nlftp.mlit.go.jp/ksj/gml/data/N04/N04-03/N04-03_3724-jgd_GML.zip"}, {"filename": "N04-04_3724-jgd_GML.zip", "url": "https://nlftp.mlit.go.jp/ksj/gml/data/N04/N04-04/N04-04_3724-jgd_GML.zip"}, {"filename": "N04-10_3724-jgd_GML.zip", "url": "https://nlftp.mlit.go.jp/ksj/gml/data/N04/N04-10/N04-10_3724-jgd_GML.zip"}, {"filename": "N04-78_3725-tky_GML.zip", "url": "https://nlftp.mlit.go.jp/ksj/gml/data/N04/N04-78/N04-78_3725-tky_GML.zip"}, {"filename": "N04-02_3725-jgd_GML.zip", "url": "https://nlftp.mlit.go.jp/ksj/gml/data/N04/N04-02/N04-02_3725-jgd_GML.zip"}, {"filename": "N04-03_3725-jgd_GML.zip", "url": "https://nlftp.mlit.go.jp/ksj/gml/data/N04/N04-03/N04-03_3725-jgd_GML.zip"}, {"filename": "N04-04_3725-jgd_GML.zip", "url": "https://nlftp.mlit.go.jp/ksj/gml/data/N04/N04-04/N04-04_3725-jgd_GML.zip"}, {"filename": "N04-10_3725-jgd_GML.zip", "url": "https://nlftp.mlit.go.jp/ksj/gml/data/N04/N04-10/N04-10_3725-jgd_GML.zip"}, {"filename": "N04-78_3741-tky_GML.zip", "url": "https://nlftp.mlit.go.jp/ksj/gml/data/N04/N04-78/N04-78_3741-tky_GML.zip"}, {"filename": "N04-02_3741-jgd_GML.zip", "url": "https://nlftp.mlit.go.jp/ksj/gml/data/N04/N04-02/N04-02_3741-jgd_GML.zip"}, {"filename": "N04-03_3741-jgd_GML.zip", "url": "https://nlftp.mlit.go.jp/ksj/gml/data/N04/N04-03/N04-03_3741-jgd_GML.zip"}, {"filename": "N04-04_3741-jgd_GML.zip", "url": "https://nlftp.mlit.go.jp/ksj/gml/data/N04/N04-04/N04-04_3741-jgd_GML.zip"}, {"filename": "N04-10_3741-jgd_GML.zip", "url": "https://nlftp.mlit.go.jp/ksj/gml/data/N04/N04-10/N04-10_3741-jgd_GML.zip"}, {"filename": "N04-78_3823-tky_GML.zip", "url": "https://nlftp.mlit.go.jp/ksj/gml/data/N04/N04-78/N04-78_3823-tky_GML.zip"}, {"filename": "N04-78_3824-tky_GML.zip", "url": "https://nlftp.mlit.go.jp/ksj/gml/data/N04/N04-78/N04-78_3824-tky_GML.zip"}, {"filename": "N04-78_3831-tky_GML.zip", "url": "https://nlftp.mlit.go.jp/ksj/gml/data/N04/N04-78/N04-78_3831-tky_GML.zip"}, {"filename": "N04-02_3831-jgd_GML.zip", "url": "https://nlftp.mlit.go.jp/ksj/gml/data/N04/N04-02/N04-02_3831-jgd_GML.zip"}, {"filename": "N04-03_3831-jgd_GML.zip", "url": "https://nlftp.mlit.go.jp/ksj/gml/data/N04/N04-03/N04-03_3831-jgd_GML.zip"}, {"filename": "N04-04_3831-jgd_GML.zip", "url": "https://nlftp.mlit.go.jp/ksj/gml/data/N04/N04-04/N04-04_3831-jgd_GML.zip"}, {"filename": "N04-10_3831-jgd_GML.zip", "url": "https://nlftp.mlit.go.jp/ksj/gml/data/N04/N04-10/N04-10_3831-jgd_GML.zip"}, {"filename": "N04-78_3841-tky_GML.zip", "url": "https://nlftp.mlit.go.jp/ksj/gml/data/N04/N04-78/N04-78_3841-tky_GML.zip"}, {"filename": "N04-78_3926-tky_GML.zip", "url": "https://nlftp.mlit.go.jp/ksj/gml/data/N04/N04-78/N04-78_3926-tky_GML.zip"}, {"filename": "N04-02_3926-jgd_GML.zip", "url": "https://nlftp.mlit.go.jp/ksj/gml/data/N04/N04-02/N04-02_3926-jgd_GML.zip"}, {"filename": "N04-03_3926-jgd_GML.zip", "url": "https://nlftp.mlit.go.jp/ksj/gml/data/N04/N04-03/N04-03_3926-jgd_GML.zip"}, {"filename": "N04-04_3926-jgd_GML.zip", "url": "https://nlftp.mlit.go.jp/ksj/gml/data/N04/N04-04/N04-04_3926-jgd_GML.zip"}, {"filename": "N04-10_3926-jgd_GML.zip", "url": "https://nlftp.mlit.go.jp/ksj/gml/data/N04/N04-10/N04-10_3926-jgd_GML.zip"}, {"filename": "N04-78_3927-tky_GML.zip", "url": "https://nlftp.mlit.go.jp/ksj/gml/data/N04/N04-78/N04-78_3927-tky_GML.zip"}, {"filename": "N04-02_3927-jgd_GML.zip", "url": "https://nlftp.mlit.go.jp/ksj/gml/data/N04/N04-02/N04-02_3927-jgd_GML.zip"}, {"filename": "N04-03_3927-jgd_GML.zip", "url": "https://nlftp.mlit.go.jp/ksj/gml/data/N04/N04-03/N04-03_3927-jgd_GML.zip"}, {"filename": "N04-04_3927-jgd_GML.zip", "url": "https://nlftp.mlit.go.jp/ksj/gml/data/N04/N04-04/N04-04_3927-jgd_GML.zip"}, {"filename": "N04-10_3927-jgd_GML.zip", "url": "https://nlftp.mlit.go.jp/ksj/gml/data/N04/N04-10/N04-10_3927-jgd_GML.zip"}, {"filename": "N04-78_3928-tky_GML.zip", "url": "https://nlftp.mlit.go.jp/ksj/gml/data/N04/N04-78/N04-78_3928-tky_GML.zip"}, {"filename": "N04-02_3928-jgd_GML.zip", "url": "https://nlftp.mlit.go.jp/ksj/gml/data/N04/N04-02/N04-02_3928-jgd_GML.zip"}, {"filename": "N04-03_3928-jgd_GML.zip", "url": "https://nlftp.mlit.go.jp/ksj/gml/data/N04/N04-03/N04-03_3928-jgd_GML.zip"}, {"filename": "N04-04_3928-jgd_GML.zip", "url": "https://nlftp.mlit.go.jp/ksj/gml/data/N04/N04-04/N04-04_3928-jgd_GML.zip"}, {"filename": "N04-10_3928-jgd_GML.zip", "url": "https://nlftp.mlit.go.jp/ksj/gml/data/N04/N04-10/N04-10_3928-jgd_GML.zip"}, {"filename": "N04-78_3942-tky_GML.zip", "url": "https://nlftp.mlit.go.jp/ksj/gml/data/N04/N04-78/N04-78_3942-tky_GML.zip"}, {"filename": "N04-02_3942-jgd_GML.zip", "url": "https://nlftp.mlit.go.jp/ksj/gml/data/N04/N04-02/N04-02_3942-jgd_GML.zip"}, {"filename": "N04-03_3942-jgd_GML.zip", "url": "https://nlftp.mlit.go.jp/ksj/gml/data/N04/N04-03/N04-03_3942-jgd_GML.zip"}, {"filename": "N04-04_3942-jgd_GML.zip", "url": "https://nlftp.mlit.go.jp/ksj/gml/data/N04/N04-04/N04-04_3942-jgd_GML.zip"}, {"filename": "N04-10_3942-jgd_GML.zip", "url": "https://nlftp.mlit.go.jp/ksj/gml/data/N04/N04-10/N04-10_3942-jgd_GML.zip"}, {"filename": "N04-78_4027-tky_GML.zip", "url": "https://nlftp.mlit.go.jp/ksj/gml/data/N04/N04-78/N04-78_4027-tky_GML.zip"}, {"filename": "N04-02_4027-jgd_GML.zip", "url": "https://nlftp.mlit.go.jp/ksj/gml/data/N04/N04-02/N04-02_4027-jgd_GML.zip"}, {"filename": "N04-03_4027-jgd_GML.zip", "url": "https://nlftp.mlit.go.jp/ksj/gml/data/N04/N04-03/N04-03_4027-jgd_GML.zip"}, {"filename": "N04-04_4027-jgd_GML.zip", "url": "https://nlftp.mlit.go.jp/ksj/gml/data/N04/N04-04/N04-04_4027-jgd_GML.zip"}, {"filename": "N04-10_4027-jgd_GML.zip", "url": "https://nlftp.mlit.go.jp/ksj/gml/data/N04/N04-10/N04-10_4027-jgd_GML.zip"}, {"filename": "N04-78_4028-tky_GML.zip", "url": "https://nlftp.mlit.go.jp/ksj/gml/data/N04/N04-78/N04-78_4028-tky_GML.zip"}, {"filename": "N04-02_4028-jgd_GML.zip", "url": "https://nlftp.mlit.go.jp/ksj/gml/data/N04/N04-02/N04-02_4028-jgd_GML.zip"}, {"filename": "N04-03_4028-jgd_GML.zip", "url": "https://nlftp.mlit.go.jp/ksj/gml/data/N04/N04-03/N04-03_4028-jgd_GML.zip"}, {"filename": "N04-04_4028-jgd_GML.zip", "url": "https://nlftp.mlit.go.jp/ksj/gml/data/N04/N04-04/N04-04_4028-jgd_GML.zip"}, {"filename": "N04-10_4028-jgd_GML.zip", "url": "https://nlftp.mlit.go.jp/ksj/gml/data/N04/N04-10/N04-10_4028-jgd_GML.zip"}, {"filename": "N04-78_4040-tky_GML.zip", "url": "https://nlftp.mlit.go.jp/ksj/gml/data/N04/N04-78/N04-78_4040-tky_GML.zip"}, {"filename": "N04-78_4042-tky_GML.zip", "url": "https://nlftp.mlit.go.jp/ksj/gml/data/N04/N04-78/N04-78_4042-tky_GML.zip"}, {"filename": "N04-02_4042-jgd_GML.zip", "url": "https://nlftp.mlit.go.jp/ksj/gml/data/N04/N04-02/N04-02_4042-jgd_GML.zip"}, {"filename": "N04-03_4042-jgd_GML.zip", "url": "https://nlftp.mlit.go.jp/ksj/gml/data/N04/N04-03/N04-03_4042-jgd_GML.zip"}, {"filename": "N04-04_4042-jgd_GML.zip", "url": "https://nlftp.mlit.go.jp/ksj/gml/data/N04/N04-04/N04-04_4042-jgd_GML.zip"}, {"filename": "N04-10_4042-jgd_GML.zip", "url": "https://nlftp.mlit.go.jp/ksj/gml/data/N04/N04-10/N04-10_4042-jgd_GML.zip"}, {"filename": "N04-78_4128-tky_GML.zip", "url": "https://nlftp.mlit.go.jp/ksj/gml/data/N04/N04-78/N04-78_4128-tky_GML.zip"}, {"filename": "N04-02_4128-jgd_GML.zip", "url": "https://nlftp.mlit.go.jp/ksj/gml/data/N04/N04-02/N04-02_4128-jgd_GML.zip"}, {"filename": "N04-03_4128-jgd_GML.zip", "url": "https://nlftp.mlit.go.jp/ksj/gml/data/N04/N04-03/N04-03_4128-jgd_GML.zip"}, {"filename": "N04-04_4128-jgd_GML.zip", "url": "https://nlftp.mlit.go.jp/ksj/gml/data/N04/N04-04/N04-04_4128-jgd_GML.zip"}, {"filename": "N04-10_4128-jgd_GML.zip", "url": "https://nlftp.mlit.go.jp/ksj/gml/data/N04/N04-10/N04-10_4128-jgd_GML.zip"}, {"filename": "N04-78_4129-tky_GML.zip", "url": "https://nlftp.mlit.go.jp/ksj/gml/data/N04/N04-78/N04-78_4129-tky_GML.zip"}, {"filename": "N04-02_4129-jgd_GML.zip", "url": "https://nlftp.mlit.go.jp/ksj/gml/data/N04/N04-02/N04-02_4129-jgd_GML.zip"}, {"filename": "N04-03_4129-jgd_GML.zip", "url": "https://nlftp.mlit.go.jp/ksj/gml/data/N04/N04-03/N04-03_4129-jgd_GML.zip"}, {"filename": "N04-04_4129-jgd_GML.zip", "url": "https://nlftp.mlit.go.jp/ksj/gml/data/N04/N04-04/N04-04_4129-jgd_GML.zip"}, {"filename": "N04-10_4129-jgd_GML.zip", "url": "https://nlftp.mlit.go.jp/ksj/gml/data/N04/N04-10/N04-10_4129-jgd_GML.zip"}, {"filename": "N04-78_4142-tky_GML.zip", "url": "https://nlftp.mlit.go.jp/ksj/gml/data/N04/N04-78/N04-78_4142-tky_GML.zip"}, {"filename": "N04-78_4229-tky_GML.zip", "url": "https://nlftp.mlit.go.jp/ksj/gml/data/N04/N04-78/N04-78_4229-tky_GML.zip"}, {"filename": "N04-02_4229-jgd_GML.zip", "url": "https://nlftp.mlit.go.jp/ksj/gml/data/N04/N04-02/N04-02_4229-jgd_GML.zip"}, {"filename": "N04-03_4229-jgd_GML.zip", "url": "https://nlftp.mlit.go.jp/ksj/gml/data/N04/N04-03/N04-03_4229-jgd_GML.zip"}, {"filename": "N04-04_4229-jgd_GML.zip", "url": "https://nlftp.mlit.go.jp/ksj/gml/data/N04/N04-04/N04-04_4229-jgd_GML.zip"}, {"filename": "N04-10_4229-jgd_GML.zip", "url": "https://nlftp.mlit.go.jp/ksj/gml/data/N04/N04-10/N04-10_4229-jgd_GML.zip"}, {"filename": "N04-78_4230-tky_GML.zip", "url": "https://nlftp.mlit.go.jp/ksj/gml/data/N04/N04-78/N04-78_4230-tky_GML.zip"}, {"filename": "N04-02_4230-jgd_GML.zip", "url": "https://nlftp.mlit.go.jp/ksj/gml/data/N04/N04-02/N04-02_4230-jgd_GML.zip"}, {"filename": "N04-03_4230-jgd_GML.zip", "url": "https://nlftp.mlit.go.jp/ksj/gml/data/N04/N04-03/N04-03_4230-jgd_GML.zip"}, {"filename": "N04-04_4230-jgd_GML.zip", "url": "https://nlftp.mlit.go.jp/ksj/gml/data/N04/N04-04/N04-04_4230-jgd_GML.zip"}, {"filename": "N04-10_4230-jgd_GML.zip", "url": "https://nlftp.mlit.go.jp/ksj/gml/data/N04/N04-10/N04-10_4230-jgd_GML.zip"}, {"filename": "N04-78_4328-tky_GML.zip", "url": "https://nlftp.mlit.go.jp/ksj/gml/data/N04/N04-78/N04-78_4328-tky_GML.zip"}, {"filename": "N04-78_4329-tky_GML.zip", "url": "https://nlftp.mlit.go.jp/ksj/gml/data/N04/N04-78/N04-78_4329-tky_GML.zip"}, {"filename": "N04-02_4329-jgd_GML.zip", "url": "https://nlftp.mlit.go.jp/ksj/gml/data/N04/N04-02/N04-02_4329-jgd_GML.zip"}, {"filename": "N04-03_4329-jgd_GML.zip", "url": "https://nlftp.mlit.go.jp/ksj/gml/data/N04/N04-03/N04-03_4329-jgd_GML.zip"}, {"filename": "N04-04_4329-jgd_GML.zip", "url": "https://nlftp.mlit.go.jp/ksj/gml/data/N04/N04-04/N04-04_4329-jgd_GML.zip"}, {"filename": "N04-10_4329-jgd_GML.zip", "url": "https://nlftp.mlit.go.jp/ksj/gml/data/N04/N04-10/N04-10_4329-jgd_GML.zip"}, {"filename": "N04-78_4429-tky_GML.zip", "url": "https://nlftp.mlit.go.jp/ksj/gml/data/N04/N04-78/N04-78_4429-tky_GML.zip"}, {"filename": "N04-02_4429-jgd_GML.zip", "url": "https://nlftp.mlit.go.jp/ksj/gml/data/N04/N04-02/N04-02_4429-jgd_GML.zip"}, {"filename": "N04-03_4429-jgd_GML.zip", "url": "https://nlftp.mlit.go.jp/ksj/gml/data/N04/N04-03/N04-03_4429-jgd_GML.zip"}, {"filename": "N04-04_4429-jgd_GML.zip", "url": "https://nlftp.mlit.go.jp/ksj/gml/data/N04/N04-04/N04-04_4429-jgd_GML.zip"}, {"filename": "N04-10_4429-jgd_GML.zip", "url": "https://nlftp.mlit.go.jp/ksj/gml/data/N04/N04-10/N04-10_4429-jgd_GML.zip"}, {"filename": "N04-78_4529-tky_GML.zip", "url": "https://nlftp.mlit.go.jp/ksj/gml/data/N04/N04-78/N04-78_4529-tky_GML.zip"}, {"filename": "N04-10_4529-jgd_GML.zip", "url": "https://nlftp.mlit.go.jp/ksj/gml/data/N04/N04-10/N04-10_4529-jgd_GML.zip"}, {"filename": "N04-78_4530-tky_GML.zip", "url": "https://nlftp.mlit.go.jp/ksj/gml/data/N04/N04-78/N04-78_4530-tky_GML.zip"}, {"filename": "N04-02_4530-jgd_GML.zip", "url": "https://nlftp.mlit.go.jp/ksj/gml/data/N04/N04-02/N04-02_4530-jgd_GML.zip"}, {"filename": "N04-03_4530-jgd_GML.zip", "url": "https://nlftp.mlit.go.jp/ksj/gml/data/N04/N04-03/N04-03_4530-jgd_GML.zip"}, {"filename": "N04-04_4530-jgd_GML.zip", "url": "https://nlftp.mlit.go.jp/ksj/gml/data/N04/N04-04/N04-04_4530-jgd_GML.zip"}, {"filename": "N04-10_4530-jgd_GML.zip", "url": "https://nlftp.mlit.go.jp/ksj/gml/data/N04/N04-10/N04-10_4530-jgd_GML.zip"}, {"filename": "N04-78_4531-tky_GML.zip", "url": "https://nlftp.mlit.go.jp/ksj/gml/data/N04/N04-78/N04-78_4531-tky_GML.zip"}, {"filename": "N04-02_4531-jgd_GML.zip", "url": "https://nlftp.mlit.go.jp/ksj/gml/data/N04/N04-02/N04-02_4531-jgd_GML.zip"}, {"filename": "N04-03_4531-jgd_GML.zip", "url": "https://nlftp.mlit.go.jp/ksj/gml/data/N04/N04-03/N04-03_4531-jgd_GML.zip"}, {"filename": "N04-04_4531-jgd_GML.zip", "url": "https://nlftp.mlit.go.jp/ksj/gml/data/N04/N04-04/N04-04_4531-jgd_GML.zip"}, {"filename": "N04-10_4531-jgd_GML.zip", "url": "https://nlftp.mlit.go.jp/ksj/gml/data/N04/N04-10/N04-10_4531-jgd_GML.zip"}, {"filename": "N04-78_4540-tky_GML.zip", "url": "https://nlftp.mlit.go.jp/ksj/gml/data/N04/N04-78/N04-78_4540-tky_GML.zip"}, {"filename": "N04-78_4629-tky_GML.zip", "url": "https://nlftp.mlit.go.jp/ksj/gml/data/N04/N04-78/N04-78_4629-tky_GML.zip"}, {"filename": "N04-02_4629-jgd_GML.zip", "url": "https://nlftp.mlit.go.jp/ksj/gml/data/N04/N04-02/N04-02_4629-jgd_GML.zip"}, {"filename": "N04-03_4629-jgd_GML.zip", "url": "https://nlftp.mlit.go.jp/ksj/gml/data/N04/N04-03/N04-03_4629-jgd_GML.zip"}, {"filename": "N04-04_4629-jgd_GML.zip", "url": "https://nlftp.mlit.go.jp/ksj/gml/data/N04/N04-04/N04-04_4629-jgd_GML.zip"}, {"filename": "N04-10_4629-jgd_GML.zip", "url": "https://nlftp.mlit.go.jp/ksj/gml/data/N04/N04-10/N04-10_4629-jgd_GML.zip"}, {"filename": "N04-78_4630-tky_GML.zip", "url": "https://nlftp.mlit.go.jp/ksj/gml/data/N04/N04-78/N04-78_4630-tky_GML.zip"}, {"filename": "N04-02_4630-jgd_GML.zip", "url": "https://nlftp.mlit.go.jp/ksj/gml/data/N04/N04-02/N04-02_4630-jgd_GML.zip"}, {"filename": "N04-03_4630-jgd_GML.zip", "url": "https://nlftp.mlit.go.jp/ksj/gml/data/N04/N04-03/N04-03_4630-jgd_GML.zip"}, {"filename": "N04-04_4630-jgd_GML.zip", "url": "https://nlftp.mlit.go.jp/ksj/gml/data/N04/N04-04/N04-04_4630-jgd_GML.zip"}, {"filename": "N04-10_4630-jgd_GML.zip", "url": "https://nlftp.mlit.go.jp/ksj/gml/data/N04/N04-10/N04-10_4630-jgd_GML.zip"}, {"filename": "N04-78_4631-tky_GML.zip", "url": "https://nlftp.mlit.go.jp/ksj/gml/data/N04/N04-78/N04-78_4631-tky_GML.zip"}, {"filename": "N04-02_4631-jgd_GML.zip", "url": "https://nlftp.mlit.go.jp/ksj/gml/data/N04/N04-02/N04-02_4631-jgd_GML.zip"}, {"filename": "N04-03_4631-jgd_GML.zip", "url": "https://nlftp.mlit.go.jp/ksj/gml/data/N04/N04-03/N04-03_4631-jgd_GML.zip"}, {"filename": "N04-04_4631-jgd_GML.zip", "url": "https://nlftp.mlit.go.jp/ksj/gml/data/N04/N04-04/N04-04_4631-jgd_GML.zip"}, {"filename": "N04-10_4631-jgd_GML.zip", "url": "https://nlftp.mlit.go.jp/ksj/gml/data/N04/N04-10/N04-10_4631-jgd_GML.zip"}, {"filename": "N04-78_4728-tky_GML.zip", "url": "https://nlftp.mlit.go.jp/ksj/gml/data/N04/N04-78/N04-78_4728-tky_GML.zip"}, {"filename": "N04-78_4729-tky_GML.zip", "url": "https://nlftp.mlit.go.jp/ksj/gml/data/N04/N04-78/N04-78_4729-tky_GML.zip"}, {"filename": "N04-02_4729-jgd_GML.zip", "url": "https://nlftp.mlit.go.jp/ksj/gml/data/N04/N04-02/N04-02_4729-jgd_GML.zip"}, {"filename": "N04-03_4729-jgd_GML.zip", "url": "https://nlftp.mlit.go.jp/ksj/gml/data/N04/N04-03/N04-03_4729-jgd_GML.zip"}, {"filename": "N04-04_4729-jgd_GML.zip", "url": "https://nlftp.mlit.go.jp/ksj/gml/data/N04/N04-04/N04-04_4729-jgd_GML.zip"}, {"filename": "N04-10_4729-jgd_GML.zip", "url": "https://nlftp.mlit.go.jp/ksj/gml/data/N04/N04-10/N04-10_4729-jgd_GML.zip"}, {"filename": "N04-78_4730-tky_GML.zip", "url": "https://nlftp.mlit.go.jp/ksj/gml/data/N04/N04-78/N04-78_4730-tky_GML.zip"}, {"filename": "N04-02_4730-jgd_GML.zip", "url": "https://nlftp.mlit.go.jp/ksj/gml/data/N04/N04-02/N04-02_4730-jgd_GML.zip"}, {"filename": "N04-03_4730-jgd_GML.zip", "url": "https://nlftp.mlit.go.jp/ksj/gml/data/N04/N04-03/N04-03_4730-jgd_GML.zip"}, {"filename": "N04-04_4730-jgd_GML.zip", "url": "https://nlftp.mlit.go.jp/ksj/gml/data/N04/N04-04/N04-04_4730-jgd_GML.zip"}, {"filename": "N04-10_4730-jgd_GML.zip", "url": "https://nlftp.mlit.go.jp/ksj/gml/data/N04/N04-10/N04-10_4730-jgd_GML.zip"}, {"filename": "N04-78_4731-tky_GML.zip", "url": "https://nlftp.mlit.go.jp/ksj/gml/data/N04/N04-78/N04-78_4731-tky_GML.zip"}, {"filename": "N04-02_4731-jgd_GML.zip", "url": "https://nlftp.mlit.go.jp/ksj/gml/data/N04/N04-02/N04-02_4731-jgd_GML.zip"}, {"filename": "N04-03_4731-jgd_GML.zip", "url": "https://nlftp.mlit.go.jp/ksj/gml/data/N04/N04-03/N04-03_4731-jgd_GML.zip"}, {"filename": "N04-04_4731-jgd_GML.zip", "url": "https://nlftp.mlit.go.jp/ksj/gml/data/N04/N04-04/N04-04_4731-jgd_GML.zip"}, {"filename": "N04-10_4731-jgd_GML.zip", "url": "https://nlftp.mlit.go.jp/ksj/gml/data/N04/N04-10/N04-10_4731-jgd_GML.zip"}, {"filename": "N04-78_4740-tky_GML.zip", "url": "https://nlftp.mlit.go.jp/ksj/gml/data/N04/N04-78/N04-78_4740-tky_GML.zip"}, {"filename": "N04-78_4828-tky_GML.zip", "url": "https://nlftp.mlit.go.jp/ksj/gml/data/N04/N04-78/N04-78_4828-tky_GML.zip"}, {"filename": "N04-02_4828-jgd_GML.zip", "url": "https://nlftp.mlit.go.jp/ksj/gml/data/N04/N04-02/N04-02_4828-jgd_GML.zip"}, {"filename": "N04-03_4828-jgd_GML.zip", "url": "https://nlftp.mlit.go.jp/ksj/gml/data/N04/N04-03/N04-03_4828-jgd_GML.zip"}, {"filename": "N04-04_4828-jgd_GML.zip", "url": "https://nlftp.mlit.go.jp/ksj/gml/data/N04/N04-04/N04-04_4828-jgd_GML.zip"}, {"filename": "N04-10_4828-jgd_GML.zip", "url": "https://nlftp.mlit.go.jp/ksj/gml/data/N04/N04-10/N04-10_4828-jgd_GML.zip"}, {"filename": "N04-78_4829-tky_GML.zip", "url": "https://nlftp.mlit.go.jp/ksj/gml/data/N04/N04-78/N04-78_4829-tky_GML.zip"}, {"filename": "N04-02_4829-jgd_GML.zip", "url": "https://nlftp.mlit.go.jp/ksj/gml/data/N04/N04-02/N04-02_4829-jgd_GML.zip"}, {"filename": "N04-03_4829-jgd_GML.zip", "url": "https://nlftp.mlit.go.jp/ksj/gml/data/N04/N04-03/N04-03_4829-jgd_GML.zip"}, {"filename": "N04-04_4829-jgd_GML.zip", "url": "https://nlftp.mlit.go.jp/ksj/gml/data/N04/N04-04/N04-04_4829-jgd_GML.zip"}, {"filename": "N04-10_4829-jgd_GML.zip", "url": "https://nlftp.mlit.go.jp/ksj/gml/data/N04/N04-10/N04-10_4829-jgd_GML.zip"}, {"filename": "N04-78_4830-tky_GML.zip", "url": "https://nlftp.mlit.go.jp/ksj/gml/data/N04/N04-78/N04-78_4830-tky_GML.zip"}, {"filename": "N04-02_4830-jgd_GML.zip", "url": "https://nlftp.mlit.go.jp/ksj/gml/data/N04/N04-02/N04-02_4830-jgd_GML.zip"}, {"filename": "N04-03_4830-jgd_GML.zip", "url": "https://nlftp.mlit.go.jp/ksj/gml/data/N04/N04-03/N04-03_4830-jgd_GML.zip"}, {"filename": "N04-04_4830-jgd_GML.zip", "url": "https://nlftp.mlit.go.jp/ksj/gml/data/N04/N04-04/N04-04_4830-jgd_GML.zip"}, {"filename": "N04-10_4830-jgd_GML.zip", "url": "https://nlftp.mlit.go.jp/ksj/gml/data/N04/N04-10/N04-10_4830-jgd_GML.zip"}, {"filename": "N04-78_4831-tky_GML.zip", "url": "https://nlftp.mlit.go.jp/ksj/gml/data/N04/N04-78/N04-78_4831-tky_GML.zip"}, {"filename": "N04-02_4831-jgd_GML.zip", "url": "https://nlftp.mlit.go.jp/ksj/gml/data/N04/N04-02/N04-02_4831-jgd_GML.zip"}, {"filename": "N04-03_4831-jgd_GML.zip", "url": "https://nlftp.mlit.go.jp/ksj/gml/data/N04/N04-03/N04-03_4831-jgd_GML.zip"}, {"filename": "N04-04_4831-jgd_GML.zip", "url": "https://nlftp.mlit.go.jp/ksj/gml/data/N04/N04-04/N04-04_4831-jgd_GML.zip"}, {"filename": "N04-10_4831-jgd_GML.zip", "url": "https://nlftp.mlit.go.jp/ksj/gml/data/N04/N04-10/N04-10_4831-jgd_GML.zip"}, {"filename": "N04-78_4839-tky_GML.zip", "url": "https://nlftp.mlit.go.jp/ksj/gml/data/N04/N04-78/N04-78_4839-tky_GML.zip"}, {"filename": "N04-02_4839-jgd_GML.zip", "url": "https://nlftp.mlit.go.jp/ksj/gml/data/N04/N04-02/N04-02_4839-jgd_GML.zip"}, {"filename": "N04-03_4839-jgd_GML.zip", "url": "https://nlftp.mlit.go.jp/ksj/gml/data/N04/N04-03/N04-03_4839-jgd_GML.zip"}, {"filename": "N04-04_4839-jgd_GML.zip", "url": "https://nlftp.mlit.go.jp/ksj/gml/data/N04/N04-04/N04-04_4839-jgd_GML.zip"}, {"filename": "N04-10_4839-jgd_GML.zip", "url": "https://nlftp.mlit.go.jp/ksj/gml/data/N04/N04-10/N04-10_4839-jgd_GML.zip"}, {"filename": "N04-78_4928-tky_GML.zip", "url": "https://nlftp.mlit.go.jp/ksj/gml/data/N04/N04-78/N04-78_4928-tky_GML.zip"}, {"filename": "N04-02_4928-jgd_GML.zip", "url": "https://nlftp.mlit.go.jp/ksj/gml/data/N04/N04-02/N04-02_4928-jgd_GML.zip"}, {"filename": "N04-03_4928-jgd_GML.zip", "url": "https://nlftp.mlit.go.jp/ksj/gml/data/N04/N04-03/N04-03_4928-jgd_GML.zip"}, {"filename": "N04-04_4928-jgd_GML.zip", "url": "https://nlftp.mlit.go.jp/ksj/gml/data/N04/N04-04/N04-04_4928-jgd_GML.zip"}, {"filename": "N04-10_4928-jgd_GML.zip", "url": "https://nlftp.mlit.go.jp/ksj/gml/data/N04/N04-10/N04-10_4928-jgd_GML.zip"}, {"filename": "N04-78_4929-tky_GML.zip", "url": "https://nlftp.mlit.go.jp/ksj/gml/data/N04/N04-78/N04-78_4929-tky_GML.zip"}, {"filename": "N04-02_4929-jgd_GML.zip", "url": "https://nlftp.mlit.go.jp/ksj/gml/data/N04/N04-02/N04-02_4929-jgd_GML.zip"}, {"filename": "N04-03_4929-jgd_GML.zip", "url": "https://nlftp.mlit.go.jp/ksj/gml/data/N04/N04-03/N04-03_4929-jgd_GML.zip"}, {"filename": "N04-04_4929-jgd_GML.zip", "url": "https://nlftp.mlit.go.jp/ksj/gml/data/N04/N04-04/N04-04_4929-jgd_GML.zip"}, {"filename": "N04-10_4929-jgd_GML.zip", "url": "https://nlftp.mlit.go.jp/ksj/gml/data/N04/N04-10/N04-10_4929-jgd_GML.zip"}, {"filename": "N04-78_4930-tky_GML.zip", "url": "https://nlftp.mlit.go.jp/ksj/gml/data/N04/N04-78/N04-78_4930-tky_GML.zip"}, {"filename": "N04-02_4930-jgd_GML.zip", "url": "https://nlftp.mlit.go.jp/ksj/gml/data/N04/N04-02/N04-02_4930-jgd_GML.zip"}, {"filename": "N04-03_4930-jgd_GML.zip", "url": "https://nlftp.mlit.go.jp/ksj/gml/data/N04/N04-03/N04-03_4930-jgd_GML.zip"}, {"filename": "N04-04_4930-jgd_GML.zip", "url": "https://nlftp.mlit.go.jp/ksj/gml/data/N04/N04-04/N04-04_4930-jgd_GML.zip"}, {"filename": "N04-10_4930-jgd_GML.zip", "url": "https://nlftp.mlit.go.jp/ksj/gml/data/N04/N04-10/N04-10_4930-jgd_GML.zip"}, {"filename": "N04-78_4931-tky_GML.zip", "url": "https://nlftp.mlit.go.jp/ksj/gml/data/N04/N04-78/N04-78_4931-tky_GML.zip"}, {"filename": "N04-02_4931-jgd_GML.zip", "url": "https://nlftp.mlit.go.jp/ksj/gml/data/N04/N04-02/N04-02_4931-jgd_GML.zip"}, {"filename": "N04-03_4931-jgd_GML.zip", "url": "https://nlftp.mlit.go.jp/ksj/gml/data/N04/N04-03/N04-03_4931-jgd_GML.zip"}, {"filename": "N04-04_4931-jgd_GML.zip", "url": "https://nlftp.mlit.go.jp/ksj/gml/data/N04/N04-04/N04-04_4931-jgd_GML.zip"}, {"filename": "N04-10_4931-jgd_GML.zip", "url": "https://nlftp.mlit.go.jp/ksj/gml/data/N04/N04-10/N04-10_4931-jgd_GML.zip"}, {"filename": "N04-78_4932-tky_GML.zip", "url": "https://nlftp.mlit.go.jp/ksj/gml/data/N04/N04-78/N04-78_4932-tky_GML.zip"}, {"filename": "N04-02_4932-jgd_GML.zip", "url": "https://nlftp.mlit.go.jp/ksj/gml/data/N04/N04-02/N04-02_4932-jgd_GML.zip"}, {"filename": "N04-03_4932-jgd_GML.zip", "url": "https://nlftp.mlit.go.jp/ksj/gml/data/N04/N04-03/N04-03_4932-jgd_GML.zip"}, {"filename": "N04-04_4932-jgd_GML.zip", "url": "https://nlftp.mlit.go.jp/ksj/gml/data/N04/N04-04/N04-04_4932-jgd_GML.zip"}, {"filename": "N04-10_4932-jgd_GML.zip", "url": "https://nlftp.mlit.go.jp/ksj/gml/data/N04/N04-10/N04-10_4932-jgd_GML.zip"}, {"filename": "N04-78_4933-tky_GML.zip", "url": "https://nlftp.mlit.go.jp/ksj/gml/data/N04/N04-78/N04-78_4933-tky_GML.zip"}, {"filename": "N04-02_4933-jgd_GML.zip", "url": "https://nlftp.mlit.go.jp/ksj/gml/data/N04/N04-02/N04-02_4933-jgd_GML.zip"}, {"filename": "N04-03_4933-jgd_GML.zip", "url": "https://nlftp.mlit.go.jp/ksj/gml/data/N04/N04-03/N04-03_4933-jgd_GML.zip"}, {"filename": "N04-04_4933-jgd_GML.zip", "url": "https://nlftp.mlit.go.jp/ksj/gml/data/N04/N04-04/N04-04_4933-jgd_GML.zip"}, {"filename": "N04-10_4933-jgd_GML.zip", "url": "https://nlftp.mlit.go.jp/ksj/gml/data/N04/N04-10/N04-10_4933-jgd_GML.zip"}, {"filename": "N04-78_4934-tky_GML.zip", "url": "https://nlftp.mlit.go.jp/ksj/gml/data/N04/N04-78/N04-78_4934-tky_GML.zip"}, {"filename": "N04-02_4934-jgd_GML.zip", "url": "https://nlftp.mlit.go.jp/ksj/gml/data/N04/N04-02/N04-02_4934-jgd_GML.zip"}, {"filename": "N04-03_4934-jgd_GML.zip", "url": "https://nlftp.mlit.go.jp/ksj/gml/data/N04/N04-03/N04-03_4934-jgd_GML.zip"}, {"filename": "N04-04_4934-jgd_GML.zip", "url": "https://nlftp.mlit.go.jp/ksj/gml/data/N04/N04-04/N04-04_4934-jgd_GML.zip"}, {"filename": "N04-10_4934-jgd_GML.zip", "url": "https://nlftp.mlit.go.jp/ksj/gml/data/N04/N04-10/N04-10_4934-jgd_GML.zip"}, {"filename": "N04-78_4939-tky_GML.zip", "url": "https://nlftp.mlit.go.jp/ksj/gml/data/N04/N04-78/N04-78_4939-tky_GML.zip"}, {"filename": "N04-02_4939-jgd_GML.zip", "url": "https://nlftp.mlit.go.jp/ksj/gml/data/N04/N04-02/N04-02_4939-jgd_GML.zip"}, {"filename": "N04-03_4939-jgd_GML.zip", "url": "https://nlftp.mlit.go.jp/ksj/gml/data/N04/N04-03/N04-03_4939-jgd_GML.zip"}, {"filename": "N04-04_4939-jgd_GML.zip", "url": "https://nlftp.mlit.go.jp/ksj/gml/data/N04/N04-04/N04-04_4939-jgd_GML.zip"}, {"filename": "N04-10_4939-jgd_GML.zip", "url": "https://nlftp.mlit.go.jp/ksj/gml/data/N04/N04-10/N04-10_4939-jgd_GML.zip"}, {"filename": "N04-78_5029-tky_GML.zip", "url": "https://nlftp.mlit.go.jp/ksj/gml/data/N04/N04-78/N04-78_5029-tky_GML.zip"}, {"filename": "N04-02_5029-jgd_GML.zip", "url": "https://nlftp.mlit.go.jp/ksj/gml/data/N04/N04-02/N04-02_5029-jgd_GML.zip"}, {"filename": "N04-03_5029-jgd_GML.zip", "url": "https://nlftp.mlit.go.jp/ksj/gml/data/N04/N04-03/N04-03_5029-jgd_GML.zip"}, {"filename": "N04-04_5029-jgd_GML.zip", "url": "https://nlftp.mlit.go.jp/ksj/gml/data/N04/N04-04/N04-04_5029-jgd_GML.zip"}, {"filename": "N04-10_5029-jgd_GML.zip", "url": "https://nlftp.mlit.go.jp/ksj/gml/data/N04/N04-10/N04-10_5029-jgd_GML.zip"}, {"filename": "N04-78_5030-tky_GML.zip", "url": "https://nlftp.mlit.go.jp/ksj/gml/data/N04/N04-78/N04-78_5030-tky_GML.zip"}, {"filename": "N04-02_5030-jgd_GML.zip", "url": "https://nlftp.mlit.go.jp/ksj/gml/data/N04/N04-02/N04-02_5030-jgd_GML.zip"}, {"filename": "N04-03_5030-jgd_GML.zip", "url": "https://nlftp.mlit.go.jp/ksj/gml/data/N04/N04-03/N04-03_5030-jgd_GML.zip"}, {"filename": "N04-04_5030-jgd_GML.zip", "url": "https://nlftp.mlit.go.jp/ksj/gml/data/N04/N04-04/N04-04_5030-jgd_GML.zip"}, {"filename": "N04-10_5030-jgd_GML.zip", "url": "https://nlftp.mlit.go.jp/ksj/gml/data/N04/N04-10/N04-10_5030-jgd_GML.zip"}, {"filename": "N04-78_5031-tky_GML.zip", "url": "https://nlftp.mlit.go.jp/ksj/gml/data/N04/N04-78/N04-78_5031-tky_GML.zip"}, {"filename": "N04-02_5031-jgd_GML.zip", "url": "https://nlftp.mlit.go.jp/ksj/gml/data/N04/N04-02/N04-02_5031-jgd_GML.zip"}, {"filename": "N04-03_5031-jgd_GML.zip", "url": "https://nlftp.mlit.go.jp/ksj/gml/data/N04/N04-03/N04-03_5031-jgd_GML.zip"}, {"filename": "N04-04_5031-jgd_GML.zip", "url": "https://nlftp.mlit.go.jp/ksj/gml/data/N04/N04-04/N04-04_5031-jgd_GML.zip"}, {"filename": "N04-10_5031-jgd_GML.zip", "url": "https://nlftp.mlit.go.jp/ksj/gml/data/N04/N04-10/N04-10_5031-jgd_GML.zip"}, {"filename": "N04-78_5032-tky_GML.zip", "url": "https://nlftp.mlit.go.jp/ksj/gml/data/N04/N04-78/N04-78_5032-tky_GML.zip"}, {"filename": "N04-02_5032-jgd_GML.zip", "url": "https://nlftp.mlit.go.jp/ksj/gml/data/N04/N04-02/N04-02_5032-jgd_GML.zip"}, {"filename": "N04-03_5032-jgd_GML.zip", "url": "https://nlftp.mlit.go.jp/ksj/gml/data/N04/N04-03/N04-03_5032-jgd_GML.zip"}, {"filename": "N04-04_5032-jgd_GML.zip", "url": "https://nlftp.mlit.go.jp/ksj/gml/data/N04/N04-04/N04-04_5032-jgd_GML.zip"}, {"filename": "N04-10_5032-jgd_GML.zip", "url": "https://nlftp.mlit.go.jp/ksj/gml/data/N04/N04-10/N04-10_5032-jgd_GML.zip"}, {"filename": "N04-78_5033-tky_GML.zip", "url": "https://nlftp.mlit.go.jp/ksj/gml/data/N04/N04-78/N04-78_5033-tky_GML.zip"}, {"filename": "N04-02_5033-jgd_GML.zip", "url": "https://nlftp.mlit.go.jp/ksj/gml/data/N04/N04-02/N04-02_5033-jgd_GML.zip"}, {"filename": "N04-03_5033-jgd_GML.zip", "url": "https://nlftp.mlit.go.jp/ksj/gml/data/N04/N04-03/N04-03_5033-jgd_GML.zip"}, {"filename": "N04-04_5033-jgd_GML.zip", "url": "https://nlftp.mlit.go.jp/ksj/gml/data/N04/N04-04/N04-04_5033-jgd_GML.zip"}, {"filename": "N04-10_5033-jgd_GML.zip", "url": "https://nlftp.mlit.go.jp/ksj/gml/data/N04/N04-10/N04-10_5033-jgd_GML.zip"}, {"filename": "N04-78_5034-tky_GML.zip", "url": "https://nlftp.mlit.go.jp/ksj/gml/data/N04/N04-78/N04-78_5034-tky_GML.zip"}, {"filename": "N04-02_5034-jgd_GML.zip", "url": "https://nlftp.mlit.go.jp/ksj/gml/data/N04/N04-02/N04-02_5034-jgd_GML.zip"}, {"filename": "N04-03_5034-jgd_GML.zip", "url": "https://nlftp.mlit.go.jp/ksj/gml/data/N04/N04-03/N04-03_5034-jgd_GML.zip"}, {"filename": "N04-04_5034-jgd_GML.zip", "url": "https://nlftp.mlit.go.jp/ksj/gml/data/N04/N04-04/N04-04_5034-jgd_GML.zip"}, {"filename": "N04-10_5034-jgd_GML.zip", "url": "https://nlftp.mlit.go.jp/ksj/gml/data/N04/N04-10/N04-10_5034-jgd_GML.zip"}, {"filename": "N04-78_5035-tky_GML.zip", "url": "https://nlftp.mlit.go.jp/ksj/gml/data/N04/N04-78/N04-78_5035-tky_GML.zip"}, {"filename": "N04-02_5035-jgd_GML.zip", "url": "https://nlftp.mlit.go.jp/ksj/gml/data/N04/N04-02/N04-02_5035-jgd_GML.zip"}, {"filename": "N04-03_5035-jgd_GML.zip", "url": "https://nlftp.mlit.go.jp/ksj/gml/data/N04/N04-03/N04-03_5035-jgd_GML.zip"}, {"filename": "N04-04_5035-jgd_GML.zip", "url": "https://nlftp.mlit.go.jp/ksj/gml/data/N04/N04-04/N04-04_5035-jgd_GML.zip"}, {"filename": "N04-10_5035-jgd_GML.zip", "url": "https://nlftp.mlit.go.jp/ksj/gml/data/N04/N04-10/N04-10_5035-jgd_GML.zip"}, {"filename": "N04-78_5036-tky_GML.zip", "url": "https://nlftp.mlit.go.jp/ksj/gml/data/N04/N04-78/N04-78_5036-tky_GML.zip"}, {"filename": "N04-02_5036-jgd_GML.zip", "url": "https://nlftp.mlit.go.jp/ksj/gml/data/N04/N04-02/N04-02_5036-jgd_GML.zip"}, {"filename": "N04-03_5036-jgd_GML.zip", "url": "https://nlftp.mlit.go.jp/ksj/gml/data/N04/N04-03/N04-03_5036-jgd_GML.zip"}, {"filename": "N04-04_5036-jgd_GML.zip", "url": "https://nlftp.mlit.go.jp/ksj/gml/data/N04/N04-04/N04-04_5036-jgd_GML.zip"}, {"filename": "N04-10_5036-jgd_GML.zip", "url": "https://nlftp.mlit.go.jp/ksj/gml/data/N04/N04-10/N04-10_5036-jgd_GML.zip"}, {"filename": "N04-78_5039-tky_GML.zip", "url": "https://nlftp.mlit.go.jp/ksj/gml/data/N04/N04-78/N04-78_5039-tky_GML.zip"}, {"filename": "N04-02_5039-jgd_GML.zip", "url": "https://nlftp.mlit.go.jp/ksj/gml/data/N04/N04-02/N04-02_5039-jgd_GML.zip"}, {"filename": "N04-03_5039-jgd_GML.zip", "url": "https://nlftp.mlit.go.jp/ksj/gml/data/N04/N04-03/N04-03_5039-jgd_GML.zip"}, {"filename": "N04-04_5039-jgd_GML.zip", "url": "https://nlftp.mlit.go.jp/ksj/gml/data/N04/N04-04/N04-04_5039-jgd_GML.zip"}, {"filename": "N04-10_5039-jgd_GML.zip", "url": "https://nlftp.mlit.go.jp/ksj/gml/data/N04/N04-10/N04-10_5039-jgd_GML.zip"}, {"filename": "N04-78_5129-tky_GML.zip", "url": "https://nlftp.mlit.go.jp/ksj/gml/data/N04/N04-78/N04-78_5129-tky_GML.zip"}, {"filename": "N04-02_5129-jgd_GML.zip", "url": "https://nlftp.mlit.go.jp/ksj/gml/data/N04/N04-02/N04-02_5129-jgd_GML.zip"}, {"filename": "N04-03_5129-jgd_GML.zip", "url": "https://nlftp.mlit.go.jp/ksj/gml/data/N04/N04-03/N04-03_5129-jgd_GML.zip"}, {"filename": "N04-04_5129-jgd_GML.zip", "url": "https://nlftp.mlit.go.jp/ksj/gml/data/N04/N04-04/N04-04_5129-jgd_GML.zip"}, {"filename": "N04-10_5129-jgd_GML.zip", "url": "https://nlftp.mlit.go.jp/ksj/gml/data/N04/N04-10/N04-10_5129-jgd_GML.zip"}, {"filename": "N04-78_5130-tky_GML.zip", "url": "https://nlftp.mlit.go.jp/ksj/gml/data/N04/N04-78/N04-78_5130-tky_GML.zip"}, {"filename": "N04-02_5130-jgd_GML.zip", "url": "https://nlftp.mlit.go.jp/ksj/gml/data/N04/N04-02/N04-02_5130-jgd_GML.zip"}, {"filename": "N04-03_5130-jgd_GML.zip", "url": "https://nlftp.mlit.go.jp/ksj/gml/data/N04/N04-03/N04-03_5130-jgd_GML.zip"}, {"filename": "N04-04_5130-jgd_GML.zip", "url": "https://nlftp.mlit.go.jp/ksj/gml/data/N04/N04-04/N04-04_5130-jgd_GML.zip"}, {"filename": "N04-10_5130-jgd_GML.zip", "url": "https://nlftp.mlit.go.jp/ksj/gml/data/N04/N04-10/N04-10_5130-jgd_GML.zip"}, {"filename": "N04-78_5131-tky_GML.zip", "url": "https://nlftp.mlit.go.jp/ksj/gml/data/N04/N04-78/N04-78_5131-tky_GML.zip"}, {"filename": "N04-02_5131-jgd_GML.zip", "url": "https://nlftp.mlit.go.jp/ksj/gml/data/N04/N04-02/N04-02_5131-jgd_GML.zip"}, {"filename": "N04-03_5131-jgd_GML.zip", "url": "https://nlftp.mlit.go.jp/ksj/gml/data/N04/N04-03/N04-03_5131-jgd_GML.zip"}, {"filename": "N04-04_5131-jgd_GML.zip", "url": "https://nlftp.mlit.go.jp/ksj/gml/data/N04/N04-04/N04-04_5131-jgd_GML.zip"}, {"filename": "N04-10_5131-jgd_GML.zip", "url": "https://nlftp.mlit.go.jp/ksj/gml/data/N04/N04-10/N04-10_5131-jgd_GML.zip"}, {"filename": "N04-78_5132-tky_GML.zip", "url": "https://nlftp.mlit.go.jp/ksj/gml/data/N04/N04-78/N04-78_5132-tky_GML.zip"}, {"filename": "N04-02_5132-jgd_GML.zip", "url": "https://nlftp.mlit.go.jp/ksj/gml/data/N04/N04-02/N04-02_5132-jgd_GML.zip"}, {"filename": "N04-03_5132-jgd_GML.zip", "url": "https://nlftp.mlit.go.jp/ksj/gml/data/N04/N04-03/N04-03_5132-jgd_GML.zip"}, {"filename": "N04-04_5132-jgd_GML.zip", "url": "https://nlftp.mlit.go.jp/ksj/gml/data/N04/N04-04/N04-04_5132-jgd_GML.zip"}, {"filename": "N04-10_5132-jgd_GML.zip", "url": "https://nlftp.mlit.go.jp/ksj/gml/data/N04/N04-10/N04-10_5132-jgd_GML.zip"}, {"filename": "N04-78_5133-tky_GML.zip", "url": "https://nlftp.mlit.go.jp/ksj/gml/data/N04/N04-78/N04-78_5133-tky_GML.zip"}, {"filename": "N04-02_5133-jgd_GML.zip", "url": "https://nlftp.mlit.go.jp/ksj/gml/data/N04/N04-02/N04-02_5133-jgd_GML.zip"}, {"filename": "N04-03_5133-jgd_GML.zip", "url": "https://nlftp.mlit.go.jp/ksj/gml/data/N04/N04-03/N04-03_5133-jgd_GML.zip"}, {"filename": "N04-04_5133-jgd_GML.zip", "url": "https://nlftp.mlit.go.jp/ksj/gml/data/N04/N04-04/N04-04_5133-jgd_GML.zip"}, {"filename": "N04-10_5133-jgd_GML.zip", "url": "https://nlftp.mlit.go.jp/ksj/gml/data/N04/N04-10/N04-10_5133-jgd_GML.zip"}, {"filename": "N04-78_5134-tky_GML.zip", "url": "https://nlftp.mlit.go.jp/ksj/gml/data/N04/N04-78/N04-78_5134-tky_GML.zip"}, {"filename": "N04-02_5134-jgd_GML.zip", "url": "https://nlftp.mlit.go.jp/ksj/gml/data/N04/N04-02/N04-02_5134-jgd_GML.zip"}, {"filename": "N04-03_5134-jgd_GML.zip", "url": "https://nlftp.mlit.go.jp/ksj/gml/data/N04/N04-03/N04-03_5134-jgd_GML.zip"}, {"filename": "N04-04_5134-jgd_GML.zip", "url": "https://nlftp.mlit.go.jp/ksj/gml/data/N04/N04-04/N04-04_5134-jgd_GML.zip"}, {"filename": "N04-10_5134-jgd_GML.zip", "url": "https://nlftp.mlit.go.jp/ksj/gml/data/N04/N04-10/N04-10_5134-jgd_GML.zip"}, {"filename": "N04-78_5135-tky_GML.zip", "url": "https://nlftp.mlit.go.jp/ksj/gml/data/N04/N04-78/N04-78_5135-tky_GML.zip"}, {"filename": "N04-02_5135-jgd_GML.zip", "url": "https://nlftp.mlit.go.jp/ksj/gml/data/N04/N04-02/N04-02_5135-jgd_GML.zip"}, {"filename": "N04-03_5135-jgd_GML.zip", "url": "https://nlftp.mlit.go.jp/ksj/gml/data/N04/N04-03/N04-03_5135-jgd_GML.zip"}, {"filename": "N04-04_5135-jgd_GML.zip", "url": "https://nlftp.mlit.go.jp/ksj/gml/data/N04/N04-04/N04-04_5135-jgd_GML.zip"}, {"filename": "N04-10_5135-jgd_GML.zip", "url": "https://nlftp.mlit.go.jp/ksj/gml/data/N04/N04-10/N04-10_5135-jgd_GML.zip"}, {"filename": "N04-78_5136-tky_GML.zip", "url": "https://nlftp.mlit.go.jp/ksj/gml/data/N04/N04-78/N04-78_5136-tky_GML.zip"}, {"filename": "N04-02_5136-jgd_GML.zip", "url": "https://nlftp.mlit.go.jp/ksj/gml/data/N04/N04-02/N04-02_5136-jgd_GML.zip"}, {"filename": "N04-03_5136-jgd_GML.zip", "url": "https://nlftp.mlit.go.jp/ksj/gml/data/N04/N04-03/N04-03_5136-jgd_GML.zip"}, {"filename": "N04-04_5136-jgd_GML.zip", "url": "https://nlftp.mlit.go.jp/ksj/gml/data/N04/N04-04/N04-04_5136-jgd_GML.zip"}, {"filename": "N04-10_5136-jgd_GML.zip", "url": "https://nlftp.mlit.go.jp/ksj/gml/data/N04/N04-10/N04-10_5136-jgd_GML.zip"}, {"filename": "N04-78_5137-tky_GML.zip", "url": "https://nlftp.mlit.go.jp/ksj/gml/data/N04/N04-78/N04-78_5137-tky_GML.zip"}, {"filename": "N04-02_5137-jgd_GML.zip", "url": "https://nlftp.mlit.go.jp/ksj/gml/data/N04/N04-02/N04-02_5137-jgd_GML.zip"}, {"filename": "N04-03_5137-jgd_GML.zip", "url": "https://nlftp.mlit.go.jp/ksj/gml/data/N04/N04-03/N04-03_5137-jgd_GML.zip"}, {"filename": "N04-04_5137-jgd_GML.zip", "url": "https://nlftp.mlit.go.jp/ksj/gml/data/N04/N04-04/N04-04_5137-jgd_GML.zip"}, {"filename": "N04-10_5137-jgd_GML.zip", "url": "https://nlftp.mlit.go.jp/ksj/gml/data/N04/N04-10/N04-10_5137-jgd_GML.zip"}, {"filename": "N04-78_5138-tky_GML.zip", "url": "https://nlftp.mlit.go.jp/ksj/gml/data/N04/N04-78/N04-78_5138-tky_GML.zip"}, {"filename": "N04-02_5138-jgd_GML.zip", "url": "https://nlftp.mlit.go.jp/ksj/gml/data/N04/N04-02/N04-02_5138-jgd_GML.zip"}, {"filename": "N04-03_5138-jgd_GML.zip", "url": "https://nlftp.mlit.go.jp/ksj/gml/data/N04/N04-03/N04-03_5138-jgd_GML.zip"}, {"filename": "N04-04_5138-jgd_GML.zip", "url": "https://nlftp.mlit.go.jp/ksj/gml/data/N04/N04-04/N04-04_5138-jgd_GML.zip"}, {"filename": "N04-10_5138-jgd_GML.zip", "url": "https://nlftp.mlit.go.jp/ksj/gml/data/N04/N04-10/N04-10_5138-jgd_GML.zip"}, {"filename": "N04-78_5139-tky_GML.zip", "url": "https://nlftp.mlit.go.jp/ksj/gml/data/N04/N04-78/N04-78_5139-tky_GML.zip"}, {"filename": "N04-02_5139-jgd_GML.zip", "url": "https://nlftp.mlit.go.jp/ksj/gml/data/N04/N04-02/N04-02_5139-jgd_GML.zip"}, {"filename": "N04-03_5139-jgd_GML.zip", "url": "https://nlftp.mlit.go.jp/ksj/gml/data/N04/N04-03/N04-03_5139-jgd_GML.zip"}, {"filename": "N04-04_5139-jgd_GML.zip", "url": "https://nlftp.mlit.go.jp/ksj/gml/data/N04/N04-04/N04-04_5139-jgd_GML.zip"}, {"filename": "N04-10_5139-jgd_GML.zip", "url": "https://nlftp.mlit.go.jp/ksj/gml/data/N04/N04-10/N04-10_5139-jgd_GML.zip"}, {"filename": "N04-78_5229-tky_GML.zip", "url": "https://nlftp.mlit.go.jp/ksj/gml/data/N04/N04-78/N04-78_5229-tky_GML.zip"}, {"filename": "N04-02_5229-jgd_GML.zip", "url": "https://nlftp.mlit.go.jp/ksj/gml/data/N04/N04-02/N04-02_5229-jgd_GML.zip"}, {"filename": "N04-03_5229-jgd_GML.zip", "url": "https://nlftp.mlit.go.jp/ksj/gml/data/N04/N04-03/N04-03_5229-jgd_GML.zip"}, {"filename": "N04-04_5229-jgd_GML.zip", "url": "https://nlftp.mlit.go.jp/ksj/gml/data/N04/N04-04/N04-04_5229-jgd_GML.zip"}, {"filename": "N04-10_5229-jgd_GML.zip", "url": "https://nlftp.mlit.go.jp/ksj/gml/data/N04/N04-10/N04-10_5229-jgd_GML.zip"}, {"filename": "N04-78_5231-tky_GML.zip", "url": "https://nlftp.mlit.go.jp/ksj/gml/data/N04/N04-78/N04-78_5231-tky_GML.zip"}, {"filename": "N04-02_5231-jgd_GML.zip", "url": "https://nlftp.mlit.go.jp/ksj/gml/data/N04/N04-02/N04-02_5231-jgd_GML.zip"}, {"filename": "N04-03_5231-jgd_GML.zip", "url": "https://nlftp.mlit.go.jp/ksj/gml/data/N04/N04-03/N04-03_5231-jgd_GML.zip"}, {"filename": "N04-04_5231-jgd_GML.zip", "url": "https://nlftp.mlit.go.jp/ksj/gml/data/N04/N04-04/N04-04_5231-jgd_GML.zip"}, {"filename": "N04-10_5231-jgd_GML.zip", "url": "https://nlftp.mlit.go.jp/ksj/gml/data/N04/N04-10/N04-10_5231-jgd_GML.zip"}, {"filename": "N04-78_5232-tky_GML.zip", "url": "https://nlftp.mlit.go.jp/ksj/gml/data/N04/N04-78/N04-78_5232-tky_GML.zip"}, {"filename": "N04-02_5232-jgd_GML.zip", "url": "https://nlftp.mlit.go.jp/ksj/gml/data/N04/N04-02/N04-02_5232-jgd_GML.zip"}, {"filename": "N04-03_5232-jgd_GML.zip", "url": "https://nlftp.mlit.go.jp/ksj/gml/data/N04/N04-03/N04-03_5232-jgd_GML.zip"}, {"filename": "N04-04_5232-jgd_GML.zip", "url": "https://nlftp.mlit.go.jp/ksj/gml/data/N04/N04-04/N04-04_5232-jgd_GML.zip"}, {"filename": "N04-10_5232-jgd_GML.zip", "url": "https://nlftp.mlit.go.jp/ksj/gml/data/N04/N04-10/N04-10_5232-jgd_GML.zip"}, {"filename": "N04-78_5233-tky_GML.zip", "url": "https://nlftp.mlit.go.jp/ksj/gml/data/N04/N04-78/N04-78_5233-tky_GML.zip"}, {"filename": "N04-02_5233-jgd_GML.zip", "url": "https://nlftp.mlit.go.jp/ksj/gml/data/N04/N04-02/N04-02_5233-jgd_GML.zip"}, {"filename": "N04-03_5233-jgd_GML.zip", "url": "https://nlftp.mlit.go.jp/ksj/gml/data/N04/N04-03/N04-03_5233-jgd_GML.zip"}, {"filename": "N04-04_5233-jgd_GML.zip", "url": "https://nlftp.mlit.go.jp/ksj/gml/data/N04/N04-04/N04-04_5233-jgd_GML.zip"}, {"filename": "N04-10_5233-jgd_GML.zip", "url": "https://nlftp.mlit.go.jp/ksj/gml/data/N04/N04-10/N04-10_5233-jgd_GML.zip"}, {"filename": "N04-78_5234-tky_GML.zip", "url": "https://nlftp.mlit.go.jp/ksj/gml/data/N04/N04-78/N04-78_5234-tky_GML.zip"}, {"filename": "N04-02_5234-jgd_GML.zip", "url": "https://nlftp.mlit.go.jp/ksj/gml/data/N04/N04-02/N04-02_5234-jgd_GML.zip"}, {"filename": "N04-03_5234-jgd_GML.zip", "url": "https://nlftp.mlit.go.jp/ksj/gml/data/N04/N04-03/N04-03_5234-jgd_GML.zip"}, {"filename": "N04-04_5234-jgd_GML.zip", "url": "https://nlftp.mlit.go.jp/ksj/gml/data/N04/N04-04/N04-04_5234-jgd_GML.zip"}, {"filename": "N04-10_5234-jgd_GML.zip", "url": "https://nlftp.mlit.go.jp/ksj/gml/data/N04/N04-10/N04-10_5234-jgd_GML.zip"}, {"filename": "N04-78_5235-tky_GML.zip", "url": "https://nlftp.mlit.go.jp/ksj/gml/data/N04/N04-78/N04-78_5235-tky_GML.zip"}, {"filename": "N04-02_5235-jgd_GML.zip", "url": "https://nlftp.mlit.go.jp/ksj/gml/data/N04/N04-02/N04-02_5235-jgd_GML.zip"}, {"filename": "N04-03_5235-jgd_GML.zip", "url": "https://nlftp.mlit.go.jp/ksj/gml/data/N04/N04-03/N04-03_5235-jgd_GML.zip"}, {"filename": "N04-04_5235-jgd_GML.zip", "url": "https://nlftp.mlit.go.jp/ksj/gml/data/N04/N04-04/N04-04_5235-jgd_GML.zip"}, {"filename": "N04-10_5235-jgd_GML.zip", "url": "https://nlftp.mlit.go.jp/ksj/gml/data/N04/N04-10/N04-10_5235-jgd_GML.zip"}, {"filename": "N04-78_5236-tky_GML.zip", "url": "https://nlftp.mlit.go.jp/ksj/gml/data/N04/N04-78/N04-78_5236-tky_GML.zip"}, {"filename": "N04-02_5236-jgd_GML.zip", "url": "https://nlftp.mlit.go.jp/ksj/gml/data/N04/N04-02/N04-02_5236-jgd_GML.zip"}, {"filename": "N04-03_5236-jgd_GML.zip", "url": "https://nlftp.mlit.go.jp/ksj/gml/data/N04/N04-03/N04-03_5236-jgd_GML.zip"}, {"filename": "N04-04_5236-jgd_GML.zip", "url": "https://nlftp.mlit.go.jp/ksj/gml/data/N04/N04-04/N04-04_5236-jgd_GML.zip"}, {"filename": "N04-10_5236-jgd_GML.zip", "url": "https://nlftp.mlit.go.jp/ksj/gml/data/N04/N04-10/N04-10_5236-jgd_GML.zip"}, {"filename": "N04-78_5237-tky_GML.zip", "url": "https://nlftp.mlit.go.jp/ksj/gml/data/N04/N04-78/N04-78_5237-tky_GML.zip"}, {"filename": "N04-02_5237-jgd_GML.zip", "url": "https://nlftp.mlit.go.jp/ksj/gml/data/N04/N04-02/N04-02_5237-jgd_GML.zip"}, {"filename": "N04-03_5237-jgd_GML.zip", "url": "https://nlftp.mlit.go.jp/ksj/gml/data/N04/N04-03/N04-03_5237-jgd_GML.zip"}, {"filename": "N04-04_5237-jgd_GML.zip", "url": "https://nlftp.mlit.go.jp/ksj/gml/data/N04/N04-04/N04-04_5237-jgd_GML.zip"}, {"filename": "N04-10_5237-jgd_GML.zip", "url": "https://nlftp.mlit.go.jp/ksj/gml/data/N04/N04-10/N04-10_5237-jgd_GML.zip"}, {"filename": "N04-78_5238-tky_GML.zip", "url": "https://nlftp.mlit.go.jp/ksj/gml/data/N04/N04-78/N04-78_5238-tky_GML.zip"}, {"filename": "N04-02_5238-jgd_GML.zip", "url": "https://nlftp.mlit.go.jp/ksj/gml/data/N04/N04-02/N04-02_5238-jgd_GML.zip"}, {"filename": "N04-03_5238-jgd_GML.zip", "url": "https://nlftp.mlit.go.jp/ksj/gml/data/N04/N04-03/N04-03_5238-jgd_GML.zip"}, {"filename": "N04-04_5238-jgd_GML.zip", "url": "https://nlftp.mlit.go.jp/ksj/gml/data/N04/N04-04/N04-04_5238-jgd_GML.zip"}, {"filename": "N04-10_5238-jgd_GML.zip", "url": "https://nlftp.mlit.go.jp/ksj/gml/data/N04/N04-10/N04-10_5238-jgd_GML.zip"}, {"filename": "N04-78_5239-tky_GML.zip", "url": "https://nlftp.mlit.go.jp/ksj/gml/data/N04/N04-78/N04-78_5239-tky_GML.zip"}, {"filename": "N04-02_5239-jgd_GML.zip", "url": "https://nlftp.mlit.go.jp/ksj/gml/data/N04/N04-02/N04-02_5239-jgd_GML.zip"}, {"filename": "N04-03_5239-jgd_GML.zip", "url": "https://nlftp.mlit.go.jp/ksj/gml/data/N04/N04-03/N04-03_5239-jgd_GML.zip"}, {"filename": "N04-04_5239-jgd_GML.zip", "url": "https://nlftp.mlit.go.jp/ksj/gml/data/N04/N04-04/N04-04_5239-jgd_GML.zip"}, {"filename": "N04-10_5239-jgd_GML.zip", "url": "https://nlftp.mlit.go.jp/ksj/gml/data/N04/N04-10/N04-10_5239-jgd_GML.zip"}, {"filename": "N04-78_5240-tky_GML.zip", "url": "https://nlftp.mlit.go.jp/ksj/gml/data/N04/N04-78/N04-78_5240-tky_GML.zip"}, {"filename": "N04-02_5240-jgd_GML.zip", "url": "https://nlftp.mlit.go.jp/ksj/gml/data/N04/N04-02/N04-02_5240-jgd_GML.zip"}, {"filename": "N04-03_5240-jgd_GML.zip", "url": "https://nlftp.mlit.go.jp/ksj/gml/data/N04/N04-03/N04-03_5240-jgd_GML.zip"}, {"filename": "N04-04_5240-jgd_GML.zip", "url": "https://nlftp.mlit.go.jp/ksj/gml/data/N04/N04-04/N04-04_5240-jgd_GML.zip"}, {"filename": "N04-10_5240-jgd_GML.zip", "url": "https://nlftp.mlit.go.jp/ksj/gml/data/N04/N04-10/N04-10_5240-jgd_GML.zip"}, {"filename": "N04-78_5332-tky_GML.zip", "url": "https://nlftp.mlit.go.jp/ksj/gml/data/N04/N04-78/N04-78_5332-tky_GML.zip"}, {"filename": "N04-02_5332-jgd_GML.zip", "url": "https://nlftp.mlit.go.jp/ksj/gml/data/N04/N04-02/N04-02_5332-jgd_GML.zip"}, {"filename": "N04-03_5332-jgd_GML.zip", "url": "https://nlftp.mlit.go.jp/ksj/gml/data/N04/N04-03/N04-03_5332-jgd_GML.zip"}, {"filename": "N04-04_5332-jgd_GML.zip", "url": "https://nlftp.mlit.go.jp/ksj/gml/data/N04/N04-04/N04-04_5332-jgd_GML.zip"}, {"filename": "N04-10_5332-jgd_GML.zip", "url": "https://nlftp.mlit.go.jp/ksj/gml/data/N04/N04-10/N04-10_5332-jgd_GML.zip"}, {"filename": "N04-78_5333-tky_GML.zip", "url": "https://nlftp.mlit.go.jp/ksj/gml/data/N04/N04-78/N04-78_5333-tky_GML.zip"}, {"filename": "N04-02_5333-jgd_GML.zip", "url": "https://nlftp.mlit.go.jp/ksj/gml/data/N04/N04-02/N04-02_5333-jgd_GML.zip"}, {"filename": "N04-03_5333-jgd_GML.zip", "url": "https://nlftp.mlit.go.jp/ksj/gml/data/N04/N04-03/N04-03_5333-jgd_GML.zip"}, {"filename": "N04-04_5333-jgd_GML.zip", "url": "https://nlftp.mlit.go.jp/ksj/gml/data/N04/N04-04/N04-04_5333-jgd_GML.zip"}, {"filename": "N04-10_5333-jgd_GML.zip", "url": "https://nlftp.mlit.go.jp/ksj/gml/data/N04/N04-10/N04-10_5333-jgd_GML.zip"}, {"filename": "N04-78_5334-tky_GML.zip", "url": "https://nlftp.mlit.go.jp/ksj/gml/data/N04/N04-78/N04-78_5334-tky_GML.zip"}, {"filename": "N04-02_5334-jgd_GML.zip", "url": "https://nlftp.mlit.go.jp/ksj/gml/data/N04/N04-02/N04-02_5334-jgd_GML.zip"}, {"filename": "N04-03_5334-jgd_GML.zip", "url": "https://nlftp.mlit.go.jp/ksj/gml/data/N04/N04-03/N04-03_5334-jgd_GML.zip"}, {"filename": "N04-04_5334-jgd_GML.zip", "url": "https://nlftp.mlit.go.jp/ksj/gml/data/N04/N04-04/N04-04_5334-jgd_GML.zip"}, {"filename": "N04-10_5334-jgd_GML.zip", "url": "https://nlftp.mlit.go.jp/ksj/gml/data/N04/N04-10/N04-10_5334-jgd_GML.zip"}, {"filename": "N04-78_5335-tky_GML.zip", "url": "https://nlftp.mlit.go.jp/ksj/gml/data/N04/N04-78/N04-78_5335-tky_GML.zip"}, {"filename": "N04-02_5335-jgd_GML.zip", "url": "https://nlftp.mlit.go.jp/ksj/gml/data/N04/N04-02/N04-02_5335-jgd_GML.zip"}, {"filename": "N04-03_5335-jgd_GML.zip", "url": "https://nlftp.mlit.go.jp/ksj/gml/data/N04/N04-03/N04-03_5335-jgd_GML.zip"}, {"filename": "N04-04_5335-jgd_GML.zip", "url": "https://nlftp.mlit.go.jp/ksj/gml/data/N04/N04-04/N04-04_5335-jgd_GML.zip"}, {"filename": "N04-10_5335-jgd_GML.zip", "url": "https://nlftp.mlit.go.jp/ksj/gml/data/N04/N04-10/N04-10_5335-jgd_GML.zip"}, {"filename": "N04-78_5336-tky_GML.zip", "url": "https://nlftp.mlit.go.jp/ksj/gml/data/N04/N04-78/N04-78_5336-tky_GML.zip"}, {"filename": "N04-02_5336-jgd_GML.zip", "url": "https://nlftp.mlit.go.jp/ksj/gml/data/N04/N04-02/N04-02_5336-jgd_GML.zip"}, {"filename": "N04-03_5336-jgd_GML.zip", "url": "https://nlftp.mlit.go.jp/ksj/gml/data/N04/N04-03/N04-03_5336-jgd_GML.zip"}, {"filename": "N04-04_5336-jgd_GML.zip", "url": "https://nlftp.mlit.go.jp/ksj/gml/data/N04/N04-04/N04-04_5336-jgd_GML.zip"}, {"filename": "N04-10_5336-jgd_GML.zip", "url": "https://nlftp.mlit.go.jp/ksj/gml/data/N04/N04-10/N04-10_5336-jgd_GML.zip"}, {"filename": "N04-78_5337-tky_GML.zip", "url": "https://nlftp.mlit.go.jp/ksj/gml/data/N04/N04-78/N04-78_5337-tky_GML.zip"}, {"filename": "N04-02_5337-jgd_GML.zip", "url": "https://nlftp.mlit.go.jp/ksj/gml/data/N04/N04-02/N04-02_5337-jgd_GML.zip"}, {"filename": "N04-03_5337-jgd_GML.zip", "url": "https://nlftp.mlit.go.jp/ksj/gml/data/N04/N04-03/N04-03_5337-jgd_GML.zip"}, {"filename": "N04-04_5337-jgd_GML.zip", "url": "https://nlftp.mlit.go.jp/ksj/gml/data/N04/N04-04/N04-04_5337-jgd_GML.zip"}, {"filename": "N04-10_5337-jgd_GML.zip", "url": "https://nlftp.mlit.go.jp/ksj/gml/data/N04/N04-10/N04-10_5337-jgd_GML.zip"}, {"filename": "N04-78_5338-tky_GML.zip", "url": "https://nlftp.mlit.go.jp/ksj/gml/data/N04/N04-78/N04-78_5338-tky_GML.zip"}, {"filename": "N04-02_5338-jgd_GML.zip", "url": "https://nlftp.mlit.go.jp/ksj/gml/data/N04/N04-02/N04-02_5338-jgd_GML.zip"}, {"filename": "N04-03_5338-jgd_GML.zip", "url": "https://nlftp.mlit.go.jp/ksj/gml/data/N04/N04-03/N04-03_5338-jgd_GML.zip"}, {"filename": "N04-04_5338-jgd_GML.zip", "url": "https://nlftp.mlit.go.jp/ksj/gml/data/N04/N04-04/N04-04_5338-jgd_GML.zip"}, {"filename": "N04-10_5338-jgd_GML.zip", "url": "https://nlftp.mlit.go.jp/ksj/gml/data/N04/N04-10/N04-10_5338-jgd_GML.zip"}, {"filename": "N04-78_5339-tky_GML.zip", "url": "https://nlftp.mlit.go.jp/ksj/gml/data/N04/N04-78/N04-78_5339-tky_GML.zip"}, {"filename": "N04-02_5339-jgd_GML.zip", "url": "https://nlftp.mlit.go.jp/ksj/gml/data/N04/N04-02/N04-02_5339-jgd_GML.zip"}, {"filename": "N04-03_5339-jgd_GML.zip", "url": "https://nlftp.mlit.go.jp/ksj/gml/data/N04/N04-03/N04-03_5339-jgd_GML.zip"}, {"filename": "N04-04_5339-jgd_GML.zip", "url": "https://nlftp.mlit.go.jp/ksj/gml/data/N04/N04-04/N04-04_5339-jgd_GML.zip"}, {"filename": "N04-10_5339-jgd_GML.zip", "url": "https://nlftp.mlit.go.jp/ksj/gml/data/N04/N04-10/N04-10_5339-jgd_GML.zip"}, {"filename": "N04-78_5340-tky_GML.zip", "url": "https://nlftp.mlit.go.jp/ksj/gml/data/N04/N04-78/N04-78_5340-tky_GML.zip"}, {"filename": "N04-02_5340-jgd_GML.zip", "url": "https://nlftp.mlit.go.jp/ksj/gml/data/N04/N04-02/N04-02_5340-jgd_GML.zip"}, {"filename": "N04-03_5340-jgd_GML.zip", "url": "https://nlftp.mlit.go.jp/ksj/gml/data/N04/N04-03/N04-03_5340-jgd_GML.zip"}, {"filename": "N04-04_5340-jgd_GML.zip", "url": "https://nlftp.mlit.go.jp/ksj/gml/data/N04/N04-04/N04-04_5340-jgd_GML.zip"}, {"filename": "N04-10_5340-jgd_GML.zip", "url": "https://nlftp.mlit.go.jp/ksj/gml/data/N04/N04-10/N04-10_5340-jgd_GML.zip"}, {"filename": "N04-78_5432-tky_GML.zip", "url": "https://nlftp.mlit.go.jp/ksj/gml/data/N04/N04-78/N04-78_5432-tky_GML.zip"}, {"filename": "N04-02_5432-jgd_GML.zip", "url": "https://nlftp.mlit.go.jp/ksj/gml/data/N04/N04-02/N04-02_5432-jgd_GML.zip"}, {"filename": "N04-03_5432-jgd_GML.zip", "url": "https://nlftp.mlit.go.jp/ksj/gml/data/N04/N04-03/N04-03_5432-jgd_GML.zip"}, {"filename": "N04-04_5432-jgd_GML.zip", "url": "https://nlftp.mlit.go.jp/ksj/gml/data/N04/N04-04/N04-04_5432-jgd_GML.zip"}, {"filename": "N04-10_5432-jgd_GML.zip", "url": "https://nlftp.mlit.go.jp/ksj/gml/data/N04/N04-10/N04-10_5432-jgd_GML.zip"}, {"filename": "N04-78_5433-tky_GML.zip", "url": "https://nlftp.mlit.go.jp/ksj/gml/data/N04/N04-78/N04-78_5433-tky_GML.zip"}, {"filename": "N04-02_5433-jgd_GML.zip", "url": "https://nlftp.mlit.go.jp/ksj/gml/data/N04/N04-02/N04-02_5433-jgd_GML.zip"}, {"filename": "N04-03_5433-jgd_GML.zip", "url": "https://nlftp.mlit.go.jp/ksj/gml/data/N04/N04-03/N04-03_5433-jgd_GML.zip"}, {"filename": "N04-04_5433-jgd_GML.zip", "url": "https://nlftp.mlit.go.jp/ksj/gml/data/N04/N04-04/N04-04_5433-jgd_GML.zip"}, {"filename": "N04-10_5433-jgd_GML.zip", "url": "https://nlftp.mlit.go.jp/ksj/gml/data/N04/N04-10/N04-10_5433-jgd_GML.zip"}, {"filename": "N04-78_5435-tky_GML.zip", "url": "https://nlftp.mlit.go.jp/ksj/gml/data/N04/N04-78/N04-78_5435-tky_GML.zip"}, {"filename": "N04-02_5435-jgd_GML.zip", "url": "https://nlftp.mlit.go.jp/ksj/gml/data/N04/N04-02/N04-02_5435-jgd_GML.zip"}, {"filename": "N04-03_5435-jgd_GML.zip", "url": "https://nlftp.mlit.go.jp/ksj/gml/data/N04/N04-03/N04-03_5435-jgd_GML.zip"}, {"filename": "N04-04_5435-jgd_GML.zip", "url": "https://nlftp.mlit.go.jp/ksj/gml/data/N04/N04-04/N04-04_5435-jgd_GML.zip"}, {"filename": "N04-10_5435-jgd_GML.zip", "url": "https://nlftp.mlit.go.jp/ksj/gml/data/N04/N04-10/N04-10_5435-jgd_GML.zip"}, {"filename": "N04-78_5436-tky_GML.zip", "url": "https://nlftp.mlit.go.jp/ksj/gml/data/N04/N04-78/N04-78_5436-tky_GML.zip"}, {"filename": "N04-02_5436-jgd_GML.zip", "url": "https://nlftp.mlit.go.jp/ksj/gml/data/N04/N04-02/N04-02_5436-jgd_GML.zip"}, {"filename": "N04-03_5436-jgd_GML.zip", "url": "https://nlftp.mlit.go.jp/ksj/gml/data/N04/N04-03/N04-03_5436-jgd_GML.zip"}, {"filename": "N04-04_5436-jgd_GML.zip", "url": "https://nlftp.mlit.go.jp/ksj/gml/data/N04/N04-04/N04-04_5436-jgd_GML.zip"}, {"filename": "N04-10_5436-jgd_GML.zip", "url": "https://nlftp.mlit.go.jp/ksj/gml/data/N04/N04-10/N04-10_5436-jgd_GML.zip"}, {"filename": "N04-78_5437-tky_GML.zip", "url": "https://nlftp.mlit.go.jp/ksj/gml/data/N04/N04-78/N04-78_5437-tky_GML.zip"}, {"filename": "N04-02_5437-jgd_GML.zip", "url": "https://nlftp.mlit.go.jp/ksj/gml/data/N04/N04-02/N04-02_5437-jgd_GML.zip"}, {"filename": "N04-03_5437-jgd_GML.zip", "url": "https://nlftp.mlit.go.jp/ksj/gml/data/N04/N04-03/N04-03_5437-jgd_GML.zip"}, {"filename": "N04-04_5437-jgd_GML.zip", "url": "https://nlftp.mlit.go.jp/ksj/gml/data/N04/N04-04/N04-04_5437-jgd_GML.zip"}, {"filename": "N04-10_5437-jgd_GML.zip", "url": "https://nlftp.mlit.go.jp/ksj/gml/data/N04/N04-10/N04-10_5437-jgd_GML.zip"}, {"filename": "N04-78_5438-tky_GML.zip", "url": "https://nlftp.mlit.go.jp/ksj/gml/data/N04/N04-78/N04-78_5438-tky_GML.zip"}, {"filename": "N04-02_5438-jgd_GML.zip", "url": "https://nlftp.mlit.go.jp/ksj/gml/data/N04/N04-02/N04-02_5438-jgd_GML.zip"}, {"filename": "N04-03_5438-jgd_GML.zip", "url": "https://nlftp.mlit.go.jp/ksj/gml/data/N04/N04-03/N04-03_5438-jgd_GML.zip"}, {"filename": "N04-04_5438-jgd_GML.zip", "url": "https://nlftp.mlit.go.jp/ksj/gml/data/N04/N04-04/N04-04_5438-jgd_GML.zip"}, {"filename": "N04-10_5438-jgd_GML.zip", "url": "https://nlftp.mlit.go.jp/ksj/gml/data/N04/N04-10/N04-10_5438-jgd_GML.zip"}, {"filename": "N04-78_5439-tky_GML.zip", "url": "https://nlftp.mlit.go.jp/ksj/gml/data/N04/N04-78/N04-78_5439-tky_GML.zip"}, {"filename": "N04-02_5439-jgd_GML.zip", "url": "https://nlftp.mlit.go.jp/ksj/gml/data/N04/N04-02/N04-02_5439-jgd_GML.zip"}, {"filename": "N04-03_5439-jgd_GML.zip", "url": "https://nlftp.mlit.go.jp/ksj/gml/data/N04/N04-03/N04-03_5439-jgd_GML.zip"}, {"filename": "N04-04_5439-jgd_GML.zip", "url": "https://nlftp.mlit.go.jp/ksj/gml/data/N04/N04-04/N04-04_5439-jgd_GML.zip"}, {"filename": "N04-10_5439-jgd_GML.zip", "url": "https://nlftp.mlit.go.jp/ksj/gml/data/N04/N04-10/N04-10_5439-jgd_GML.zip"}, {"filename": "N04-78_5440-tky_GML.zip", "url": "https://nlftp.mlit.go.jp/ksj/gml/data/N04/N04-78/N04-78_5440-tky_GML.zip"}, {"filename": "N04-02_5440-jgd_GML.zip", "url": "https://nlftp.mlit.go.jp/ksj/gml/data/N04/N04-02/N04-02_5440-jgd_GML.zip"}, {"filename": "N04-03_5440-jgd_GML.zip", "url": "https://nlftp.mlit.go.jp/ksj/gml/data/N04/N04-03/N04-03_5440-jgd_GML.zip"}, {"filename": "N04-04_5440-jgd_GML.zip", "url": "https://nlftp.mlit.go.jp/ksj/gml/data/N04/N04-04/N04-04_5440-jgd_GML.zip"}, {"filename": "N04-10_5440-jgd_GML.zip", "url": "https://nlftp.mlit.go.jp/ksj/gml/data/N04/N04-10/N04-10_5440-jgd_GML.zip"}, {"filename": "N04-78_5531-tky_GML.zip", "url": "https://nlftp.mlit.go.jp/ksj/gml/data/N04/N04-78/N04-78_5531-tky_GML.zip"}, {"filename": "N04-78_5536-tky_GML.zip", "url": "https://nlftp.mlit.go.jp/ksj/gml/data/N04/N04-78/N04-78_5536-tky_GML.zip"}, {"filename": "N04-02_5536-jgd_GML.zip", "url": "https://nlftp.mlit.go.jp/ksj/gml/data/N04/N04-02/N04-02_5536-jgd_GML.zip"}, {"filename": "N04-03_5536-jgd_GML.zip", "url": "https://nlftp.mlit.go.jp/ksj/gml/data/N04/N04-03/N04-03_5536-jgd_GML.zip"}, {"filename": "N04-04_5536-jgd_GML.zip", "url": "https://nlftp.mlit.go.jp/ksj/gml/data/N04/N04-04/N04-04_5536-jgd_GML.zip"}, {"filename": "N04-10_5536-jgd_GML.zip", "url": "https://nlftp.mlit.go.jp/ksj/gml/data/N04/N04-10/N04-10_5536-jgd_GML.zip"}, {"filename": "N04-78_5537-tky_GML.zip", "url": "https://nlftp.mlit.go.jp/ksj/gml/data/N04/N04-78/N04-78_5537-tky_GML.zip"}, {"filename": "N04-02_5537-jgd_GML.zip", "url": "https://nlftp.mlit.go.jp/ksj/gml/data/N04/N04-02/N04-02_5537-jgd_GML.zip"}, {"filename": "N04-03_5537-jgd_GML.zip", "url": "https://nlftp.mlit.go.jp/ksj/gml/data/N04/N04-03/N04-03_5537-jgd_GML.zip"}, {"filename": "N04-04_5537-jgd_GML.zip", "url": "https://nlftp.mlit.go.jp/ksj/gml/data/N04/N04-04/N04-04_5537-jgd_GML.zip"}, {"filename": "N04-10_5537-jgd_GML.zip", "url": "https://nlftp.mlit.go.jp/ksj/gml/data/N04/N04-10/N04-10_5537-jgd_GML.zip"}, {"filename": "N04-78_5538-tky_GML.zip", "url": "https://nlftp.mlit.go.jp/ksj/gml/data/N04/N04-78/N04-78_5538-tky_GML.zip"}, {"filename": "N04-02_5538-jgd_GML.zip", "url": "https://nlftp.mlit.go.jp/ksj/gml/data/N04/N04-02/N04-02_5538-jgd_GML.zip"}, {"filename": "N04-03_5538-jgd_GML.zip", "url": "https://nlftp.mlit.go.jp/ksj/gml/data/N04/N04-03/N04-03_5538-jgd_GML.zip"}, {"filename": "N04-04_5538-jgd_GML.zip", "url": "https://nlftp.mlit.go.jp/ksj/gml/data/N04/N04-04/N04-04_5538-jgd_GML.zip"}, {"filename": "N04-10_5538-jgd_GML.zip", "url": "https://nlftp.mlit.go.jp/ksj/gml/data/N04/N04-10/N04-10_5538-jgd_GML.zip"}, {"filename": "N04-78_5539-tky_GML.zip", "url": "https://nlftp.mlit.go.jp/ksj/gml/data/N04/N04-78/N04-78_5539-tky_GML.zip"}, {"filename": "N04-02_5539-jgd_GML.zip", "url": "https://nlftp.mlit.go.jp/ksj/gml/data/N04/N04-02/N04-02_5539-jgd_GML.zip"}, {"filename": "N04-03_5539-jgd_GML.zip", "url": "https://nlftp.mlit.go.jp/ksj/gml/data/N04/N04-03/N04-03_5539-jgd_GML.zip"}, {"filename": "N04-04_5539-jgd_GML.zip", "url": "https://nlftp.mlit.go.jp/ksj/gml/data/N04/N04-04/N04-04_5539-jgd_GML.zip"}, {"filename": "N04-10_5539-jgd_GML.zip", "url": "https://nlftp.mlit.go.jp/ksj/gml/data/N04/N04-10/N04-10_5539-jgd_GML.zip"}, {"filename": "N04-78_5540-tky_GML.zip", "url": "https://nlftp.mlit.go.jp/ksj/gml/data/N04/N04-78/N04-78_5540-tky_GML.zip"}, {"filename": "N04-02_5540-jgd_GML.zip", "url": "https://nlftp.mlit.go.jp/ksj/gml/data/N04/N04-02/N04-02_5540-jgd_GML.zip"}, {"filename": "N04-03_5540-jgd_GML.zip", "url": "https://nlftp.mlit.go.jp/ksj/gml/data/N04/N04-03/N04-03_5540-jgd_GML.zip"}, {"filename": "N04-04_5540-jgd_GML.zip", "url": "https://nlftp.mlit.go.jp/ksj/gml/data/N04/N04-04/N04-04_5540-jgd_GML.zip"}, {"filename": "N04-10_5540-jgd_GML.zip", "url": "https://nlftp.mlit.go.jp/ksj/gml/data/N04/N04-10/N04-10_5540-jgd_GML.zip"}, {"filename": "N04-78_5541-tky_GML.zip", "url": "https://nlftp.mlit.go.jp/ksj/gml/data/N04/N04-78/N04-78_5541-tky_GML.zip"}, {"filename": "N04-02_5541-jgd_GML.zip", "url": "https://nlftp.mlit.go.jp/ksj/gml/data/N04/N04-02/N04-02_5541-jgd_GML.zip"}, {"filename": "N04-03_5541-jgd_GML.zip", "url": "https://nlftp.mlit.go.jp/ksj/gml/data/N04/N04-03/N04-03_5541-jgd_GML.zip"}, {"filename": "N04-04_5541-jgd_GML.zip", "url": "https://nlftp.mlit.go.jp/ksj/gml/data/N04/N04-04/N04-04_5541-jgd_GML.zip"}, {"filename": "N04-10_5541-jgd_GML.zip", "url": "https://nlftp.mlit.go.jp/ksj/gml/data/N04/N04-10/N04-10_5541-jgd_GML.zip"}, {"filename": "N04-78_5636-tky_GML.zip", "url": "https://nlftp.mlit.go.jp/ksj/gml/data/N04/N04-78/N04-78_5636-tky_GML.zip"}, {"filename": "N04-02_5636-jgd_GML.zip", "url": "https://nlftp.mlit.go.jp/ksj/gml/data/N04/N04-02/N04-02_5636-jgd_GML.zip"}, {"filename": "N04-03_5636-jgd_GML.zip", "url": "https://nlftp.mlit.go.jp/ksj/gml/data/N04/N04-03/N04-03_5636-jgd_GML.zip"}, {"filename": "N04-04_5636-jgd_GML.zip", "url": "https://nlftp.mlit.go.jp/ksj/gml/data/N04/N04-04/N04-04_5636-jgd_GML.zip"}, {"filename": "N04-10_5636-jgd_GML.zip", "url": "https://nlftp.mlit.go.jp/ksj/gml/data/N04/N04-10/N04-10_5636-jgd_GML.zip"}, {"filename": "N04-78_5637-tky_GML.zip", "url": "https://nlftp.mlit.go.jp/ksj/gml/data/N04/N04-78/N04-78_5637-tky_GML.zip"}, {"filename": "N04-02_5637-jgd_GML.zip", "url": "https://nlftp.mlit.go.jp/ksj/gml/data/N04/N04-02/N04-02_5637-jgd_GML.zip"}, {"filename": "N04-03_5637-jgd_GML.zip", "url": "https://nlftp.mlit.go.jp/ksj/gml/data/N04/N04-03/N04-03_5637-jgd_GML.zip"}, {"filename": "N04-04_5637-jgd_GML.zip", "url": "https://nlftp.mlit.go.jp/ksj/gml/data/N04/N04-04/N04-04_5637-jgd_GML.zip"}, {"filename": "N04-10_5637-jgd_GML.zip", "url": "https://nlftp.mlit.go.jp/ksj/gml/data/N04/N04-10/N04-10_5637-jgd_GML.zip"}, {"filename": "N04-78_5638-tky_GML.zip", "url": "https://nlftp.mlit.go.jp/ksj/gml/data/N04/N04-78/N04-78_5638-tky_GML.zip"}, {"filename": "N04-02_5638-jgd_GML.zip", "url": "https://nlftp.mlit.go.jp/ksj/gml/data/N04/N04-02/N04-02_5638-jgd_GML.zip"}, {"filename": "N04-03_5638-jgd_GML.zip", "url": "https://nlftp.mlit.go.jp/ksj/gml/data/N04/N04-03/N04-03_5638-jgd_GML.zip"}, {"filename": "N04-04_5638-jgd_GML.zip", "url": "https://nlftp.mlit.go.jp/ksj/gml/data/N04/N04-04/N04-04_5638-jgd_GML.zip"}, {"filename": "N04-10_5638-jgd_GML.zip", "url": "https://nlftp.mlit.go.jp/ksj/gml/data/N04/N04-10/N04-10_5638-jgd_GML.zip"}, {"filename": "N04-78_5639-tky_GML.zip", "url": "https://nlftp.mlit.go.jp/ksj/gml/data/N04/N04-78/N04-78_5639-tky_GML.zip"}, {"filename": "N04-02_5639-jgd_GML.zip", "url": "https://nlftp.mlit.go.jp/ksj/gml/data/N04/N04-02/N04-02_5639-jgd_GML.zip"}, {"filename": "N04-03_5639-jgd_GML.zip", "url": "https://nlftp.mlit.go.jp/ksj/gml/data/N04/N04-03/N04-03_5639-jgd_GML.zip"}, {"filename": "N04-04_5639-jgd_GML.zip", "url": "https://nlftp.mlit.go.jp/ksj/gml/data/N04/N04-04/N04-04_5639-jgd_GML.zip"}, {"filename": "N04-10_5639-jgd_GML.zip", "url": "https://nlftp.mlit.go.jp/ksj/gml/data/N04/N04-10/N04-10_5639-jgd_GML.zip"}, {"filename": "N04-78_5640-tky_GML.zip", "url": "https://nlftp.mlit.go.jp/ksj/gml/data/N04/N04-78/N04-78_5640-tky_GML.zip"}, {"filename": "N04-02_5640-jgd_GML.zip", "url": "https://nlftp.mlit.go.jp/ksj/gml/data/N04/N04-02/N04-02_5640-jgd_GML.zip"}, {"filename": "N04-03_5640-jgd_GML.zip", "url": "https://nlftp.mlit.go.jp/ksj/gml/data/N04/N04-03/N04-03_5640-jgd_GML.zip"}, {"filename": "N04-04_5640-jgd_GML.zip", "url": "https://nlftp.mlit.go.jp/ksj/gml/data/N04/N04-04/N04-04_5640-jgd_GML.zip"}, {"filename": "N04-10_5640-jgd_GML.zip", "url": "https://nlftp.mlit.go.jp/ksj/gml/data/N04/N04-10/N04-10_5640-jgd_GML.zip"}, {"filename": "N04-78_5641-tky_GML.zip", "url": "https://nlftp.mlit.go.jp/ksj/gml/data/N04/N04-78/N04-78_5641-tky_GML.zip"}, {"filename": "N04-02_5641-jgd_GML.zip", "url": "https://nlftp.mlit.go.jp/ksj/gml/data/N04/N04-02/N04-02_5641-jgd_GML.zip"}, {"filename": "N04-03_5641-jgd_GML.zip", "url": "https://nlftp.mlit.go.jp/ksj/gml/data/N04/N04-03/N04-03_5641-jgd_GML.zip"}, {"filename": "N04-04_5641-jgd_GML.zip", "url": "https://nlftp.mlit.go.jp/ksj/gml/data/N04/N04-04/N04-04_5641-jgd_GML.zip"}, {"filename": "N04-10_5641-jgd_GML.zip", "url": "https://nlftp.mlit.go.jp/ksj/gml/data/N04/N04-10/N04-10_5641-jgd_GML.zip"}, {"filename": "N04-78_5738-tky_GML.zip", "url": "https://nlftp.mlit.go.jp/ksj/gml/data/N04/N04-78/N04-78_5738-tky_GML.zip"}, {"filename": "N04-02_5738-jgd_GML.zip", "url": "https://nlftp.mlit.go.jp/ksj/gml/data/N04/N04-02/N04-02_5738-jgd_GML.zip"}, {"filename": "N04-03_5738-jgd_GML.zip", "url": "https://nlftp.mlit.go.jp/ksj/gml/data/N04/N04-03/N04-03_5738-jgd_GML.zip"}, {"filename": "N04-04_5738-jgd_GML.zip", "url": "https://nlftp.mlit.go.jp/ksj/gml/data/N04/N04-04/N04-04_5738-jgd_GML.zip"}, {"filename": "N04-10_5738-jgd_GML.zip", "url": "https://nlftp.mlit.go.jp/ksj/gml/data/N04/N04-10/N04-10_5738-jgd_GML.zip"}, {"filename": "N04-78_5739-tky_GML.zip", "url": "https://nlftp.mlit.go.jp/ksj/gml/data/N04/N04-78/N04-78_5739-tky_GML.zip"}, {"filename": "N04-02_5739-jgd_GML.zip", "url": "https://nlftp.mlit.go.jp/ksj/gml/data/N04/N04-02/N04-02_5739-jgd_GML.zip"}, {"filename": "N04-03_5739-jgd_GML.zip", "url": "https://nlftp.mlit.go.jp/ksj/gml/data/N04/N04-03/N04-03_5739-jgd_GML.zip"}, {"filename": "N04-04_5739-jgd_GML.zip", "url": "https://nlftp.mlit.go.jp/ksj/gml/data/N04/N04-04/N04-04_5739-jgd_GML.zip"}, {"filename": "N04-10_5739-jgd_GML.zip", "url": "https://nlftp.mlit.go.jp/ksj/gml/data/N04/N04-10/N04-10_5739-jgd_GML.zip"}, {"filename": "N04-78_5740-tky_GML.zip", "url": "https://nlftp.mlit.go.jp/ksj/gml/data/N04/N04-78/N04-78_5740-tky_GML.zip"}, {"filename": "N04-02_5740-jgd_GML.zip", "url": "https://nlftp.mlit.go.jp/ksj/gml/data/N04/N04-02/N04-02_5740-jgd_GML.zip"}, {"filename": "N04-03_5740-jgd_GML.zip", "url": "https://nlftp.mlit.go.jp/ksj/gml/data/N04/N04-03/N04-03_5740-jgd_GML.zip"}, {"filename": "N04-04_5740-jgd_GML.zip", "url": "https://nlftp.mlit.go.jp/ksj/gml/data/N04/N04-04/N04-04_5740-jgd_GML.zip"}, {"filename": "N04-10_5740-jgd_GML.zip", "url": "https://nlftp.mlit.go.jp/ksj/gml/data/N04/N04-10/N04-10_5740-jgd_GML.zip"}, {"filename": "N04-78_5741-tky_GML.zip", "url": "https://nlftp.mlit.go.jp/ksj/gml/data/N04/N04-78/N04-78_5741-tky_GML.zip"}, {"filename": "N04-02_5741-jgd_GML.zip", "url": "https://nlftp.mlit.go.jp/ksj/gml/data/N04/N04-02/N04-02_5741-jgd_GML.zip"}, {"filename": "N04-03_5741-jgd_GML.zip", "url": "https://nlftp.mlit.go.jp/ksj/gml/data/N04/N04-03/N04-03_5741-jgd_GML.zip"}, {"filename": "N04-04_5741-jgd_GML.zip", "url": "https://nlftp.mlit.go.jp/ksj/gml/data/N04/N04-04/N04-04_5741-jgd_GML.zip"}, {"filename": "N04-10_5741-jgd_GML.zip", "url": "https://nlftp.mlit.go.jp/ksj/gml/data/N04/N04-10/N04-10_5741-jgd_GML.zip"}, {"filename": "N04-78_5839-tky_GML.zip", "url": "https://nlftp.mlit.go.jp/ksj/gml/data/N04/N04-78/N04-78_5839-tky_GML.zip"}, {"filename": "N04-02_5839-jgd_GML.zip", "url": "https://nlftp.mlit.go.jp/ksj/gml/data/N04/N04-02/N04-02_5839-jgd_GML.zip"}, {"filename": "N04-03_5839-jgd_GML.zip", "url": "https://nlftp.mlit.go.jp/ksj/gml/data/N04/N04-03/N04-03_5839-jgd_GML.zip"}, {"filename": "N04-04_5839-jgd_GML.zip", "url": "https://nlftp.mlit.go.jp/ksj/gml/data/N04/N04-04/N04-04_5839-jgd_GML.zip"}, {"filename": "N04-10_5839-jgd_GML.zip", "url": "https://nlftp.mlit.go.jp/ksj/gml/data/N04/N04-10/N04-10_5839-jgd_GML.zip"}, {"filename": "N04-78_5840-tky_GML.zip", "url": "https://nlftp.mlit.go.jp/ksj/gml/data/N04/N04-78/N04-78_5840-tky_GML.zip"}, {"filename": "N04-02_5840-jgd_GML.zip", "url": "https://nlftp.mlit.go.jp/ksj/gml/data/N04/N04-02/N04-02_5840-jgd_GML.zip"}, {"filename": "N04-03_5840-jgd_GML.zip", "url": "https://nlftp.mlit.go.jp/ksj/gml/data/N04/N04-03/N04-03_5840-jgd_GML.zip"}, {"filename": "N04-04_5840-jgd_GML.zip", "url": "https://nlftp.mlit.go.jp/ksj/gml/data/N04/N04-04/N04-04_5840-jgd_GML.zip"}, {"filename": "N04-10_5840-jgd_GML.zip", "url": "https://nlftp.mlit.go.jp/ksj/gml/data/N04/N04-10/N04-10_5840-jgd_GML.zip"}, {"filename": "N04-78_5841-tky_GML.zip", "url": "https://nlftp.mlit.go.jp/ksj/gml/data/N04/N04-78/N04-78_5841-tky_GML.zip"}, {"filename": "N04-02_5841-jgd_GML.zip", "url": "https://nlftp.mlit.go.jp/ksj/gml/data/N04/N04-02/N04-02_5841-jgd_GML.zip"}, {"filename": "N04-03_5841-jgd_GML.zip", "url": "https://nlftp.mlit.go.jp/ksj/gml/data/N04/N04-03/N04-03_5841-jgd_GML.zip"}, {"filename": "N04-04_5841-jgd_GML.zip", "url": "https://nlftp.mlit.go.jp/ksj/gml/data/N04/N04-04/N04-04_5841-jgd_GML.zip"}, {"filename": "N04-10_5841-jgd_GML.zip", "url": "https://nlftp.mlit.go.jp/ksj/gml/data/N04/N04-10/N04-10_5841-jgd_GML.zip"}, {"filename": "N04-78_5939-tky_GML.zip", "url": "https://nlftp.mlit.go.jp/ksj/gml/data/N04/N04-78/N04-78_5939-tky_GML.zip"}, {"filename": "N04-02_5939-jgd_GML.zip", "url": "https://nlftp.mlit.go.jp/ksj/gml/data/N04/N04-02/N04-02_5939-jgd_GML.zip"}, {"filename": "N04-03_5939-jgd_GML.zip", "url": "https://nlftp.mlit.go.jp/ksj/gml/data/N04/N04-03/N04-03_5939-jgd_GML.zip"}, {"filename": "N04-04_5939-jgd_GML.zip", "url": "https://nlftp.mlit.go.jp/ksj/gml/data/N04/N04-04/N04-04_5939-jgd_GML.zip"}, {"filename": "N04-10_5939-jgd_GML.zip", "url": "https://nlftp.mlit.go.jp/ksj/gml/data/N04/N04-10/N04-10_5939-jgd_GML.zip"}, {"filename": "N04-78_5940-tky_GML.zip", "url": "https://nlftp.mlit.go.jp/ksj/gml/data/N04/N04-78/N04-78_5940-tky_GML.zip"}, {"filename": "N04-02_5940-jgd_GML.zip", "url": "https://nlftp.mlit.go.jp/ksj/gml/data/N04/N04-02/N04-02_5940-jgd_GML.zip"}, {"filename": "N04-03_5940-jgd_GML.zip", "url": "https://nlftp.mlit.go.jp/ksj/gml/data/N04/N04-03/N04-03_5940-jgd_GML.zip"}, {"filename": "N04-04_5940-jgd_GML.zip", "url": "https://nlftp.mlit.go.jp/ksj/gml/data/N04/N04-04/N04-04_5940-jgd_GML.zip"}, {"filename": "N04-10_5940-jgd_GML.zip", "url": "https://nlftp.mlit.go.jp/ksj/gml/data/N04/N04-10/N04-10_5940-jgd_GML.zip"}, {"filename": "N04-78_5941-tky_GML.zip", "url": "https://nlftp.mlit.go.jp/ksj/gml/data/N04/N04-78/N04-78_5941-tky_GML.zip"}, {"filename": "N04-02_5941-jgd_GML.zip", "url": "https://nlftp.mlit.go.jp/ksj/gml/data/N04/N04-02/N04-02_5941-jgd_GML.zip"}, {"filename": "N04-03_5941-jgd_GML.zip", "url": "https://nlftp.mlit.go.jp/ksj/gml/data/N04/N04-03/N04-03_5941-jgd_GML.zip"}, {"filename": "N04-04_5941-jgd_GML.zip", "url": "https://nlftp.mlit.go.jp/ksj/gml/data/N04/N04-04/N04-04_5941-jgd_GML.zip"}, {"filename": "N04-10_5941-jgd_GML.zip", "url": "https://nlftp.mlit.go.jp/ksj/gml/data/N04/N04-10/N04-10_5941-jgd_GML.zip"}, {"filename": "N04-78_5942-tky_GML.zip", "url": "https://nlftp.mlit.go.jp/ksj/gml/data/N04/N04-78/N04-78_5942-tky_GML.zip"}, {"filename": "N04-02_5942-jgd_GML.zip", "url": "https://nlftp.mlit.go.jp/ksj/gml/data/N04/N04-02/N04-02_5942-jgd_GML.zip"}, {"filename": "N04-03_5942-jgd_GML.zip", "url": "https://nlftp.mlit.go.jp/ksj/gml/data/N04/N04-03/N04-03_5942-jgd_GML.zip"}, {"filename": "N04-04_5942-jgd_GML.zip", "url": "https://nlftp.mlit.go.jp/ksj/gml/data/N04/N04-04/N04-04_5942-jgd_GML.zip"}, {"filename": "N04-10_5942-jgd_GML.zip", "url": "https://nlftp.mlit.go.jp/ksj/gml/data/N04/N04-10/N04-10_5942-jgd_GML.zip"}, {"filename": "N04-78_6039-tky_GML.zip", "url": "https://nlftp.mlit.go.jp/ksj/gml/data/N04/N04-78/N04-78_6039-tky_GML.zip"}, {"filename": "N04-02_6039-jgd_GML.zip", "url": "https://nlftp.mlit.go.jp/ksj/gml/data/N04/N04-02/N04-02_6039-jgd_GML.zip"}, {"filename": "N04-03_6039-jgd_GML.zip", "url": "https://nlftp.mlit.go.jp/ksj/gml/data/N04/N04-03/N04-03_6039-jgd_GML.zip"}, {"filename": "N04-04_6039-jgd_GML.zip", "url": "https://nlftp.mlit.go.jp/ksj/gml/data/N04/N04-04/N04-04_6039-jgd_GML.zip"}, {"filename": "N04-10_6039-jgd_GML.zip", "url": "https://nlftp.mlit.go.jp/ksj/gml/data/N04/N04-10/N04-10_6039-jgd_GML.zip"}, {"filename": "N04-78_6040-tky_GML.zip", "url": "https://nlftp.mlit.go.jp/ksj/gml/data/N04/N04-78/N04-78_6040-tky_GML.zip"}, {"filename": "N04-02_6040-jgd_GML.zip", "url": "https://nlftp.mlit.go.jp/ksj/gml/data/N04/N04-02/N04-02_6040-jgd_GML.zip"}, {"filename": "N04-03_6040-jgd_GML.zip", "url": "https://nlftp.mlit.go.jp/ksj/gml/data/N04/N04-03/N04-03_6040-jgd_GML.zip"}, {"filename": "N04-04_6040-jgd_GML.zip", "url": "https://nlftp.mlit.go.jp/ksj/gml/data/N04/N04-04/N04-04_6040-jgd_GML.zip"}, {"filename": "N04-10_6040-jgd_GML.zip", "url": "https://nlftp.mlit.go.jp/ksj/gml/data/N04/N04-10/N04-10_6040-jgd_GML.zip"}, {"filename": "N04-78_6041-tky_GML.zip", "url": "https://nlftp.mlit.go.jp/ksj/gml/data/N04/N04-78/N04-78_6041-tky_GML.zip"}, {"filename": "N04-02_6041-jgd_GML.zip", "url": "https://nlftp.mlit.go.jp/ksj/gml/data/N04/N04-02/N04-02_6041-jgd_GML.zip"}, {"filename": "N04-03_6041-jgd_GML.zip", "url": "https://nlftp.mlit.go.jp/ksj/gml/data/N04/N04-03/N04-03_6041-jgd_GML.zip"}, {"filename": "N04-04_6041-jgd_GML.zip", "url": "https://nlftp.mlit.go.jp/ksj/gml/data/N04/N04-04/N04-04_6041-jgd_GML.zip"}, {"filename": "N04-10_6041-jgd_GML.zip", "url": "https://nlftp.mlit.go.jp/ksj/gml/data/N04/N04-10/N04-10_6041-jgd_GML.zip"}, {"filename": "N04-78_6139-tky_GML.zip", "url": "https://nlftp.mlit.go.jp/ksj/gml/data/N04/N04-78/N04-78_6139-tky_GML.zip"}, {"filename": "N04-02_6139-jgd_GML.zip", "url": "https://nlftp.mlit.go.jp/ksj/gml/data/N04/N04-02/N04-02_6139-jgd_GML.zip"}, {"filename": "N04-03_6139-jgd_GML.zip", "url": "https://nlftp.mlit.go.jp/ksj/gml/data/N04/N04-03/N04-03_6139-jgd_GML.zip"}, {"filename": "N04-04_6139-jgd_GML.zip", "url": "https://nlftp.mlit.go.jp/ksj/gml/data/N04/N04-04/N04-04_6139-jgd_GML.zip"}, {"filename": "N04-10_6139-jgd_GML.zip", "url": "https://nlftp.mlit.go.jp/ksj/gml/data/N04/N04-10/N04-10_6139-jgd_GML.zip"}, {"filename": "N04-78_6140-tky_GML.zip", "url": "https://nlftp.mlit.go.jp/ksj/gml/data/N04/N04-78/N04-78_6140-tky_GML.zip"}, {"filename": "N04-02_6140-jgd_GML.zip", "url": "https://nlftp.mlit.go.jp/ksj/gml/data/N04/N04-02/N04-02_6140-jgd_GML.zip"}, {"filename": "N04-03_6140-jgd_GML.zip", "url": "https://nlftp.mlit.go.jp/ksj/gml/data/N04/N04-03/N04-03_6140-jgd_GML.zip"}, {"filename": "N04-04_6140-jgd_GML.zip", "url": "https://nlftp.mlit.go.jp/ksj/gml/data/N04/N04-04/N04-04_6140-jgd_GML.zip"}, {"filename": "N04-10_6140-jgd_GML.zip", "url": "https://nlftp.mlit.go.jp/ksj/gml/data/N04/N04-10/N04-10_6140-jgd_GML.zip"}, {"filename": "N04-78_6141-tky_GML.zip", "url": "https://nlftp.mlit.go.jp/ksj/gml/data/N04/N04-78/N04-78_6141-tky_GML.zip"}, {"filename": "N04-02_6141-jgd_GML.zip", "url": "https://nlftp.mlit.go.jp/ksj/gml/data/N04/N04-02/N04-02_6141-jgd_GML.zip"}, {"filename": "N04-03_6141-jgd_GML.zip", "url": "https://nlftp.mlit.go.jp/ksj/gml/data/N04/N04-03/N04-03_6141-jgd_GML.zip"}, {"filename": "N04-04_6141-jgd_GML.zip", "url": "https://nlftp.mlit.go.jp/ksj/gml/data/N04/N04-04/N04-04_6141-jgd_GML.zip"}, {"filename": "N04-10_6141-jgd_GML.zip", "url": "https://nlftp.mlit.go.jp/ksj/gml/data/N04/N04-10/N04-10_6141-jgd_GML.zip"}, {"filename": "N04-78_6239-tky_GML.zip", "url": "https://nlftp.mlit.go.jp/ksj/gml/data/N04/N04-78/N04-78_6239-tky_GML.zip"}, {"filename": "N04-02_6239-jgd_GML.zip", "url": "https://nlftp.mlit.go.jp/ksj/gml/data/N04/N04-02/N04-02_6239-jgd_GML.zip"}, {"filename": "N04-03_6239-jgd_GML.zip", "url": "https://nlftp.mlit.go.jp/ksj/gml/data/N04/N04-03/N04-03_6239-jgd_GML.zip"}, {"filename": "N04-04_6239-jgd_GML.zip", "url": "https://nlftp.mlit.go.jp/ksj/gml/data/N04/N04-04/N04-04_6239-jgd_GML.zip"}, {"filename": "N04-10_6239-jgd_GML.zip", "url": "https://nlftp.mlit.go.jp/ksj/gml/data/N04/N04-10/N04-10_6239-jgd_GML.zip"}, {"filename": "N04-78_6240-tky_GML.zip", "url": "https://nlftp.mlit.go.jp/ksj/gml/data/N04/N04-78/N04-78_6240-tky_GML.zip"}, {"filename": "N04-02_6240-jgd_GML.zip", "url": "https://nlftp.mlit.go.jp/ksj/gml/data/N04/N04-02/N04-02_6240-jgd_GML.zip"}, {"filename": "N04-03_6240-jgd_GML.zip", "url": "https://nlftp.mlit.go.jp/ksj/gml/data/N04/N04-03/N04-03_6240-jgd_GML.zip"}, {"filename": "N04-04_6240-jgd_GML.zip", "url": "https://nlftp.mlit.go.jp/ksj/gml/data/N04/N04-04/N04-04_6240-jgd_GML.zip"}, {"filename": "N04-10_6240-jgd_GML.zip", "url": "https://nlftp.mlit.go.jp/ksj/gml/data/N04/N04-10/N04-10_6240-jgd_GML.zip"}, {"filename": "N04-78_6241-tky_GML.zip", "url": "https://nlftp.mlit.go.jp/ksj/gml/data/N04/N04-78/N04-78_6241-tky_GML.zip"}, {"filename": "N04-02_6241-jgd_GML.zip", "url": "https://nlftp.mlit.go.jp/ksj/gml/data/N04/N04-02/N04-02_6241-jgd_GML.zip"}, {"filename": "N04-03_6241-jgd_GML.zip", "url": "https://nlftp.mlit.go.jp/ksj/gml/data/N04/N04-03/N04-03_6241-jgd_GML.zip"}, {"filename": "N04-04_6241-jgd_GML.zip", "url": "https://nlftp.mlit.go.jp/ksj/gml/data/N04/N04-04/N04-04_6241-jgd_GML.zip"}, {"filename": "N04-10_6241-jgd_GML.zip", "url": "https://nlftp.mlit.go.jp/ksj/gml/data/N04/N04-10/N04-10_6241-jgd_GML.zip"}, {"filename": "N04-78_6243-tky_GML.zip", "url": "https://nlftp.mlit.go.jp/ksj/gml/data/N04/N04-78/N04-78_6243-tky_GML.zip"}, {"filename": "N04-02_6243-jgd_GML.zip", "url": "https://nlftp.mlit.go.jp/ksj/gml/data/N04/N04-02/N04-02_6243-jgd_GML.zip"}, {"filename": "N04-03_6243-jgd_GML.zip", "url": "https://nlftp.mlit.go.jp/ksj/gml/data/N04/N04-03/N04-03_6243-jgd_GML.zip"}, {"filename": "N04-04_6243-jgd_GML.zip", "url": "https://nlftp.mlit.go.jp/ksj/gml/data/N04/N04-04/N04-04_6243-jgd_GML.zip"}, {"filename": "N04-10_6243-jgd_GML.zip", "url": "https://nlftp.mlit.go.jp/ksj/gml/data/N04/N04-10/N04-10_6243-jgd_GML.zip"}, {"filename": "N04-78_6339-tky_GML.zip", "url": "https://nlftp.mlit.go.jp/ksj/gml/data/N04/N04-78/N04-78_6339-tky_GML.zip"}, {"filename": "N04-02_6339-jgd_GML.zip", "url": "https://nlftp.mlit.go.jp/ksj/gml/data/N04/N04-02/N04-02_6339-jgd_GML.zip"}, {"filename": "N04-03_6339-jgd_GML.zip", "url": "https://nlftp.mlit.go.jp/ksj/gml/data/N04/N04-03/N04-03_6339-jgd_GML.zip"}, {"filename": "N04-04_6339-jgd_GML.zip", "url": "https://nlftp.mlit.go.jp/ksj/gml/data/N04/N04-04/N04-04_6339-jgd_GML.zip"}, {"filename": "N04-10_6339-jgd_GML.zip", "url": "https://nlftp.mlit.go.jp/ksj/gml/data/N04/N04-10/N04-10_6339-jgd_GML.zip"}, {"filename": "N04-78_6340-tky_GML.zip", "url": "https://nlftp.mlit.go.jp/ksj/gml/data/N04/N04-78/N04-78_6340-tky_GML.zip"}, {"filename": "N04-02_6340-jgd_GML.zip", "url": "https://nlftp.mlit.go.jp/ksj/gml/data/N04/N04-02/N04-02_6340-jgd_GML.zip"}, {"filename": "N04-03_6340-jgd_GML.zip", "url": "https://nlftp.mlit.go.jp/ksj/gml/data/N04/N04-03/N04-03_6340-jgd_GML.zip"}, {"filename": "N04-04_6340-jgd_GML.zip", "url": "https://nlftp.mlit.go.jp/ksj/gml/data/N04/N04-04/N04-04_6340-jgd_GML.zip"}, {"filename": "N04-10_6340-jgd_GML.zip", "url": "https://nlftp.mlit.go.jp/ksj/gml/data/N04/N04-10/N04-10_6340-jgd_GML.zip"}, {"filename": "N04-78_6341-tky_GML.zip", "url": "https://nlftp.mlit.go.jp/ksj/gml/data/N04/N04-78/N04-78_6341-tky_GML.zip"}, {"filename": "N04-02_6341-jgd_GML.zip", "url": "https://nlftp.mlit.go.jp/ksj/gml/data/N04/N04-02/N04-02_6341-jgd_GML.zip"}, {"filename": "N04-03_6341-jgd_GML.zip", "url": "https://nlftp.mlit.go.jp/ksj/gml/data/N04/N04-03/N04-03_6341-jgd_GML.zip"}, {"filename": "N04-04_6341-jgd_GML.zip", "url": "https://nlftp.mlit.go.jp/ksj/gml/data/N04/N04-04/N04-04_6341-jgd_GML.zip"}, {"filename": "N04-10_6341-jgd_GML.zip", "url": "https://nlftp.mlit.go.jp/ksj/gml/data/N04/N04-10/N04-10_6341-jgd_GML.zip"}, {"filename": "N04-78_6342-tky_GML.zip", "url": "https://nlftp.mlit.go.jp/ksj/gml/data/N04/N04-78/N04-78_6342-tky_GML.zip"}, {"filename": "N04-02_6342-jgd_GML.zip", "url": "https://nlftp.mlit.go.jp/ksj/gml/data/N04/N04-02/N04-02_6342-jgd_GML.zip"}, {"filename": "N04-03_6342-jgd_GML.zip", "url": "https://nlftp.mlit.go.jp/ksj/gml/data/N04/N04-03/N04-03_6342-jgd_GML.zip"}, {"filename": "N04-04_6342-jgd_GML.zip", "url": "https://nlftp.mlit.go.jp/ksj/gml/data/N04/N04-04/N04-04_6342-jgd_GML.zip"}, {"filename": "N04-10_6342-jgd_GML.zip", "url": "https://nlftp.mlit.go.jp/ksj/gml/data/N04/N04-10/N04-10_6342-jgd_GML.zip"}, {"filename": "N04-78_6343-tky_GML.zip", "url": "https://nlftp.mlit.go.jp/ksj/gml/data/N04/N04-78/N04-78_6343-tky_GML.zip"}, {"filename": "N04-02_6343-jgd_GML.zip", "url": "https://nlftp.mlit.go.jp/ksj/gml/data/N04/N04-02/N04-02_6343-jgd_GML.zip"}, {"filename": "N04-03_6343-jgd_GML.zip", "url": "https://nlftp.mlit.go.jp/ksj/gml/data/N04/N04-03/N04-03_6343-jgd_GML.zip"}, {"filename": "N04-04_6343-jgd_GML.zip", "url": "https://nlftp.mlit.go.jp/ksj/gml/data/N04/N04-04/N04-04_6343-jgd_GML.zip"}, {"filename": "N04-10_6343-jgd_GML.zip", "url": "https://nlftp.mlit.go.jp/ksj/gml/data/N04/N04-10/N04-10_6343-jgd_GML.zip"}, {"filename": "N04-78_6439-tky_GML.zip", "url": "https://nlftp.mlit.go.jp/ksj/gml/data/N04/N04-78/N04-78_6439-tky_GML.zip"}, {"filename": "N04-02_6439-jgd_GML.zip", "url": "https://nlftp.mlit.go.jp/ksj/gml/data/N04/N04-02/N04-02_6439-jgd_GML.zip"}, {"filename": "N04-03_6439-jgd_GML.zip", "url": "https://nlftp.mlit.go.jp/ksj/gml/data/N04/N04-03/N04-03_6439-jgd_GML.zip"}, {"filename": "N04-04_6439-jgd_GML.zip", "url": "https://nlftp.mlit.go.jp/ksj/gml/data/N04/N04-04/N04-04_6439-jgd_GML.zip"}, {"filename": "N04-10_6439-jgd_GML.zip", "url": "https://nlftp.mlit.go.jp/ksj/gml/data/N04/N04-10/N04-10_6439-jgd_GML.zip"}, {"filename": "N04-78_6440-tky_GML.zip", "url": "https://nlftp.mlit.go.jp/ksj/gml/data/N04/N04-78/N04-78_6440-tky_GML.zip"}, {"filename": "N04-02_6440-jgd_GML.zip", "url": "https://nlftp.mlit.go.jp/ksj/gml/data/N04/N04-02/N04-02_6440-jgd_GML.zip"}, {"filename": "N04-03_6440-jgd_GML.zip", "url": "https://nlftp.mlit.go.jp/ksj/gml/data/N04/N04-03/N04-03_6440-jgd_GML.zip"}, {"filename": "N04-04_6440-jgd_GML.zip", "url": "https://nlftp.mlit.go.jp/ksj/gml/data/N04/N04-04/N04-04_6440-jgd_GML.zip"}, {"filename": "N04-10_6440-jgd_GML.zip", "url": "https://nlftp.mlit.go.jp/ksj/gml/data/N04/N04-10/N04-10_6440-jgd_GML.zip"}, {"filename": "N04-78_6441-tky_GML.zip", "url": "https://nlftp.mlit.go.jp/ksj/gml/data/N04/N04-78/N04-78_6441-tky_GML.zip"}, {"filename": "N04-02_6441-jgd_GML.zip", "url": "https://nlftp.mlit.go.jp/ksj/gml/data/N04/N04-02/N04-02_6441-jgd_GML.zip"}, {"filename": "N04-03_6441-jgd_GML.zip", "url": "https://nlftp.mlit.go.jp/ksj/gml/data/N04/N04-03/N04-03_6441-jgd_GML.zip"}, {"filename": "N04-04_6441-jgd_GML.zip", "url": "https://nlftp.mlit.go.jp/ksj/gml/data/N04/N04-04/N04-04_6441-jgd_GML.zip"}, {"filename": "N04-10_6441-jgd_GML.zip", "url": "https://nlftp.mlit.go.jp/ksj/gml/data/N04/N04-10/N04-10_6441-jgd_GML.zip"}, {"filename": "N04-78_6442-tky_GML.zip", "url": "https://nlftp.mlit.go.jp/ksj/gml/data/N04/N04-78/N04-78_6442-tky_GML.zip"}, {"filename": "N04-02_6442-jgd_GML.zip", "url": "https://nlftp.mlit.go.jp/ksj/gml/data/N04/N04-02/N04-02_6442-jgd_GML.zip"}, {"filename": "N04-03_6442-jgd_GML.zip", "url": "https://nlftp.mlit.go.jp/ksj/gml/data/N04/N04-03/N04-03_6442-jgd_GML.zip"}, {"filename": "N04-04_6442-jgd_GML.zip", "url": "https://nlftp.mlit.go.jp/ksj/gml/data/N04/N04-04/N04-04_6442-jgd_GML.zip"}, {"filename": "N04-10_6442-jgd_GML.zip", "url": "https://nlftp.mlit.go.jp/ksj/gml/data/N04/N04-10/N04-10_6442-jgd_GML.zip"}, {"filename": "N04-78_6443-tky_GML.zip", "url": "https://nlftp.mlit.go.jp/ksj/gml/data/N04/N04-78/N04-78_6443-tky_GML.zip"}, {"filename": "N04-02_6443-jgd_GML.zip", "url": "https://nlftp.mlit.go.jp/ksj/gml/data/N04/N04-02/N04-02_6443-jgd_GML.zip"}, {"filename": "N04-03_6443-jgd_GML.zip", "url": "https://nlftp.mlit.go.jp/ksj/gml/data/N04/N04-03/N04-03_6443-jgd_GML.zip"}, {"filename": "N04-04_6443-jgd_GML.zip", "url": "https://nlftp.mlit.go.jp/ksj/gml/data/N04/N04-04/N04-04_6443-jgd_GML.zip"}, {"filename": "N04-10_6443-jgd_GML.zip", "url": "https://nlftp.mlit.go.jp/ksj/gml/data/N04/N04-10/N04-10_6443-jgd_GML.zip"}, {"filename": "N04-78_6444-tky_GML.zip", "url": "https://nlftp.mlit.go.jp/ksj/gml/data/N04/N04-78/N04-78_6444-tky_GML.zip"}, {"filename": "N04-02_6444-jgd_GML.zip", "url": "https://nlftp.mlit.go.jp/ksj/gml/data/N04/N04-02/N04-02_6444-jgd_GML.zip"}, {"filename": "N04-03_6444-jgd_GML.zip", "url": "https://nlftp.mlit.go.jp/ksj/gml/data/N04/N04-03/N04-03_6444-jgd_GML.zip"}, {"filename": "N04-04_6444-jgd_GML.zip", "url": "https://nlftp.mlit.go.jp/ksj/gml/data/N04/N04-04/N04-04_6444-jgd_GML.zip"}, {"filename": "N04-10_6444-jgd_GML.zip", "url": "https://nlftp.mlit.go.jp/ksj/gml/data/N04/N04-10/N04-10_6444-jgd_GML.zip"}, {"filename": "N04-78_6445-tky_GML.zip", "url": "https://nlftp.mlit.go.jp/ksj/gml/data/N04/N04-78/N04-78_6445-tky_GML.zip"}, {"filename": "N04-02_6445-jgd_GML.zip", "url": "https://nlftp.mlit.go.jp/ksj/gml/data/N04/N04-02/N04-02_6445-jgd_GML.zip"}, {"filename": "N04-03_6445-jgd_GML.zip", "url": "https://nlftp.mlit.go.jp/ksj/gml/data/N04/N04-03/N04-03_6445-jgd_GML.zip"}, {"filename": "N04-04_6445-jgd_GML.zip", "url": "https://nlftp.mlit.go.jp/ksj/gml/data/N04/N04-04/N04-04_6445-jgd_GML.zip"}, {"filename": "N04-10_6445-jgd_GML.zip", "url": "https://nlftp.mlit.go.jp/ksj/gml/data/N04/N04-10/N04-10_6445-jgd_GML.zip"}, {"filename": "N04-78_6540-tky_GML.zip", "url": "https://nlftp.mlit.go.jp/ksj/gml/data/N04/N04-78/N04-78_6540-tky_GML.zip"}, {"filename": "N04-02_6540-jgd_GML.zip", "url": "https://nlftp.mlit.go.jp/ksj/gml/data/N04/N04-02/N04-02_6540-jgd_GML.zip"}, {"filename": "N04-03_6540-jgd_GML.zip", "url": "https://nlftp.mlit.go.jp/ksj/gml/data/N04/N04-03/N04-03_6540-jgd_GML.zip"}, {"filename": "N04-04_6540-jgd_GML.zip", "url": "https://nlftp.mlit.go.jp/ksj/gml/data/N04/N04-04/N04-04_6540-jgd_GML.zip"}, {"filename": "N04-10_6540-jgd_GML.zip", "url": "https://nlftp.mlit.go.jp/ksj/gml/data/N04/N04-10/N04-10_6540-jgd_GML.zip"}, {"filename": "N04-78_6541-tky_GML.zip", "url": "https://nlftp.mlit.go.jp/ksj/gml/data/N04/N04-78/N04-78_6541-tky_GML.zip"}, {"filename": "N04-02_6541-jgd_GML.zip", "url": "https://nlftp.mlit.go.jp/ksj/gml/data/N04/N04-02/N04-02_6541-jgd_GML.zip"}, {"filename": "N04-03_6541-jgd_GML.zip", "url": "https://nlftp.mlit.go.jp/ksj/gml/data/N04/N04-03/N04-03_6541-jgd_GML.zip"}, {"filename": "N04-04_6541-jgd_GML.zip", "url": "https://nlftp.mlit.go.jp/ksj/gml/data/N04/N04-04/N04-04_6541-jgd_GML.zip"}, {"filename": "N04-10_6541-jgd_GML.zip", "url": "https://nlftp.mlit.go.jp/ksj/gml/data/N04/N04-10/N04-10_6541-jgd_GML.zip"}, {"filename": "N04-78_6542-tky_GML.zip", "url": "https://nlftp.mlit.go.jp/ksj/gml/data/N04/N04-78/N04-78_6542-tky_GML.zip"}, {"filename": "N04-02_6542-jgd_GML.zip", "url": "https://nlftp.mlit.go.jp/ksj/gml/data/N04/N04-02/N04-02_6542-jgd_GML.zip"}, {"filename": "N04-03_6542-jgd_GML.zip", "url": "https://nlftp.mlit.go.jp/ksj/gml/data/N04/N04-03/N04-03_6542-jgd_GML.zip"}, {"filename": "N04-04_6542-jgd_GML.zip", "url": "https://nlftp.mlit.go.jp/ksj/gml/data/N04/N04-04/N04-04_6542-jgd_GML.zip"}, {"filename": "N04-10_6542-jgd_GML.zip", "url": "https://nlftp.mlit.go.jp/ksj/gml/data/N04/N04-10/N04-10_6542-jgd_GML.zip"}, {"filename": "N04-78_6543-tky_GML.zip", "url": "https://nlftp.mlit.go.jp/ksj/gml/data/N04/N04-78/N04-78_6543-tky_GML.zip"}, {"filename": "N04-02_6543-jgd_GML.zip", "url": "https://nlftp.mlit.go.jp/ksj/gml/data/N04/N04-02/N04-02_6543-jgd_GML.zip"}, {"filename": "N04-03_6543-jgd_GML.zip", "url": "https://nlftp.mlit.go.jp/ksj/gml/data/N04/N04-03/N04-03_6543-jgd_GML.zip"}, {"filename": "N04-04_6543-jgd_GML.zip", "url": "https://nlftp.mlit.go.jp/ksj/gml/data/N04/N04-04/N04-04_6543-jgd_GML.zip"}, {"filename": "N04-10_6543-jgd_GML.zip", "url": "https://nlftp.mlit.go.jp/ksj/gml/data/N04/N04-10/N04-10_6543-jgd_GML.zip"}, {"filename": "N04-78_6544-tky_GML.zip", "url": "https://nlftp.mlit.go.jp/ksj/gml/data/N04/N04-78/N04-78_6544-tky_GML.zip"}, {"filename": "N04-02_6544-jgd_GML.zip", "url": "https://nlftp.mlit.go.jp/ksj/gml/data/N04/N04-02/N04-02_6544-jgd_GML.zip"}, {"filename": "N04-03_6544-jgd_GML.zip", "url": "https://nlftp.mlit.go.jp/ksj/gml/data/N04/N04-03/N04-03_6544-jgd_GML.zip"}, {"filename": "N04-04_6544-jgd_GML.zip", "url": "https://nlftp.mlit.go.jp/ksj/gml/data/N04/N04-04/N04-04_6544-jgd_GML.zip"}, {"filename": "N04-10_6544-jgd_GML.zip", "url": "https://nlftp.mlit.go.jp/ksj/gml/data/N04/N04-10/N04-10_6544-jgd_GML.zip"}, {"filename": "N04-78_6545-tky_GML.zip", "url": "https://nlftp.mlit.go.jp/ksj/gml/data/N04/N04-78/N04-78_6545-tky_GML.zip"}, {"filename": "N04-02_6545-jgd_GML.zip", "url": "https://nlftp.mlit.go.jp/ksj/gml/data/N04/N04-02/N04-02_6545-jgd_GML.zip"}, {"filename": "N04-03_6545-jgd_GML.zip", "url": "https://nlftp.mlit.go.jp/ksj/gml/data/N04/N04-03/N04-03_6545-jgd_GML.zip"}, {"filename": "N04-04_6545-jgd_GML.zip", "url": "https://nlftp.mlit.go.jp/ksj/gml/data/N04/N04-04/N04-04_6545-jgd_GML.zip"}, {"filename": "N04-10_6545-jgd_GML.zip", "url": "https://nlftp.mlit.go.jp/ksj/gml/data/N04/N04-10/N04-10_6545-jgd_GML.zip"}, {"filename": "N04-78_6546-tky_GML.zip", "url": "https://nlftp.mlit.go.jp/ksj/gml/data/N04/N04-78/N04-78_6546-tky_GML.zip"}, {"filename": "N04-78_6641-tky_GML.zip", "url": "https://nlftp.mlit.go.jp/ksj/gml/data/N04/N04-78/N04-78_6641-tky_GML.zip"}, {"filename": "N04-02_6641-jgd_GML.zip", "url": "https://nlftp.mlit.go.jp/ksj/gml/data/N04/N04-02/N04-02_6641-jgd_GML.zip"}, {"filename": "N04-03_6641-jgd_GML.zip", "url": "https://nlftp.mlit.go.jp/ksj/gml/data/N04/N04-03/N04-03_6641-jgd_GML.zip"}, {"filename": "N04-04_6641-jgd_GML.zip", "url": "https://nlftp.mlit.go.jp/ksj/gml/data/N04/N04-04/N04-04_6641-jgd_GML.zip"}, {"filename": "N04-10_6641-jgd_GML.zip", "url": "https://nlftp.mlit.go.jp/ksj/gml/data/N04/N04-10/N04-10_6641-jgd_GML.zip"}, {"filename": "N04-78_6642-tky_GML.zip", "url": "https://nlftp.mlit.go.jp/ksj/gml/data/N04/N04-78/N04-78_6642-tky_GML.zip"}, {"filename": "N04-02_6642-jgd_GML.zip", "url": "https://nlftp.mlit.go.jp/ksj/gml/data/N04/N04-02/N04-02_6642-jgd_GML.zip"}, {"filename": "N04-03_6642-jgd_GML.zip", "url": "https://nlftp.mlit.go.jp/ksj/gml/data/N04/N04-03/N04-03_6642-jgd_GML.zip"}, {"filename": "N04-04_6642-jgd_GML.zip", "url": "https://nlftp.mlit.go.jp/ksj/gml/data/N04/N04-04/N04-04_6642-jgd_GML.zip"}, {"filename": "N04-10_6642-jgd_GML.zip", "url": "https://nlftp.mlit.go.jp/ksj/gml/data/N04/N04-10/N04-10_6642-jgd_GML.zip"}, {"filename": "N04-78_6643-tky_GML.zip", "url": "https://nlftp.mlit.go.jp/ksj/gml/data/N04/N04-78/N04-78_6643-tky_GML.zip"}, {"filename": "N04-02_6643-jgd_GML.zip", "url": "https://nlftp.mlit.go.jp/ksj/gml/data/N04/N04-02/N04-02_6643-jgd_GML.zip"}, {"filename": "N04-03_6643-jgd_GML.zip", "url": "https://nlftp.mlit.go.jp/ksj/gml/data/N04/N04-03/N04-03_6643-jgd_GML.zip"}, {"filename": "N04-04_6643-jgd_GML.zip", "url": "https://nlftp.mlit.go.jp/ksj/gml/data/N04/N04-04/N04-04_6643-jgd_GML.zip"}, {"filename": "N04-10_6643-jgd_GML.zip", "url": "https://nlftp.mlit.go.jp/ksj/gml/data/N04/N04-10/N04-10_6643-jgd_GML.zip"}, {"filename": "N04-78_6644-tky_GML.zip", "url": "https://nlftp.mlit.go.jp/ksj/gml/data/N04/N04-78/N04-78_6644-tky_GML.zip"}, {"filename": "N04-02_6644-jgd_GML.zip", "url": "https://nlftp.mlit.go.jp/ksj/gml/data/N04/N04-02/N04-02_6644-jgd_GML.zip"}, {"filename": "N04-03_6644-jgd_GML.zip", "url": "https://nlftp.mlit.go.jp/ksj/gml/data/N04/N04-03/N04-03_6644-jgd_GML.zip"}, {"filename": "N04-04_6644-jgd_GML.zip", "url": "https://nlftp.mlit.go.jp/ksj/gml/data/N04/N04-04/N04-04_6644-jgd_GML.zip"}, {"filename": "N04-10_6644-jgd_GML.zip", "url": "https://nlftp.mlit.go.jp/ksj/gml/data/N04/N04-10/N04-10_6644-jgd_GML.zip"}, {"filename": "N04-78_6645-tky_GML.zip", "url": "https://nlftp.mlit.go.jp/ksj/gml/data/N04/N04-78/N04-78_6645-tky_GML.zip"}, {"filename": "N04-02_6645-jgd_GML.zip", "url": "https://nlftp.mlit.go.jp/ksj/gml/data/N04/N04-02/N04-02_6645-jgd_GML.zip"}, {"filename": "N04-03_6645-jgd_GML.zip", "url": "https://nlftp.mlit.go.jp/ksj/gml/data/N04/N04-03/N04-03_6645-jgd_GML.zip"}, {"filename": "N04-04_6645-jgd_GML.zip", "url": "https://nlftp.mlit.go.jp/ksj/gml/data/N04/N04-04/N04-04_6645-jgd_GML.zip"}, {"filename": "N04-10_6645-jgd_GML.zip", "url": "https://nlftp.mlit.go.jp/ksj/gml/data/N04/N04-10/N04-10_6645-jgd_GML.zip"}, {"filename": "N04-78_6646-tky_GML.zip", "url": "https://nlftp.mlit.go.jp/ksj/gml/data/N04/N04-78/N04-78_6646-tky_GML.zip"}, {"filename": "N04-78_6647-tky_GML.zip", "url": "https://nlftp.mlit.go.jp/ksj/gml/data/N04/N04-78/N04-78_6647-tky_GML.zip"}, {"filename": "N04-78_6741-tky_GML.zip", "url": "https://nlftp.mlit.go.jp/ksj/gml/data/N04/N04-78/N04-78_6741-tky_GML.zip"}, {"filename": "N04-02_6741-jgd_GML.zip", "url": "https://nlftp.mlit.go.jp/ksj/gml/data/N04/N04-02/N04-02_6741-jgd_GML.zip"}, {"filename": "N04-03_6741-jgd_GML.zip", "url": "https://nlftp.mlit.go.jp/ksj/gml/data/N04/N04-03/N04-03_6741-jgd_GML.zip"}, {"filename": "N04-04_6741-jgd_GML.zip", "url": "https://nlftp.mlit.go.jp/ksj/gml/data/N04/N04-04/N04-04_6741-jgd_GML.zip"}, {"filename": "N04-10_6741-jgd_GML.zip", "url": "https://nlftp.mlit.go.jp/ksj/gml/data/N04/N04-10/N04-10_6741-jgd_GML.zip"}, {"filename": "N04-78_6742-tky_GML.zip", "url": "https://nlftp.mlit.go.jp/ksj/gml/data/N04/N04-78/N04-78_6742-tky_GML.zip"}, {"filename": "N04-02_6742-jgd_GML.zip", "url": "https://nlftp.mlit.go.jp/ksj/gml/data/N04/N04-02/N04-02_6742-jgd_GML.zip"}, {"filename": "N04-03_6742-jgd_GML.zip", "url": "https://nlftp.mlit.go.jp/ksj/gml/data/N04/N04-03/N04-03_6742-jgd_GML.zip"}, {"filename": "N04-04_6742-jgd_GML.zip", "url": "https://nlftp.mlit.go.jp/ksj/gml/data/N04/N04-04/N04-04_6742-jgd_GML.zip"}, {"filename": "N04-10_6742-jgd_GML.zip", "url": "https://nlftp.mlit.go.jp/ksj/gml/data/N04/N04-10/N04-10_6742-jgd_GML.zip"}, {"filename": "N04-78_6747-tky_GML.zip", "url": "https://nlftp.mlit.go.jp/ksj/gml/data/N04/N04-78/N04-78_6747-tky_GML.zip"}, {"filename": "N04-78_6748-tky_GML.zip", "url": "https://nlftp.mlit.go.jp/ksj/gml/data/N04/N04-78/N04-78_6748-tky_GML.zip"}, {"filename": "N04-78_6840-tky_GML.zip", "url": "https://nlftp.mlit.go.jp/ksj/gml/data/N04/N04-78/N04-78_6840-tky_GML.zip"}, {"filename": "N04-02_6840-jgd_GML.zip", "url": "https://nlftp.mlit.go.jp/ksj/gml/data/N04/N04-02/N04-02_6840-jgd_GML.zip"}, {"filename": "N04-03_6840-jgd_GML.zip", "url": "https://nlftp.mlit.go.jp/ksj/gml/data/N04/N04-03/N04-03_6840-jgd_GML.zip"}, {"filename": "N04-04_6840-jgd_GML.zip", "url": "https://nlftp.mlit.go.jp/ksj/gml/data/N04/N04-04/N04-04_6840-jgd_GML.zip"}, {"filename": "N04-10_6840-jgd_GML.zip", "url": "https://nlftp.mlit.go.jp/ksj/gml/data/N04/N04-10/N04-10_6840-jgd_GML.zip"}, {"filename": "N04-78_6841-tky_GML.zip", "url": "https://nlftp.mlit.go.jp/ksj/gml/data/N04/N04-78/N04-78_6841-tky_GML.zip"}, {"filename": "N04-02_6841-jgd_GML.zip", "url": "https://nlftp.mlit.go.jp/ksj/gml/data/N04/N04-02/N04-02_6841-jgd_GML.zip"}, {"filename": "N04-03_6841-jgd_GML.zip", "url": "https://nlftp.mlit.go.jp/ksj/gml/data/N04/N04-03/N04-03_6841-jgd_GML.zip"}, {"filename": "N04-04_6841-jgd_GML.zip", "url": "https://nlftp.mlit.go.jp/ksj/gml/data/N04/N04-04/N04-04_6841-jgd_GML.zip"}, {"filename": "N04-10_6841-jgd_GML.zip", "url": "https://nlftp.mlit.go.jp/ksj/gml/data/N04/N04-10/N04-10_6841-jgd_GML.zip"}, {"filename": "N04-78_6842-tky_GML.zip", "url": "https://nlftp.mlit.go.jp/ksj/gml/data/N04/N04-78/N04-78_6842-tky_GML.zip"}, {"filename": "N04-02_6842-jgd_GML.zip", "url": "https://nlftp.mlit.go.jp/ksj/gml/data/N04/N04-02/N04-02_6842-jgd_GML.zip"}, {"filename": "N04-03_6842-jgd_GML.zip", "url": "https://nlftp.mlit.go.jp/ksj/gml/data/N04/N04-03/N04-03_6842-jgd_GML.zip"}, {"filename": "N04-04_6842-jgd_GML.zip", "url": "https://nlftp.mlit.go.jp/ksj/gml/data/N04/N04-04/N04-04_6842-jgd_GML.zip"}, {"filename": "N04-10_6842-jgd_GML.zip", "url": "https://nlftp.mlit.go.jp/ksj/gml/data/N04/N04-10/N04-10_6842-jgd_GML.zip"}, {"filename": "N04-78_6847-tky_GML.zip", "url": "https://nlftp.mlit.go.jp/ksj/gml/data/N04/N04-78/N04-78_6847-tky_GML.zip"}, {"filename": "N04-78_6848-tky_GML.zip", "url": "https://nlftp.mlit.go.jp/ksj/gml/data/N04/N04-78/N04-78_6848-tky_GML.zip"}]