3622,日本測地系,1978年（昭和53年）,0.01MB,N04-78_3622-tky_GML.zip
3622,世界測地系,2002年（平成14年）,0.01MB,N04-02_3622-jgd_GML.zip
3622,世界測地系,2003年（平成15年）,0.01MB,N04-03_3622-jgd_GML.zip
3622,世界測地系,2004年（平成16年）,0.01MB,N04-04_3622-jgd_GML.zip
3622,世界測地系,2010年（平成22年）,0.01MB,N04-10_3622-jgd_GML.zip
3623,日本測地系,1978年（昭和53年）,0.05MB,N04-78_3623-tky_GML.zip
3623,世界測地系,2002年（平成14年）,0.03MB,N04-02_3623-jgd_GML.zip
3623,世界測地系,2003年（平成15年）,0.03MB,N04-03_3623-jgd_GML.zip
3623,世界測地系,2004年（平成16年）,0.03MB,N04-04_3623-jgd_GML.zip
3623,世界測地系,2010年（平成22年）,0.04MB,N04-10_3623-jgd_GML.zip
3624,日本測地系,1978年（昭和53年）,0.07MB,N04-78_3624-tky_GML.zip
3624,世界測地系,2002年（平成14年）,0.05MB,N04-02_3624-jgd_GML.zip
3624,世界測地系,2003年（平成15年）,0.05MB,N04-03_3624-jgd_GML.zip
3624,世界測地系,2004年（平成16年）,0.05MB,N04-04_3624-jgd_GML.zip
3624,世界測地系,2010年（平成22年）,0.06MB,N04-10_3624-jgd_GML.zip
3631,日本測地系,1978年（昭和53年）,0.01MB,N04-78_3631-tky_GML.zip
3641,日本測地系,1978年（昭和53年）,0.01MB,N04-78_3641-tky_GML.zip
3653,日本測地系,1978年（昭和53年）,0.01MB,N04-78_3653-tky_GML.zip
3653,世界測地系,2002年（平成14年）,0.01MB,N04-02_3653-jgd_GML.zip
3653,世界測地系,2003年（平成15年）,0.01MB,N04-03_3653-jgd_GML.zip
3653,世界測地系,2004年（平成16年）,0.01MB,N04-04_3653-jgd_GML.zip
3653,世界測地系,2010年（平成22年）,0.01MB,N04-10_3653-jgd_GML.zip
3724,日本測地系,1978年（昭和53年）,0.01MB,N04-78_3724-tky_GML.zip
3724,世界測地系,2002年（平成14年）,0.01MB,N04-02_3724-jgd_GML.zip
3724,世界測地系,2003年（平成15年）,0.01MB,N04-03_3724-jgd_GML.zip
3724,世界測地系,2004年（平成16年）,0.01MB,N04-04_3724-jgd_GML.zip
3724,世界測地系,2010年（平成22年）,0.01MB,N04-10_3724-jgd_GML.zip
3725,日本測地系,1978年（昭和53年）,0.07MB,N04-78_3725-tky_GML.zip
3725,世界測地系,2002年（平成14年）,0.04MB,N04-02_3725-jgd_GML.zip
3725,世界測地系,2003年（平成15年）,0.05MB,N04-03_3725-jgd_GML.zip
3725,世界測地系,2004年（平成16年）,0.04MB,N04-04_3725-jgd_GML.zip
3725,世界測地系,2010年（平成22年）,0.05MB,N04-10_3725-jgd_GML.zip
3741,日本測地系,1978年（昭和53年）,0.02MB,N04-78_3741-tky_GML.zip
3741,世界測地系,2002年（平成14年）,0.01MB,N04-02_3741-jgd_GML.zip
3741,世界測地系,2003年（平成15年）,0.01MB,N04-03_3741-jgd_GML.zip
3741,世界測地系,2004年（平成16年）,0.01MB,N04-04_3741-jgd_GML.zip
3741,世界測地系,2010年（平成22年）,0.01MB,N04-10_3741-jgd_GML.zip
3823,日本測地系,1978年（昭和53年）,0.02MB,N04-78_3823-tky_GML.zip
3824,日本測地系,1978年（昭和53年）,0.01MB,N04-78_3824-tky_GML.zip
3831,日本測地系,1978年（昭和53年）,0.02MB,N04-78_3831-tky_GML.zip
3831,世界測地系,2002年（平成14年）,0.02MB,N04-02_3831-jgd_GML.zip
3831,世界測地系,2003年（平成15年）,0.02MB,N04-03_3831-jgd_GML.zip
3831,世界測地系,2004年（平成16年）,0.02MB,N04-04_3831-jgd_GML.zip
3831,世界測地系,2010年（平成22年）,0.02MB,N04-10_3831-jgd_GML.zip
3841,日本測地系,1978年（昭和53年）,0.01MB,N04-78_3841-tky_GML.zip
3926,日本測地系,1978年（昭和53年）,0.06MB,N04-78_3926-tky_GML.zip
3926,世界測地系,2002年（平成14年）,0.02MB,N04-02_3926-jgd_GML.zip
3926,世界測地系,2003年（平成15年）,0.02MB,N04-03_3926-jgd_GML.zip
3926,世界測地系,2004年（平成16年）,0.02MB,N04-04_3926-jgd_GML.zip
3926,世界測地系,2010年（平成22年）,0.02MB,N04-10_3926-jgd_GML.zip
3927,日本測地系,1978年（昭和53年）,0.24MB,N04-78_3927-tky_GML.zip
3927,世界測地系,2002年（平成14年）,0.12MB,N04-02_3927-jgd_GML.zip
3927,世界測地系,2003年（平成15年）,0.12MB,N04-03_3927-jgd_GML.zip
3927,世界測地系,2004年（平成16年）,0.12MB,N04-04_3927-jgd_GML.zip
3927,世界測地系,2010年（平成22年）,0.13MB,N04-10_3927-jgd_GML.zip
3928,日本測地系,1978年（昭和53年）,0.06MB,N04-78_3928-tky_GML.zip
3928,世界測地系,2002年（平成14年）,0.03MB,N04-02_3928-jgd_GML.zip
3928,世界測地系,2003年（平成15年）,0.03MB,N04-03_3928-jgd_GML.zip
3928,世界測地系,2004年（平成16年）,0.03MB,N04-04_3928-jgd_GML.zip
3928,世界測地系,2010年（平成22年）,0.03MB,N04-10_3928-jgd_GML.zip
3942,日本測地系,1978年（昭和53年）,0.04MB,N04-78_3942-tky_GML.zip
3942,世界測地系,2002年（平成14年）,0.01MB,N04-02_3942-jgd_GML.zip
3942,世界測地系,2003年（平成15年）,0.01MB,N04-03_3942-jgd_GML.zip
3942,世界測地系,2004年（平成16年）,0.01MB,N04-04_3942-jgd_GML.zip
3942,世界測地系,2010年（平成22年）,0.01MB,N04-10_3942-jgd_GML.zip
4027,日本測地系,1978年（昭和53年）,0.05MB,N04-78_4027-tky_GML.zip
4027,世界測地系,2002年（平成14年）,0.03MB,N04-02_4027-jgd_GML.zip
4027,世界測地系,2003年（平成15年）,0.03MB,N04-03_4027-jgd_GML.zip
4027,世界測地系,2004年（平成16年）,0.03MB,N04-04_4027-jgd_GML.zip
4027,世界測地系,2010年（平成22年）,0.03MB,N04-10_4027-jgd_GML.zip
4028,日本測地系,1978年（昭和53年）,0.08MB,N04-78_4028-tky_GML.zip
4028,世界測地系,2002年（平成14年）,0.04MB,N04-02_4028-jgd_GML.zip
4028,世界測地系,2003年（平成15年）,0.05MB,N04-03_4028-jgd_GML.zip
4028,世界測地系,2004年（平成16年）,0.05MB,N04-04_4028-jgd_GML.zip
4028,世界測地系,2010年（平成22年）,0.05MB,N04-10_4028-jgd_GML.zip
4040,日本測地系,1978年（昭和53年）,0.02MB,N04-78_4040-tky_GML.zip
4042,日本測地系,1978年（昭和53年）,0.04MB,N04-78_4042-tky_GML.zip
4042,世界測地系,2002年（平成14年）,0.01MB,N04-02_4042-jgd_GML.zip
4042,世界測地系,2003年（平成15年）,0.01MB,N04-03_4042-jgd_GML.zip
4042,世界測地系,2004年（平成16年）,0.01MB,N04-04_4042-jgd_GML.zip
4042,世界測地系,2010年（平成22年）,0.01MB,N04-10_4042-jgd_GML.zip
4128,日本測地系,1978年（昭和53年）,0.07MB,N04-78_4128-tky_GML.zip
4128,世界測地系,2002年（平成14年）,0.04MB,N04-02_4128-jgd_GML.zip
4128,世界測地系,2003年（平成15年）,0.04MB,N04-03_4128-jgd_GML.zip
4128,世界測地系,2004年（平成16年）,0.04MB,N04-04_4128-jgd_GML.zip
4128,世界測地系,2010年（平成22年）,0.04MB,N04-10_4128-jgd_GML.zip
4129,日本測地系,1978年（昭和53年）,0.03MB,N04-78_4129-tky_GML.zip
4129,世界測地系,2002年（平成14年）,0.01MB,N04-02_4129-jgd_GML.zip
4129,世界測地系,2003年（平成15年）,0.01MB,N04-03_4129-jgd_GML.zip
4129,世界測地系,2004年（平成16年）,0.01MB,N04-04_4129-jgd_GML.zip
4129,世界測地系,2010年（平成22年）,0.01MB,N04-10_4129-jgd_GML.zip
4142,日本測地系,1978年（昭和53年）,0.06MB,N04-78_4142-tky_GML.zip
4229,日本測地系,1978年（昭和53年）,0.15MB,N04-78_4229-tky_GML.zip
4229,世界測地系,2002年（平成14年）,0.09MB,N04-02_4229-jgd_GML.zip
4229,世界測地系,2003年（平成15年）,0.09MB,N04-03_4229-jgd_GML.zip
4229,世界測地系,2004年（平成16年）,0.09MB,N04-04_4229-jgd_GML.zip
4229,世界測地系,2010年（平成22年）,0.10MB,N04-10_4229-jgd_GML.zip
4230,日本測地系,1978年（昭和53年）,0.01MB,N04-78_4230-tky_GML.zip
4230,世界測地系,2002年（平成14年）,0.01MB,N04-02_4230-jgd_GML.zip
4230,世界測地系,2003年（平成15年）,0.01MB,N04-03_4230-jgd_GML.zip
4230,世界測地系,2004年（平成16年）,0.01MB,N04-04_4230-jgd_GML.zip
4230,世界測地系,2010年（平成22年）,0.01MB,N04-10_4230-jgd_GML.zip
4328,日本測地系,1978年（昭和53年）,0.01MB,N04-78_4328-tky_GML.zip
4329,日本測地系,1978年（昭和53年）,0.01MB,N04-78_4329-tky_GML.zip
4329,世界測地系,2002年（平成14年）,0.01MB,N04-02_4329-jgd_GML.zip
4329,世界測地系,2003年（平成15年）,0.01MB,N04-03_4329-jgd_GML.zip
4329,世界測地系,2004年（平成16年）,0.01MB,N04-04_4329-jgd_GML.zip
4329,世界測地系,2010年（平成22年）,0.01MB,N04-10_4329-jgd_GML.zip
4429,日本測地系,1978年（昭和53年）,0.05MB,N04-78_4429-tky_GML.zip
4429,世界測地系,2002年（平成14年）,0.03MB,N04-02_4429-jgd_GML.zip
4429,世界測地系,2003年（平成15年）,0.03MB,N04-03_4429-jgd_GML.zip
4429,世界測地系,2004年（平成16年）,0.03MB,N04-04_4429-jgd_GML.zip
4429,世界測地系,2010年（平成22年）,0.03MB,N04-10_4429-jgd_GML.zip
4529,日本測地系,1978年（昭和53年）,0.02MB,N04-78_4529-tky_GML.zip
4529,世界測地系,2010年（平成22年）,0.01MB,N04-10_4529-jgd_GML.zip
4530,日本測地系,1978年（昭和53年）,0.13MB,N04-78_4530-tky_GML.zip
4530,世界測地系,2002年（平成14年）,0.07MB,N04-02_4530-jgd_GML.zip
4530,世界測地系,2003年（平成15年）,0.07MB,N04-03_4530-jgd_GML.zip
4530,世界測地系,2004年（平成16年）,0.07MB,N04-04_4530-jgd_GML.zip
4530,世界測地系,2010年（平成22年）,0.08MB,N04-10_4530-jgd_GML.zip
4531,日本測地系,1978年（昭和53年）,0.02MB,N04-78_4531-tky_GML.zip
4531,世界測地系,2002年（平成14年）,0.01MB,N04-02_4531-jgd_GML.zip
4531,世界測地系,2003年（平成15年）,0.01MB,N04-03_4531-jgd_GML.zip
4531,世界測地系,2004年（平成16年）,0.01MB,N04-04_4531-jgd_GML.zip
4531,世界測地系,2010年（平成22年）,0.01MB,N04-10_4531-jgd_GML.zip
4540,日本測地系,1978年（昭和53年）,0.01MB,N04-78_4540-tky_GML.zip
4629,日本測地系,1978年（昭和53年）,0.05MB,N04-78_4629-tky_GML.zip
4629,世界測地系,2002年（平成14年）,0.01MB,N04-02_4629-jgd_GML.zip
4629,世界測地系,2003年（平成15年）,0.01MB,N04-03_4629-jgd_GML.zip
4629,世界測地系,2004年（平成16年）,0.01MB,N04-04_4629-jgd_GML.zip
4629,世界測地系,2010年（平成22年）,0.01MB,N04-10_4629-jgd_GML.zip
4630,日本測地系,1978年（昭和53年）,0.21MB,N04-78_4630-tky_GML.zip
4630,世界測地系,2002年（平成14年）,0.11MB,N04-02_4630-jgd_GML.zip
4630,世界測地系,2003年（平成15年）,0.11MB,N04-03_4630-jgd_GML.zip
4630,世界測地系,2004年（平成16年）,0.11MB,N04-04_4630-jgd_GML.zip
4630,世界測地系,2010年（平成22年）,0.12MB,N04-10_4630-jgd_GML.zip
4631,日本測地系,1978年（昭和53年）,0.04MB,N04-78_4631-tky_GML.zip
4631,世界測地系,2002年（平成14年）,0.03MB,N04-02_4631-jgd_GML.zip
4631,世界測地系,2003年（平成15年）,0.03MB,N04-03_4631-jgd_GML.zip
4631,世界測地系,2004年（平成16年）,0.03MB,N04-04_4631-jgd_GML.zip
4631,世界測地系,2010年（平成22年）,0.03MB,N04-10_4631-jgd_GML.zip
4728,日本測地系,1978年（昭和53年）,0.02MB,N04-78_4728-tky_GML.zip
4729,日本測地系,1978年（昭和53年）,0.07MB,N04-78_4729-tky_GML.zip
4729,世界測地系,2002年（平成14年）,0.03MB,N04-02_4729-jgd_GML.zip
4729,世界測地系,2003年（平成15年）,0.03MB,N04-03_4729-jgd_GML.zip
4729,世界測地系,2004年（平成16年）,0.03MB,N04-04_4729-jgd_GML.zip
4729,世界測地系,2010年（平成22年）,0.03MB,N04-10_4729-jgd_GML.zip
4730,日本測地系,1978年（昭和53年）,0.63MB,N04-78_4730-tky_GML.zip
4730,世界測地系,2002年（平成14年）,0.32MB,N04-02_4730-jgd_GML.zip
4730,世界測地系,2003年（平成15年）,0.32MB,N04-03_4730-jgd_GML.zip
4730,世界測地系,2004年（平成16年）,0.33MB,N04-04_4730-jgd_GML.zip
4730,世界測地系,2010年（平成22年）,0.36MB,N04-10_4730-jgd_GML.zip
4731,日本測地系,1978年（昭和53年）,0.36MB,N04-78_4731-tky_GML.zip
4731,世界測地系,2002年（平成14年）,0.18MB,N04-02_4731-jgd_GML.zip
4731,世界測地系,2003年（平成15年）,0.18MB,N04-03_4731-jgd_GML.zip
4731,世界測地系,2004年（平成16年）,0.18MB,N04-04_4731-jgd_GML.zip
4731,世界測地系,2010年（平成22年）,0.19MB,N04-10_4731-jgd_GML.zip
4740,日本測地系,1978年（昭和53年）,0.01MB,N04-78_4740-tky_GML.zip
4828,日本測地系,1978年（昭和53年）,0.08MB,N04-78_4828-tky_GML.zip
4828,世界測地系,2002年（平成14年）,0.02MB,N04-02_4828-jgd_GML.zip
4828,世界測地系,2003年（平成15年）,0.02MB,N04-03_4828-jgd_GML.zip
4828,世界測地系,2004年（平成16年）,0.02MB,N04-04_4828-jgd_GML.zip
4828,世界測地系,2010年（平成22年）,0.02MB,N04-10_4828-jgd_GML.zip
4829,日本測地系,1978年（昭和53年）,0.06MB,N04-78_4829-tky_GML.zip
4829,世界測地系,2002年（平成14年）,0.03MB,N04-02_4829-jgd_GML.zip
4829,世界測地系,2003年（平成15年）,0.03MB,N04-03_4829-jgd_GML.zip
4829,世界測地系,2004年（平成16年）,0.03MB,N04-04_4829-jgd_GML.zip
4829,世界測地系,2010年（平成22年）,0.03MB,N04-10_4829-jgd_GML.zip
4830,日本測地系,1978年（昭和53年）,0.79MB,N04-78_4830-tky_GML.zip
4830,世界測地系,2002年（平成14年）,0.32MB,N04-02_4830-jgd_GML.zip
4830,世界測地系,2003年（平成15年）,0.33MB,N04-03_4830-jgd_GML.zip
4830,世界測地系,2004年（平成16年）,0.33MB,N04-04_4830-jgd_GML.zip
4830,世界測地系,2010年（平成22年）,0.36MB,N04-10_4830-jgd_GML.zip
4831,日本測地系,1978年（昭和53年）,0.51MB,N04-78_4831-tky_GML.zip
4831,世界測地系,2002年（平成14年）,0.22MB,N04-02_4831-jgd_GML.zip
4831,世界測地系,2003年（平成15年）,0.22MB,N04-03_4831-jgd_GML.zip
4831,世界測地系,2004年（平成16年）,0.22MB,N04-04_4831-jgd_GML.zip
4831,世界測地系,2010年（平成22年）,0.24MB,N04-10_4831-jgd_GML.zip
4839,日本測地系,1978年（昭和53年）,0.01MB,N04-78_4839-tky_GML.zip
4839,世界測地系,2002年（平成14年）,0.01MB,N04-02_4839-jgd_GML.zip
4839,世界測地系,2003年（平成15年）,0.01MB,N04-03_4839-jgd_GML.zip
4839,世界測地系,2004年（平成16年）,0.01MB,N04-04_4839-jgd_GML.zip
4839,世界測地系,2010年（平成22年）,0.01MB,N04-10_4839-jgd_GML.zip
4928,日本測地系,1978年（昭和53年）,0.09MB,N04-78_4928-tky_GML.zip
4928,世界測地系,2002年（平成14年）,0.04MB,N04-02_4928-jgd_GML.zip
4928,世界測地系,2003年（平成15年）,0.04MB,N04-03_4928-jgd_GML.zip
4928,世界測地系,2004年（平成16年）,0.04MB,N04-04_4928-jgd_GML.zip
4928,世界測地系,2010年（平成22年）,0.04MB,N04-10_4928-jgd_GML.zip
4929,日本測地系,1978年（昭和53年）,0.55MB,N04-78_4929-tky_GML.zip
4929,世界測地系,2002年（平成14年）,0.22MB,N04-02_4929-jgd_GML.zip
4929,世界測地系,2003年（平成15年）,0.22MB,N04-03_4929-jgd_GML.zip
4929,世界測地系,2004年（平成16年）,0.22MB,N04-04_4929-jgd_GML.zip
4929,世界測地系,2010年（平成22年）,0.25MB,N04-10_4929-jgd_GML.zip
4930,日本測地系,1978年（昭和53年）,1.05MB,N04-78_4930-tky_GML.zip
4930,世界測地系,2002年（平成14年）,0.39MB,N04-02_4930-jgd_GML.zip
4930,世界測地系,2003年（平成15年）,0.39MB,N04-03_4930-jgd_GML.zip
4930,世界測地系,2004年（平成16年）,0.39MB,N04-04_4930-jgd_GML.zip
4930,世界測地系,2010年（平成22年）,0.44MB,N04-10_4930-jgd_GML.zip
4931,日本測地系,1978年（昭和53年）,0.84MB,N04-78_4931-tky_GML.zip
4931,世界測地系,2002年（平成14年）,0.35MB,N04-02_4931-jgd_GML.zip
4931,世界測地系,2003年（平成15年）,0.35MB,N04-03_4931-jgd_GML.zip
4931,世界測地系,2004年（平成16年）,0.35MB,N04-04_4931-jgd_GML.zip
4931,世界測地系,2010年（平成22年）,0.39MB,N04-10_4931-jgd_GML.zip
4932,日本測地系,1978年（昭和53年）,0.48MB,N04-78_4932-tky_GML.zip
4932,世界測地系,2002年（平成14年）,0.19MB,N04-02_4932-jgd_GML.zip
4932,世界測地系,2003年（平成15年）,0.19MB,N04-03_4932-jgd_GML.zip
4932,世界測地系,2004年（平成16年）,0.19MB,N04-04_4932-jgd_GML.zip
4932,世界測地系,2010年（平成22年）,0.22MB,N04-10_4932-jgd_GML.zip
4933,日本測地系,1978年（昭和53年）,0.11MB,N04-78_4933-tky_GML.zip
4933,世界測地系,2002年（平成14年）,0.06MB,N04-02_4933-jgd_GML.zip
4933,世界測地系,2003年（平成15年）,0.06MB,N04-03_4933-jgd_GML.zip
4933,世界測地系,2004年（平成16年）,0.06MB,N04-04_4933-jgd_GML.zip
4933,世界測地系,2010年（平成22年）,0.06MB,N04-10_4933-jgd_GML.zip
4934,日本測地系,1978年（昭和53年）,0.02MB,N04-78_4934-tky_GML.zip
4934,世界測地系,2002年（平成14年）,0.02MB,N04-02_4934-jgd_GML.zip
4934,世界測地系,2003年（平成15年）,0.02MB,N04-03_4934-jgd_GML.zip
4934,世界測地系,2004年（平成16年）,0.02MB,N04-04_4934-jgd_GML.zip
4934,世界測地系,2010年（平成22年）,0.02MB,N04-10_4934-jgd_GML.zip
4939,日本測地系,1978年（昭和53年）,0.01MB,N04-78_4939-tky_GML.zip
4939,世界測地系,2002年（平成14年）,0.02MB,N04-02_4939-jgd_GML.zip
4939,世界測地系,2003年（平成15年）,0.02MB,N04-03_4939-jgd_GML.zip
4939,世界測地系,2004年（平成16年）,0.02MB,N04-04_4939-jgd_GML.zip
4939,世界測地系,2010年（平成22年）,0.02MB,N04-10_4939-jgd_GML.zip
5029,日本測地系,1978年（昭和53年）,0.24MB,N04-78_5029-tky_GML.zip
5029,世界測地系,2002年（平成14年）,0.09MB,N04-02_5029-jgd_GML.zip
5029,世界測地系,2003年（平成15年）,0.09MB,N04-03_5029-jgd_GML.zip
5029,世界測地系,2004年（平成16年）,0.10MB,N04-04_5029-jgd_GML.zip
5029,世界測地系,2010年（平成22年）,0.11MB,N04-10_5029-jgd_GML.zip
5030,日本測地系,1978年（昭和53年）,0.77MB,N04-78_5030-tky_GML.zip
5030,世界測地系,2002年（平成14年）,0.34MB,N04-02_5030-jgd_GML.zip
5030,世界測地系,2003年（平成15年）,0.34MB,N04-03_5030-jgd_GML.zip
5030,世界測地系,2004年（平成16年）,0.35MB,N04-04_5030-jgd_GML.zip
5030,世界測地系,2010年（平成22年）,0.39MB,N04-10_5030-jgd_GML.zip
5031,日本測地系,1978年（昭和53年）,0.40MB,N04-78_5031-tky_GML.zip
5031,世界測地系,2002年（平成14年）,0.20MB,N04-02_5031-jgd_GML.zip
5031,世界測地系,2003年（平成15年）,0.20MB,N04-03_5031-jgd_GML.zip
5031,世界測地系,2004年（平成16年）,0.20MB,N04-04_5031-jgd_GML.zip
5031,世界測地系,2010年（平成22年）,0.23MB,N04-10_5031-jgd_GML.zip
5032,日本測地系,1978年（昭和53年）,0.54MB,N04-78_5032-tky_GML.zip
5032,世界測地系,2002年（平成14年）,0.26MB,N04-02_5032-jgd_GML.zip
5032,世界測地系,2003年（平成15年）,0.26MB,N04-03_5032-jgd_GML.zip
5032,世界測地系,2004年（平成16年）,0.27MB,N04-04_5032-jgd_GML.zip
5032,世界測地系,2010年（平成22年）,0.30MB,N04-10_5032-jgd_GML.zip
5033,日本測地系,1978年（昭和53年）,0.76MB,N04-78_5033-tky_GML.zip
5033,世界測地系,2002年（平成14年）,0.30MB,N04-02_5033-jgd_GML.zip
5033,世界測地系,2003年（平成15年）,0.30MB,N04-03_5033-jgd_GML.zip
5033,世界測地系,2004年（平成16年）,0.30MB,N04-04_5033-jgd_GML.zip
5033,世界測地系,2010年（平成22年）,0.33MB,N04-10_5033-jgd_GML.zip
5034,日本測地系,1978年（昭和53年）,0.40MB,N04-78_5034-tky_GML.zip
5034,世界測地系,2002年（平成14年）,0.17MB,N04-02_5034-jgd_GML.zip
5034,世界測地系,2003年（平成15年）,0.17MB,N04-03_5034-jgd_GML.zip
5034,世界測地系,2004年（平成16年）,0.17MB,N04-04_5034-jgd_GML.zip
5034,世界測地系,2010年（平成22年）,0.18MB,N04-10_5034-jgd_GML.zip
5035,日本測地系,1978年（昭和53年）,0.55MB,N04-78_5035-tky_GML.zip
5035,世界測地系,2002年（平成14年）,0.21MB,N04-02_5035-jgd_GML.zip
5035,世界測地系,2003年（平成15年）,0.21MB,N04-03_5035-jgd_GML.zip
5035,世界測地系,2004年（平成16年）,0.21MB,N04-04_5035-jgd_GML.zip
5035,世界測地系,2010年（平成22年）,0.22MB,N04-10_5035-jgd_GML.zip
5036,日本測地系,1978年（昭和53年）,0.09MB,N04-78_5036-tky_GML.zip
5036,世界測地系,2002年（平成14年）,0.04MB,N04-02_5036-jgd_GML.zip
5036,世界測地系,2003年（平成15年）,0.04MB,N04-03_5036-jgd_GML.zip
5036,世界測地系,2004年（平成16年）,0.04MB,N04-04_5036-jgd_GML.zip
5036,世界測地系,2010年（平成22年）,0.04MB,N04-10_5036-jgd_GML.zip
5039,日本測地系,1978年（昭和53年）,0.01MB,N04-78_5039-tky_GML.zip
5039,世界測地系,2002年（平成14年）,0.01MB,N04-02_5039-jgd_GML.zip
5039,世界測地系,2003年（平成15年）,0.01MB,N04-03_5039-jgd_GML.zip
5039,世界測地系,2004年（平成16年）,0.01MB,N04-04_5039-jgd_GML.zip
5039,世界測地系,2010年（平成22年）,0.01MB,N04-10_5039-jgd_GML.zip
5129,日本測地系,1978年（昭和53年）,0.17MB,N04-78_5129-tky_GML.zip
5129,世界測地系,2002年（平成14年）,0.07MB,N04-02_5129-jgd_GML.zip
5129,世界測地系,2003年（平成15年）,0.07MB,N04-03_5129-jgd_GML.zip
5129,世界測地系,2004年（平成16年）,0.07MB,N04-04_5129-jgd_GML.zip
5129,世界測地系,2010年（平成22年）,0.07MB,N04-10_5129-jgd_GML.zip
5130,日本測地系,1978年（昭和53年）,0.08MB,N04-78_5130-tky_GML.zip
5130,世界測地系,2002年（平成14年）,0.04MB,N04-02_5130-jgd_GML.zip
5130,世界測地系,2003年（平成15年）,0.04MB,N04-03_5130-jgd_GML.zip
5130,世界測地系,2004年（平成16年）,0.04MB,N04-04_5130-jgd_GML.zip
5130,世界測地系,2010年（平成22年）,0.05MB,N04-10_5130-jgd_GML.zip
5131,日本測地系,1978年（昭和53年）,0.61MB,N04-78_5131-tky_GML.zip
5131,世界測地系,2002年（平成14年）,0.31MB,N04-02_5131-jgd_GML.zip
5131,世界測地系,2003年（平成15年）,0.31MB,N04-03_5131-jgd_GML.zip
5131,世界測地系,2004年（平成16年）,0.32MB,N04-04_5131-jgd_GML.zip
5131,世界測地系,2010年（平成22年）,0.35MB,N04-10_5131-jgd_GML.zip
5132,日本測地系,1978年（昭和53年）,0.77MB,N04-78_5132-tky_GML.zip
5132,世界測地系,2002年（平成14年）,0.35MB,N04-02_5132-jgd_GML.zip
5132,世界測地系,2003年（平成15年）,0.35MB,N04-03_5132-jgd_GML.zip
5132,世界測地系,2004年（平成16年）,0.35MB,N04-04_5132-jgd_GML.zip
5132,世界測地系,2010年（平成22年）,0.39MB,N04-10_5132-jgd_GML.zip
5133,日本測地系,1978年（昭和53年）,0.82MB,N04-78_5133-tky_GML.zip
5133,世界測地系,2002年（平成14年）,0.34MB,N04-02_5133-jgd_GML.zip
5133,世界測地系,2003年（平成15年）,0.34MB,N04-03_5133-jgd_GML.zip
5133,世界測地系,2004年（平成16年）,0.34MB,N04-04_5133-jgd_GML.zip
5133,世界測地系,2010年（平成22年）,0.38MB,N04-10_5133-jgd_GML.zip
5134,日本測地系,1978年（昭和53年）,0.62MB,N04-78_5134-tky_GML.zip
5134,世界測地系,2002年（平成14年）,0.26MB,N04-02_5134-jgd_GML.zip
5134,世界測地系,2003年（平成15年）,0.26MB,N04-03_5134-jgd_GML.zip
5134,世界測地系,2004年（平成16年）,0.26MB,N04-04_5134-jgd_GML.zip
5134,世界測地系,2010年（平成22年）,0.29MB,N04-10_5134-jgd_GML.zip
5135,日本測地系,1978年（昭和53年）,0.87MB,N04-78_5135-tky_GML.zip
5135,世界測地系,2002年（平成14年）,0.36MB,N04-02_5135-jgd_GML.zip
5135,世界測地系,2003年（平成15年）,0.36MB,N04-03_5135-jgd_GML.zip
5135,世界測地系,2004年（平成16年）,0.36MB,N04-04_5135-jgd_GML.zip
5135,世界測地系,2010年（平成22年）,0.40MB,N04-10_5135-jgd_GML.zip
5136,日本測地系,1978年（昭和53年）,0.66MB,N04-78_5136-tky_GML.zip
5136,世界測地系,2002年（平成14年）,0.25MB,N04-02_5136-jgd_GML.zip
5136,世界測地系,2003年（平成15年）,0.25MB,N04-03_5136-jgd_GML.zip
5136,世界測地系,2004年（平成16年）,0.25MB,N04-04_5136-jgd_GML.zip
5136,世界測地系,2010年（平成22年）,0.27MB,N04-10_5136-jgd_GML.zip
5137,日本測地系,1978年（昭和53年）,0.08MB,N04-78_5137-tky_GML.zip
5137,世界測地系,2002年（平成14年）,0.04MB,N04-02_5137-jgd_GML.zip
5137,世界測地系,2003年（平成15年）,0.04MB,N04-03_5137-jgd_GML.zip
5137,世界測地系,2004年（平成16年）,0.04MB,N04-04_5137-jgd_GML.zip
5137,世界測地系,2010年（平成22年）,0.04MB,N04-10_5137-jgd_GML.zip
5138,日本測地系,1978年（昭和53年）,0.05MB,N04-78_5138-tky_GML.zip
5138,世界測地系,2002年（平成14年）,0.02MB,N04-02_5138-jgd_GML.zip
5138,世界測地系,2003年（平成15年）,0.02MB,N04-03_5138-jgd_GML.zip
5138,世界測地系,2004年（平成16年）,0.02MB,N04-04_5138-jgd_GML.zip
5138,世界測地系,2010年（平成22年）,0.03MB,N04-10_5138-jgd_GML.zip
5139,日本測地系,1978年（昭和53年）,0.05MB,N04-78_5139-tky_GML.zip
5139,世界測地系,2002年（平成14年）,0.04MB,N04-02_5139-jgd_GML.zip
5139,世界測地系,2003年（平成15年）,0.04MB,N04-03_5139-jgd_GML.zip
5139,世界測地系,2004年（平成16年）,0.04MB,N04-04_5139-jgd_GML.zip
5139,世界測地系,2010年（平成22年）,0.04MB,N04-10_5139-jgd_GML.zip
5229,日本測地系,1978年（昭和53年）,0.02MB,N04-78_5229-tky_GML.zip
5229,世界測地系,2002年（平成14年）,0.01MB,N04-02_5229-jgd_GML.zip
5229,世界測地系,2003年（平成15年）,0.01MB,N04-03_5229-jgd_GML.zip
5229,世界測地系,2004年（平成16年）,0.01MB,N04-04_5229-jgd_GML.zip
5229,世界測地系,2010年（平成22年）,0.01MB,N04-10_5229-jgd_GML.zip
5231,日本測地系,1978年（昭和53年）,0.08MB,N04-78_5231-tky_GML.zip
5231,世界測地系,2002年（平成14年）,0.03MB,N04-02_5231-jgd_GML.zip
5231,世界測地系,2003年（平成15年）,0.03MB,N04-03_5231-jgd_GML.zip
5231,世界測地系,2004年（平成16年）,0.03MB,N04-04_5231-jgd_GML.zip
5231,世界測地系,2010年（平成22年）,0.03MB,N04-10_5231-jgd_GML.zip
5232,日本測地系,1978年（昭和53年）,0.70MB,N04-78_5232-tky_GML.zip
5232,世界測地系,2002年（平成14年）,0.29MB,N04-02_5232-jgd_GML.zip
5232,世界測地系,2003年（平成15年）,0.30MB,N04-03_5232-jgd_GML.zip
5232,世界測地系,2004年（平成16年）,0.30MB,N04-04_5232-jgd_GML.zip
5232,世界測地系,2010年（平成22年）,0.33MB,N04-10_5232-jgd_GML.zip
5233,日本測地系,1978年（昭和53年）,0.95MB,N04-78_5233-tky_GML.zip
5233,世界測地系,2002年（平成14年）,0.37MB,N04-02_5233-jgd_GML.zip
5233,世界測地系,2003年（平成15年）,0.37MB,N04-03_5233-jgd_GML.zip
5233,世界測地系,2004年（平成16年）,0.37MB,N04-04_5233-jgd_GML.zip
5233,世界測地系,2010年（平成22年）,0.41MB,N04-10_5233-jgd_GML.zip
5234,日本測地系,1978年（昭和53年）,0.89MB,N04-78_5234-tky_GML.zip
5234,世界測地系,2002年（平成14年）,0.37MB,N04-02_5234-jgd_GML.zip
5234,世界測地系,2003年（平成15年）,0.37MB,N04-03_5234-jgd_GML.zip
5234,世界測地系,2004年（平成16年）,0.37MB,N04-04_5234-jgd_GML.zip
5234,世界測地系,2010年（平成22年）,0.41MB,N04-10_5234-jgd_GML.zip
5235,日本測地系,1978年（昭和53年）,1.22MB,N04-78_5235-tky_GML.zip
5235,世界測地系,2002年（平成14年）,0.45MB,N04-02_5235-jgd_GML.zip
5235,世界測地系,2003年（平成15年）,0.45MB,N04-03_5235-jgd_GML.zip
5235,世界測地系,2004年（平成16年）,0.45MB,N04-04_5235-jgd_GML.zip
5235,世界測地系,2010年（平成22年）,0.49MB,N04-10_5235-jgd_GML.zip
5236,日本測地系,1978年（昭和53年）,1.12MB,N04-78_5236-tky_GML.zip
5236,世界測地系,2002年（平成14年）,0.42MB,N04-02_5236-jgd_GML.zip
5236,世界測地系,2003年（平成15年）,0.42MB,N04-03_5236-jgd_GML.zip
5236,世界測地系,2004年（平成16年）,0.43MB,N04-04_5236-jgd_GML.zip
5236,世界測地系,2010年（平成22年）,0.47MB,N04-10_5236-jgd_GML.zip
5237,日本測地系,1978年（昭和53年）,1.00MB,N04-78_5237-tky_GML.zip
5237,世界測地系,2002年（平成14年）,0.43MB,N04-02_5237-jgd_GML.zip
5237,世界測地系,2003年（平成15年）,0.43MB,N04-03_5237-jgd_GML.zip
5237,世界測地系,2004年（平成16年）,0.43MB,N04-04_5237-jgd_GML.zip
5237,世界測地系,2010年（平成22年）,0.47MB,N04-10_5237-jgd_GML.zip
5238,日本測地系,1978年（昭和53年）,0.66MB,N04-78_5238-tky_GML.zip
5238,世界測地系,2002年（平成14年）,0.31MB,N04-02_5238-jgd_GML.zip
5238,世界測地系,2003年（平成15年）,0.31MB,N04-03_5238-jgd_GML.zip
5238,世界測地系,2004年（平成16年）,0.31MB,N04-04_5238-jgd_GML.zip
5238,世界測地系,2010年（平成22年）,0.34MB,N04-10_5238-jgd_GML.zip
5239,日本測地系,1978年（昭和53年）,0.39MB,N04-78_5239-tky_GML.zip
5239,世界測地系,2002年（平成14年）,0.19MB,N04-02_5239-jgd_GML.zip
5239,世界測地系,2003年（平成15年）,0.19MB,N04-03_5239-jgd_GML.zip
5239,世界測地系,2004年（平成16年）,0.19MB,N04-04_5239-jgd_GML.zip
5239,世界測地系,2010年（平成22年）,0.21MB,N04-10_5239-jgd_GML.zip
5240,日本測地系,1978年（昭和53年）,0.13MB,N04-78_5240-tky_GML.zip
5240,世界測地系,2002年（平成14年）,0.07MB,N04-02_5240-jgd_GML.zip
5240,世界測地系,2003年（平成15年）,0.07MB,N04-03_5240-jgd_GML.zip
5240,世界測地系,2004年（平成16年）,0.07MB,N04-04_5240-jgd_GML.zip
5240,世界測地系,2010年（平成22年）,0.08MB,N04-10_5240-jgd_GML.zip
5332,日本測地系,1978年（昭和53年）,0.10MB,N04-78_5332-tky_GML.zip
5332,世界測地系,2002年（平成14年）,0.05MB,N04-02_5332-jgd_GML.zip
5332,世界測地系,2003年（平成15年）,0.05MB,N04-03_5332-jgd_GML.zip
5332,世界測地系,2004年（平成16年）,0.05MB,N04-04_5332-jgd_GML.zip
5332,世界測地系,2010年（平成22年）,0.05MB,N04-10_5332-jgd_GML.zip
5333,日本測地系,1978年（昭和53年）,0.39MB,N04-78_5333-tky_GML.zip
5333,世界測地系,2002年（平成14年）,0.15MB,N04-02_5333-jgd_GML.zip
5333,世界測地系,2003年（平成15年）,0.15MB,N04-03_5333-jgd_GML.zip
5333,世界測地系,2004年（平成16年）,0.15MB,N04-04_5333-jgd_GML.zip
5333,世界測地系,2010年（平成22年）,0.16MB,N04-10_5333-jgd_GML.zip
5334,日本測地系,1978年（昭和53年）,0.47MB,N04-78_5334-tky_GML.zip
5334,世界測地系,2002年（平成14年）,0.17MB,N04-02_5334-jgd_GML.zip
5334,世界測地系,2003年（平成15年）,0.17MB,N04-03_5334-jgd_GML.zip
5334,世界測地系,2004年（平成16年）,0.17MB,N04-04_5334-jgd_GML.zip
5334,世界測地系,2010年（平成22年）,0.18MB,N04-10_5334-jgd_GML.zip
5335,日本測地系,1978年（昭和53年）,0.51MB,N04-78_5335-tky_GML.zip
5335,世界測地系,2002年（平成14年）,0.19MB,N04-02_5335-jgd_GML.zip
5335,世界測地系,2003年（平成15年）,0.19MB,N04-03_5335-jgd_GML.zip
5335,世界測地系,2004年（平成16年）,0.19MB,N04-04_5335-jgd_GML.zip
5335,世界測地系,2010年（平成22年）,0.20MB,N04-10_5335-jgd_GML.zip
5336,日本測地系,1978年（昭和53年）,0.92MB,N04-78_5336-tky_GML.zip
5336,世界測地系,2002年（平成14年）,0.35MB,N04-02_5336-jgd_GML.zip
5336,世界測地系,2003年（平成15年）,0.35MB,N04-03_5336-jgd_GML.zip
5336,世界測地系,2004年（平成16年）,0.35MB,N04-04_5336-jgd_GML.zip
5336,世界測地系,2010年（平成22年）,0.39MB,N04-10_5336-jgd_GML.zip
5337,日本測地系,1978年（昭和53年）,0.86MB,N04-78_5337-tky_GML.zip
5337,世界測地系,2002年（平成14年）,0.34MB,N04-02_5337-jgd_GML.zip
5337,世界測地系,2003年（平成15年）,0.34MB,N04-03_5337-jgd_GML.zip
5337,世界測地系,2004年（平成16年）,0.34MB,N04-04_5337-jgd_GML.zip
5337,世界測地系,2010年（平成22年）,0.38MB,N04-10_5337-jgd_GML.zip
5338,日本測地系,1978年（昭和53年）,1.09MB,N04-78_5338-tky_GML.zip
5338,世界測地系,2002年（平成14年）,0.32MB,N04-02_5338-jgd_GML.zip
5338,世界測地系,2003年（平成15年）,0.32MB,N04-03_5338-jgd_GML.zip
5338,世界測地系,2004年（平成16年）,0.32MB,N04-04_5338-jgd_GML.zip
5338,世界測地系,2010年（平成22年）,0.35MB,N04-10_5338-jgd_GML.zip
5339,日本測地系,1978年（昭和53年）,1.35MB,N04-78_5339-tky_GML.zip
5339,世界測地系,2002年（平成14年）,0.50MB,N04-02_5339-jgd_GML.zip
5339,世界測地系,2003年（平成15年）,0.50MB,N04-03_5339-jgd_GML.zip
5339,世界測地系,2004年（平成16年）,0.50MB,N04-04_5339-jgd_GML.zip
5339,世界測地系,2010年（平成22年）,0.56MB,N04-10_5339-jgd_GML.zip
5340,日本測地系,1978年（昭和53年）,0.69MB,N04-78_5340-tky_GML.zip
5340,世界測地系,2002年（平成14年）,0.34MB,N04-02_5340-jgd_GML.zip
5340,世界測地系,2003年（平成15年）,0.34MB,N04-03_5340-jgd_GML.zip
5340,世界測地系,2004年（平成16年）,0.34MB,N04-04_5340-jgd_GML.zip
5340,世界測地系,2010年（平成22年）,0.35MB,N04-10_5340-jgd_GML.zip
5432,日本測地系,1978年（昭和53年）,0.01MB,N04-78_5432-tky_GML.zip
5432,世界測地系,2002年（平成14年）,0.01MB,N04-02_5432-jgd_GML.zip
5432,世界測地系,2003年（平成15年）,0.01MB,N04-03_5432-jgd_GML.zip
5432,世界測地系,2004年（平成16年）,0.01MB,N04-04_5432-jgd_GML.zip
5432,世界測地系,2010年（平成22年）,0.01MB,N04-10_5432-jgd_GML.zip
5433,日本測地系,1978年（昭和53年）,0.10MB,N04-78_5433-tky_GML.zip
5433,世界測地系,2002年（平成14年）,0.05MB,N04-02_5433-jgd_GML.zip
5433,世界測地系,2003年（平成15年）,0.05MB,N04-03_5433-jgd_GML.zip
5433,世界測地系,2004年（平成16年）,0.05MB,N04-04_5433-jgd_GML.zip
5433,世界測地系,2010年（平成22年）,0.05MB,N04-10_5433-jgd_GML.zip
5435,日本測地系,1978年（昭和53年）,0.01MB,N04-78_5435-tky_GML.zip
5435,世界測地系,2002年（平成14年）,0.01MB,N04-02_5435-jgd_GML.zip
5435,世界測地系,2003年（平成15年）,0.01MB,N04-03_5435-jgd_GML.zip
5435,世界測地系,2004年（平成16年）,0.01MB,N04-04_5435-jgd_GML.zip
5435,世界測地系,2010年（平成22年）,0.01MB,N04-10_5435-jgd_GML.zip
5436,日本測地系,1978年（昭和53年）,0.71MB,N04-78_5436-tky_GML.zip
5436,世界測地系,2002年（平成14年）,0.28MB,N04-02_5436-jgd_GML.zip
5436,世界測地系,2003年（平成15年）,0.28MB,N04-03_5436-jgd_GML.zip
5436,世界測地系,2004年（平成16年）,0.28MB,N04-04_5436-jgd_GML.zip
5436,世界測地系,2010年（平成22年）,0.31MB,N04-10_5436-jgd_GML.zip
5437,日本測地系,1978年（昭和53年）,0.79MB,N04-78_5437-tky_GML.zip
5437,世界測地系,2002年（平成14年）,0.30MB,N04-02_5437-jgd_GML.zip
5437,世界測地系,2003年（平成15年）,0.31MB,N04-03_5437-jgd_GML.zip
5437,世界測地系,2004年（平成16年）,0.31MB,N04-04_5437-jgd_GML.zip
5437,世界測地系,2010年（平成22年）,0.34MB,N04-10_5437-jgd_GML.zip
5438,日本測地系,1978年（昭和53年）,0.93MB,N04-78_5438-tky_GML.zip
5438,世界測地系,2002年（平成14年）,0.39MB,N04-02_5438-jgd_GML.zip
5438,世界測地系,2003年（平成15年）,0.39MB,N04-03_5438-jgd_GML.zip
5438,世界測地系,2004年（平成16年）,0.39MB,N04-04_5438-jgd_GML.zip
5438,世界測地系,2010年（平成22年）,0.43MB,N04-10_5438-jgd_GML.zip
5439,日本測地系,1978年（昭和53年）,1.25MB,N04-78_5439-tky_GML.zip
5439,世界測地系,2002年（平成14年）,0.49MB,N04-02_5439-jgd_GML.zip
5439,世界測地系,2003年（平成15年）,0.49MB,N04-03_5439-jgd_GML.zip
5439,世界測地系,2004年（平成16年）,0.49MB,N04-04_5439-jgd_GML.zip
5439,世界測地系,2010年（平成22年）,0.53MB,N04-10_5439-jgd_GML.zip
5440,日本測地系,1978年（昭和53年）,0.65MB,N04-78_5440-tky_GML.zip
5440,世界測地系,2002年（平成14年）,0.32MB,N04-02_5440-jgd_GML.zip
5440,世界測地系,2003年（平成15年）,0.32MB,N04-03_5440-jgd_GML.zip
5440,世界測地系,2004年（平成16年）,0.32MB,N04-04_5440-jgd_GML.zip
5440,世界測地系,2010年（平成22年）,0.34MB,N04-10_5440-jgd_GML.zip
5531,日本測地系,1978年（昭和53年）,0.02MB,N04-78_5531-tky_GML.zip
5536,日本測地系,1978年（昭和53年）,0.30MB,N04-78_5536-tky_GML.zip
5536,世界測地系,2002年（平成14年）,0.14MB,N04-02_5536-jgd_GML.zip
5536,世界測地系,2003年（平成15年）,0.14MB,N04-03_5536-jgd_GML.zip
5536,世界測地系,2004年（平成16年）,0.14MB,N04-04_5536-jgd_GML.zip
5536,世界測地系,2010年（平成22年）,0.16MB,N04-10_5536-jgd_GML.zip
5537,日本測地系,1978年（昭和53年）,0.44MB,N04-78_5537-tky_GML.zip
5537,世界測地系,2002年（平成14年）,0.18MB,N04-02_5537-jgd_GML.zip
5537,世界測地系,2003年（平成15年）,0.18MB,N04-03_5537-jgd_GML.zip
5537,世界測地系,2004年（平成16年）,0.18MB,N04-04_5537-jgd_GML.zip
5537,世界測地系,2010年（平成22年）,0.20MB,N04-10_5537-jgd_GML.zip
5538,日本測地系,1978年（昭和53年）,0.87MB,N04-78_5538-tky_GML.zip
5538,世界測地系,2002年（平成14年）,0.34MB,N04-02_5538-jgd_GML.zip
5538,世界測地系,2003年（平成15年）,0.34MB,N04-03_5538-jgd_GML.zip
5538,世界測地系,2004年（平成16年）,0.35MB,N04-04_5538-jgd_GML.zip
5538,世界測地系,2010年（平成22年）,0.38MB,N04-10_5538-jgd_GML.zip
5539,日本測地系,1978年（昭和53年）,0.78MB,N04-78_5539-tky_GML.zip
5539,世界測地系,2002年（平成14年）,0.27MB,N04-02_5539-jgd_GML.zip
5539,世界測地系,2003年（平成15年）,0.27MB,N04-03_5539-jgd_GML.zip
5539,世界測地系,2004年（平成16年）,0.27MB,N04-04_5539-jgd_GML.zip
5539,世界測地系,2010年（平成22年）,0.30MB,N04-10_5539-jgd_GML.zip
5540,日本測地系,1978年（昭和53年）,0.81MB,N04-78_5540-tky_GML.zip
5540,世界測地系,2002年（平成14年）,0.37MB,N04-02_5540-jgd_GML.zip
5540,世界測地系,2003年（平成15年）,0.38MB,N04-03_5540-jgd_GML.zip
5540,世界測地系,2004年（平成16年）,0.38MB,N04-04_5540-jgd_GML.zip
5540,世界測地系,2010年（平成22年）,0.39MB,N04-10_5540-jgd_GML.zip
5541,日本測地系,1978年（昭和53年）,0.05MB,N04-78_5541-tky_GML.zip
5541,世界測地系,2002年（平成14年）,0.02MB,N04-02_5541-jgd_GML.zip
5541,世界測地系,2003年（平成15年）,0.02MB,N04-03_5541-jgd_GML.zip
5541,世界測地系,2004年（平成16年）,0.02MB,N04-04_5541-jgd_GML.zip
5541,世界測地系,2010年（平成22年）,0.02MB,N04-10_5541-jgd_GML.zip
5636,日本測地系,1978年（昭和53年）,0.04MB,N04-78_5636-tky_GML.zip
5636,世界測地系,2002年（平成14年）,0.02MB,N04-02_5636-jgd_GML.zip
5636,世界測地系,2003年（平成15年）,0.02MB,N04-03_5636-jgd_GML.zip
5636,世界測地系,2004年（平成16年）,0.02MB,N04-04_5636-jgd_GML.zip
5636,世界測地系,2010年（平成22年）,0.03MB,N04-10_5636-jgd_GML.zip
5637,日本測地系,1978年（昭和53年）,0.07MB,N04-78_5637-tky_GML.zip
5637,世界測地系,2002年（平成14年）,0.04MB,N04-02_5637-jgd_GML.zip
5637,世界測地系,2003年（平成15年）,0.04MB,N04-03_5637-jgd_GML.zip
5637,世界測地系,2004年（平成16年）,0.04MB,N04-04_5637-jgd_GML.zip
5637,世界測地系,2010年（平成22年）,0.05MB,N04-10_5637-jgd_GML.zip
5638,日本測地系,1978年（昭和53年）,0.31MB,N04-78_5638-tky_GML.zip
5638,世界測地系,2002年（平成14年）,0.17MB,N04-02_5638-jgd_GML.zip
5638,世界測地系,2003年（平成15年）,0.17MB,N04-03_5638-jgd_GML.zip
5638,世界測地系,2004年（平成16年）,0.17MB,N04-04_5638-jgd_GML.zip
5638,世界測地系,2010年（平成22年）,0.19MB,N04-10_5638-jgd_GML.zip
5639,日本測地系,1978年（昭和53年）,0.81MB,N04-78_5639-tky_GML.zip
5639,世界測地系,2002年（平成14年）,0.32MB,N04-02_5639-jgd_GML.zip
5639,世界測地系,2003年（平成15年）,0.33MB,N04-03_5639-jgd_GML.zip
5639,世界測地系,2004年（平成16年）,0.33MB,N04-04_5639-jgd_GML.zip
5639,世界測地系,2010年（平成22年）,0.35MB,N04-10_5639-jgd_GML.zip
5640,日本測地系,1978年（昭和53年）,0.82MB,N04-78_5640-tky_GML.zip
5640,世界測地系,2002年（平成14年）,0.39MB,N04-02_5640-jgd_GML.zip
5640,世界測地系,2003年（平成15年）,0.39MB,N04-03_5640-jgd_GML.zip
5640,世界測地系,2004年（平成16年）,0.39MB,N04-04_5640-jgd_GML.zip
5640,世界測地系,2010年（平成22年）,0.41MB,N04-10_5640-jgd_GML.zip
5641,日本測地系,1978年（昭和53年）,0.05MB,N04-78_5641-tky_GML.zip
5641,世界測地系,2002年（平成14年）,0.03MB,N04-02_5641-jgd_GML.zip
5641,世界測地系,2003年（平成15年）,0.03MB,N04-03_5641-jgd_GML.zip
5641,世界測地系,2004年（平成16年）,0.03MB,N04-04_5641-jgd_GML.zip
5641,世界測地系,2010年（平成22年）,0.03MB,N04-10_5641-jgd_GML.zip
5738,日本測地系,1978年（昭和53年）,0.11MB,N04-78_5738-tky_GML.zip
5738,世界測地系,2002年（平成14年）,0.05MB,N04-02_5738-jgd_GML.zip
5738,世界測地系,2003年（平成15年）,0.05MB,N04-03_5738-jgd_GML.zip
5738,世界測地系,2004年（平成16年）,0.05MB,N04-04_5738-jgd_GML.zip
5738,世界測地系,2010年（平成22年）,0.06MB,N04-10_5738-jgd_GML.zip
5739,日本測地系,1978年（昭和53年）,0.42MB,N04-78_5739-tky_GML.zip
5739,世界測地系,2002年（平成14年）,0.17MB,N04-02_5739-jgd_GML.zip
5739,世界測地系,2003年（平成15年）,0.17MB,N04-03_5739-jgd_GML.zip
5739,世界測地系,2004年（平成16年）,0.18MB,N04-04_5739-jgd_GML.zip
5739,世界測地系,2010年（平成22年）,0.20MB,N04-10_5739-jgd_GML.zip
5740,日本測地系,1978年（昭和53年）,0.77MB,N04-78_5740-tky_GML.zip
5740,世界測地系,2002年（平成14年）,0.37MB,N04-02_5740-jgd_GML.zip
5740,世界測地系,2003年（平成15年）,0.37MB,N04-03_5740-jgd_GML.zip
5740,世界測地系,2004年（平成16年）,0.38MB,N04-04_5740-jgd_GML.zip
5740,世界測地系,2010年（平成22年）,0.41MB,N04-10_5740-jgd_GML.zip
5741,日本測地系,1978年（昭和53年）,0.30MB,N04-78_5741-tky_GML.zip
5741,世界測地系,2002年（平成14年）,0.14MB,N04-02_5741-jgd_GML.zip
5741,世界測地系,2003年（平成15年）,0.14MB,N04-03_5741-jgd_GML.zip
5741,世界測地系,2004年（平成16年）,0.14MB,N04-04_5741-jgd_GML.zip
5741,世界測地系,2010年（平成22年）,0.14MB,N04-10_5741-jgd_GML.zip
5839,日本測地系,1978年（昭和53年）,0.21MB,N04-78_5839-tky_GML.zip
5839,世界測地系,2002年（平成14年）,0.10MB,N04-02_5839-jgd_GML.zip
5839,世界測地系,2003年（平成15年）,0.10MB,N04-03_5839-jgd_GML.zip
5839,世界測地系,2004年（平成16年）,0.10MB,N04-04_5839-jgd_GML.zip
5839,世界測地系,2010年（平成22年）,0.11MB,N04-10_5839-jgd_GML.zip
5840,日本測地系,1978年（昭和53年）,0.85MB,N04-78_5840-tky_GML.zip
5840,世界測地系,2002年（平成14年）,0.30MB,N04-02_5840-jgd_GML.zip
5840,世界測地系,2003年（平成15年）,0.31MB,N04-03_5840-jgd_GML.zip
5840,世界測地系,2004年（平成16年）,0.31MB,N04-04_5840-jgd_GML.zip
5840,世界測地系,2010年（平成22年）,0.33MB,N04-10_5840-jgd_GML.zip
5841,日本測地系,1978年（昭和53年）,0.65MB,N04-78_5841-tky_GML.zip
5841,世界測地系,2002年（平成14年）,0.30MB,N04-02_5841-jgd_GML.zip
5841,世界測地系,2003年（平成15年）,0.31MB,N04-03_5841-jgd_GML.zip
5841,世界測地系,2004年（平成16年）,0.31MB,N04-04_5841-jgd_GML.zip
5841,世界測地系,2010年（平成22年）,0.32MB,N04-10_5841-jgd_GML.zip
5939,日本測地系,1978年（昭和53年）,0.06MB,N04-78_5939-tky_GML.zip
5939,世界測地系,2002年（平成14年）,0.04MB,N04-02_5939-jgd_GML.zip
5939,世界測地系,2003年（平成15年）,0.04MB,N04-03_5939-jgd_GML.zip
5939,世界測地系,2004年（平成16年）,0.04MB,N04-04_5939-jgd_GML.zip
5939,世界測地系,2010年（平成22年）,0.04MB,N04-10_5939-jgd_GML.zip
5940,日本測地系,1978年（昭和53年）,0.70MB,N04-78_5940-tky_GML.zip
5940,世界測地系,2002年（平成14年）,0.32MB,N04-02_5940-jgd_GML.zip
5940,世界測地系,2003年（平成15年）,0.32MB,N04-03_5940-jgd_GML.zip
5940,世界測地系,2004年（平成16年）,0.32MB,N04-04_5940-jgd_GML.zip
5940,世界測地系,2010年（平成22年）,0.34MB,N04-10_5940-jgd_GML.zip
5941,日本測地系,1978年（昭和53年）,0.53MB,N04-78_5941-tky_GML.zip
5941,世界測地系,2002年（平成14年）,0.32MB,N04-02_5941-jgd_GML.zip
5941,世界測地系,2003年（平成15年）,0.32MB,N04-03_5941-jgd_GML.zip
5941,世界測地系,2004年（平成16年）,0.33MB,N04-04_5941-jgd_GML.zip
5941,世界測地系,2010年（平成22年）,0.34MB,N04-10_5941-jgd_GML.zip
5942,日本測地系,1978年（昭和53年）,0.04MB,N04-78_5942-tky_GML.zip
5942,世界測地系,2002年（平成14年）,0.02MB,N04-02_5942-jgd_GML.zip
5942,世界測地系,2003年（平成15年）,0.02MB,N04-03_5942-jgd_GML.zip
5942,世界測地系,2004年（平成16年）,0.02MB,N04-04_5942-jgd_GML.zip
5942,世界測地系,2010年（平成22年）,0.02MB,N04-10_5942-jgd_GML.zip
6039,日本測地系,1978年（昭和53年）,0.09MB,N04-78_6039-tky_GML.zip
6039,世界測地系,2002年（平成14年）,0.04MB,N04-02_6039-jgd_GML.zip
6039,世界測地系,2003年（平成15年）,0.04MB,N04-03_6039-jgd_GML.zip
6039,世界測地系,2004年（平成16年）,0.04MB,N04-04_6039-jgd_GML.zip
6039,世界測地系,2010年（平成22年）,0.04MB,N04-10_6039-jgd_GML.zip
6040,日本測地系,1978年（昭和53年）,0.79MB,N04-78_6040-tky_GML.zip
6040,世界測地系,2002年（平成14年）,0.30MB,N04-02_6040-jgd_GML.zip
6040,世界測地系,2003年（平成15年）,0.30MB,N04-03_6040-jgd_GML.zip
6040,世界測地系,2004年（平成16年）,0.31MB,N04-04_6040-jgd_GML.zip
6040,世界測地系,2010年（平成22年）,0.33MB,N04-10_6040-jgd_GML.zip
6041,日本測地系,1978年（昭和53年）,0.60MB,N04-78_6041-tky_GML.zip
6041,世界測地系,2002年（平成14年）,0.28MB,N04-02_6041-jgd_GML.zip
6041,世界測地系,2003年（平成15年）,0.28MB,N04-03_6041-jgd_GML.zip
6041,世界測地系,2004年（平成16年）,0.28MB,N04-04_6041-jgd_GML.zip
6041,世界測地系,2010年（平成22年）,0.31MB,N04-10_6041-jgd_GML.zip
6139,日本測地系,1978年（昭和53年）,0.02MB,N04-78_6139-tky_GML.zip
6139,世界測地系,2002年（平成14年）,0.01MB,N04-02_6139-jgd_GML.zip
6139,世界測地系,2003年（平成15年）,0.01MB,N04-03_6139-jgd_GML.zip
6139,世界測地系,2004年（平成16年）,0.01MB,N04-04_6139-jgd_GML.zip
6139,世界測地系,2010年（平成22年）,0.01MB,N04-10_6139-jgd_GML.zip
6140,日本測地系,1978年（昭和53年）,0.39MB,N04-78_6140-tky_GML.zip
6140,世界測地系,2002年（平成14年）,0.21MB,N04-02_6140-jgd_GML.zip
6140,世界測地系,2003年（平成15年）,0.21MB,N04-03_6140-jgd_GML.zip
6140,世界測地系,2004年（平成16年）,0.21MB,N04-04_6140-jgd_GML.zip
6140,世界測地系,2010年（平成22年）,0.24MB,N04-10_6140-jgd_GML.zip
6141,日本測地系,1978年（昭和53年）,0.23MB,N04-78_6141-tky_GML.zip
6141,世界測地系,2002年（平成14年）,0.14MB,N04-02_6141-jgd_GML.zip
6141,世界測地系,2003年（平成15年）,0.14MB,N04-03_6141-jgd_GML.zip
6141,世界測地系,2004年（平成16年）,0.14MB,N04-04_6141-jgd_GML.zip
6141,世界測地系,2010年（平成22年）,0.15MB,N04-10_6141-jgd_GML.zip
6239,日本測地系,1978年（昭和53年）,0.04MB,N04-78_6239-tky_GML.zip
6239,世界測地系,2002年（平成14年）,0.01MB,N04-02_6239-jgd_GML.zip
6239,世界測地系,2003年（平成15年）,0.01MB,N04-03_6239-jgd_GML.zip
6239,世界測地系,2004年（平成16年）,0.01MB,N04-04_6239-jgd_GML.zip
6239,世界測地系,2010年（平成22年）,0.01MB,N04-10_6239-jgd_GML.zip
6240,日本測地系,1978年（昭和53年）,0.35MB,N04-78_6240-tky_GML.zip
6240,世界測地系,2002年（平成14年）,0.20MB,N04-02_6240-jgd_GML.zip
6240,世界測地系,2003年（平成15年）,0.20MB,N04-03_6240-jgd_GML.zip
6240,世界測地系,2004年（平成16年）,0.20MB,N04-04_6240-jgd_GML.zip
6240,世界測地系,2010年（平成22年）,0.21MB,N04-10_6240-jgd_GML.zip
6241,日本測地系,1978年（昭和53年）,0.10MB,N04-78_6241-tky_GML.zip
6241,世界測地系,2002年（平成14年）,0.05MB,N04-02_6241-jgd_GML.zip
6241,世界測地系,2003年（平成15年）,0.05MB,N04-03_6241-jgd_GML.zip
6241,世界測地系,2004年（平成16年）,0.05MB,N04-04_6241-jgd_GML.zip
6241,世界測地系,2010年（平成22年）,0.05MB,N04-10_6241-jgd_GML.zip
6243,日本測地系,1978年（昭和53年）,0.01MB,N04-78_6243-tky_GML.zip
6243,世界測地系,2002年（平成14年）,0.01MB,N04-02_6243-jgd_GML.zip
6243,世界測地系,2003年（平成15年）,0.01MB,N04-03_6243-jgd_GML.zip
6243,世界測地系,2004年（平成16年）,0.01MB,N04-04_6243-jgd_GML.zip
6243,世界測地系,2010年（平成22年）,0.01MB,N04-10_6243-jgd_GML.zip
6339,日本測地系,1978年（昭和53年）,0.12MB,N04-78_6339-tky_GML.zip
6339,世界測地系,2002年（平成14年）,0.07MB,N04-02_6339-jgd_GML.zip
6339,世界測地系,2003年（平成15年）,0.07MB,N04-03_6339-jgd_GML.zip
6339,世界測地系,2004年（平成16年）,0.07MB,N04-04_6339-jgd_GML.zip
6339,世界測地系,2010年（平成22年）,0.08MB,N04-10_6339-jgd_GML.zip
6340,日本測地系,1978年（昭和53年）,0.34MB,N04-78_6340-tky_GML.zip
6340,世界測地系,2002年（平成14年）,0.20MB,N04-02_6340-jgd_GML.zip
6340,世界測地系,2003年（平成15年）,0.20MB,N04-03_6340-jgd_GML.zip
6340,世界測地系,2004年（平成16年）,0.20MB,N04-04_6340-jgd_GML.zip
6340,世界測地系,2010年（平成22年）,0.22MB,N04-10_6340-jgd_GML.zip
6341,日本測地系,1978年（昭和53年）,0.13MB,N04-78_6341-tky_GML.zip
6341,世界測地系,2002年（平成14年）,0.10MB,N04-02_6341-jgd_GML.zip
6341,世界測地系,2003年（平成15年）,0.10MB,N04-03_6341-jgd_GML.zip
6341,世界測地系,2004年（平成16年）,0.10MB,N04-04_6341-jgd_GML.zip
6341,世界測地系,2010年（平成22年）,0.10MB,N04-10_6341-jgd_GML.zip
6342,日本測地系,1978年（昭和53年）,0.28MB,N04-78_6342-tky_GML.zip
6342,世界測地系,2002年（平成14年）,0.18MB,N04-02_6342-jgd_GML.zip
6342,世界測地系,2003年（平成15年）,0.17MB,N04-03_6342-jgd_GML.zip
6342,世界測地系,2004年（平成16年）,0.17MB,N04-04_6342-jgd_GML.zip
6342,世界測地系,2010年（平成22年）,0.18MB,N04-10_6342-jgd_GML.zip
6343,日本測地系,1978年（昭和53年）,0.22MB,N04-78_6343-tky_GML.zip
6343,世界測地系,2002年（平成14年）,0.14MB,N04-02_6343-jgd_GML.zip
6343,世界測地系,2003年（平成15年）,0.14MB,N04-03_6343-jgd_GML.zip
6343,世界測地系,2004年（平成16年）,0.14MB,N04-04_6343-jgd_GML.zip
6343,世界測地系,2010年（平成22年）,0.15MB,N04-10_6343-jgd_GML.zip
6439,日本測地系,1978年（昭和53年）,0.01MB,N04-78_6439-tky_GML.zip
6439,世界測地系,2002年（平成14年）,0.01MB,N04-02_6439-jgd_GML.zip
6439,世界測地系,2003年（平成15年）,0.01MB,N04-03_6439-jgd_GML.zip
6439,世界測地系,2004年（平成16年）,0.01MB,N04-04_6439-jgd_GML.zip
6439,世界測地系,2010年（平成22年）,0.01MB,N04-10_6439-jgd_GML.zip
6440,日本測地系,1978年（昭和53年）,0.37MB,N04-78_6440-tky_GML.zip
6440,世界測地系,2002年（平成14年）,0.20MB,N04-02_6440-jgd_GML.zip
6440,世界測地系,2003年（平成15年）,0.20MB,N04-03_6440-jgd_GML.zip
6440,世界測地系,2004年（平成16年）,0.20MB,N04-04_6440-jgd_GML.zip
6440,世界測地系,2010年（平成22年）,0.22MB,N04-10_6440-jgd_GML.zip
6441,日本測地系,1978年（昭和53年）,0.57MB,N04-78_6441-tky_GML.zip
6441,世界測地系,2002年（平成14年）,0.35MB,N04-02_6441-jgd_GML.zip
6441,世界測地系,2003年（平成15年）,0.35MB,N04-03_6441-jgd_GML.zip
6441,世界測地系,2004年（平成16年）,0.35MB,N04-04_6441-jgd_GML.zip
6441,世界測地系,2010年（平成22年）,0.37MB,N04-10_6441-jgd_GML.zip
6442,日本測地系,1978年（昭和53年）,0.44MB,N04-78_6442-tky_GML.zip
6442,世界測地系,2002年（平成14年）,0.26MB,N04-02_6442-jgd_GML.zip
6442,世界測地系,2003年（平成15年）,0.25MB,N04-03_6442-jgd_GML.zip
6442,世界測地系,2004年（平成16年）,0.25MB,N04-04_6442-jgd_GML.zip
6442,世界測地系,2010年（平成22年）,0.28MB,N04-10_6442-jgd_GML.zip
6443,日本測地系,1978年（昭和53年）,0.46MB,N04-78_6443-tky_GML.zip
6443,世界測地系,2002年（平成14年）,0.33MB,N04-02_6443-jgd_GML.zip
6443,世界測地系,2003年（平成15年）,0.33MB,N04-03_6443-jgd_GML.zip
6443,世界測地系,2004年（平成16年）,0.33MB,N04-04_6443-jgd_GML.zip
6443,世界測地系,2010年（平成22年）,0.35MB,N04-10_6443-jgd_GML.zip
6444,日本測地系,1978年（昭和53年）,0.28MB,N04-78_6444-tky_GML.zip
6444,世界測地系,2002年（平成14年）,0.19MB,N04-02_6444-jgd_GML.zip
6444,世界測地系,2003年（平成15年）,0.19MB,N04-03_6444-jgd_GML.zip
6444,世界測地系,2004年（平成16年）,0.20MB,N04-04_6444-jgd_GML.zip
6444,世界測地系,2010年（平成22年）,0.21MB,N04-10_6444-jgd_GML.zip
6445,日本測地系,1978年（昭和53年）,0.12MB,N04-78_6445-tky_GML.zip
6445,世界測地系,2002年（平成14年）,0.08MB,N04-02_6445-jgd_GML.zip
6445,世界測地系,2003年（平成15年）,0.08MB,N04-03_6445-jgd_GML.zip
6445,世界測地系,2004年（平成16年）,0.08MB,N04-04_6445-jgd_GML.zip
6445,世界測地系,2010年（平成22年）,0.08MB,N04-10_6445-jgd_GML.zip
6540,日本測地系,1978年（昭和53年）,0.02MB,N04-78_6540-tky_GML.zip
6540,世界測地系,2002年（平成14年）,0.01MB,N04-02_6540-jgd_GML.zip
6540,世界測地系,2003年（平成15年）,0.01MB,N04-03_6540-jgd_GML.zip
6540,世界測地系,2004年（平成16年）,0.01MB,N04-04_6540-jgd_GML.zip
6540,世界測地系,2010年（平成22年）,0.01MB,N04-10_6540-jgd_GML.zip
6541,日本測地系,1978年（昭和53年）,0.32MB,N04-78_6541-tky_GML.zip
6541,世界測地系,2002年（平成14年）,0.18MB,N04-02_6541-jgd_GML.zip
6541,世界測地系,2003年（平成15年）,0.18MB,N04-03_6541-jgd_GML.zip
6541,世界測地系,2004年（平成16年）,0.18MB,N04-04_6541-jgd_GML.zip
6541,世界測地系,2010年（平成22年）,0.20MB,N04-10_6541-jgd_GML.zip
6542,日本測地系,1978年（昭和53年）,0.52MB,N04-78_6542-tky_GML.zip
6542,世界測地系,2002年（平成14年）,0.30MB,N04-02_6542-jgd_GML.zip
6542,世界測地系,2003年（平成15年）,0.30MB,N04-03_6542-jgd_GML.zip
6542,世界測地系,2004年（平成16年）,0.30MB,N04-04_6542-jgd_GML.zip
6542,世界測地系,2010年（平成22年）,0.33MB,N04-10_6542-jgd_GML.zip
6543,日本測地系,1978年（昭和53年）,0.48MB,N04-78_6543-tky_GML.zip
6543,世界測地系,2002年（平成14年）,0.26MB,N04-02_6543-jgd_GML.zip
6543,世界測地系,2003年（平成15年）,0.26MB,N04-03_6543-jgd_GML.zip
6543,世界測地系,2004年（平成16年）,0.27MB,N04-04_6543-jgd_GML.zip
6543,世界測地系,2010年（平成22年）,0.29MB,N04-10_6543-jgd_GML.zip
6544,日本測地系,1978年（昭和53年）,0.47MB,N04-78_6544-tky_GML.zip
6544,世界測地系,2002年（平成14年）,0.29MB,N04-02_6544-jgd_GML.zip
6544,世界測地系,2003年（平成15年）,0.29MB,N04-03_6544-jgd_GML.zip
6544,世界測地系,2004年（平成16年）,0.30MB,N04-04_6544-jgd_GML.zip
6544,世界測地系,2010年（平成22年）,0.32MB,N04-10_6544-jgd_GML.zip
6545,日本測地系,1978年（昭和53年）,0.16MB,N04-78_6545-tky_GML.zip
6545,世界測地系,2002年（平成14年）,0.10MB,N04-02_6545-jgd_GML.zip
6545,世界測地系,2003年（平成15年）,0.10MB,N04-03_6545-jgd_GML.zip
6545,世界測地系,2004年（平成16年）,0.10MB,N04-04_6545-jgd_GML.zip
6545,世界測地系,2010年（平成22年）,0.10MB,N04-10_6545-jgd_GML.zip
6546,日本測地系,1978年（昭和53年）,0.10MB,N04-78_6546-tky_GML.zip
6641,日本測地系,1978年（昭和53年）,0.15MB,N04-78_6641-tky_GML.zip
6641,世界測地系,2002年（平成14年）,0.09MB,N04-02_6641-jgd_GML.zip
6641,世界測地系,2003年（平成15年）,0.10MB,N04-03_6641-jgd_GML.zip
6641,世界測地系,2004年（平成16年）,0.10MB,N04-04_6641-jgd_GML.zip
6641,世界測地系,2010年（平成22年）,0.11MB,N04-10_6641-jgd_GML.zip
6642,日本測地系,1978年（昭和53年）,0.44MB,N04-78_6642-tky_GML.zip
6642,世界測地系,2002年（平成14年）,0.25MB,N04-02_6642-jgd_GML.zip
6642,世界測地系,2003年（平成15年）,0.25MB,N04-03_6642-jgd_GML.zip
6642,世界測地系,2004年（平成16年）,0.26MB,N04-04_6642-jgd_GML.zip
6642,世界測地系,2010年（平成22年）,0.29MB,N04-10_6642-jgd_GML.zip
6643,日本測地系,1978年（昭和53年）,0.24MB,N04-78_6643-tky_GML.zip
6643,世界測地系,2002年（平成14年）,0.16MB,N04-02_6643-jgd_GML.zip
6643,世界測地系,2003年（平成15年）,0.16MB,N04-03_6643-jgd_GML.zip
6643,世界測地系,2004年（平成16年）,0.16MB,N04-04_6643-jgd_GML.zip
6643,世界測地系,2010年（平成22年）,0.17MB,N04-10_6643-jgd_GML.zip
6644,日本測地系,1978年（昭和53年）,0.05MB,N04-78_6644-tky_GML.zip
6644,世界測地系,2002年（平成14年）,0.03MB,N04-02_6644-jgd_GML.zip
6644,世界測地系,2003年（平成15年）,0.03MB,N04-03_6644-jgd_GML.zip
6644,世界測地系,2004年（平成16年）,0.03MB,N04-04_6644-jgd_GML.zip
6644,世界測地系,2010年（平成22年）,0.04MB,N04-10_6644-jgd_GML.zip
6645,日本測地系,1978年（昭和53年）,0.08MB,N04-78_6645-tky_GML.zip
6645,世界測地系,2002年（平成14年）,0.03MB,N04-02_6645-jgd_GML.zip
6645,世界測地系,2003年（平成15年）,0.03MB,N04-03_6645-jgd_GML.zip
6645,世界測地系,2004年（平成16年）,0.03MB,N04-04_6645-jgd_GML.zip
6645,世界測地系,2010年（平成22年）,0.03MB,N04-10_6645-jgd_GML.zip
6646,日本測地系,1978年（昭和53年）,0.06MB,N04-78_6646-tky_GML.zip
6647,日本測地系,1978年（昭和53年）,0.04MB,N04-78_6647-tky_GML.zip
6741,日本測地系,1978年（昭和53年）,0.19MB,N04-78_6741-tky_GML.zip
6741,世界測地系,2002年（平成14年）,0.13MB,N04-02_6741-jgd_GML.zip
6741,世界測地系,2003年（平成15年）,0.13MB,N04-03_6741-jgd_GML.zip
6741,世界測地系,2004年（平成16年）,0.13MB,N04-04_6741-jgd_GML.zip
6741,世界測地系,2010年（平成22年）,0.14MB,N04-10_6741-jgd_GML.zip
6742,日本測地系,1978年（昭和53年）,0.26MB,N04-78_6742-tky_GML.zip
6742,世界測地系,2002年（平成14年）,0.15MB,N04-02_6742-jgd_GML.zip
6742,世界測地系,2003年（平成15年）,0.16MB,N04-03_6742-jgd_GML.zip
6742,世界測地系,2004年（平成16年）,0.16MB,N04-04_6742-jgd_GML.zip
6742,世界測地系,2010年（平成22年）,0.18MB,N04-10_6742-jgd_GML.zip
6747,日本測地系,1978年（昭和53年）,0.08MB,N04-78_6747-tky_GML.zip
6748,日本測地系,1978年（昭和53年）,0.05MB,N04-78_6748-tky_GML.zip
6840,日本測地系,1978年（昭和53年）,0.02MB,N04-78_6840-tky_GML.zip
6840,世界測地系,2002年（平成14年）,0.01MB,N04-02_6840-jgd_GML.zip
6840,世界測地系,2003年（平成15年）,0.01MB,N04-03_6840-jgd_GML.zip
6840,世界測地系,2004年（平成16年）,0.01MB,N04-04_6840-jgd_GML.zip
6840,世界測地系,2010年（平成22年）,0.01MB,N04-10_6840-jgd_GML.zip
6841,日本測地系,1978年（昭和53年）,0.04MB,N04-78_6841-tky_GML.zip
6841,世界測地系,2002年（平成14年）,0.04MB,N04-02_6841-jgd_GML.zip
6841,世界測地系,2003年（平成15年）,0.04MB,N04-03_6841-jgd_GML.zip
6841,世界測地系,2004年（平成16年）,0.04MB,N04-04_6841-jgd_GML.zip
6841,世界測地系,2010年（平成22年）,0.04MB,N04-10_6841-jgd_GML.zip
6842,日本測地系,1978年（昭和53年）,0.02MB,N04-78_6842-tky_GML.zip
6842,世界測地系,2002年（平成14年）,0.01MB,N04-02_6842-jgd_GML.zip
6842,世界測地系,2003年（平成15年）,0.01MB,N04-03_6842-jgd_GML.zip
6842,世界測地系,2004年（平成16年）,0.01MB,N04-04_6842-jgd_GML.zip
6842,世界測地系,2010年（平成22年）,0.02MB,N04-10_6842-jgd_GML.zip
6847,日本測地系,1978年（昭和53年）,0.02MB,N04-78_6847-tky_GML.zip
6848,日本測地系,1978年（昭和53年）,0.05MB,N04-78_6848-tky_GML.zip