全国,世界測地系,2023年（令和5年）,30.7MB,N05-23_GML.zip
全国,世界測地系,2022年（令和4年）,30.5MB,N05-22_GML.zip
全国,世界測地系,2021年（令和3年）,30.0MB,N05-21_GML.zip
全国,世界測地系,2020年（令和2年）,14.9MB,N05-20_GML.zip
全国,世界測地系,2019年（令和元年）,18.41MB,N05-19_GML.zip
全国,世界測地系,2018年（平成30年）,14.60MB,N05-18_GML.zip
全国,世界測地系,2017年（平成29年）,18.25MB,N05-17_GML.zip
全国,世界測地系,2016年（平成28年）,14.59MB,N05-16_GML.zip
全国,世界測地系,2015年（平成27年）,10.54MB,N05-15_GML.zip
全国,世界測地系,2014年（平成26年）,12.69MB,N05-14_GML.zip
全国,世界測地系,2013年（平成25年）,10.50MB,N05-13.zip
全国,世界測地系,2012年（平成24年）,12.54MB,N05-12_GML.zip
全国,世界測地系,2011年（平成23年）,11.61MB,N05-11_GML.zip