[{"filename": "N05-23_GML.zip", "url": "https://nlftp.mlit.go.jp/ksj/gml/data/N05/N05-23/N05-23_GML.zip"}, {"filename": "N05-22_GML.zip", "url": "https://nlftp.mlit.go.jp/ksj/gml/data/N05/N05-22/N05-22_GML.zip"}, {"filename": "N05-21_GML.zip", "url": "https://nlftp.mlit.go.jp/ksj/gml/data/N05/N05-21/N05-21_GML.zip"}, {"filename": "N05-20_GML.zip", "url": "https://nlftp.mlit.go.jp/ksj/gml/data/N05/N05-20/N05-20_GML.zip"}, {"filename": "N05-19_GML.zip", "url": "https://nlftp.mlit.go.jp/ksj/gml/data/N05/N05-19/N05-19_GML.zip"}, {"filename": "N05-18_GML.zip", "url": "https://nlftp.mlit.go.jp/ksj/gml/data/N05/N05-18/N05-18_GML.zip"}, {"filename": "N05-17_GML.zip", "url": "https://nlftp.mlit.go.jp/ksj/gml/data/N05/N05-17/N05-17_GML.zip"}, {"filename": "N05-16_GML.zip", "url": "https://nlftp.mlit.go.jp/ksj/gml/data/N05/N05-16/N05-16_GML.zip"}, {"filename": "N05-15_GML.zip", "url": "https://nlftp.mlit.go.jp/ksj/gml/data/N05/N05-15/N05-15_GML.zip"}, {"filename": "N05-14_GML.zip", "url": "https://nlftp.mlit.go.jp/ksj/gml/data/N05/N05-14/N05-14_GML.zip"}, {"filename": "N05-13.zip", "url": "https://nlftp.mlit.go.jp/ksj/gml/data/N05/N05-13/N05-13.zip"}, {"filename": "N05-12_GML.zip", "url": "https://nlftp.mlit.go.jp/ksj/gml/data/N05/N05-12/N05-12_GML.zip"}, {"filename": "N05-11_GML.zip", "url": "https://nlftp.mlit.go.jp/ksj/gml/data/N05/N05-11/N05-11_GML.zip"}]