[{"filename": "N06-23_GML.zip", "url": "https://nlftp.mlit.go.jp/ksj/gml/data/N06/N06-23/N06-23_GML.zip"}, {"filename": "N06-22_GML.zip", "url": "https://nlftp.mlit.go.jp/ksj/gml/data/N06/N06-22/N06-22_GML.zip"}, {"filename": "N06-21_GML.zip", "url": "https://nlftp.mlit.go.jp/ksj/gml/data/N06/N06-21/N06-21_GML.zip"}, {"filename": "N06-20_GML.zip", "url": "https://nlftp.mlit.go.jp/ksj/gml/data/N06/N06-20/N06-20_GML.zip"}, {"filename": "N06-19_GML.zip", "url": "https://nlftp.mlit.go.jp/ksj/gml/data/N06/N06-19/N06-19_GML.zip"}, {"filename": "N06-18_GML.zip", "url": "https://nlftp.mlit.go.jp/ksj/gml/data/N06/N06-18/N06-18_GML.zip"}, {"filename": "N06-17_GML.zip", "url": "https://nlftp.mlit.go.jp/ksj/gml/data/N06/N06-17/N06-17_GML.zip"}, {"filename": "N06-16_GML.zip", "url": "https://nlftp.mlit.go.jp/ksj/gml/data/N06/N06-16/N06-16_GML.zip"}, {"filename": "N06-15_GML.zip", "url": "https://nlftp.mlit.go.jp/ksj/gml/data/N06/N06-15/N06-15_GML.zip"}, {"filename": "N06-14_GML.zip", "url": "https://nlftp.mlit.go.jp/ksj/gml/data/N06/N06-14/N06-14_GML.zip"}, {"filename": "N06-13.zip", "url": "https://nlftp.mlit.go.jp/ksj/gml/data/N06/N06-13/N06-13.zip"}, {"filename": "N06-12_GML.zip", "url": "https://nlftp.mlit.go.jp/ksj/gml/data/N06/N06-12/N06-12_GML.zip"}, {"filename": "N06-11_GML.zip", "url": "https://nlftp.mlit.go.jp/ksj/gml/data/N06/N06-11/N06-11_GML.zip"}]