全国,世界測地系,2023年（令和5年）,7.36MB,N06-23_GML.zip
全国,世界測地系,2022年（令和4年）,7.25MB,N06-22_GML.zip
全国,世界測地系,2021年（令和3年）,7.19MB,N06-21_GML.zip
全国,世界測地系,2020年（令和2年）,3.48MB,N06-20_GML.zip
全国,世界測地系,2019年（令和元年）,4.14MB,N06-19_GML.zip
全国,世界測地系,2018年（平成30年）,3.31MB,N06-18_GML.zip
全国,世界測地系,2017年（平成29年）,3.89MB,N06-17_GML.zip
全国,世界測地系,2016年（平成28年）,3.15MB,N06-16_GML.zip
全国,世界測地系,2015年（平成27年）,2.29MB,N06-15_GML.zip
全国,世界測地系,2014年（平成26年）,2.23MB,N06-14_GML.zip
全国,世界測地系,2013年（平成25年）,2.18MB,N06-13.zip
全国,世界測地系,2012年（平成24年）,2.13MB,N06-12_GML.zip
全国,世界測地系,2011年（平成23年）,2.06MB,N06-11_GML.zip