[{"filename": "N07-22_GML.zip", "url": "https://nlftp.mlit.go.jp/ksj/gml/data/N07/N07-22/N07-22_GML.zip"}, {"filename": "N07-22_SHP.zip", "url": "https://nlftp.mlit.go.jp/ksj/gml/data/N07/N07-22/N07-22_SHP.zip"}, {"filename": "N07-11_GML.zip", "url": "https://nlftp.mlit.go.jp/ksj/gml/data/N07/N07-11/N07-11_GML.zip"}, {"filename": "N07-22_01_GML.zip", "url": "https://nlftp.mlit.go.jp/ksj/gml/data/N07/N07-22/N07-22_01_GML.zip"}, {"filename": "N07-22_01_SHP.zip", "url": "https://nlftp.mlit.go.jp/ksj/gml/data/N07/N07-22/N07-22_01_SHP.zip"}, {"filename": "N07-11_01_GML.zip", "url": "https://nlftp.mlit.go.jp/ksj/gml/data/N07/N07-11/N07-11_01_GML.zip"}, {"filename": "N07-22_52_GML.zip", "url": "https://nlftp.mlit.go.jp/ksj/gml/data/N07/N07-22/N07-22_52_GML.zip"}, {"filename": "N07-22_52_SHP.zip", "url": "https://nlftp.mlit.go.jp/ksj/gml/data/N07/N07-22/N07-22_52_SHP.zip"}, {"filename": "N07-22_02_GML.zip", "url": "https://nlftp.mlit.go.jp/ksj/gml/data/N07/N07-22/N07-22_02_GML.zip"}, {"filename": "N07-22_02_SHP.zip", "url": "https://nlftp.mlit.go.jp/ksj/gml/data/N07/N07-22/N07-22_02_SHP.zip"}, {"filename": "N07-11_02_GML.zip", "url": "https://nlftp.mlit.go.jp/ksj/gml/data/N07/N07-11/N07-11_02_GML.zip"}, {"filename": "N07-22_03_GML.zip", "url": "https://nlftp.mlit.go.jp/ksj/gml/data/N07/N07-22/N07-22_03_GML.zip"}, {"filename": "N07-22_03_SHP.zip", "url": "https://nlftp.mlit.go.jp/ksj/gml/data/N07/N07-22/N07-22_03_SHP.zip"}, {"filename": "N07-11_03_GML.zip", "url": "https://nlftp.mlit.go.jp/ksj/gml/data/N07/N07-11/N07-11_03_GML.zip"}, {"filename": "N07-22_04_GML.zip", "url": "https://nlftp.mlit.go.jp/ksj/gml/data/N07/N07-22/N07-22_04_GML.zip"}, {"filename": "N07-22_04_SHP.zip", "url": "https://nlftp.mlit.go.jp/ksj/gml/data/N07/N07-22/N07-22_04_SHP.zip"}, {"filename": "N07-11_04_GML.zip", "url": "https://nlftp.mlit.go.jp/ksj/gml/data/N07/N07-11/N07-11_04_GML.zip"}, {"filename": "N07-22_05_GML.zip", "url": "https://nlftp.mlit.go.jp/ksj/gml/data/N07/N07-22/N07-22_05_GML.zip"}, {"filename": "N07-22_05_SHP.zip", "url": "https://nlftp.mlit.go.jp/ksj/gml/data/N07/N07-22/N07-22_05_SHP.zip"}, {"filename": "N07-11_05_GML.zip", "url": "https://nlftp.mlit.go.jp/ksj/gml/data/N07/N07-11/N07-11_05_GML.zip"}, {"filename": "N07-22_06_GML.zip", "url": "https://nlftp.mlit.go.jp/ksj/gml/data/N07/N07-22/N07-22_06_GML.zip"}, {"filename": "N07-22_06_SHP.zip", "url": "https://nlftp.mlit.go.jp/ksj/gml/data/N07/N07-22/N07-22_06_SHP.zip"}, {"filename": "N07-11_06_GML.zip", "url": "https://nlftp.mlit.go.jp/ksj/gml/data/N07/N07-11/N07-11_06_GML.zip"}, {"filename": "N07-22_07_GML.zip", "url": "https://nlftp.mlit.go.jp/ksj/gml/data/N07/N07-22/N07-22_07_GML.zip"}, {"filename": "N07-22_07_SHP.zip", "url": "https://nlftp.mlit.go.jp/ksj/gml/data/N07/N07-22/N07-22_07_SHP.zip"}, {"filename": "N07-11_07_GML.zip", "url": "https://nlftp.mlit.go.jp/ksj/gml/data/N07/N07-11/N07-11_07_GML.zip"}, {"filename": "N07-22_53_GML.zip", "url": "https://nlftp.mlit.go.jp/ksj/gml/data/N07/N07-22/N07-22_53_GML.zip"}, {"filename": "N07-22_53_SHP.zip", "url": "https://nlftp.mlit.go.jp/ksj/gml/data/N07/N07-22/N07-22_53_SHP.zip"}, {"filename": "N07-22_08_GML.zip", "url": "https://nlftp.mlit.go.jp/ksj/gml/data/N07/N07-22/N07-22_08_GML.zip"}, {"filename": "N07-22_08_SHP.zip", "url": "https://nlftp.mlit.go.jp/ksj/gml/data/N07/N07-22/N07-22_08_SHP.zip"}, {"filename": "N07-11_08_GML.zip", "url": "https://nlftp.mlit.go.jp/ksj/gml/data/N07/N07-11/N07-11_08_GML.zip"}, {"filename": "N07-22_09_GML.zip", "url": "https://nlftp.mlit.go.jp/ksj/gml/data/N07/N07-22/N07-22_09_GML.zip"}, {"filename": "N07-22_09_SHP.zip", "url": "https://nlftp.mlit.go.jp/ksj/gml/data/N07/N07-22/N07-22_09_SHP.zip"}, {"filename": "N07-11_09_GML.zip", "url": "https://nlftp.mlit.go.jp/ksj/gml/data/N07/N07-11/N07-11_09_GML.zip"}, {"filename": "N07-22_10_GML.zip", "url": "https://nlftp.mlit.go.jp/ksj/gml/data/N07/N07-22/N07-22_10_GML.zip"}, {"filename": "N07-22_10_SHP.zip", "url": "https://nlftp.mlit.go.jp/ksj/gml/data/N07/N07-22/N07-22_10_SHP.zip"}, {"filename": "N07-11_10_GML.zip", "url": "https://nlftp.mlit.go.jp/ksj/gml/data/N07/N07-11/N07-11_10_GML.zip"}, {"filename": "N07-22_11_GML.zip", "url": "https://nlftp.mlit.go.jp/ksj/gml/data/N07/N07-22/N07-22_11_GML.zip"}, {"filename": "N07-22_11_SHP.zip", "url": "https://nlftp.mlit.go.jp/ksj/gml/data/N07/N07-22/N07-22_11_SHP.zip"}, {"filename": "N07-11_11_GML.zip", "url": "https://nlftp.mlit.go.jp/ksj/gml/data/N07/N07-11/N07-11_11_GML.zip"}, {"filename": "N07-22_12_GML.zip", "url": "https://nlftp.mlit.go.jp/ksj/gml/data/N07/N07-22/N07-22_12_GML.zip"}, {"filename": "N07-22_12_SHP.zip", "url": "https://nlftp.mlit.go.jp/ksj/gml/data/N07/N07-22/N07-22_12_SHP.zip"}, {"filename": "N07-11_12_GML.zip", "url": "https://nlftp.mlit.go.jp/ksj/gml/data/N07/N07-11/N07-11_12_GML.zip"}, {"filename": "N07-22_13_GML.zip", "url": "https://nlftp.mlit.go.jp/ksj/gml/data/N07/N07-22/N07-22_13_GML.zip"}, {"filename": "N07-22_13_SHP.zip", "url": "https://nlftp.mlit.go.jp/ksj/gml/data/N07/N07-22/N07-22_13_SHP.zip"}, {"filename": "N07-11_13_GML.zip", "url": "https://nlftp.mlit.go.jp/ksj/gml/data/N07/N07-11/N07-11_13_GML.zip"}, {"filename": "N07-22_14_GML.zip", "url": "https://nlftp.mlit.go.jp/ksj/gml/data/N07/N07-22/N07-22_14_GML.zip"}, {"filename": "N07-22_14_SHP.zip", "url": "https://nlftp.mlit.go.jp/ksj/gml/data/N07/N07-22/N07-22_14_SHP.zip"}, {"filename": "N07-11_14_GML.zip", "url": "https://nlftp.mlit.go.jp/ksj/gml/data/N07/N07-11/N07-11_14_GML.zip"}, {"filename": "N07-22_54_GML.zip", "url": "https://nlftp.mlit.go.jp/ksj/gml/data/N07/N07-22/N07-22_54_GML.zip"}, {"filename": "N07-22_54_SHP.zip", "url": "https://nlftp.mlit.go.jp/ksj/gml/data/N07/N07-22/N07-22_54_SHP.zip"}, {"filename": "N07-22_15_GML.zip", "url": "https://nlftp.mlit.go.jp/ksj/gml/data/N07/N07-22/N07-22_15_GML.zip"}, {"filename": "N07-22_15_SHP.zip", "url": "https://nlftp.mlit.go.jp/ksj/gml/data/N07/N07-22/N07-22_15_SHP.zip"}, {"filename": "N07-11_15_GML.zip", "url": "https://nlftp.mlit.go.jp/ksj/gml/data/N07/N07-11/N07-11_15_GML.zip"}, {"filename": "N07-22_16_GML.zip", "url": "https://nlftp.mlit.go.jp/ksj/gml/data/N07/N07-22/N07-22_16_GML.zip"}, {"filename": "N07-22_16_SHP.zip", "url": "https://nlftp.mlit.go.jp/ksj/gml/data/N07/N07-22/N07-22_16_SHP.zip"}, {"filename": "N07-11_16_GML.zip", "url": "https://nlftp.mlit.go.jp/ksj/gml/data/N07/N07-11/N07-11_16_GML.zip"}, {"filename": "N07-22_17_GML.zip", "url": "https://nlftp.mlit.go.jp/ksj/gml/data/N07/N07-22/N07-22_17_GML.zip"}, {"filename": "N07-22_17_SHP.zip", "url": "https://nlftp.mlit.go.jp/ksj/gml/data/N07/N07-22/N07-22_17_SHP.zip"}, {"filename": "N07-11_17_GML.zip", "url": "https://nlftp.mlit.go.jp/ksj/gml/data/N07/N07-11/N07-11_17_GML.zip"}, {"filename": "N07-22_18_GML.zip", "url": "https://nlftp.mlit.go.jp/ksj/gml/data/N07/N07-22/N07-22_18_GML.zip"}, {"filename": "N07-22_18_SHP.zip", "url": "https://nlftp.mlit.go.jp/ksj/gml/data/N07/N07-22/N07-22_18_SHP.zip"}, {"filename": "N07-11_18_GML.zip", "url": "https://nlftp.mlit.go.jp/ksj/gml/data/N07/N07-11/N07-11_18_GML.zip"}, {"filename": "N07-22_19_GML.zip", "url": "https://nlftp.mlit.go.jp/ksj/gml/data/N07/N07-22/N07-22_19_GML.zip"}, {"filename": "N07-22_19_SHP.zip", "url": "https://nlftp.mlit.go.jp/ksj/gml/data/N07/N07-22/N07-22_19_SHP.zip"}, {"filename": "N07-11_19_GML.zip", "url": "https://nlftp.mlit.go.jp/ksj/gml/data/N07/N07-11/N07-11_19_GML.zip"}, {"filename": "N07-22_20_GML.zip", "url": "https://nlftp.mlit.go.jp/ksj/gml/data/N07/N07-22/N07-22_20_GML.zip"}, {"filename": "N07-22_20_SHP.zip", "url": "https://nlftp.mlit.go.jp/ksj/gml/data/N07/N07-22/N07-22_20_SHP.zip"}, {"filename": "N07-11_20_GML.zip", "url": "https://nlftp.mlit.go.jp/ksj/gml/data/N07/N07-11/N07-11_20_GML.zip"}, {"filename": "N07-22_55_GML.zip", "url": "https://nlftp.mlit.go.jp/ksj/gml/data/N07/N07-22/N07-22_55_GML.zip"}, {"filename": "N07-22_55_SHP.zip", "url": "https://nlftp.mlit.go.jp/ksj/gml/data/N07/N07-22/N07-22_55_SHP.zip"}, {"filename": "N07-22_21_GML.zip", "url": "https://nlftp.mlit.go.jp/ksj/gml/data/N07/N07-22/N07-22_21_GML.zip"}, {"filename": "N07-22_21_SHP.zip", "url": "https://nlftp.mlit.go.jp/ksj/gml/data/N07/N07-22/N07-22_21_SHP.zip"}, {"filename": "N07-11_21_GML.zip", "url": "https://nlftp.mlit.go.jp/ksj/gml/data/N07/N07-11/N07-11_21_GML.zip"}, {"filename": "N07-22_22_GML.zip", "url": "https://nlftp.mlit.go.jp/ksj/gml/data/N07/N07-22/N07-22_22_GML.zip"}, {"filename": "N07-22_22_SHP.zip", "url": "https://nlftp.mlit.go.jp/ksj/gml/data/N07/N07-22/N07-22_22_SHP.zip"}, {"filename": "N07-11_22_GML.zip", "url": "https://nlftp.mlit.go.jp/ksj/gml/data/N07/N07-11/N07-11_22_GML.zip"}, {"filename": "N07-22_23_GML.zip", "url": "https://nlftp.mlit.go.jp/ksj/gml/data/N07/N07-22/N07-22_23_GML.zip"}, {"filename": "N07-22_23_SHP.zip", "url": "https://nlftp.mlit.go.jp/ksj/gml/data/N07/N07-22/N07-22_23_SHP.zip"}, {"filename": "N07-11_23_GML.zip", "url": "https://nlftp.mlit.go.jp/ksj/gml/data/N07/N07-11/N07-11_23_GML.zip"}, {"filename": "N07-22_24_GML.zip", "url": "https://nlftp.mlit.go.jp/ksj/gml/data/N07/N07-22/N07-22_24_GML.zip"}, {"filename": "N07-22_24_SHP.zip", "url": "https://nlftp.mlit.go.jp/ksj/gml/data/N07/N07-22/N07-22_24_SHP.zip"}, {"filename": "N07-11_24_GML.zip", "url": "https://nlftp.mlit.go.jp/ksj/gml/data/N07/N07-11/N07-11_24_GML.zip"}, {"filename": "N07-22_56_GML.zip", "url": "https://nlftp.mlit.go.jp/ksj/gml/data/N07/N07-22/N07-22_56_GML.zip"}, {"filename": "N07-22_56_SHP.zip", "url": "https://nlftp.mlit.go.jp/ksj/gml/data/N07/N07-22/N07-22_56_SHP.zip"}, {"filename": "N07-22_25_GML.zip", "url": "https://nlftp.mlit.go.jp/ksj/gml/data/N07/N07-22/N07-22_25_GML.zip"}, {"filename": "N07-22_25_SHP.zip", "url": "https://nlftp.mlit.go.jp/ksj/gml/data/N07/N07-22/N07-22_25_SHP.zip"}, {"filename": "N07-11_25_GML.zip", "url": "https://nlftp.mlit.go.jp/ksj/gml/data/N07/N07-11/N07-11_25_GML.zip"}, {"filename": "N07-22_26_GML.zip", "url": "https://nlftp.mlit.go.jp/ksj/gml/data/N07/N07-22/N07-22_26_GML.zip"}, {"filename": "N07-22_26_SHP.zip", "url": "https://nlftp.mlit.go.jp/ksj/gml/data/N07/N07-22/N07-22_26_SHP.zip"}, {"filename": "N07-11_26_GML.zip", "url": "https://nlftp.mlit.go.jp/ksj/gml/data/N07/N07-11/N07-11_26_GML.zip"}, {"filename": "N07-22_27_GML.zip", "url": "https://nlftp.mlit.go.jp/ksj/gml/data/N07/N07-22/N07-22_27_GML.zip"}, {"filename": "N07-22_27_SHP.zip", "url": "https://nlftp.mlit.go.jp/ksj/gml/data/N07/N07-22/N07-22_27_SHP.zip"}, {"filename": "N07-11_27_GML.zip", "url": "https://nlftp.mlit.go.jp/ksj/gml/data/N07/N07-11/N07-11_27_GML.zip"}, {"filename": "N07-22_28_GML.zip", "url": "https://nlftp.mlit.go.jp/ksj/gml/data/N07/N07-22/N07-22_28_GML.zip"}, {"filename": "N07-22_28_SHP.zip", "url": "https://nlftp.mlit.go.jp/ksj/gml/data/N07/N07-22/N07-22_28_SHP.zip"}, {"filename": "N07-11_28_GML.zip", "url": "https://nlftp.mlit.go.jp/ksj/gml/data/N07/N07-11/N07-11_28_GML.zip"}, {"filename": "N07-22_29_GML.zip", "url": "https://nlftp.mlit.go.jp/ksj/gml/data/N07/N07-22/N07-22_29_GML.zip"}, {"filename": "N07-22_29_SHP.zip", "url": "https://nlftp.mlit.go.jp/ksj/gml/data/N07/N07-22/N07-22_29_SHP.zip"}, {"filename": "N07-11_29_GML.zip", "url": "https://nlftp.mlit.go.jp/ksj/gml/data/N07/N07-11/N07-11_29_GML.zip"}, {"filename": "N07-22_30_GML.zip", "url": "https://nlftp.mlit.go.jp/ksj/gml/data/N07/N07-22/N07-22_30_GML.zip"}, {"filename": "N07-22_30_SHP.zip", "url": "https://nlftp.mlit.go.jp/ksj/gml/data/N07/N07-22/N07-22_30_SHP.zip"}, {"filename": "N07-11_30_GML.zip", "url": "https://nlftp.mlit.go.jp/ksj/gml/data/N07/N07-11/N07-11_30_GML.zip"}, {"filename": "N07-22_57_GML.zip", "url": "https://nlftp.mlit.go.jp/ksj/gml/data/N07/N07-22/N07-22_57_GML.zip"}, {"filename": "N07-22_57_SHP.zip", "url": "https://nlftp.mlit.go.jp/ksj/gml/data/N07/N07-22/N07-22_57_SHP.zip"}, {"filename": "N07-22_31_GML.zip", "url": "https://nlftp.mlit.go.jp/ksj/gml/data/N07/N07-22/N07-22_31_GML.zip"}, {"filename": "N07-22_31_SHP.zip", "url": "https://nlftp.mlit.go.jp/ksj/gml/data/N07/N07-22/N07-22_31_SHP.zip"}, {"filename": "N07-11_31_GML.zip", "url": "https://nlftp.mlit.go.jp/ksj/gml/data/N07/N07-11/N07-11_31_GML.zip"}, {"filename": "N07-22_32_GML.zip", "url": "https://nlftp.mlit.go.jp/ksj/gml/data/N07/N07-22/N07-22_32_GML.zip"}, {"filename": "N07-22_32_SHP.zip", "url": "https://nlftp.mlit.go.jp/ksj/gml/data/N07/N07-22/N07-22_32_SHP.zip"}, {"filename": "N07-11_32_GML.zip", "url": "https://nlftp.mlit.go.jp/ksj/gml/data/N07/N07-11/N07-11_32_GML.zip"}, {"filename": "N07-22_33_GML.zip", "url": "https://nlftp.mlit.go.jp/ksj/gml/data/N07/N07-22/N07-22_33_GML.zip"}, {"filename": "N07-22_33_SHP.zip", "url": "https://nlftp.mlit.go.jp/ksj/gml/data/N07/N07-22/N07-22_33_SHP.zip"}, {"filename": "N07-11_33_GML.zip", "url": "https://nlftp.mlit.go.jp/ksj/gml/data/N07/N07-11/N07-11_33_GML.zip"}, {"filename": "N07-22_34_GML.zip", "url": "https://nlftp.mlit.go.jp/ksj/gml/data/N07/N07-22/N07-22_34_GML.zip"}, {"filename": "N07-22_34_SHP.zip", "url": "https://nlftp.mlit.go.jp/ksj/gml/data/N07/N07-22/N07-22_34_SHP.zip"}, {"filename": "N07-11_34_GML.zip", "url": "https://nlftp.mlit.go.jp/ksj/gml/data/N07/N07-11/N07-11_34_GML.zip"}, {"filename": "N07-22_35_GML.zip", "url": "https://nlftp.mlit.go.jp/ksj/gml/data/N07/N07-22/N07-22_35_GML.zip"}, {"filename": "N07-22_35_SHP.zip", "url": "https://nlftp.mlit.go.jp/ksj/gml/data/N07/N07-22/N07-22_35_SHP.zip"}, {"filename": "N07-11_35_GML.zip", "url": "https://nlftp.mlit.go.jp/ksj/gml/data/N07/N07-11/N07-11_35_GML.zip"}, {"filename": "N07-22_58_GML.zip", "url": "https://nlftp.mlit.go.jp/ksj/gml/data/N07/N07-22/N07-22_58_GML.zip"}, {"filename": "N07-22_58_SHP.zip", "url": "https://nlftp.mlit.go.jp/ksj/gml/data/N07/N07-22/N07-22_58_SHP.zip"}, {"filename": "N07-22_36_GML.zip", "url": "https://nlftp.mlit.go.jp/ksj/gml/data/N07/N07-22/N07-22_36_GML.zip"}, {"filename": "N07-22_36_SHP.zip", "url": "https://nlftp.mlit.go.jp/ksj/gml/data/N07/N07-22/N07-22_36_SHP.zip"}, {"filename": "N07-11_36_GML.zip", "url": "https://nlftp.mlit.go.jp/ksj/gml/data/N07/N07-11/N07-11_36_GML.zip"}, {"filename": "N07-22_37_GML.zip", "url": "https://nlftp.mlit.go.jp/ksj/gml/data/N07/N07-22/N07-22_37_GML.zip"}, {"filename": "N07-22_37_SHP.zip", "url": "https://nlftp.mlit.go.jp/ksj/gml/data/N07/N07-22/N07-22_37_SHP.zip"}, {"filename": "N07-11_37_GML.zip", "url": "https://nlftp.mlit.go.jp/ksj/gml/data/N07/N07-11/N07-11_37_GML.zip"}, {"filename": "N07-22_38_GML.zip", "url": "https://nlftp.mlit.go.jp/ksj/gml/data/N07/N07-22/N07-22_38_GML.zip"}, {"filename": "N07-22_38_SHP.zip", "url": "https://nlftp.mlit.go.jp/ksj/gml/data/N07/N07-22/N07-22_38_SHP.zip"}, {"filename": "N07-11_38_GML.zip", "url": "https://nlftp.mlit.go.jp/ksj/gml/data/N07/N07-11/N07-11_38_GML.zip"}, {"filename": "N07-22_39_GML.zip", "url": "https://nlftp.mlit.go.jp/ksj/gml/data/N07/N07-22/N07-22_39_GML.zip"}, {"filename": "N07-22_39_SHP.zip", "url": "https://nlftp.mlit.go.jp/ksj/gml/data/N07/N07-22/N07-22_39_SHP.zip"}, {"filename": "N07-11_39_GML.zip", "url": "https://nlftp.mlit.go.jp/ksj/gml/data/N07/N07-11/N07-11_39_GML.zip"}, {"filename": "N07-22_59_GML.zip", "url": "https://nlftp.mlit.go.jp/ksj/gml/data/N07/N07-22/N07-22_59_GML.zip"}, {"filename": "N07-22_59_SHP.zip", "url": "https://nlftp.mlit.go.jp/ksj/gml/data/N07/N07-22/N07-22_59_SHP.zip"}, {"filename": "N07-22_40_GML.zip", "url": "https://nlftp.mlit.go.jp/ksj/gml/data/N07/N07-22/N07-22_40_GML.zip"}, {"filename": "N07-22_40_SHP.zip", "url": "https://nlftp.mlit.go.jp/ksj/gml/data/N07/N07-22/N07-22_40_SHP.zip"}, {"filename": "N07-11_40_GML.zip", "url": "https://nlftp.mlit.go.jp/ksj/gml/data/N07/N07-11/N07-11_40_GML.zip"}, {"filename": "N07-22_41_GML.zip", "url": "https://nlftp.mlit.go.jp/ksj/gml/data/N07/N07-22/N07-22_41_GML.zip"}, {"filename": "N07-22_41_SHP.zip", "url": "https://nlftp.mlit.go.jp/ksj/gml/data/N07/N07-22/N07-22_41_SHP.zip"}, {"filename": "N07-11_41_GML.zip", "url": "https://nlftp.mlit.go.jp/ksj/gml/data/N07/N07-11/N07-11_41_GML.zip"}, {"filename": "N07-22_42_GML.zip", "url": "https://nlftp.mlit.go.jp/ksj/gml/data/N07/N07-22/N07-22_42_GML.zip"}, {"filename": "N07-22_42_SHP.zip", "url": "https://nlftp.mlit.go.jp/ksj/gml/data/N07/N07-22/N07-22_42_SHP.zip"}, {"filename": "N07-11_42_GML.zip", "url": "https://nlftp.mlit.go.jp/ksj/gml/data/N07/N07-11/N07-11_42_GML.zip"}, {"filename": "N07-22_43_GML.zip", "url": "https://nlftp.mlit.go.jp/ksj/gml/data/N07/N07-22/N07-22_43_GML.zip"}, {"filename": "N07-22_43_SHP.zip", "url": "https://nlftp.mlit.go.jp/ksj/gml/data/N07/N07-22/N07-22_43_SHP.zip"}, {"filename": "N07-11_43_GML.zip", "url": "https://nlftp.mlit.go.jp/ksj/gml/data/N07/N07-11/N07-11_43_GML.zip"}, {"filename": "N07-22_44_GML.zip", "url": "https://nlftp.mlit.go.jp/ksj/gml/data/N07/N07-22/N07-22_44_GML.zip"}, {"filename": "N07-22_44_SHP.zip", "url": "https://nlftp.mlit.go.jp/ksj/gml/data/N07/N07-22/N07-22_44_SHP.zip"}, {"filename": "N07-11_44_GML.zip", "url": "https://nlftp.mlit.go.jp/ksj/gml/data/N07/N07-11/N07-11_44_GML.zip"}, {"filename": "N07-22_45_GML.zip", "url": "https://nlftp.mlit.go.jp/ksj/gml/data/N07/N07-22/N07-22_45_GML.zip"}, {"filename": "N07-22_45_SHP.zip", "url": "https://nlftp.mlit.go.jp/ksj/gml/data/N07/N07-22/N07-22_45_SHP.zip"}, {"filename": "N07-11_45_GML.zip", "url": "https://nlftp.mlit.go.jp/ksj/gml/data/N07/N07-11/N07-11_45_GML.zip"}, {"filename": "N07-22_46_GML.zip", "url": "https://nlftp.mlit.go.jp/ksj/gml/data/N07/N07-22/N07-22_46_GML.zip"}, {"filename": "N07-22_46_SHP.zip", "url": "https://nlftp.mlit.go.jp/ksj/gml/data/N07/N07-22/N07-22_46_SHP.zip"}, {"filename": "N07-11_46_GML.zip", "url": "https://nlftp.mlit.go.jp/ksj/gml/data/N07/N07-11/N07-11_46_GML.zip"}, {"filename": "N07-22_47_GML.zip", "url": "https://nlftp.mlit.go.jp/ksj/gml/data/N07/N07-22/N07-22_47_GML.zip"}, {"filename": "N07-22_47_SHP.zip", "url": "https://nlftp.mlit.go.jp/ksj/gml/data/N07/N07-22/N07-22_47_SHP.zip"}, {"filename": "N07-11_47_GML.zip", "url": "https://nlftp.mlit.go.jp/ksj/gml/data/N07/N07-11/N07-11_47_GML.zip"}]