全国,GML形式,世界測地系,2022年（令和4年）,41.21MB,N07-22_GML.zip
全国,シェープ、geojson形式,世界測地系,2022年（令和4年）,142.69MB,N07-22_SHP.zip
全国,GML、シェープ形式,世界測地系,2011年（平成23年）,325.31MB,N07-11_GML.zip
北海道,GML形式,世界測地系,2022年（令和4年）,1.66MB,N07-22_01_GML.zip
北海道,シェープ、geojson形式,世界測地系,2022年（令和4年）,5.50MB,N07-22_01_SHP.zip
北海道,GML、シェープ形式,世界測地系,2011年（平成23年）,13.52MB,N07-11_01_GML.zip
東北地方,GML形式,世界測地系,2022年（令和4年）,4.71MB,N07-22_52_GML.zip
東北地方,シェープ、geojson形式,世界測地系,2022年（令和4年）,16.87MB,N07-22_52_SHP.zip
青森,GML形式,世界測地系,2022年（令和4年）,0.83MB,N07-22_02_GML.zip
青森,シェープ、geojson形式,世界測地系,2022年（令和4年）,2.88MB,N07-22_02_SHP.zip
青森,GML、シェープ形式,世界測地系,2011年（平成23年）,3.63MB,N07-11_02_GML.zip
岩手,GML形式,世界測地系,2022年（令和4年）,1.30MB,N07-22_03_GML.zip
岩手,シェープ、geojson形式,世界測地系,2022年（令和4年）,4.57MB,N07-22_03_SHP.zip
岩手,GML、シェープ形式,世界測地系,2011年（平成23年）,12.62MB,N07-11_03_GML.zip
宮城,GML形式,世界測地系,2022年（令和4年）,0.92MB,N07-22_04_GML.zip
宮城,シェープ、geojson形式,世界測地系,2022年（令和4年）,3.17MB,N07-22_04_SHP.zip
宮城,GML、シェープ形式,世界測地系,2011年（平成23年）,23.71MB,N07-11_04_GML.zip
秋田,GML形式,世界測地系,2022年（令和4年）,0.69MB,N07-22_05_GML.zip
秋田,シェープ、geojson形式,世界測地系,2022年（令和4年）,2.37MB,N07-22_05_SHP.zip
秋田,GML、シェープ形式,世界測地系,2011年（平成23年）,3.19MB,N07-11_05_GML.zip
山形,GML形式,世界測地系,2022年（令和4年）,0.38MB,N07-22_06_GML.zip
山形,シェープ、geojson形式,世界測地系,2022年（令和4年）,1.30MB,N07-22_06_SHP.zip
山形,GML、シェープ形式,世界測地系,2011年（平成23年）,2.15MB,N07-11_06_GML.zip
福島,GML形式,世界測地系,2022年（令和4年）,0.78MB,N07-22_07_GML.zip
福島,シェープ、geojson形式,世界測地系,2022年（令和4年）,2.69MB,N07-22_07_SHP.zip
福島,GML、シェープ形式,世界測地系,2011年（平成23年）,6.30MB,N07-11_07_GML.zip
関東地方,GML形式,世界測地系,2022年（令和4年）,6.51MB,N07-22_53_GML.zip
関東地方,シェープ、geojson形式,世界測地系,2022年（令和4年）,22.70MB,N07-22_53_SHP.zip
茨城,GML形式,世界測地系,2022年（令和4年）,0.91MB,N07-22_08_GML.zip
茨城,シェープ、geojson形式,世界測地系,2022年（令和4年）,3.07MB,N07-22_08_SHP.zip
茨城,GML、シェープ形式,世界測地系,2011年（平成23年）,4.96MB,N07-11_08_GML.zip
栃木,GML形式,世界測地系,2022年（令和4年）,0.47MB,N07-22_09_GML.zip
栃木,シェープ、geojson形式,世界測地系,2022年（令和4年）,1.61MB,N07-22_09_SHP.zip
栃木,GML、シェープ形式,世界測地系,2011年（平成23年）,6.37MB,N07-11_09_GML.zip
群馬,GML形式,世界測地系,2022年（令和4年）,0.71MB,N07-22_10_GML.zip
群馬,シェープ、geojson形式,世界測地系,2022年（令和4年）,2.45MB,N07-22_10_SHP.zip
群馬,GML、シェープ形式,世界測地系,2011年（平成23年）,3.82MB,N07-11_10_GML.zip
埼玉,GML形式,世界測地系,2022年（令和4年）,1.04MB,N07-22_11_GML.zip
埼玉,シェープ、geojson形式,世界測地系,2022年（令和4年）,3.47MB,N07-22_11_SHP.zip
埼玉,GML、シェープ形式,世界測地系,2011年（平成23年）,7.27MB,N07-11_11_GML.zip
千葉,GML形式,世界測地系,2022年（令和4年）,1.25MB,N07-22_12_GML.zip
千葉,シェープ、geojson形式,世界測地系,2022年（令和4年）,4.21MB,N07-22_12_SHP.zip
千葉,GML、シェープ形式,世界測地系,2011年（平成23年）,8.23MB,N07-11_12_GML.zip
東京,GML形式,世界測地系,2022年（令和4年）,1.29MB,N07-22_13_GML.zip
東京,シェープ、geojson形式,世界測地系,2022年（令和4年）,4.26MB,N07-22_13_SHP.zip
東京,GML、シェープ形式,世界測地系,2011年（平成23年）,25.19MB,N07-11_13_GML.zip
神奈川,GML形式,世界測地系,2022年（令和4年）,1.14MB,N07-22_14_GML.zip
神奈川,シェープ、geojson形式,世界測地系,2022年（令和4年）,3.84MB,N07-22_14_SHP.zip
神奈川,GML、シェープ形式,世界測地系,2011年（平成23年）,9.31MB,N07-11_14_GML.zip
甲信越・北陸地方,GML形式,世界測地系,2022年（令和4年）,4.65MB,N07-22_54_GML.zip
甲信越・北陸地方,シェープ、geojson形式,世界測地系,2022年（令和4年）,16.65MB,N07-22_54_SHP.zip
新潟,GML形式,世界測地系,2022年（令和4年）,1.25MB,N07-22_15_GML.zip
新潟,シェープ、geojson形式,世界測地系,2022年（令和4年）,4.32MB,N07-22_15_SHP.zip
新潟,GML、シェープ形式,世界測地系,2011年（平成23年）,5.46MB,N07-11_15_GML.zip
富山,GML形式,世界測地系,2022年（令和4年）,0.46MB,N07-22_16_GML.zip
富山,シェープ、geojson形式,世界測地系,2022年（令和4年）,1.57MB,N07-22_16_SHP.zip
富山,GML、シェープ形式,世界測地系,2011年（平成23年）,2.13MB,N07-11_16_GML.zip
石川,GML形式,世界測地系,2022年（令和4年）,0.64MB,N07-22_17_GML.zip
石川,シェープ、geojson形式,世界測地系,2022年（令和4年）,2.19MB,N07-22_17_SHP.zip
石川,GML、シェープ形式,世界測地系,2011年（平成23年）,3.02MB,N07-11_17_GML.zip
福井,GML形式,世界測地系,2022年（令和4年）,0.51MB,N07-22_18_GML.zip
福井,シェープ、geojson形式,世界測地系,2022年（令和4年）,1.74MB,N07-22_18_SHP.zip
福井,GML、シェープ形式,世界測地系,2011年（平成23年）,1.87MB,N07-11_18_GML.zip
山梨,GML形式,世界測地系,2022年（令和4年）,0.52MB,N07-22_19_GML.zip
山梨,シェープ、geojson形式,世界測地系,2022年（令和4年）,1.82MB,N07-22_19_SHP.zip
山梨,GML、シェープ形式,世界測地系,2011年（平成23年）,5.00MB,N07-11_19_GML.zip
長野,GML形式,世界測地系,2022年（令和4年）,1.45MB,N07-22_20_GML.zip
長野,シェープ、geojson形式,世界測地系,2022年（令和4年）,5.14MB,N07-22_20_SHP.zip
長野,GML、シェープ形式,世界測地系,2011年（平成23年）,6.76MB,N07-11_20_GML.zip
東海地方,GML形式,世界測地系,2022年（令和4年）,4.10MB,N07-22_55_GML.zip
東海地方,シェープ、geojson形式,世界測地系,2022年（令和4年）,14.67MB,N07-22_55_SHP.zip
岐阜,GML形式,世界測地系,2022年（令和4年）,0.99MB,N07-22_21_GML.zip
岐阜,シェープ、geojson形式,世界測地系,2022年（令和4年）,3.43MB,N07-22_21_SHP.zip
岐阜,GML、シェープ形式,世界測地系,2011年（平成23年）,4.43MB,N07-11_21_GML.zip
静岡,GML形式,世界測地系,2022年（令和4年）,1.18MB,N07-22_22_GML.zip
静岡,シェープ、geojson形式,世界測地系,2022年（令和4年）,4.08MB,N07-22_22_SHP.zip
静岡,GML、シェープ形式,世界測地系,2011年（平成23年）,12.39MB,N07-11_22_GML.zip
愛知,GML形式,世界測地系,2022年（令和4年）,1.25MB,N07-22_23_GML.zip
愛知,シェープ、geojson形式,世界測地系,2022年（令和4年）,4.27MB,N07-22_23_SHP.zip
愛知,GML、シェープ形式,世界測地系,2011年（平成23年）,7.09MB,N07-11_23_GML.zip
三重,GML形式,世界測地系,2022年（令和4年）,0.87MB,N07-22_24_GML.zip
三重,シェープ、geojson形式,世界測地系,2022年（令和4年）,3.01MB,N07-22_24_SHP.zip
三重,GML、シェープ形式,世界測地系,2011年（平成23年）,3.16MB,N07-11_24_GML.zip
近畿地方,GML形式,世界測地系,2022年（令和4年）,4.35MB,N07-22_56_GML.zip
近畿地方,シェープ、geojson形式,世界測地系,2022年（令和4年）,15.61MB,N07-22_56_SHP.zip
滋賀,GML形式,世界測地系,2022年（令和4年）,0.50MB,N07-22_25_GML.zip
滋賀,シェープ、geojson形式,世界測地系,2022年（令和4年）,1.70MB,N07-22_25_SHP.zip
滋賀,GML、シェープ形式,世界測地系,2011年（平成23年）,3.26MB,N07-11_25_GML.zip
京都,GML形式,世界測地系,2022年（令和4年）,0.65MB,N07-22_26_GML.zip
京都,シェープ、geojson形式,世界測地系,2022年（令和4年）,2.25MB,N07-22_26_SHP.zip
京都,GML、シェープ形式,世界測地系,2011年（平成23年）,3.28MB,N07-11_26_GML.zip
大阪,GML形式,世界測地系,2022年（令和4年）,0.70MB,N07-22_27_GML.zip
大阪,シェープ、geojson形式,世界測地系,2022年（令和4年）,2.38MB,N07-22_27_SHP.zip
大阪,GML、シェープ形式,世界測地系,2011年（平成23年）,4.45MB,N07-11_27_GML.zip
兵庫,GML形式,世界測地系,2022年（令和4年）,1.46MB,N07-22_28_GML.zip
兵庫,シェープ、geojson形式,世界測地系,2022年（令和4年）,5.10MB,N07-22_28_SHP.zip
兵庫,GML、シェープ形式,世界測地系,2011年（平成23年）,11.85MB,N07-11_28_GML.zip
奈良,GML形式,世界測地系,2022年（令和4年）,0.51MB,N07-22_29_GML.zip
奈良,シェープ、geojson形式,世界測地系,2022年（令和4年）,1.82MB,N07-22_29_SHP.zip
奈良,GML、シェープ形式,世界測地系,2011年（平成23年）,2.01MB,N07-11_29_GML.zip
和歌山,GML形式,世界測地系,2022年（令和4年）,0.69MB,N07-22_30_GML.zip
和歌山,シェープ、geojson形式,世界測地系,2022年（令和4年）,2.47MB,N07-22_30_SHP.zip
和歌山,GML、シェープ形式,世界測地系,2011年（平成23年）,1.82MB,N07-11_30_GML.zip
中国地方,GML形式,世界測地系,2022年（令和4年）,3.96MB,N07-22_57_GML.zip
中国地方,シェープ、geojson形式,世界測地系,2022年（令和4年）,14.25MB,N07-22_57_SHP.zip
鳥取,GML形式,世界測地系,2022年（令和4年）,0.28MB,N07-22_31_GML.zip
鳥取,シェープ、geojson形式,世界測地系,2022年（令和4年）,0.95MB,N07-22_31_SHP.zip
鳥取,GML、シェープ形式,世界測地系,2011年（平成23年）,1.89MB,N07-11_31_GML.zip
島根,GML形式,世界測地系,2022年（令和4年）,0.87MB,N07-22_32_GML.zip
島根,シェープ、geojson形式,世界測地系,2022年（令和4年）,3.09MB,N07-22_32_SHP.zip
島根,GML、シェープ形式,世界測地系,2011年（平成23年）,3.91MB,N07-11_32_GML.zip
岡山,GML形式,世界測地系,2022年（令和4年）,0.95MB,N07-22_33_GML.zip
岡山,シェープ、geojson形式,世界測地系,2022年（令和4年）,3.33MB,N07-22_33_SHP.zip
岡山,GML、シェープ形式,世界測地系,2011年（平成23年）,6.07MB,N07-11_33_GML.zip
広島,GML形式,世界測地系,2022年（令和4年）,1.26MB,N07-22_34_GML.zip
広島,シェープ、geojson形式,世界測地系,2022年（令和4年）,4.36MB,N07-22_34_SHP.zip
広島,GML、シェープ形式,世界測地系,2011年（平成23年）,10.73MB,N07-11_34_GML.zip
山口,GML形式,世界測地系,2022年（令和4年）,0.75MB,N07-22_35_GML.zip
山口,シェープ、geojson形式,世界測地系,2022年（令和4年）,2.61MB,N07-22_35_SHP.zip
山口,GML、シェープ形式,世界測地系,2011年（平成23年）,4.82MB,N07-11_35_GML.zip
四国地方,GML形式,世界測地系,2022年（令和4年）,1.88MB,N07-22_58_GML.zip
四国地方,シェープ、geojson形式,世界測地系,2022年（令和4年）,6.83MB,N07-22_58_SHP.zip
徳島,GML形式,世界測地系,2022年（令和4年）,0.36MB,N07-22_36_GML.zip
徳島,シェープ、geojson形式,世界測地系,2022年（令和4年）,1.26MB,N07-22_36_SHP.zip
徳島,GML、シェープ形式,世界測地系,2011年（平成23年）,1.72MB,N07-11_36_GML.zip
香川,GML形式,世界測地系,2022年（令和4年）,0.34MB,N07-22_37_GML.zip
香川,シェープ、geojson形式,世界測地系,2022年（令和4年）,1.19MB,N07-22_37_SHP.zip
香川,GML、シェープ形式,世界測地系,2011年（平成23年）,1.41MB,N07-11_37_GML.zip
愛媛,GML形式,世界測地系,2022年（令和4年）,0.55MB,N07-22_38_GML.zip
愛媛,シェープ、geojson形式,世界測地系,2022年（令和4年）,1.96MB,N07-22_38_SHP.zip
愛媛,GML、シェープ形式,世界測地系,2011年（平成23年）,3.40MB,N07-11_38_GML.zip
高知,GML形式,世界測地系,2022年（令和4年）,0.69MB,N07-22_39_GML.zip
高知,シェープ、geojson形式,世界測地系,2022年（令和4年）,2.47MB,N07-22_39_SHP.zip
高知,GML、シェープ形式,世界測地系,2011年（平成23年）,3.08MB,N07-11_39_GML.zip
九州地方,GML形式,世界測地系,2022年（令和4年）,7.06MB,N07-22_59_GML.zip
九州地方,シェープ、geojson形式,世界測地系,2022年（令和4年）,25.66MB,N07-22_59_SHP.zip
福岡,GML形式,世界測地系,2022年（令和4年）,1.06MB,N07-22_40_GML.zip
福岡,シェープ、geojson形式,世界測地系,2022年（令和4年）,3.61MB,N07-22_40_SHP.zip
福岡,GML、シェープ形式,世界測地系,2011年（平成23年）,4.54MB,N07-11_40_GML.zip
佐賀,GML形式,世界測地系,2022年（令和4年）,0.46MB,N07-22_41_GML.zip
佐賀,シェープ、geojson形式,世界測地系,2022年（令和4年）,1.58MB,N07-22_41_SHP.zip
佐賀,GML、シェープ形式,世界測地系,2011年（平成23年）,1.33MB,N07-11_41_GML.zip
長崎,GML形式,世界測地系,2022年（令和4年）,0.95MB,N07-22_42_GML.zip
長崎,シェープ、geojson形式,世界測地系,2022年（令和4年）,3.39MB,N07-22_42_SHP.zip
長崎,GML、シェープ形式,世界測地系,2011年（平成23年）,5.13MB,N07-11_42_GML.zip
熊本,GML形式,世界測地系,2022年（令和4年）,0.82MB,N07-22_43_GML.zip
熊本,シェープ、geojson形式,世界測地系,2022年（令和4年）,2.87MB,N07-22_43_SHP.zip
熊本,GML、シェープ形式,世界測地系,2011年（平成23年）,5.81MB,N07-11_43_GML.zip
大分,GML形式,世界測地系,2022年（令和4年）,1.33MB,N07-22_44_GML.zip
大分,シェープ、geojson形式,世界測地系,2022年（令和4年）,4.74MB,N07-22_44_SHP.zip
大分,GML、シェープ形式,世界測地系,2011年（平成23年）,5.82MB,N07-11_44_GML.zip
宮崎,GML形式,世界測地系,2022年（令和4年）,0.89MB,N07-22_45_GML.zip
宮崎,シェープ、geojson形式,世界測地系,2022年（令和4年）,3.17MB,N07-22_45_SHP.zip
宮崎,GML、シェープ形式,世界測地系,2011年（平成23年）,3.66MB,N07-11_45_GML.zip
鹿児島,GML形式,世界測地系,2022年（令和4年）,1.82MB,N07-22_46_GML.zip
鹿児島,シェープ、geojson形式,世界測地系,2022年（令和4年）,6.50MB,N07-22_46_SHP.zip
鹿児島,GML、シェープ形式,世界測地系,2011年（平成23年）,8.80MB,N07-11_46_GML.zip
沖縄,GML形式,世界測地系,2022年（令和4年）,0.48MB,N07-22_47_GML.zip
沖縄,シェープ、geojson形式,世界測地系,2022年（令和4年）,1.65MB,N07-22_47_SHP.zip
沖縄,GML、シェープ形式,世界測地系,2011年（平成23年）,1.96MB,N07-11_47_GML.zip