[{"filename": "N08-21_GML.zip", "url": "https://nlftp.mlit.go.jp/ksj/gml/data/N08/N08-21/N08-21_GML.zip"}, {"filename": "N08-20_GML.zip", "url": "https://nlftp.mlit.go.jp/ksj/gml/data/N08/N08-20/N08-20_GML.zip"}, {"filename": "N08-19_GML.zip", "url": "https://nlftp.mlit.go.jp/ksj/gml/data/N08/N08-19/N08-19_GML.zip"}, {"filename": "N08-18_GML.zip", "url": "https://nlftp.mlit.go.jp/ksj/gml/data/N08/N08-18/N08-18_GML.zip"}, {"filename": "N08-17_GML.zip", "url": "https://nlftp.mlit.go.jp/ksj/gml/data/N08/N08-17/N08-17_GML.zip"}, {"filename": "N08-16_GML.zip", "url": "https://nlftp.mlit.go.jp/ksj/gml/data/N08/N08-16/N08-16_GML.zip"}, {"filename": "N08-15_GML.zip", "url": "https://nlftp.mlit.go.jp/ksj/gml/data/N08/N08-15/N08-15_GML.zip"}, {"filename": "N08-14_GML.zip", "url": "https://nlftp.mlit.go.jp/ksj/gml/data/N08/N08-14/N08-14_GML.zip"}, {"filename": "N08-13.zip", "url": "https://nlftp.mlit.go.jp/ksj/gml/data/N08/N08-13/N08-13.zip"}, {"filename": "N08-12_GML.zip", "url": "https://nlftp.mlit.go.jp/ksj/gml/data/N08/N08-12/N08-12_GML.zip"}, {"filename": "N08-11_GML.zip", "url": "https://nlftp.mlit.go.jp/ksj/gml/data/N08/N08-11/N08-11_GML.zip"}]