全国,世界測地系,2021年（令和3年）,0.87MB,N08-21_GML.zip
全国,世界測地系,2020年（令和2年）,0.40MB,N08-20_GML.zip
全国,世界測地系,2019年（令和元年）,0.39MB,N08-19_GML.zip
全国,世界測地系,2018年（平成30年）,0.36MB,N08-18_GML.zip
全国,世界測地系,2017年（平成29年）,0.40MB,N08-17_GML.zip
全国,世界測地系,2016年（平成28年）,0.33MB,N08-16_GML.zip
全国,世界測地系,2015年（平成27年）,0.23MB,N08-15_GML.zip
全国,世界測地系,2014年（平成26年）,0.23MB,N08-14_GML.zip
全国,世界測地系,2013年（平成25年）,0.22MB,N08-13.zip
全国,世界測地系,2012年（平成24年）,0.23MB,N08-12_GML.zip
全国,世界測地系,2011年（平成23年）,0.21MB,N08-11_GML.zip