[{"filename": "N10-24_GML.zip", "url": "https://nlftp.mlit.go.jp/ksj/gml/data/N10/N10-24/N10-24_GML.zip"}, {"filename": "N10-24_01_GML.zip", "url": "https://nlftp.mlit.go.jp/ksj/gml/data/N10/N10-24/N10-24_01_GML.zip"}, {"filename": "N10-20_01_GML.zip", "url": "https://nlftp.mlit.go.jp/ksj/gml/data/N10/N10-20/N10-20_01_GML.zip"}, {"filename": "N10-15_01_GML.zip", "url": "https://nlftp.mlit.go.jp/ksj/gml/data/N10/N10-15/N10-15_01_GML.zip"}, {"filename": "N10-13_01.zip", "url": "https://nlftp.mlit.go.jp/ksj/gml/data/N10/N10-13/N10-13_01.zip"}, {"filename": "N10-24_52_GML.zip", "url": "https://nlftp.mlit.go.jp/ksj/gml/data/N10/N10-24/N10-24_52_GML.zip"}, {"filename": "N10-24_02_GML.zip", "url": "https://nlftp.mlit.go.jp/ksj/gml/data/N10/N10-24/N10-24_02_GML.zip"}, {"filename": "N10-20_02_GML.zip", "url": "https://nlftp.mlit.go.jp/ksj/gml/data/N10/N10-20/N10-20_02_GML.zip"}, {"filename": "N10-15_02_GML.zip", "url": "https://nlftp.mlit.go.jp/ksj/gml/data/N10/N10-15/N10-15_02_GML.zip"}, {"filename": "N10-13_02.zip", "url": "https://nlftp.mlit.go.jp/ksj/gml/data/N10/N10-13/N10-13_02.zip"}, {"filename": "N10-24_03_GML.zip", "url": "https://nlftp.mlit.go.jp/ksj/gml/data/N10/N10-24/N10-24_03_GML.zip"}, {"filename": "N10-20_03_GML.zip", "url": "https://nlftp.mlit.go.jp/ksj/gml/data/N10/N10-20/N10-20_03_GML.zip"}, {"filename": "N10-15_03_GML.zip", "url": "https://nlftp.mlit.go.jp/ksj/gml/data/N10/N10-15/N10-15_03_GML.zip"}, {"filename": "N10-13_03.zip", "url": "https://nlftp.mlit.go.jp/ksj/gml/data/N10/N10-13/N10-13_03.zip"}, {"filename": "N10-24_04_GML.zip", "url": "https://nlftp.mlit.go.jp/ksj/gml/data/N10/N10-24/N10-24_04_GML.zip"}, {"filename": "N10-20_04_GML.zip", "url": "https://nlftp.mlit.go.jp/ksj/gml/data/N10/N10-20/N10-20_04_GML.zip"}, {"filename": "N10-15_04_GML.zip", "url": "https://nlftp.mlit.go.jp/ksj/gml/data/N10/N10-15/N10-15_04_GML.zip"}, {"filename": "N10-13_04.zip", "url": "https://nlftp.mlit.go.jp/ksj/gml/data/N10/N10-13/N10-13_04.zip"}, {"filename": "N10-24_05_GML.zip", "url": "https://nlftp.mlit.go.jp/ksj/gml/data/N10/N10-24/N10-24_05_GML.zip"}, {"filename": "N10-20_05_GML.zip", "url": "https://nlftp.mlit.go.jp/ksj/gml/data/N10/N10-20/N10-20_05_GML.zip"}, {"filename": "N10-15_05_GML.zip", "url": "https://nlftp.mlit.go.jp/ksj/gml/data/N10/N10-15/N10-15_05_GML.zip"}, {"filename": "N10-13_05.zip", "url": "https://nlftp.mlit.go.jp/ksj/gml/data/N10/N10-13/N10-13_05.zip"}, {"filename": "N10-24_06_GML.zip", "url": "https://nlftp.mlit.go.jp/ksj/gml/data/N10/N10-24/N10-24_06_GML.zip"}, {"filename": "N10-20_06_GML.zip", "url": "https://nlftp.mlit.go.jp/ksj/gml/data/N10/N10-20/N10-20_06_GML.zip"}, {"filename": "N10-15_06_GML.zip", "url": "https://nlftp.mlit.go.jp/ksj/gml/data/N10/N10-15/N10-15_06_GML.zip"}, {"filename": "N10-13_06.zip", "url": "https://nlftp.mlit.go.jp/ksj/gml/data/N10/N10-13/N10-13_06.zip"}, {"filename": "N10-24_07_GML.zip", "url": "https://nlftp.mlit.go.jp/ksj/gml/data/N10/N10-24/N10-24_07_GML.zip"}, {"filename": "N10-20_07_GML.zip", "url": "https://nlftp.mlit.go.jp/ksj/gml/data/N10/N10-20/N10-20_07_GML.zip"}, {"filename": "N10-15_07_GML.zip", "url": "https://nlftp.mlit.go.jp/ksj/gml/data/N10/N10-15/N10-15_07_GML.zip"}, {"filename": "N10-13_07.zip", "url": "https://nlftp.mlit.go.jp/ksj/gml/data/N10/N10-13/N10-13_07.zip"}, {"filename": "N10-24_53_GML.zip", "url": "https://nlftp.mlit.go.jp/ksj/gml/data/N10/N10-24/N10-24_53_GML.zip"}, {"filename": "N10-24_08_GML.zip", "url": "https://nlftp.mlit.go.jp/ksj/gml/data/N10/N10-24/N10-24_08_GML.zip"}, {"filename": "N10-20_08_GML.zip", "url": "https://nlftp.mlit.go.jp/ksj/gml/data/N10/N10-20/N10-20_08_GML.zip"}, {"filename": "N10-15_08_GML.zip", "url": "https://nlftp.mlit.go.jp/ksj/gml/data/N10/N10-15/N10-15_08_GML.zip"}, {"filename": "N10-13_08.zip", "url": "https://nlftp.mlit.go.jp/ksj/gml/data/N10/N10-13/N10-13_08.zip"}, {"filename": "N10-24_09_GML.zip", "url": "https://nlftp.mlit.go.jp/ksj/gml/data/N10/N10-24/N10-24_09_GML.zip"}, {"filename": "N10-20_09_GML.zip", "url": "https://nlftp.mlit.go.jp/ksj/gml/data/N10/N10-20/N10-20_09_GML.zip"}, {"filename": "N10-15_09_GML.zip", "url": "https://nlftp.mlit.go.jp/ksj/gml/data/N10/N10-15/N10-15_09_GML.zip"}, {"filename": "N10-13_09.zip", "url": "https://nlftp.mlit.go.jp/ksj/gml/data/N10/N10-13/N10-13_09.zip"}, {"filename": "N10-24_10_GML.zip", "url": "https://nlftp.mlit.go.jp/ksj/gml/data/N10/N10-24/N10-24_10_GML.zip"}, {"filename": "N10-20_10_GML.zip", "url": "https://nlftp.mlit.go.jp/ksj/gml/data/N10/N10-20/N10-20_10_GML.zip"}, {"filename": "N10-15_10_GML.zip", "url": "https://nlftp.mlit.go.jp/ksj/gml/data/N10/N10-15/N10-15_10_GML.zip"}, {"filename": "N10-13_10.zip", "url": "https://nlftp.mlit.go.jp/ksj/gml/data/N10/N10-13/N10-13_10.zip"}, {"filename": "N10-24_11_GML.zip", "url": "https://nlftp.mlit.go.jp/ksj/gml/data/N10/N10-24/N10-24_11_GML.zip"}, {"filename": "N10-20_11_GML.zip", "url": "https://nlftp.mlit.go.jp/ksj/gml/data/N10/N10-20/N10-20_11_GML.zip"}, {"filename": "N10-15_11_GML.zip", "url": "https://nlftp.mlit.go.jp/ksj/gml/data/N10/N10-15/N10-15_11_GML.zip"}, {"filename": "N10-13_11.zip", "url": "https://nlftp.mlit.go.jp/ksj/gml/data/N10/N10-13/N10-13_11.zip"}, {"filename": "N10-24_12_GML.zip", "url": "https://nlftp.mlit.go.jp/ksj/gml/data/N10/N10-24/N10-24_12_GML.zip"}, {"filename": "N10-20_12_GML.zip", "url": "https://nlftp.mlit.go.jp/ksj/gml/data/N10/N10-20/N10-20_12_GML.zip"}, {"filename": "N10-15_12_GML.zip", "url": "https://nlftp.mlit.go.jp/ksj/gml/data/N10/N10-15/N10-15_12_GML.zip"}, {"filename": "N10-13_12.zip", "url": "https://nlftp.mlit.go.jp/ksj/gml/data/N10/N10-13/N10-13_12.zip"}, {"filename": "N10-24_13_GML.zip", "url": "https://nlftp.mlit.go.jp/ksj/gml/data/N10/N10-24/N10-24_13_GML.zip"}, {"filename": "N10-20_13_GML.zip", "url": "https://nlftp.mlit.go.jp/ksj/gml/data/N10/N10-20/N10-20_13_GML.zip"}, {"filename": "N10-15_13_GML.zip", "url": "https://nlftp.mlit.go.jp/ksj/gml/data/N10/N10-15/N10-15_13_GML.zip"}, {"filename": "N10-13_13.zip", "url": "https://nlftp.mlit.go.jp/ksj/gml/data/N10/N10-13/N10-13_13.zip"}, {"filename": "N10-24_14_GML.zip", "url": "https://nlftp.mlit.go.jp/ksj/gml/data/N10/N10-24/N10-24_14_GML.zip"}, {"filename": "N10-20_14_GML.zip", "url": "https://nlftp.mlit.go.jp/ksj/gml/data/N10/N10-20/N10-20_14_GML.zip"}, {"filename": "N10-15_14_GML.zip", "url": "https://nlftp.mlit.go.jp/ksj/gml/data/N10/N10-15/N10-15_14_GML.zip"}, {"filename": "N10-13_14.zip", "url": "https://nlftp.mlit.go.jp/ksj/gml/data/N10/N10-13/N10-13_14.zip"}, {"filename": "N10-24_54_GML.zip", "url": "https://nlftp.mlit.go.jp/ksj/gml/data/N10/N10-24/N10-24_54_GML.zip"}, {"filename": "N10-24_15_GML.zip", "url": "https://nlftp.mlit.go.jp/ksj/gml/data/N10/N10-24/N10-24_15_GML.zip"}, {"filename": "N10-20_15_GML.zip", "url": "https://nlftp.mlit.go.jp/ksj/gml/data/N10/N10-20/N10-20_15_GML.zip"}, {"filename": "N10-15_15_GML.zip", "url": "https://nlftp.mlit.go.jp/ksj/gml/data/N10/N10-15/N10-15_15_GML.zip"}, {"filename": "N10-13_15.zip", "url": "https://nlftp.mlit.go.jp/ksj/gml/data/N10/N10-13/N10-13_15.zip"}, {"filename": "N10-24_16_GML.zip", "url": "https://nlftp.mlit.go.jp/ksj/gml/data/N10/N10-24/N10-24_16_GML.zip"}, {"filename": "N10-20_16_GML.zip", "url": "https://nlftp.mlit.go.jp/ksj/gml/data/N10/N10-20/N10-20_16_GML.zip"}, {"filename": "N10-15_16_GML.zip", "url": "https://nlftp.mlit.go.jp/ksj/gml/data/N10/N10-15/N10-15_16_GML.zip"}, {"filename": "N10-13_16.zip", "url": "https://nlftp.mlit.go.jp/ksj/gml/data/N10/N10-13/N10-13_16.zip"}, {"filename": "N10-24_17_GML.zip", "url": "https://nlftp.mlit.go.jp/ksj/gml/data/N10/N10-24/N10-24_17_GML.zip"}, {"filename": "N10-20_17_GML.zip", "url": "https://nlftp.mlit.go.jp/ksj/gml/data/N10/N10-20/N10-20_17_GML.zip"}, {"filename": "N10-15_17_GML.zip", "url": "https://nlftp.mlit.go.jp/ksj/gml/data/N10/N10-15/N10-15_17_GML.zip"}, {"filename": "N10-13_17.zip", "url": "https://nlftp.mlit.go.jp/ksj/gml/data/N10/N10-13/N10-13_17.zip"}, {"filename": "N10-24_18_GML.zip", "url": "https://nlftp.mlit.go.jp/ksj/gml/data/N10/N10-24/N10-24_18_GML.zip"}, {"filename": "N10-20_18_GML.zip", "url": "https://nlftp.mlit.go.jp/ksj/gml/data/N10/N10-20/N10-20_18_GML.zip"}, {"filename": "N10-15_18_GML.zip", "url": "https://nlftp.mlit.go.jp/ksj/gml/data/N10/N10-15/N10-15_18_GML.zip"}, {"filename": "N10-13_18.zip", "url": "https://nlftp.mlit.go.jp/ksj/gml/data/N10/N10-13/N10-13_18.zip"}, {"filename": "N10-24_19_GML.zip", "url": "https://nlftp.mlit.go.jp/ksj/gml/data/N10/N10-24/N10-24_19_GML.zip"}, {"filename": "N10-20_19_GML.zip", "url": "https://nlftp.mlit.go.jp/ksj/gml/data/N10/N10-20/N10-20_19_GML.zip"}, {"filename": "N10-15_19_GML.zip", "url": "https://nlftp.mlit.go.jp/ksj/gml/data/N10/N10-15/N10-15_19_GML.zip"}, {"filename": "N10-13_19.zip", "url": "https://nlftp.mlit.go.jp/ksj/gml/data/N10/N10-13/N10-13_19.zip"}, {"filename": "N10-24_20_GML.zip", "url": "https://nlftp.mlit.go.jp/ksj/gml/data/N10/N10-24/N10-24_20_GML.zip"}, {"filename": "N10-20_20_GML.zip", "url": "https://nlftp.mlit.go.jp/ksj/gml/data/N10/N10-20/N10-20_20_GML.zip"}, {"filename": "N10-15_20_GML.zip", "url": "https://nlftp.mlit.go.jp/ksj/gml/data/N10/N10-15/N10-15_20_GML.zip"}, {"filename": "N10-13_20.zip", "url": "https://nlftp.mlit.go.jp/ksj/gml/data/N10/N10-13/N10-13_20.zip"}, {"filename": "N10-24_55_GML.zip", "url": "https://nlftp.mlit.go.jp/ksj/gml/data/N10/N10-24/N10-24_55_GML.zip"}, {"filename": "N10-24_21_GML.zip", "url": "https://nlftp.mlit.go.jp/ksj/gml/data/N10/N10-24/N10-24_21_GML.zip"}, {"filename": "N10-20_21_GML.zip", "url": "https://nlftp.mlit.go.jp/ksj/gml/data/N10/N10-20/N10-20_21_GML.zip"}, {"filename": "N10-15_21_GML.zip", "url": "https://nlftp.mlit.go.jp/ksj/gml/data/N10/N10-15/N10-15_21_GML.zip"}, {"filename": "N10-13_21.zip", "url": "https://nlftp.mlit.go.jp/ksj/gml/data/N10/N10-13/N10-13_21.zip"}, {"filename": "N10-24_22_GML.zip", "url": "https://nlftp.mlit.go.jp/ksj/gml/data/N10/N10-24/N10-24_22_GML.zip"}, {"filename": "N10-20_22_GML.zip", "url": "https://nlftp.mlit.go.jp/ksj/gml/data/N10/N10-20/N10-20_22_GML.zip"}, {"filename": "N10-15_22_GML.zip", "url": "https://nlftp.mlit.go.jp/ksj/gml/data/N10/N10-15/N10-15_22_GML.zip"}, {"filename": "N10-13_22.zip", "url": "https://nlftp.mlit.go.jp/ksj/gml/data/N10/N10-13/N10-13_22.zip"}, {"filename": "N10-24_23_GML.zip", "url": "https://nlftp.mlit.go.jp/ksj/gml/data/N10/N10-24/N10-24_23_GML.zip"}, {"filename": "N10-20_23_GML.zip", "url": "https://nlftp.mlit.go.jp/ksj/gml/data/N10/N10-20/N10-20_23_GML.zip"}, {"filename": "N10-15_23_GML.zip", "url": "https://nlftp.mlit.go.jp/ksj/gml/data/N10/N10-15/N10-15_23_GML.zip"}, {"filename": "N10-13_23.zip", "url": "https://nlftp.mlit.go.jp/ksj/gml/data/N10/N10-13/N10-13_23.zip"}, {"filename": "N10-24_24_GML.zip", "url": "https://nlftp.mlit.go.jp/ksj/gml/data/N10/N10-24/N10-24_24_GML.zip"}, {"filename": "N10-20_24_GML.zip", "url": "https://nlftp.mlit.go.jp/ksj/gml/data/N10/N10-20/N10-20_24_GML.zip"}, {"filename": "N10-15_24_GML.zip", "url": "https://nlftp.mlit.go.jp/ksj/gml/data/N10/N10-15/N10-15_24_GML.zip"}, {"filename": "N10-13_24.zip", "url": "https://nlftp.mlit.go.jp/ksj/gml/data/N10/N10-13/N10-13_24.zip"}, {"filename": "N10-24_56_GML.zip", "url": "https://nlftp.mlit.go.jp/ksj/gml/data/N10/N10-24/N10-24_56_GML.zip"}, {"filename": "N10-24_25_GML.zip", "url": "https://nlftp.mlit.go.jp/ksj/gml/data/N10/N10-24/N10-24_25_GML.zip"}, {"filename": "N10-20_25_GML.zip", "url": "https://nlftp.mlit.go.jp/ksj/gml/data/N10/N10-20/N10-20_25_GML.zip"}, {"filename": "N10-15_25_GML.zip", "url": "https://nlftp.mlit.go.jp/ksj/gml/data/N10/N10-15/N10-15_25_GML.zip"}, {"filename": "N10-13_25.zip", "url": "https://nlftp.mlit.go.jp/ksj/gml/data/N10/N10-13/N10-13_25.zip"}, {"filename": "N10-24_26_GML.zip", "url": "https://nlftp.mlit.go.jp/ksj/gml/data/N10/N10-24/N10-24_26_GML.zip"}, {"filename": "N10-20_26_GML.zip", "url": "https://nlftp.mlit.go.jp/ksj/gml/data/N10/N10-20/N10-20_26_GML.zip"}, {"filename": "N10-15_26_GML.zip", "url": "https://nlftp.mlit.go.jp/ksj/gml/data/N10/N10-15/N10-15_26_GML.zip"}, {"filename": "N10-13_26.zip", "url": "https://nlftp.mlit.go.jp/ksj/gml/data/N10/N10-13/N10-13_26.zip"}, {"filename": "N10-24_27_GML.zip", "url": "https://nlftp.mlit.go.jp/ksj/gml/data/N10/N10-24/N10-24_27_GML.zip"}, {"filename": "N10-20_27_GML.zip", "url": "https://nlftp.mlit.go.jp/ksj/gml/data/N10/N10-20/N10-20_27_GML.zip"}, {"filename": "N10-15_27_GML.zip", "url": "https://nlftp.mlit.go.jp/ksj/gml/data/N10/N10-15/N10-15_27_GML.zip"}, {"filename": "N10-13_27.zip", "url": "https://nlftp.mlit.go.jp/ksj/gml/data/N10/N10-13/N10-13_27.zip"}, {"filename": "N10-24_28_GML.zip", "url": "https://nlftp.mlit.go.jp/ksj/gml/data/N10/N10-24/N10-24_28_GML.zip"}, {"filename": "N10-20_28_GML.zip", "url": "https://nlftp.mlit.go.jp/ksj/gml/data/N10/N10-20/N10-20_28_GML.zip"}, {"filename": "N10-15_28_GML.zip", "url": "https://nlftp.mlit.go.jp/ksj/gml/data/N10/N10-15/N10-15_28_GML.zip"}, {"filename": "N10-13_28.zip", "url": "https://nlftp.mlit.go.jp/ksj/gml/data/N10/N10-13/N10-13_28.zip"}, {"filename": "N10-24_29_GML.zip", "url": "https://nlftp.mlit.go.jp/ksj/gml/data/N10/N10-24/N10-24_29_GML.zip"}, {"filename": "N10-20_29_GML.zip", "url": "https://nlftp.mlit.go.jp/ksj/gml/data/N10/N10-20/N10-20_29_GML.zip"}, {"filename": "N10-15_29_GML.zip", "url": "https://nlftp.mlit.go.jp/ksj/gml/data/N10/N10-15/N10-15_29_GML.zip"}, {"filename": "N10-13_29.zip", "url": "https://nlftp.mlit.go.jp/ksj/gml/data/N10/N10-13/N10-13_29.zip"}, {"filename": "N10-24_30_GML.zip", "url": "https://nlftp.mlit.go.jp/ksj/gml/data/N10/N10-24/N10-24_30_GML.zip"}, {"filename": "N10-20_30_GML.zip", "url": "https://nlftp.mlit.go.jp/ksj/gml/data/N10/N10-20/N10-20_30_GML.zip"}, {"filename": "N10-15_30_GML.zip", "url": "https://nlftp.mlit.go.jp/ksj/gml/data/N10/N10-15/N10-15_30_GML.zip"}, {"filename": "N10-13_30.zip", "url": "https://nlftp.mlit.go.jp/ksj/gml/data/N10/N10-13/N10-13_30.zip"}, {"filename": "N10-24_57_GML.zip", "url": "https://nlftp.mlit.go.jp/ksj/gml/data/N10/N10-24/N10-24_57_GML.zip"}, {"filename": "N10-24_31_GML.zip", "url": "https://nlftp.mlit.go.jp/ksj/gml/data/N10/N10-24/N10-24_31_GML.zip"}, {"filename": "N10-20_31_GML.zip", "url": "https://nlftp.mlit.go.jp/ksj/gml/data/N10/N10-20/N10-20_31_GML.zip"}, {"filename": "N10-15_31_GML.zip", "url": "https://nlftp.mlit.go.jp/ksj/gml/data/N10/N10-15/N10-15_31_GML.zip"}, {"filename": "N10-13_31.zip", "url": "https://nlftp.mlit.go.jp/ksj/gml/data/N10/N10-13/N10-13_31.zip"}, {"filename": "N10-24_32_GML.zip", "url": "https://nlftp.mlit.go.jp/ksj/gml/data/N10/N10-24/N10-24_32_GML.zip"}, {"filename": "N10-20_32_GML.zip", "url": "https://nlftp.mlit.go.jp/ksj/gml/data/N10/N10-20/N10-20_32_GML.zip"}, {"filename": "N10-15_32_GML.zip", "url": "https://nlftp.mlit.go.jp/ksj/gml/data/N10/N10-15/N10-15_32_GML.zip"}, {"filename": "N10-13_32.zip", "url": "https://nlftp.mlit.go.jp/ksj/gml/data/N10/N10-13/N10-13_32.zip"}, {"filename": "N10-24_33_GML.zip", "url": "https://nlftp.mlit.go.jp/ksj/gml/data/N10/N10-24/N10-24_33_GML.zip"}, {"filename": "N10-20_33_GML.zip", "url": "https://nlftp.mlit.go.jp/ksj/gml/data/N10/N10-20/N10-20_33_GML.zip"}, {"filename": "N10-15_33_GML.zip", "url": "https://nlftp.mlit.go.jp/ksj/gml/data/N10/N10-15/N10-15_33_GML.zip"}, {"filename": "N10-13_33.zip", "url": "https://nlftp.mlit.go.jp/ksj/gml/data/N10/N10-13/N10-13_33.zip"}, {"filename": "N10-24_34_GML.zip", "url": "https://nlftp.mlit.go.jp/ksj/gml/data/N10/N10-24/N10-24_34_GML.zip"}, {"filename": "N10-20_34_GML.zip", "url": "https://nlftp.mlit.go.jp/ksj/gml/data/N10/N10-20/N10-20_34_GML.zip"}, {"filename": "N10-15_34_GML.zip", "url": "https://nlftp.mlit.go.jp/ksj/gml/data/N10/N10-15/N10-15_34_GML.zip"}, {"filename": "N10-13_34.zip", "url": "https://nlftp.mlit.go.jp/ksj/gml/data/N10/N10-13/N10-13_34.zip"}, {"filename": "N10-24_35_GML.zip", "url": "https://nlftp.mlit.go.jp/ksj/gml/data/N10/N10-24/N10-24_35_GML.zip"}, {"filename": "N10-20_35_GML.zip", "url": "https://nlftp.mlit.go.jp/ksj/gml/data/N10/N10-20/N10-20_35_GML.zip"}, {"filename": "N10-15_35_GML.zip", "url": "https://nlftp.mlit.go.jp/ksj/gml/data/N10/N10-15/N10-15_35_GML.zip"}, {"filename": "N10-13_35.zip", "url": "https://nlftp.mlit.go.jp/ksj/gml/data/N10/N10-13/N10-13_35.zip"}, {"filename": "N10-24_58_GML.zip", "url": "https://nlftp.mlit.go.jp/ksj/gml/data/N10/N10-24/N10-24_58_GML.zip"}, {"filename": "N10-24_36_GML.zip", "url": "https://nlftp.mlit.go.jp/ksj/gml/data/N10/N10-24/N10-24_36_GML.zip"}, {"filename": "N10-20_36_GML.zip", "url": "https://nlftp.mlit.go.jp/ksj/gml/data/N10/N10-20/N10-20_36_GML.zip"}, {"filename": "N10-15_36_GML.zip", "url": "https://nlftp.mlit.go.jp/ksj/gml/data/N10/N10-15/N10-15_36_GML.zip"}, {"filename": "N10-13_36.zip", "url": "https://nlftp.mlit.go.jp/ksj/gml/data/N10/N10-13/N10-13_36.zip"}, {"filename": "N10-24_37_GML.zip", "url": "https://nlftp.mlit.go.jp/ksj/gml/data/N10/N10-24/N10-24_37_GML.zip"}, {"filename": "N10-20_37_GML.zip", "url": "https://nlftp.mlit.go.jp/ksj/gml/data/N10/N10-20/N10-20_37_GML.zip"}, {"filename": "N10-15_37_GML.zip", "url": "https://nlftp.mlit.go.jp/ksj/gml/data/N10/N10-15/N10-15_37_GML.zip"}, {"filename": "N10-13_37.zip", "url": "https://nlftp.mlit.go.jp/ksj/gml/data/N10/N10-13/N10-13_37.zip"}, {"filename": "N10-24_38_GML.zip", "url": "https://nlftp.mlit.go.jp/ksj/gml/data/N10/N10-24/N10-24_38_GML.zip"}, {"filename": "N10-20_38_GML.zip", "url": "https://nlftp.mlit.go.jp/ksj/gml/data/N10/N10-20/N10-20_38_GML.zip"}, {"filename": "N10-15_38_GML.zip", "url": "https://nlftp.mlit.go.jp/ksj/gml/data/N10/N10-15/N10-15_38_GML.zip"}, {"filename": "N10-13_38.zip", "url": "https://nlftp.mlit.go.jp/ksj/gml/data/N10/N10-13/N10-13_38.zip"}, {"filename": "N10-24_39_GML.zip", "url": "https://nlftp.mlit.go.jp/ksj/gml/data/N10/N10-24/N10-24_39_GML.zip"}, {"filename": "N10-20_39_GML.zip", "url": "https://nlftp.mlit.go.jp/ksj/gml/data/N10/N10-20/N10-20_39_GML.zip"}, {"filename": "N10-15_39_GML.zip", "url": "https://nlftp.mlit.go.jp/ksj/gml/data/N10/N10-15/N10-15_39_GML.zip"}, {"filename": "N10-13_39.zip", "url": "https://nlftp.mlit.go.jp/ksj/gml/data/N10/N10-13/N10-13_39.zip"}, {"filename": "N10-24_59_GML.zip", "url": "https://nlftp.mlit.go.jp/ksj/gml/data/N10/N10-24/N10-24_59_GML.zip"}, {"filename": "N10-24_40_GML.zip", "url": "https://nlftp.mlit.go.jp/ksj/gml/data/N10/N10-24/N10-24_40_GML.zip"}, {"filename": "N10-20_40_GML.zip", "url": "https://nlftp.mlit.go.jp/ksj/gml/data/N10/N10-20/N10-20_40_GML.zip"}, {"filename": "N10-15_40_GML.zip", "url": "https://nlftp.mlit.go.jp/ksj/gml/data/N10/N10-15/N10-15_40_GML.zip"}, {"filename": "N10-13_40.zip", "url": "https://nlftp.mlit.go.jp/ksj/gml/data/N10/N10-13/N10-13_40.zip"}, {"filename": "N10-24_41_GML.zip", "url": "https://nlftp.mlit.go.jp/ksj/gml/data/N10/N10-24/N10-24_41_GML.zip"}, {"filename": "N10-20_41_GML.zip", "url": "https://nlftp.mlit.go.jp/ksj/gml/data/N10/N10-20/N10-20_41_GML.zip"}, {"filename": "N10-15_41_GML.zip", "url": "https://nlftp.mlit.go.jp/ksj/gml/data/N10/N10-15/N10-15_41_GML.zip"}, {"filename": "N10-13_41.zip", "url": "https://nlftp.mlit.go.jp/ksj/gml/data/N10/N10-13/N10-13_41.zip"}, {"filename": "N10-24_42_GML.zip", "url": "https://nlftp.mlit.go.jp/ksj/gml/data/N10/N10-24/N10-24_42_GML.zip"}, {"filename": "N10-20_42_GML.zip", "url": "https://nlftp.mlit.go.jp/ksj/gml/data/N10/N10-20/N10-20_42_GML.zip"}, {"filename": "N10-15_42_GML.zip", "url": "https://nlftp.mlit.go.jp/ksj/gml/data/N10/N10-15/N10-15_42_GML.zip"}, {"filename": "N10-13_42.zip", "url": "https://nlftp.mlit.go.jp/ksj/gml/data/N10/N10-13/N10-13_42.zip"}, {"filename": "N10-24_43_GML.zip", "url": "https://nlftp.mlit.go.jp/ksj/gml/data/N10/N10-24/N10-24_43_GML.zip"}, {"filename": "N10-20_43_GML.zip", "url": "https://nlftp.mlit.go.jp/ksj/gml/data/N10/N10-20/N10-20_43_GML.zip"}, {"filename": "N10-15_43_GML.zip", "url": "https://nlftp.mlit.go.jp/ksj/gml/data/N10/N10-15/N10-15_43_GML.zip"}, {"filename": "N10-13_43.zip", "url": "https://nlftp.mlit.go.jp/ksj/gml/data/N10/N10-13/N10-13_43.zip"}, {"filename": "N10-24_44_GML.zip", "url": "https://nlftp.mlit.go.jp/ksj/gml/data/N10/N10-24/N10-24_44_GML.zip"}, {"filename": "N10-20_44_GML.zip", "url": "https://nlftp.mlit.go.jp/ksj/gml/data/N10/N10-20/N10-20_44_GML.zip"}, {"filename": "N10-15_44_GML.zip", "url": "https://nlftp.mlit.go.jp/ksj/gml/data/N10/N10-15/N10-15_44_GML.zip"}, {"filename": "N10-13_44.zip", "url": "https://nlftp.mlit.go.jp/ksj/gml/data/N10/N10-13/N10-13_44.zip"}, {"filename": "N10-24_45_GML.zip", "url": "https://nlftp.mlit.go.jp/ksj/gml/data/N10/N10-24/N10-24_45_GML.zip"}, {"filename": "N10-20_45_GML.zip", "url": "https://nlftp.mlit.go.jp/ksj/gml/data/N10/N10-20/N10-20_45_GML.zip"}, {"filename": "N10-15_45_GML.zip", "url": "https://nlftp.mlit.go.jp/ksj/gml/data/N10/N10-15/N10-15_45_GML.zip"}, {"filename": "N10-13_45.zip", "url": "https://nlftp.mlit.go.jp/ksj/gml/data/N10/N10-13/N10-13_45.zip"}, {"filename": "N10-24_46_GML.zip", "url": "https://nlftp.mlit.go.jp/ksj/gml/data/N10/N10-24/N10-24_46_GML.zip"}, {"filename": "N10-20_46_GML.zip", "url": "https://nlftp.mlit.go.jp/ksj/gml/data/N10/N10-20/N10-20_46_GML.zip"}, {"filename": "N10-15_46_GML.zip", "url": "https://nlftp.mlit.go.jp/ksj/gml/data/N10/N10-15/N10-15_46_GML.zip"}, {"filename": "N10-13_46.zip", "url": "https://nlftp.mlit.go.jp/ksj/gml/data/N10/N10-13/N10-13_46.zip"}, {"filename": "N10-24_47_GML.zip", "url": "https://nlftp.mlit.go.jp/ksj/gml/data/N10/N10-24/N10-24_47_GML.zip"}, {"filename": "N10-20_47_GML.zip", "url": "https://nlftp.mlit.go.jp/ksj/gml/data/N10/N10-20/N10-20_47_GML.zip"}, {"filename": "N10-15_47_GML.zip", "url": "https://nlftp.mlit.go.jp/ksj/gml/data/N10/N10-15/N10-15_47_GML.zip"}, {"filename": "N10-13_47.zip", "url": "https://nlftp.mlit.go.jp/ksj/gml/data/N10/N10-13/N10-13_47.zip"}]