全国,世界測地系,2024年（令和6年）,41.2MB,N10-24_GML.zip
北海道,世界測地系,2024年（令和6年）,3.43MB,N10-24_01_GML.zip
北海道,世界測地系,2020年（令和2年）,4.40MB,N10-20_01_GML.zip
北海道,世界測地系,2015年（平成27年）,3.14MB,N10-15_01_GML.zip
北海道,世界測地系,2013年（平成25年）,3.22MB,N10-13_01.zip
東北地方,世界測地系,2024年（令和6年）,5.79MB,N10-24_52_GML.zip
青森,世界測地系,2024年（令和6年）,1.25MB,N10-24_02_GML.zip
青森,世界測地系,2020年（令和2年）,1.50MB,N10-20_02_GML.zip
青森,世界測地系,2015年（平成27年）,1.12MB,N10-15_02_GML.zip
青森,世界測地系,2013年（平成25年）,0.83MB,N10-13_02.zip
岩手,世界測地系,2024年（令和6年）,1.12MB,N10-24_03_GML.zip
岩手,世界測地系,2020年（令和2年）,1.44MB,N10-20_03_GML.zip
岩手,世界測地系,2015年（平成27年）,1.05MB,N10-15_03_GML.zip
岩手,世界測地系,2013年（平成25年）,1.05MB,N10-13_03.zip
宮城,世界測地系,2024年（令和6年）,1.05MB,N10-24_04_GML.zip
宮城,世界測地系,2020年（令和2年）,1.17MB,N10-20_04_GML.zip
宮城,世界測地系,2015年（平成27年）,0.88MB,N10-15_04_GML.zip
宮城,世界測地系,2013年（平成25年）,0.86MB,N10-13_04.zip
秋田,世界測地系,2024年（令和6年）,0.65MB,N10-24_05_GML.zip
秋田,世界測地系,2020年（令和2年）,0.88MB,N10-20_05_GML.zip
秋田,世界測地系,2015年（平成27年）,0.75MB,N10-15_05_GML.zip
秋田,世界測地系,2013年（平成25年）,0.75MB,N10-13_05.zip
山形,世界測地系,2024年（令和6年）,0.7MB,N10-24_06_GML.zip
山形,世界測地系,2020年（令和2年）,0.87MB,N10-20_06_GML.zip
山形,世界測地系,2015年（平成27年）,0.62MB,N10-15_06_GML.zip
山形,世界測地系,2013年（平成25年）,0.60MB,N10-13_06.zip
福島,世界測地系,2024年（令和6年）,1.03MB,N10-24_07_GML.zip
福島,世界測地系,2020年（令和2年）,1.38MB,N10-20_07_GML.zip
福島,世界測地系,2015年（平成27年）,1.01MB,N10-15_07_GML.zip
福島,世界測地系,2013年（平成25年）,1.02MB,N10-13_07.zip
関東地方,世界測地系,2024年（令和6年）,5.91MB,N10-24_53_GML.zip
茨城,世界測地系,2024年（令和6年）,0.93MB,N10-24_08_GML.zip
茨城,世界測地系,2020年（令和2年）,1.20MB,N10-20_08_GML.zip
茨城,世界測地系,2015年（平成27年）,0.89MB,N10-15_08_GML.zip
茨城,世界測地系,2013年（平成25年）,0.85MB,N10-13_08.zip
栃木,世界測地系,2024年（令和6年）,1.1MB,N10-24_09_GML.zip
栃木,世界測地系,2020年（令和2年）,1.21MB,N10-20_09_GML.zip
栃木,世界測地系,2015年（平成27年）,0.95MB,N10-15_09_GML.zip
栃木,世界測地系,2013年（平成25年）,0.93MB,N10-13_09.zip
群馬,世界測地系,2024年（令和6年）,0.69MB,N10-24_10_GML.zip
群馬,世界測地系,2020年（令和2年）,0.89MB,N10-20_10_GML.zip
群馬,世界測地系,2015年（平成27年）,0.64MB,N10-15_10_GML.zip
群馬,世界測地系,2013年（平成25年）,0.44MB,N10-13_10.zip
埼玉,世界測地系,2024年（令和6年）,0.67MB,N10-24_11_GML.zip
埼玉,世界測地系,2020年（令和2年）,0.90MB,N10-20_11_GML.zip
埼玉,世界測地系,2015年（平成27年）,0.66MB,N10-15_11_GML.zip
埼玉,世界測地系,2013年（平成25年）,0.64MB,N10-13_11.zip
千葉,世界測地系,2024年（令和6年）,0.92MB,N10-24_12_GML.zip
千葉,世界測地系,2020年（令和2年）,1.10MB,N10-20_12_GML.zip
千葉,世界測地系,2015年（平成27年）,0.80MB,N10-15_12_GML.zip
千葉,世界測地系,2013年（平成25年）,0.74MB,N10-13_12.zip
東京,世界測地系,2024年（令和6年）,0.71MB,N10-24_13_GML.zip
東京,世界測地系,2020年（令和2年）,0.92MB,N10-20_13_GML.zip
東京,世界測地系,2015年（平成27年）,0.67MB,N10-15_13_GML.zip
東京,世界測地系,2013年（平成25年）,0.47MB,N10-13_13.zip
神奈川,世界測地系,2024年（令和6年）,0.89MB,N10-24_14_GML.zip
神奈川,世界測地系,2020年（令和2年）,1.24MB,N10-20_14_GML.zip
神奈川,世界測地系,2015年（平成27年）,0.92MB,N10-15_14_GML.zip
神奈川,世界測地系,2013年（平成25年）,0.89MB,N10-13_14.zip
甲信越・北陸地方,世界測地系,2024年（令和6年）,4.04MB,N10-24_54_GML.zip
新潟,世界測地系,2024年（令和6年）,0.92MB,N10-24_15_GML.zip
新潟,世界測地系,2020年（令和2年）,1.07MB,N10-20_15_GML.zip
新潟,世界測地系,2015年（平成27年）,0.78MB,N10-15_15_GML.zip
新潟,世界測地系,2013年（平成25年）,0.75MB,N10-13_15.zip
富山,世界測地系,2024年（令和6年）,0.46MB,N10-24_16_GML.zip
富山,世界測地系,2020年（令和2年）,0.62MB,N10-20_16_GML.zip
富山,世界測地系,2015年（平成27年）,0.43MB,N10-15_16_GML.zip
富山,世界測地系,2013年（平成25年）,0.42MB,N10-13_16.zip
石川,世界測地系,2024年（令和6年）,0.69MB,N10-24_17_GML.zip
石川,世界測地系,2020年（令和2年）,0.93MB,N10-20_17_GML.zip
石川,世界測地系,2015年（平成27年）,0.68MB,N10-15_17_GML.zip
石川,世界測地系,2013年（平成25年）,0.66MB,N10-13_17.zip
福井,世界測地系,2024年（令和6年）,0.48MB,N10-24_18_GML.zip
福井,世界測地系,2020年（令和2年）,0.66MB,N10-20_18_GML.zip
福井,世界測地系,2015年（平成27年）,0.44MB,N10-15_18_GML.zip
福井,世界測地系,2013年（平成25年）,0.43MB,N10-13_18.zip
山梨,世界測地系,2024年（令和6年）,0.39MB,N10-24_19_GML.zip
山梨,世界測地系,2020年（令和2年）,0.90MB,N10-20_19_GML.zip
山梨,世界測地系,2015年（平成27年）,0.69MB,N10-15_19_GML.zip
山梨,世界測地系,2013年（平成25年）,0.68MB,N10-13_19.zip
長野,世界測地系,2024年（令和6年）,1.11MB,N10-24_20_GML.zip
長野,世界測地系,2020年（令和2年）,1.51MB,N10-20_20_GML.zip
長野,世界測地系,2015年（平成27年）,1.08MB,N10-15_20_GML.zip
長野,世界測地系,2013年（平成25年）,1.10MB,N10-13_20.zip
東海地方,世界測地系,2024年（令和6年）,3.95MB,N10-24_55_GML.zip
岐阜,世界測地系,2024年（令和6年）,1.21MB,N10-24_21_GML.zip
岐阜,世界測地系,2020年（令和2年）,1.76MB,N10-20_21_GML.zip
岐阜,世界測地系,2015年（平成27年）,1.28MB,N10-15_21_GML.zip
岐阜,世界測地系,2013年（平成25年）,1.31MB,N10-13_21.zip
静岡,世界測地系,2024年（令和6年）,0.7MB,N10-24_22_GML.zip
静岡,世界測地系,2020年（令和2年）,1.23MB,N10-20_22_GML.zip
静岡,世界測地系,2015年（平成27年）,0.93MB,N10-15_22_GML.zip
静岡,世界測地系,2013年（平成25年）,0.90MB,N10-13_22.zip
愛知,世界測地系,2024年（令和6年）,1.33MB,N10-24_23_GML.zip
愛知,世界測地系,2020年（令和2年）,1.62MB,N10-20_23_GML.zip
愛知,世界測地系,2015年（平成27年）,1.20MB,N10-15_23_GML.zip
愛知,世界測地系,2013年（平成25年）,1.25MB,N10-13_23.zip
三重,世界測地系,2024年（令和6年）,0.71MB,N10-24_24_GML.zip
三重,世界測地系,2020年（令和2年）,1.04MB,N10-20_24_GML.zip
三重,世界測地系,2015年（平成27年）,0.78MB,N10-15_24_GML.zip
三重,世界測地系,2013年（平成25年）,0.76MB,N10-13_24.zip
近畿地方,世界測地系,2024年（令和6年）,3.59MB,N10-24_56_GML.zip
滋賀,世界測地系,2024年（令和6年）,0.35MB,N10-24_25_GML.zip
滋賀,世界測地系,2020年（令和2年）,0.91MB,N10-20_25_GML.zip
滋賀,世界測地系,2015年（平成27年）,0.35MB,N10-15_25_GML.zip
滋賀,世界測地系,2013年（平成25年）,0.35MB,N10-13_25.zip
京都,世界測地系,2024年（令和6年）,0.6MB,N10-24_26_GML.zip
京都,世界測地系,2020年（令和2年）,0.75MB,N10-20_26_GML.zip
京都,世界測地系,2015年（平成27年）,0.58MB,N10-15_26_GML.zip
京都,世界測地系,2013年（平成25年）,0.57MB,N10-13_26.zip
大阪,世界測地系,2024年（令和6年）,0.34MB,N10-24_27_GML.zip
大阪,世界測地系,2020年（令和2年）,0.42MB,N10-20_27_GML.zip
大阪,世界測地系,2015年（平成27年）,0.08MB,N10-15_27_GML.zip
大阪,世界測地系,2013年（平成25年）,0.29MB,N10-13_27.zip
兵庫,世界測地系,2024年（令和6年）,1.05MB,N10-24_28_GML.zip
兵庫,世界測地系,2020年（令和2年）,1.23MB,N10-20_28_GML.zip
兵庫,世界測地系,2015年（平成27年）,0.91MB,N10-15_28_GML.zip
兵庫,世界測地系,2013年（平成25年）,0.83MB,N10-13_28.zip
奈良,世界測地系,2024年（令和6年）,0.53MB,N10-24_29_GML.zip
奈良,世界測地系,2020年（令和2年）,0.68MB,N10-20_29_GML.zip
奈良,世界測地系,2015年（平成27年）,0.52MB,N10-15_29_GML.zip
奈良,世界測地系,2013年（平成25年）,0.52MB,N10-13_29.zip
和歌山,世界測地系,2024年（令和6年）,0.71MB,N10-24_30_GML.zip
和歌山,世界測地系,2020年（令和2年）,0.96MB,N10-20_30_GML.zip
和歌山,世界測地系,2015年（平成27年）,0.62MB,N10-15_30_GML.zip
和歌山,世界測地系,2013年（平成25年）,0.61MB,N10-13_30.zip
中国地方,世界測地系,2024年（令和6年）,5.3MB,N10-24_57_GML.zip
鳥取,世界測地系,2024年（令和6年）,0.41MB,N10-24_31_GML.zip
鳥取,世界測地系,2020年（令和2年）,0.57MB,N10-20_31_GML.zip
鳥取,世界測地系,2015年（平成27年）,0.40MB,N10-15_31_GML.zip
鳥取,世界測地系,2013年（平成25年）,0.40MB,N10-13_31.zip
島根,世界測地系,2024年（令和6年）,0.97MB,N10-24_32_GML.zip
島根,世界測地系,2020年（令和2年）,1.33MB,N10-20_32_GML.zip
島根,世界測地系,2015年（平成27年）,0.98MB,N10-15_32_GML.zip
島根,世界測地系,2013年（平成25年）,1.00MB,N10-13_32.zip
岡山,世界測地系,2024年（令和6年）,0.86MB,N10-24_33_GML.zip
岡山,世界測地系,2020年（令和2年）,1.16MB,N10-20_33_GML.zip
岡山,世界測地系,2015年（平成27年）,0.84MB,N10-15_33_GML.zip
岡山,世界測地系,2013年（平成25年）,0.82MB,N10-13_33.zip
広島,世界測地系,2024年（令和6年）,1.34MB,N10-24_34_GML.zip
広島,世界測地系,2020年（令和2年）,1.59MB,N10-20_34_GML.zip
広島,世界測地系,2015年（平成27年）,1.14MB,N10-15_34_GML.zip
広島,世界測地系,2013年（平成25年）,1.15MB,N10-13_34.zip
山口,世界測地系,2024年（令和6年）,1.72MB,N10-24_35_GML.zip
山口,世界測地系,2020年（令和2年）,1.17MB,N10-20_35_GML.zip
山口,世界測地系,2015年（平成27年）,0.87MB,N10-15_35_GML.zip
山口,世界測地系,2013年（平成25年）,0.86MB,N10-13_35.zip
四国地方,世界測地系,2024年（令和6年）,2.46MB,N10-24_58_GML.zip
徳島,世界測地系,2024年（令和6年）,0.78MB,N10-24_36_GML.zip
徳島,世界測地系,2020年（令和2年）,0.86MB,N10-20_36_GML.zip
徳島,世界測地系,2015年（平成27年）,0.62MB,N10-15_36_GML.zip
徳島,世界測地系,2013年（平成25年）,0.62MB,N10-13_36.zip
香川,世界測地系,2024年（令和6年）,0.43MB,N10-24_37_GML.zip
香川,世界測地系,2020年（令和2年）,0.53MB,N10-20_37_GML.zip
香川,世界測地系,2015年（平成27年）,0.37MB,N10-15_37_GML.zip
香川,世界測地系,2013年（平成25年）,0.36MB,N10-13_37.zip
愛媛,世界測地系,2024年（令和6年）,0.7MB,N10-24_38_GML.zip
愛媛,世界測地系,2020年（令和2年）,0.88MB,N10-20_38_GML.zip
愛媛,世界測地系,2015年（平成27年）,0.62MB,N10-15_38_GML.zip
愛媛,世界測地系,2013年（平成25年）,0.46MB,N10-13_38.zip
高知,世界測地系,2024年（令和6年）,0.55MB,N10-24_39_GML.zip
高知,世界測地系,2020年（令和2年）,1.26MB,N10-20_39_GML.zip
高知,世界測地系,2015年（平成27年）,0.92MB,N10-15_39_GML.zip
高知,世界測地系,2013年（平成25年）,0.92MB,N10-13_39.zip
九州地方,世界測地系,2024年（令和6年）,6.14MB,N10-24_59_GML.zip
福岡,世界測地系,2024年（令和6年）,1.15MB,N10-24_40_GML.zip
福岡,世界測地系,2020年（令和2年）,1.31MB,N10-20_40_GML.zip
福岡,世界測地系,2015年（平成27年）,0.98MB,N10-15_40_GML.zip
福岡,世界測地系,2013年（平成25年）,0.93MB,N10-13_40.zip
佐賀,世界測地系,2024年（令和6年）,0.35MB,N10-24_41_GML.zip
佐賀,世界測地系,2020年（令和2年）,0.50MB,N10-20_41_GML.zip
佐賀,世界測地系,2015年（平成27年）,0.36MB,N10-15_41_GML.zip
佐賀,世界測地系,2013年（平成25年）,0.35MB,N10-13_41.zip
長崎,世界測地系,2024年（令和6年）,0.87MB,N10-24_42_GML.zip
長崎,世界測地系,2020年（令和2年）,1.27MB,N10-20_42_GML.zip
長崎,世界測地系,2015年（平成27年）,0.98MB,N10-15_42_GML.zip
長崎,世界測地系,2013年（平成25年）,1.00MB,N10-13_42.zip
熊本,世界測地系,2024年（令和6年）,0.8MB,N10-24_43_GML.zip
熊本,世界測地系,2020年（令和2年）,1.01MB,N10-20_43_GML.zip
熊本,世界測地系,2015年（平成27年）,0.76MB,N10-15_43_GML.zip
熊本,世界測地系,2013年（平成25年）,0.70MB,N10-13_43.zip
大分,世界測地系,2024年（令和6年）,0.97MB,N10-24_44_GML.zip
大分,世界測地系,2020年（令和2年）,1.22MB,N10-20_44_GML.zip
大分,世界測地系,2015年（平成27年）,0.90MB,N10-15_44_GML.zip
大分,世界測地系,2013年（平成25年）,0.96MB,N10-13_44.zip
宮崎,世界測地系,2024年（令和6年）,1.02MB,N10-24_45_GML.zip
宮崎,世界測地系,2020年（令和2年）,1.28MB,N10-20_45_GML.zip
宮崎,世界測地系,2015年（平成27年）,0.96MB,N10-15_45_GML.zip
宮崎,世界測地系,2013年（平成25年）,0.96MB,N10-13_45.zip
鹿児島,世界測地系,2024年（令和6年）,0.98MB,N10-24_46_GML.zip
鹿児島,世界測地系,2020年（令和2年）,1.43MB,N10-20_46_GML.zip
鹿児島,世界測地系,2015年（平成27年）,1.03MB,N10-15_46_GML.zip
鹿児島,世界測地系,2013年（平成25年）,1.27MB,N10-13_46.zip
沖縄,世界測地系,2024年（令和6年）,0.56MB,N10-24_47_GML.zip
沖縄,世界測地系,2020年（令和2年）,0.68MB,N10-20_47_GML.zip
沖縄,世界測地系,2015年（平成27年）,0.48MB,N10-15_47_GML.zip
沖縄,世界測地系,2013年（平成25年）,0.47MB,N10-13_47.zip