[{"filename": "N11-13_01.zip", "url": "https://nlftp.mlit.go.jp/ksj/gml/data/N11/N11-13/N11-13_01.zip"}, {"filename": "N11-13_02.zip", "url": "https://nlftp.mlit.go.jp/ksj/gml/data/N11/N11-13/N11-13_02.zip"}, {"filename": "N11-13_03.zip", "url": "https://nlftp.mlit.go.jp/ksj/gml/data/N11/N11-13/N11-13_03.zip"}, {"filename": "N11-13_04.zip", "url": "https://nlftp.mlit.go.jp/ksj/gml/data/N11/N11-13/N11-13_04.zip"}, {"filename": "N11-13_05.zip", "url": "https://nlftp.mlit.go.jp/ksj/gml/data/N11/N11-13/N11-13_05.zip"}, {"filename": "N11-13_06.zip", "url": "https://nlftp.mlit.go.jp/ksj/gml/data/N11/N11-13/N11-13_06.zip"}, {"filename": "N11-13_07.zip", "url": "https://nlftp.mlit.go.jp/ksj/gml/data/N11/N11-13/N11-13_07.zip"}, {"filename": "N11-13_08.zip", "url": "https://nlftp.mlit.go.jp/ksj/gml/data/N11/N11-13/N11-13_08.zip"}, {"filename": "N11-13_09.zip", "url": "https://nlftp.mlit.go.jp/ksj/gml/data/N11/N11-13/N11-13_09.zip"}, {"filename": "N11-13_10.zip", "url": "https://nlftp.mlit.go.jp/ksj/gml/data/N11/N11-13/N11-13_10.zip"}, {"filename": "N11-13_11.zip", "url": "https://nlftp.mlit.go.jp/ksj/gml/data/N11/N11-13/N11-13_11.zip"}, {"filename": "N11-13_12.zip", "url": "https://nlftp.mlit.go.jp/ksj/gml/data/N11/N11-13/N11-13_12.zip"}, {"filename": "N11-13_13.zip", "url": "https://nlftp.mlit.go.jp/ksj/gml/data/N11/N11-13/N11-13_13.zip"}, {"filename": "N11-13_14.zip", "url": "https://nlftp.mlit.go.jp/ksj/gml/data/N11/N11-13/N11-13_14.zip"}, {"filename": "N11-13_15.zip", "url": "https://nlftp.mlit.go.jp/ksj/gml/data/N11/N11-13/N11-13_15.zip"}, {"filename": "N11-13_16.zip", "url": "https://nlftp.mlit.go.jp/ksj/gml/data/N11/N11-13/N11-13_16.zip"}, {"filename": "N11-13_17.zip", "url": "https://nlftp.mlit.go.jp/ksj/gml/data/N11/N11-13/N11-13_17.zip"}, {"filename": "N11-13_18.zip", "url": "https://nlftp.mlit.go.jp/ksj/gml/data/N11/N11-13/N11-13_18.zip"}, {"filename": "N11-13_19.zip", "url": "https://nlftp.mlit.go.jp/ksj/gml/data/N11/N11-13/N11-13_19.zip"}, {"filename": "N11-13_20.zip", "url": "https://nlftp.mlit.go.jp/ksj/gml/data/N11/N11-13/N11-13_20.zip"}, {"filename": "N11-13_21.zip", "url": "https://nlftp.mlit.go.jp/ksj/gml/data/N11/N11-13/N11-13_21.zip"}, {"filename": "N11-13_22.zip", "url": "https://nlftp.mlit.go.jp/ksj/gml/data/N11/N11-13/N11-13_22.zip"}, {"filename": "N11-13_23.zip", "url": "https://nlftp.mlit.go.jp/ksj/gml/data/N11/N11-13/N11-13_23.zip"}, {"filename": "N11-13_24.zip", "url": "https://nlftp.mlit.go.jp/ksj/gml/data/N11/N11-13/N11-13_24.zip"}, {"filename": "N11-13_25.zip", "url": "https://nlftp.mlit.go.jp/ksj/gml/data/N11/N11-13/N11-13_25.zip"}, {"filename": "N11-13_26.zip", "url": "https://nlftp.mlit.go.jp/ksj/gml/data/N11/N11-13/N11-13_26.zip"}, {"filename": "N11-13_27.zip", "url": "https://nlftp.mlit.go.jp/ksj/gml/data/N11/N11-13/N11-13_27.zip"}, {"filename": "N11-13_28.zip", "url": "https://nlftp.mlit.go.jp/ksj/gml/data/N11/N11-13/N11-13_28.zip"}, {"filename": "N11-13_29.zip", "url": "https://nlftp.mlit.go.jp/ksj/gml/data/N11/N11-13/N11-13_29.zip"}, {"filename": "N11-13_30.zip", "url": "https://nlftp.mlit.go.jp/ksj/gml/data/N11/N11-13/N11-13_30.zip"}, {"filename": "N11-13_31.zip", "url": "https://nlftp.mlit.go.jp/ksj/gml/data/N11/N11-13/N11-13_31.zip"}, {"filename": "N11-13_32.zip", "url": "https://nlftp.mlit.go.jp/ksj/gml/data/N11/N11-13/N11-13_32.zip"}, {"filename": "N11-13_33.zip", "url": "https://nlftp.mlit.go.jp/ksj/gml/data/N11/N11-13/N11-13_33.zip"}, {"filename": "N11-13_34.zip", "url": "https://nlftp.mlit.go.jp/ksj/gml/data/N11/N11-13/N11-13_34.zip"}, {"filename": "N11-13_35.zip", "url": "https://nlftp.mlit.go.jp/ksj/gml/data/N11/N11-13/N11-13_35.zip"}, {"filename": "N11-13_36.zip", "url": "https://nlftp.mlit.go.jp/ksj/gml/data/N11/N11-13/N11-13_36.zip"}, {"filename": "N11-13_37.zip", "url": "https://nlftp.mlit.go.jp/ksj/gml/data/N11/N11-13/N11-13_37.zip"}, {"filename": "N11-13_38.zip", "url": "https://nlftp.mlit.go.jp/ksj/gml/data/N11/N11-13/N11-13_38.zip"}, {"filename": "N11-13_39.zip", "url": "https://nlftp.mlit.go.jp/ksj/gml/data/N11/N11-13/N11-13_39.zip"}, {"filename": "N11-13_40.zip", "url": "https://nlftp.mlit.go.jp/ksj/gml/data/N11/N11-13/N11-13_40.zip"}, {"filename": "N11-13_41.zip", "url": "https://nlftp.mlit.go.jp/ksj/gml/data/N11/N11-13/N11-13_41.zip"}, {"filename": "N11-13_42.zip", "url": "https://nlftp.mlit.go.jp/ksj/gml/data/N11/N11-13/N11-13_42.zip"}, {"filename": "N11-13_43.zip", "url": "https://nlftp.mlit.go.jp/ksj/gml/data/N11/N11-13/N11-13_43.zip"}, {"filename": "N11-13_44.zip", "url": "https://nlftp.mlit.go.jp/ksj/gml/data/N11/N11-13/N11-13_44.zip"}, {"filename": "N11-13_45.zip", "url": "https://nlftp.mlit.go.jp/ksj/gml/data/N11/N11-13/N11-13_45.zip"}, {"filename": "N11-13_46.zip", "url": "https://nlftp.mlit.go.jp/ksj/gml/data/N11/N11-13/N11-13_46.zip"}, {"filename": "N11-13_47.zip", "url": "https://nlftp.mlit.go.jp/ksj/gml/data/N11/N11-13/N11-13_47.zip"}]