[{"filename": "N12-21_01_GML.zip", "url": "https://nlftp.mlit.go.jp/ksj/gml/data/N12/N12-21/N12-21_01_GML.zip"}, {"filename": "N12-21_52_GML.zip", "url": "https://nlftp.mlit.go.jp/ksj/gml/data/N12/N12-21/N12-21_52_GML.zip"}, {"filename": "N12-21_02_GML.zip", "url": "https://nlftp.mlit.go.jp/ksj/gml/data/N12/N12-21/N12-21_02_GML.zip"}, {"filename": "N12-21_03_GML.zip", "url": "https://nlftp.mlit.go.jp/ksj/gml/data/N12/N12-21/N12-21_03_GML.zip"}, {"filename": "N12-21_04_GML.zip", "url": "https://nlftp.mlit.go.jp/ksj/gml/data/N12/N12-21/N12-21_04_GML.zip"}, {"filename": "N12-21_05_GML.zip", "url": "https://nlftp.mlit.go.jp/ksj/gml/data/N12/N12-21/N12-21_05_GML.zip"}, {"filename": "N12-21_06_GML.zip", "url": "https://nlftp.mlit.go.jp/ksj/gml/data/N12/N12-21/N12-21_06_GML.zip"}, {"filename": "N12-21_07_GML.zip", "url": "https://nlftp.mlit.go.jp/ksj/gml/data/N12/N12-21/N12-21_07_GML.zip"}, {"filename": "N12-21_53_GML.zip", "url": "https://nlftp.mlit.go.jp/ksj/gml/data/N12/N12-21/N12-21_53_GML.zip"}, {"filename": "N12-21_08_GML.zip", "url": "https://nlftp.mlit.go.jp/ksj/gml/data/N12/N12-21/N12-21_08_GML.zip"}, {"filename": "N12-21_09_GML.zip", "url": "https://nlftp.mlit.go.jp/ksj/gml/data/N12/N12-21/N12-21_09_GML.zip"}, {"filename": "N12-21_10_GML.zip", "url": "https://nlftp.mlit.go.jp/ksj/gml/data/N12/N12-21/N12-21_10_GML.zip"}, {"filename": "N12-21_11_GML.zip", "url": "https://nlftp.mlit.go.jp/ksj/gml/data/N12/N12-21/N12-21_11_GML.zip"}, {"filename": "N12-21_12_GML.zip", "url": "https://nlftp.mlit.go.jp/ksj/gml/data/N12/N12-21/N12-21_12_GML.zip"}, {"filename": "N12-21_13_GML.zip", "url": "https://nlftp.mlit.go.jp/ksj/gml/data/N12/N12-21/N12-21_13_GML.zip"}, {"filename": "N12-21_14_GML.zip", "url": "https://nlftp.mlit.go.jp/ksj/gml/data/N12/N12-21/N12-21_14_GML.zip"}, {"filename": "N12-21_54_GML.zip", "url": "https://nlftp.mlit.go.jp/ksj/gml/data/N12/N12-21/N12-21_54_GML.zip"}, {"filename": "N12-21_15_GML.zip", "url": "https://nlftp.mlit.go.jp/ksj/gml/data/N12/N12-21/N12-21_15_GML.zip"}, {"filename": "N12-21_16_GML.zip", "url": "https://nlftp.mlit.go.jp/ksj/gml/data/N12/N12-21/N12-21_16_GML.zip"}, {"filename": "N12-21_17_GML.zip", "url": "https://nlftp.mlit.go.jp/ksj/gml/data/N12/N12-21/N12-21_17_GML.zip"}, {"filename": "N12-21_18_GML.zip", "url": "https://nlftp.mlit.go.jp/ksj/gml/data/N12/N12-21/N12-21_18_GML.zip"}, {"filename": "N12-21_19_GML.zip", "url": "https://nlftp.mlit.go.jp/ksj/gml/data/N12/N12-21/N12-21_19_GML.zip"}, {"filename": "N12-21_20_GML.zip", "url": "https://nlftp.mlit.go.jp/ksj/gml/data/N12/N12-21/N12-21_20_GML.zip"}, {"filename": "N12-21_55_GML.zip", "url": "https://nlftp.mlit.go.jp/ksj/gml/data/N12/N12-21/N12-21_55_GML.zip"}, {"filename": "N12-21_21_GML.zip", "url": "https://nlftp.mlit.go.jp/ksj/gml/data/N12/N12-21/N12-21_21_GML.zip"}, {"filename": "N12-21_22_GML.zip", "url": "https://nlftp.mlit.go.jp/ksj/gml/data/N12/N12-21/N12-21_22_GML.zip"}, {"filename": "N12-21_23_GML.zip", "url": "https://nlftp.mlit.go.jp/ksj/gml/data/N12/N12-21/N12-21_23_GML.zip"}, {"filename": "N12-21_24_GML.zip", "url": "https://nlftp.mlit.go.jp/ksj/gml/data/N12/N12-21/N12-21_24_GML.zip"}, {"filename": "N12-21_56_GML.zip", "url": "https://nlftp.mlit.go.jp/ksj/gml/data/N12/N12-21/N12-21_56_GML.zip"}, {"filename": "N12-21_25_GML.zip", "url": "https://nlftp.mlit.go.jp/ksj/gml/data/N12/N12-21/N12-21_25_GML.zip"}, {"filename": "N12-21_26_GML.zip", "url": "https://nlftp.mlit.go.jp/ksj/gml/data/N12/N12-21/N12-21_26_GML.zip"}, {"filename": "N12-21_27_GML.zip", "url": "https://nlftp.mlit.go.jp/ksj/gml/data/N12/N12-21/N12-21_27_GML.zip"}, {"filename": "N12-21_28_GML.zip", "url": "https://nlftp.mlit.go.jp/ksj/gml/data/N12/N12-21/N12-21_28_GML.zip"}, {"filename": "N12-21_29_GML.zip", "url": "https://nlftp.mlit.go.jp/ksj/gml/data/N12/N12-21/N12-21_29_GML.zip"}, {"filename": "N12-21_30_GML.zip", "url": "https://nlftp.mlit.go.jp/ksj/gml/data/N12/N12-21/N12-21_30_GML.zip"}, {"filename": "N12-21_57_GML.zip", "url": "https://nlftp.mlit.go.jp/ksj/gml/data/N12/N12-21/N12-21_57_GML.zip"}, {"filename": "N12-21_31_GML.zip", "url": "https://nlftp.mlit.go.jp/ksj/gml/data/N12/N12-21/N12-21_31_GML.zip"}, {"filename": "N12-21_32_GML.zip", "url": "https://nlftp.mlit.go.jp/ksj/gml/data/N12/N12-21/N12-21_32_GML.zip"}, {"filename": "N12-21_33_GML.zip", "url": "https://nlftp.mlit.go.jp/ksj/gml/data/N12/N12-21/N12-21_33_GML.zip"}, {"filename": "N12-21_34_GML.zip", "url": "https://nlftp.mlit.go.jp/ksj/gml/data/N12/N12-21/N12-21_34_GML.zip"}, {"filename": "N12-21_35_GML.zip", "url": "https://nlftp.mlit.go.jp/ksj/gml/data/N12/N12-21/N12-21_35_GML.zip"}, {"filename": "N12-21_58_GML.zip", "url": "https://nlftp.mlit.go.jp/ksj/gml/data/N12/N12-21/N12-21_58_GML.zip"}, {"filename": "N12-21_36_GML.zip", "url": "https://nlftp.mlit.go.jp/ksj/gml/data/N12/N12-21/N12-21_36_GML.zip"}, {"filename": "N12-21_37_GML.zip", "url": "https://nlftp.mlit.go.jp/ksj/gml/data/N12/N12-21/N12-21_37_GML.zip"}, {"filename": "N12-21_38_GML.zip", "url": "https://nlftp.mlit.go.jp/ksj/gml/data/N12/N12-21/N12-21_38_GML.zip"}, {"filename": "N12-21_39_GML.zip", "url": "https://nlftp.mlit.go.jp/ksj/gml/data/N12/N12-21/N12-21_39_GML.zip"}, {"filename": "N12-21_59_GML.zip", "url": "https://nlftp.mlit.go.jp/ksj/gml/data/N12/N12-21/N12-21_59_GML.zip"}, {"filename": "N12-21_40_GML.zip", "url": "https://nlftp.mlit.go.jp/ksj/gml/data/N12/N12-21/N12-21_40_GML.zip"}, {"filename": "N12-21_41_GML.zip", "url": "https://nlftp.mlit.go.jp/ksj/gml/data/N12/N12-21/N12-21_41_GML.zip"}, {"filename": "N12-21_42_GML.zip", "url": "https://nlftp.mlit.go.jp/ksj/gml/data/N12/N12-21/N12-21_42_GML.zip"}, {"filename": "N12-21_43_GML.zip", "url": "https://nlftp.mlit.go.jp/ksj/gml/data/N12/N12-21/N12-21_43_GML.zip"}, {"filename": "N12-21_44_GML.zip", "url": "https://nlftp.mlit.go.jp/ksj/gml/data/N12/N12-21/N12-21_44_GML.zip"}, {"filename": "N12-21_45_GML.zip", "url": "https://nlftp.mlit.go.jp/ksj/gml/data/N12/N12-21/N12-21_45_GML.zip"}, {"filename": "N12-21_46_GML.zip", "url": "https://nlftp.mlit.go.jp/ksj/gml/data/N12/N12-21/N12-21_46_GML.zip"}, {"filename": "N12-21_47_GML.zip", "url": "https://nlftp.mlit.go.jp/ksj/gml/data/N12/N12-21/N12-21_47_GML.zip"}]