北海道,世界測地系,2021年（令和3年）,2.20MB,N12-21_01_GML.zip
東北地方,世界測地系,2021年（令和3年）,3.43MB,N12-21_52_GML.zip
青森,世界測地系,2021年（令和3年）,0.91MB,N12-21_02_GML.zip
岩手,世界測地系,2021年（令和3年）,0.91MB,N12-21_03_GML.zip
宮城,世界測地系,2021年（令和3年）,0.50MB,N12-21_04_GML.zip
秋田,世界測地系,2021年（令和3年）,0.46MB,N12-21_05_GML.zip
山形,世界測地系,2021年（令和3年）,0.46MB,N12-21_06_GML.zip
福島,世界測地系,2021年（令和3年）,0.69MB,N12-21_07_GML.zip
関東地方,世界測地系,2021年（令和3年）,2.49MB,N12-21_53_GML.zip
茨城,世界測地系,2021年（令和3年）,0.41MB,N12-21_08_GML.zip
栃木,世界測地系,2021年（令和3年）,0.29MB,N12-21_09_GML.zip
群馬,世界測地系,2021年（令和3年）,0.28MB,N12-21_10_GML.zip
埼玉,世界測地系,2021年（令和3年）,0.34MB,N12-21_11_GML.zip
千葉,世界測地系,2021年（令和3年）,0.51MB,N12-21_12_GML.zip
東京,世界測地系,2021年（令和3年）,0.30MB,N12-21_13_GML.zip
神奈川,世界測地系,2021年（令和3年）,0.39MB,N12-21_14_GML.zip
甲信越・北陸地方,世界測地系,2021年（令和3年）,2.05MB,N12-21_54_GML.zip
新潟,世界測地系,2021年（令和3年）,0.33MB,N12-21_15_GML.zip
富山,世界測地系,2021年（令和3年）,0.15MB,N12-21_16_GML.zip
石川,世界測地系,2021年（令和3年）,0.32MB,N12-21_17_GML.zip
福井,世界測地系,2021年（令和3年）,0.25MB,N12-21_18_GML.zip
山梨,世界測地系,2021年（令和3年）,0.29MB,N12-21_19_GML.zip
長野,世界測地系,2021年（令和3年）,0.72MB,N12-21_20_GML.zip
東海地方,世界測地系,2021年（令和3年）,1.93MB,N12-21_55_GML.zip
岐阜,世界測地系,2021年（令和3年）,0.59MB,N12-21_21_GML.zip
静岡,世界測地系,2021年（令和3年）,0.44MB,N12-21_22_GML.zip
愛知,世界測地系,2021年（令和3年）,0.58MB,N12-21_23_GML.zip
三重,世界測地系,2021年（令和3年）,0.34MB,N12-21_24_GML.zip
近畿地方,世界測地系,2021年（令和3年）,1.92MB,N12-21_56_GML.zip
滋賀,世界測地系,2021年（令和3年）,0.26MB,N12-21_25_GML.zip
京都,世界測地系,2021年（令和3年）,0.30MB,N12-21_26_GML.zip
大阪,世界測地系,2021年（令和3年）,0.22MB,N12-21_27_GML.zip
兵庫,世界測地系,2021年（令和3年）,0.47MB,N12-21_28_GML.zip
奈良,世界測地系,2021年（令和3年）,0.32MB,N12-21_29_GML.zip
和歌山,世界測地系,2021年（令和3年）,0.36MB,N12-21_30_GML.zip
中国地方,世界測地系,2021年（令和3年）,1.96MB,N12-21_57_GML.zip
鳥取,世界測地系,2021年（令和3年）,0.25MB,N12-21_31_GML.zip
島根,世界測地系,2021年（令和3年）,0.39MB,N12-21_32_GML.zip
岡山,世界測地系,2021年（令和3年）,0.38MB,N12-21_33_GML.zip
広島,世界測地系,2021年（令和3年）,0.50MB,N12-21_34_GML.zip
山口,世界測地系,2021年（令和3年）,0.46MB,N12-21_35_GML.zip
四国地方,世界測地系,2021年（令和3年）,1.46MB,N12-21_58_GML.zip
徳島,世界測地系,2021年（令和3年）,0.35MB,N12-21_36_GML.zip
香川,世界測地系,2021年（令和3年）,0.21MB,N12-21_37_GML.zip
愛媛,世界測地系,2021年（令和3年）,0.30MB,N12-21_38_GML.zip
高知,世界測地系,2021年（令和3年）,0.62MB,N12-21_39_GML.zip
九州地方,世界測地系,2021年（令和3年）,2.21MB,N12-21_59_GML.zip
福岡,世界測地系,2021年（令和3年）,0.40MB,N12-21_40_GML.zip
佐賀,世界測地系,2021年（令和3年）,0.20MB,N12-21_41_GML.zip
長崎,世界測地系,2021年（令和3年）,0.19MB,N12-21_42_GML.zip
熊本,世界測地系,2021年（令和3年）,0.36MB,N12-21_43_GML.zip
大分,世界測地系,2021年（令和3年）,0.31MB,N12-21_44_GML.zip
宮崎,世界測地系,2021年（令和3年）,0.44MB,N12-21_45_GML.zip
鹿児島,世界測地系,2021年（令和3年）,0.33MB,N12-21_46_GML.zip
沖縄,世界測地系,2021年（令和3年）,0.36MB,N12-21_47_GML.zip