[{"filename": "P02-90_01_GML.zip", "url": "https://nlftp.mlit.go.jp/ksj/gml/data/P02/P02-90/P02-90_01_GML.zip"}, {"filename": "P02-06_01_GML.zip", "url": "https://nlftp.mlit.go.jp/ksj/gml/data/P02/P02-06/P02-06_01_GML.zip"}, {"filename": "P02-90_02_GML.zip", "url": "https://nlftp.mlit.go.jp/ksj/gml/data/P02/P02-90/P02-90_02_GML.zip"}, {"filename": "P02-06_02_GML.zip", "url": "https://nlftp.mlit.go.jp/ksj/gml/data/P02/P02-06/P02-06_02_GML.zip"}, {"filename": "P02-90_03_GML.zip", "url": "https://nlftp.mlit.go.jp/ksj/gml/data/P02/P02-90/P02-90_03_GML.zip"}, {"filename": "P02-06_03_GML.zip", "url": "https://nlftp.mlit.go.jp/ksj/gml/data/P02/P02-06/P02-06_03_GML.zip"}, {"filename": "P02-90_04_GML.zip", "url": "https://nlftp.mlit.go.jp/ksj/gml/data/P02/P02-90/P02-90_04_GML.zip"}, {"filename": "P02-06_04_GML.zip", "url": "https://nlftp.mlit.go.jp/ksj/gml/data/P02/P02-06/P02-06_04_GML.zip"}, {"filename": "P02-90_05_GML.zip", "url": "https://nlftp.mlit.go.jp/ksj/gml/data/P02/P02-90/P02-90_05_GML.zip"}, {"filename": "P02-06_05_GML.zip", "url": "https://nlftp.mlit.go.jp/ksj/gml/data/P02/P02-06/P02-06_05_GML.zip"}, {"filename": "P02-90_06_GML.zip", "url": "https://nlftp.mlit.go.jp/ksj/gml/data/P02/P02-90/P02-90_06_GML.zip"}, {"filename": "P02-06_06_GML.zip", "url": "https://nlftp.mlit.go.jp/ksj/gml/data/P02/P02-06/P02-06_06_GML.zip"}, {"filename": "P02-90_07_GML.zip", "url": "https://nlftp.mlit.go.jp/ksj/gml/data/P02/P02-90/P02-90_07_GML.zip"}, {"filename": "P02-06_07_GML.zip", "url": "https://nlftp.mlit.go.jp/ksj/gml/data/P02/P02-06/P02-06_07_GML.zip"}, {"filename": "P02-90_08_GML.zip", "url": "https://nlftp.mlit.go.jp/ksj/gml/data/P02/P02-90/P02-90_08_GML.zip"}, {"filename": "P02-06_08_GML.zip", "url": "https://nlftp.mlit.go.jp/ksj/gml/data/P02/P02-06/P02-06_08_GML.zip"}, {"filename": "P02-90_09_GML.zip", "url": "https://nlftp.mlit.go.jp/ksj/gml/data/P02/P02-90/P02-90_09_GML.zip"}, {"filename": "P02-06_09_GML.zip", "url": "https://nlftp.mlit.go.jp/ksj/gml/data/P02/P02-06/P02-06_09_GML.zip"}, {"filename": "P02-90_10_GML.zip", "url": "https://nlftp.mlit.go.jp/ksj/gml/data/P02/P02-90/P02-90_10_GML.zip"}, {"filename": "P02-06_10_GML.zip", "url": "https://nlftp.mlit.go.jp/ksj/gml/data/P02/P02-06/P02-06_10_GML.zip"}, {"filename": "P02-90_11_GML.zip", "url": "https://nlftp.mlit.go.jp/ksj/gml/data/P02/P02-90/P02-90_11_GML.zip"}, {"filename": "P02-06_11_GML.zip", "url": "https://nlftp.mlit.go.jp/ksj/gml/data/P02/P02-06/P02-06_11_GML.zip"}, {"filename": "P02-90_12_GML.zip", "url": "https://nlftp.mlit.go.jp/ksj/gml/data/P02/P02-90/P02-90_12_GML.zip"}, {"filename": "P02-06_12_GML.zip", "url": "https://nlftp.mlit.go.jp/ksj/gml/data/P02/P02-06/P02-06_12_GML.zip"}, {"filename": "P02-90_13_GML.zip", "url": "https://nlftp.mlit.go.jp/ksj/gml/data/P02/P02-90/P02-90_13_GML.zip"}, {"filename": "P02-06_13_GML.zip", "url": "https://nlftp.mlit.go.jp/ksj/gml/data/P02/P02-06/P02-06_13_GML.zip"}, {"filename": "P02-90_14_GML.zip", "url": "https://nlftp.mlit.go.jp/ksj/gml/data/P02/P02-90/P02-90_14_GML.zip"}, {"filename": "P02-06_14_GML.zip", "url": "https://nlftp.mlit.go.jp/ksj/gml/data/P02/P02-06/P02-06_14_GML.zip"}, {"filename": "P02-90_15_GML.zip", "url": "https://nlftp.mlit.go.jp/ksj/gml/data/P02/P02-90/P02-90_15_GML.zip"}, {"filename": "P02-06_15_GML.zip", "url": "https://nlftp.mlit.go.jp/ksj/gml/data/P02/P02-06/P02-06_15_GML.zip"}, {"filename": "P02-90_16_GML.zip", "url": "https://nlftp.mlit.go.jp/ksj/gml/data/P02/P02-90/P02-90_16_GML.zip"}, {"filename": "P02-06_16_GML.zip", "url": "https://nlftp.mlit.go.jp/ksj/gml/data/P02/P02-06/P02-06_16_GML.zip"}, {"filename": "P02-90_17_GML.zip", "url": "https://nlftp.mlit.go.jp/ksj/gml/data/P02/P02-90/P02-90_17_GML.zip"}, {"filename": "P02-06_17_GML.zip", "url": "https://nlftp.mlit.go.jp/ksj/gml/data/P02/P02-06/P02-06_17_GML.zip"}, {"filename": "P02-90_18_GML.zip", "url": "https://nlftp.mlit.go.jp/ksj/gml/data/P02/P02-90/P02-90_18_GML.zip"}, {"filename": "P02-06_18_GML.zip", "url": "https://nlftp.mlit.go.jp/ksj/gml/data/P02/P02-06/P02-06_18_GML.zip"}, {"filename": "P02-90_19_GML.zip", "url": "https://nlftp.mlit.go.jp/ksj/gml/data/P02/P02-90/P02-90_19_GML.zip"}, {"filename": "P02-06_19_GML.zip", "url": "https://nlftp.mlit.go.jp/ksj/gml/data/P02/P02-06/P02-06_19_GML.zip"}, {"filename": "P02-90_20_GML.zip", "url": "https://nlftp.mlit.go.jp/ksj/gml/data/P02/P02-90/P02-90_20_GML.zip"}, {"filename": "P02-06_20_GML.zip", "url": "https://nlftp.mlit.go.jp/ksj/gml/data/P02/P02-06/P02-06_20_GML.zip"}, {"filename": "P02-90_21_GML.zip", "url": "https://nlftp.mlit.go.jp/ksj/gml/data/P02/P02-90/P02-90_21_GML.zip"}, {"filename": "P02-06_21_GML.zip", "url": "https://nlftp.mlit.go.jp/ksj/gml/data/P02/P02-06/P02-06_21_GML.zip"}, {"filename": "P02-90_22_GML.zip", "url": "https://nlftp.mlit.go.jp/ksj/gml/data/P02/P02-90/P02-90_22_GML.zip"}, {"filename": "P02-06_22_GML.zip", "url": "https://nlftp.mlit.go.jp/ksj/gml/data/P02/P02-06/P02-06_22_GML.zip"}, {"filename": "P02-90_23_GML.zip", "url": "https://nlftp.mlit.go.jp/ksj/gml/data/P02/P02-90/P02-90_23_GML.zip"}, {"filename": "P02-06_23_GML.zip", "url": "https://nlftp.mlit.go.jp/ksj/gml/data/P02/P02-06/P02-06_23_GML.zip"}, {"filename": "P02-90_24_GML.zip", "url": "https://nlftp.mlit.go.jp/ksj/gml/data/P02/P02-90/P02-90_24_GML.zip"}, {"filename": "P02-06_24_GML.zip", "url": "https://nlftp.mlit.go.jp/ksj/gml/data/P02/P02-06/P02-06_24_GML.zip"}, {"filename": "P02-90_25_GML.zip", "url": "https://nlftp.mlit.go.jp/ksj/gml/data/P02/P02-90/P02-90_25_GML.zip"}, {"filename": "P02-06_25_GML.zip", "url": "https://nlftp.mlit.go.jp/ksj/gml/data/P02/P02-06/P02-06_25_GML.zip"}, {"filename": "P02-90_26_GML.zip", "url": "https://nlftp.mlit.go.jp/ksj/gml/data/P02/P02-90/P02-90_26_GML.zip"}, {"filename": "P02-06_26_GML.zip", "url": "https://nlftp.mlit.go.jp/ksj/gml/data/P02/P02-06/P02-06_26_GML.zip"}, {"filename": "P02-90_27_GML.zip", "url": "https://nlftp.mlit.go.jp/ksj/gml/data/P02/P02-90/P02-90_27_GML.zip"}, {"filename": "P02-06_27_GML.zip", "url": "https://nlftp.mlit.go.jp/ksj/gml/data/P02/P02-06/P02-06_27_GML.zip"}, {"filename": "P02-90_28_GML.zip", "url": "https://nlftp.mlit.go.jp/ksj/gml/data/P02/P02-90/P02-90_28_GML.zip"}, {"filename": "P02-06_28_GML.zip", "url": "https://nlftp.mlit.go.jp/ksj/gml/data/P02/P02-06/P02-06_28_GML.zip"}, {"filename": "P02-90_29_GML.zip", "url": "https://nlftp.mlit.go.jp/ksj/gml/data/P02/P02-90/P02-90_29_GML.zip"}, {"filename": "P02-06_29_GML.zip", "url": "https://nlftp.mlit.go.jp/ksj/gml/data/P02/P02-06/P02-06_29_GML.zip"}, {"filename": "P02-90_30_GML.zip", "url": "https://nlftp.mlit.go.jp/ksj/gml/data/P02/P02-90/P02-90_30_GML.zip"}, {"filename": "P02-06_30_GML.zip", "url": "https://nlftp.mlit.go.jp/ksj/gml/data/P02/P02-06/P02-06_30_GML.zip"}, {"filename": "P02-90_31_GML.zip", "url": "https://nlftp.mlit.go.jp/ksj/gml/data/P02/P02-90/P02-90_31_GML.zip"}, {"filename": "P02-06_31_GML.zip", "url": "https://nlftp.mlit.go.jp/ksj/gml/data/P02/P02-06/P02-06_31_GML.zip"}, {"filename": "P02-90_32_GML.zip", "url": "https://nlftp.mlit.go.jp/ksj/gml/data/P02/P02-90/P02-90_32_GML.zip"}, {"filename": "P02-06_32_GML.zip", "url": "https://nlftp.mlit.go.jp/ksj/gml/data/P02/P02-06/P02-06_32_GML.zip"}, {"filename": "P02-90_33_GML.zip", "url": "https://nlftp.mlit.go.jp/ksj/gml/data/P02/P02-90/P02-90_33_GML.zip"}, {"filename": "P02-06_33_GML.zip", "url": "https://nlftp.mlit.go.jp/ksj/gml/data/P02/P02-06/P02-06_33_GML.zip"}, {"filename": "P02-90_34_GML.zip", "url": "https://nlftp.mlit.go.jp/ksj/gml/data/P02/P02-90/P02-90_34_GML.zip"}, {"filename": "P02-06_34_GML.zip", "url": "https://nlftp.mlit.go.jp/ksj/gml/data/P02/P02-06/P02-06_34_GML.zip"}, {"filename": "P02-90_35_GML.zip", "url": "https://nlftp.mlit.go.jp/ksj/gml/data/P02/P02-90/P02-90_35_GML.zip"}, {"filename": "P02-06_35_GML.zip", "url": "https://nlftp.mlit.go.jp/ksj/gml/data/P02/P02-06/P02-06_35_GML.zip"}, {"filename": "P02-90_36_GML.zip", "url": "https://nlftp.mlit.go.jp/ksj/gml/data/P02/P02-90/P02-90_36_GML.zip"}, {"filename": "P02-06_36_GML.zip", "url": "https://nlftp.mlit.go.jp/ksj/gml/data/P02/P02-06/P02-06_36_GML.zip"}, {"filename": "P02-90_37_GML.zip", "url": "https://nlftp.mlit.go.jp/ksj/gml/data/P02/P02-90/P02-90_37_GML.zip"}, {"filename": "P02-06_37_GML.zip", "url": "https://nlftp.mlit.go.jp/ksj/gml/data/P02/P02-06/P02-06_37_GML.zip"}, {"filename": "P02-90_38_GML.zip", "url": "https://nlftp.mlit.go.jp/ksj/gml/data/P02/P02-90/P02-90_38_GML.zip"}, {"filename": "P02-06_38_GML.zip", "url": "https://nlftp.mlit.go.jp/ksj/gml/data/P02/P02-06/P02-06_38_GML.zip"}, {"filename": "P02-90_39_GML.zip", "url": "https://nlftp.mlit.go.jp/ksj/gml/data/P02/P02-90/P02-90_39_GML.zip"}, {"filename": "P02-06_39_GML.zip", "url": "https://nlftp.mlit.go.jp/ksj/gml/data/P02/P02-06/P02-06_39_GML.zip"}, {"filename": "P02-90_40_GML.zip", "url": "https://nlftp.mlit.go.jp/ksj/gml/data/P02/P02-90/P02-90_40_GML.zip"}, {"filename": "P02-06_40_GML.zip", "url": "https://nlftp.mlit.go.jp/ksj/gml/data/P02/P02-06/P02-06_40_GML.zip"}, {"filename": "P02-90_41_GML.zip", "url": "https://nlftp.mlit.go.jp/ksj/gml/data/P02/P02-90/P02-90_41_GML.zip"}, {"filename": "P02-06_41_GML.zip", "url": "https://nlftp.mlit.go.jp/ksj/gml/data/P02/P02-06/P02-06_41_GML.zip"}, {"filename": "P02-90_42_GML.zip", "url": "https://nlftp.mlit.go.jp/ksj/gml/data/P02/P02-90/P02-90_42_GML.zip"}, {"filename": "P02-06_42_GML.zip", "url": "https://nlftp.mlit.go.jp/ksj/gml/data/P02/P02-06/P02-06_42_GML.zip"}, {"filename": "P02-90_43_GML.zip", "url": "https://nlftp.mlit.go.jp/ksj/gml/data/P02/P02-90/P02-90_43_GML.zip"}, {"filename": "P02-06_43_GML.zip", "url": "https://nlftp.mlit.go.jp/ksj/gml/data/P02/P02-06/P02-06_43_GML.zip"}, {"filename": "P02-90_44_GML.zip", "url": "https://nlftp.mlit.go.jp/ksj/gml/data/P02/P02-90/P02-90_44_GML.zip"}, {"filename": "P02-06_44_GML.zip", "url": "https://nlftp.mlit.go.jp/ksj/gml/data/P02/P02-06/P02-06_44_GML.zip"}, {"filename": "P02-90_45_GML.zip", "url": "https://nlftp.mlit.go.jp/ksj/gml/data/P02/P02-90/P02-90_45_GML.zip"}, {"filename": "P02-06_45_GML.zip", "url": "https://nlftp.mlit.go.jp/ksj/gml/data/P02/P02-06/P02-06_45_GML.zip"}, {"filename": "P02-90_46_GML.zip", "url": "https://nlftp.mlit.go.jp/ksj/gml/data/P02/P02-90/P02-90_46_GML.zip"}, {"filename": "P02-06_46_GML.zip", "url": "https://nlftp.mlit.go.jp/ksj/gml/data/P02/P02-06/P02-06_46_GML.zip"}, {"filename": "P02-90_47_GML.zip", "url": "https://nlftp.mlit.go.jp/ksj/gml/data/P02/P02-90/P02-90_47_GML.zip"}, {"filename": "P02-06_47_GML.zip", "url": "https://nlftp.mlit.go.jp/ksj/gml/data/P02/P02-06/P02-06_47_GML.zip"}]