北海道,世界測地系,1990年（平成2年）,1.65MB,P02-90_01_GML.zip
北海道,世界測地系,2006年（平成18年）,0.84MB,P02-06_01_GML.zip
青森,世界測地系,1990年（平成2年）,0.40MB,P02-90_02_GML.zip
青森,世界測地系,2006年（平成18年）,0.26MB,P02-06_02_GML.zip
岩手,世界測地系,1990年（平成2年）,0.41MB,P02-90_03_GML.zip
岩手,世界測地系,2006年（平成18年）,0.26MB,P02-06_03_GML.zip
宮城,世界測地系,1990年（平成2年）,0.50MB,P02-90_04_GML.zip
宮城,世界測地系,2006年（平成18年）,0.31MB,P02-06_04_GML.zip
秋田,世界測地系,1990年（平成2年）,0.41MB,P02-90_05_GML.zip
秋田,世界測地系,2006年（平成18年）,0.22MB,P02-06_05_GML.zip
山形,世界測地系,1990年（平成2年）,0.34MB,P02-90_06_GML.zip
山形,世界測地系,2006年（平成18年）,0.20MB,P02-06_06_GML.zip
福島,世界測地系,1990年（平成2年）,0.50MB,P02-90_07_GML.zip
福島,世界測地系,2006年（平成18年）,0.31MB,P02-06_07_GML.zip
茨城,世界測地系,1990年（平成2年）,0.52MB,P02-90_08_GML.zip
茨城,世界測地系,2006年（平成18年）,0.32MB,P02-06_08_GML.zip
栃木,世界測地系,1990年（平成2年）,0.39MB,P02-90_09_GML.zip
栃木,世界測地系,2006年（平成18年）,0.23MB,P02-06_09_GML.zip
群馬,世界測地系,1990年（平成2年）,0.38MB,P02-90_10_GML.zip
群馬,世界測地系,2006年（平成18年）,0.23MB,P02-06_10_GML.zip
埼玉,世界測地系,1990年（平成2年）,0.75MB,P02-90_11_GML.zip
埼玉,世界測地系,2006年（平成18年）,0.48MB,P02-06_11_GML.zip
千葉,世界測地系,1990年（平成2年）,0.81MB,P02-90_12_GML.zip
千葉,世界測地系,2006年（平成18年）,0.51MB,P02-06_12_GML.zip
東京,世界測地系,1990年（平成2年）,1.58MB,P02-90_13_GML.zip
東京,世界測地系,2006年（平成18年）,1.01MB,P02-06_13_GML.zip
神奈川,世界測地系,1990年（平成2年）,0.90MB,P02-90_14_GML.zip
神奈川,世界測地系,2006年（平成18年）,0.54MB,P02-06_14_GML.zip
新潟,世界測地系,1990年（平成2年）,0.64MB,P02-90_15_GML.zip
新潟,世界測地系,2006年（平成18年）,0.36MB,P02-06_15_GML.zip
富山,世界測地系,1990年（平成2年）,0.33MB,P02-90_16_GML.zip
富山,世界測地系,2006年（平成18年）,0.16MB,P02-06_16_GML.zip
石川,世界測地系,1990年（平成2年）,0.30MB,P02-90_17_GML.zip
石川,世界測地系,2006年（平成18年）,0.19MB,P02-06_17_GML.zip
福井,世界測地系,1990年（平成2年）,0.25MB,P02-90_18_GML.zip
福井,世界測地系,2006年（平成18年）,0.15MB,P02-06_18_GML.zip
山梨,世界測地系,1990年（平成2年）,0.25MB,P02-90_19_GML.zip
山梨,世界測地系,2006年（平成18年）,0.15MB,P02-06_19_GML.zip
長野,世界測地系,1990年（平成2年）,0.76MB,P02-90_20_GML.zip
長野,世界測地系,2006年（平成18年）,0.33MB,P02-06_20_GML.zip
岐阜,世界測地系,1990年（平成2年）,0.47MB,P02-90_21_GML.zip
岐阜,世界測地系,2006年（平成18年）,0.26MB,P02-06_21_GML.zip
静岡,世界測地系,1990年（平成2年）,0.56MB,P02-90_22_GML.zip
静岡,世界測地系,2006年（平成18年）,0.36MB,P02-06_22_GML.zip
愛知,世界測地系,1990年（平成2年）,1.01MB,P02-90_23_GML.zip
愛知,世界測地系,2006年（平成18年）,0.69MB,P02-06_23_GML.zip
三重,世界測地系,1990年（平成2年）,0.43MB,P02-90_24_GML.zip
三重,世界測地系,2006年（平成18年）,0.26MB,P02-06_24_GML.zip
滋賀,世界測地系,1990年（平成2年）,0.30MB,P02-90_25_GML.zip
滋賀,世界測地系,2006年（平成18年）,0.19MB,P02-06_25_GML.zip
京都,世界測地系,1990年（平成2年）,0.57MB,P02-90_26_GML.zip
京都,世界測地系,2006年（平成18年）,0.32MB,P02-06_26_GML.zip
大阪,世界測地系,1990年（平成2年）,1.01MB,P02-90_27_GML.zip
大阪,世界測地系,2006年（平成18年）,0.68MB,P02-06_27_GML.zip
兵庫,世界測地系,1990年（平成2年）,0.90MB,P02-90_28_GML.zip
兵庫,世界測地系,2006年（平成18年）,0.58MB,P02-06_28_GML.zip
奈良,世界測地系,1990年（平成2年）,0.35MB,P02-90_29_GML.zip
奈良,世界測地系,2006年（平成18年）,0.17MB,P02-06_29_GML.zip
和歌山,世界測地系,1990年（平成2年）,0.30MB,P02-90_30_GML.zip
和歌山,世界測地系,2006年（平成18年）,0.18MB,P02-06_30_GML.zip
鳥取,世界測地系,1990年（平成2年）,0.23MB,P02-90_31_GML.zip
鳥取,世界測地系,2006年（平成18年）,0.12MB,P02-06_31_GML.zip
島根,世界測地系,1990年（平成2年）,0.28MB,P02-90_32_GML.zip
島根,世界測地系,2006年（平成18年）,0.18MB,P02-06_32_GML.zip
岡山,世界測地系,1990年（平成2年）,0.45MB,P02-90_33_GML.zip
岡山,世界測地系,2006年（平成18年）,0.29MB,P02-06_33_GML.zip
広島,世界測地系,1990年（平成2年）,0.63MB,P02-90_34_GML.zip
広島,世界測地系,2006年（平成18年）,0.37MB,P02-06_34_GML.zip
山口,世界測地系,1990年（平成2年）,0.43MB,P02-90_35_GML.zip
山口,世界測地系,2006年（平成18年）,0.24MB,P02-06_35_GML.zip
徳島,世界測地系,1990年（平成2年）,0.26MB,P02-90_36_GML.zip
徳島,世界測地系,2006年（平成18年）,0.17MB,P02-06_36_GML.zip
香川,世界測地系,1990年（平成2年）,0.24MB,P02-90_37_GML.zip
香川,世界測地系,2006年（平成18年）,0.15MB,P02-06_37_GML.zip
愛媛,世界測地系,1990年（平成2年）,0.38MB,P02-90_38_GML.zip
愛媛,世界測地系,2006年（平成18年）,0.22MB,P02-06_38_GML.zip
高知,世界測地系,1990年（平成2年）,0.27MB,P02-90_39_GML.zip
高知,世界測地系,2006年（平成18年）,0.17MB,P02-06_39_GML.zip
福岡,世界測地系,1990年（平成2年）,0.94MB,P02-90_40_GML.zip
福岡,世界測地系,2006年（平成18年）,0.55MB,P02-06_40_GML.zip
佐賀,世界測地系,1990年（平成2年）,0.19MB,P02-90_41_GML.zip
佐賀,世界測地系,2006年（平成18年）,0.14MB,P02-06_41_GML.zip
長崎,世界測地系,1990年（平成2年）,0.43MB,P02-90_42_GML.zip
長崎,世界測地系,2006年（平成18年）,0.27MB,P02-06_42_GML.zip
熊本,世界測地系,1990年（平成2年）,0.45MB,P02-90_43_GML.zip
熊本,世界測地系,2006年（平成18年）,0.29MB,P02-06_43_GML.zip
大分,世界測地系,1990年（平成2年）,0.34MB,P02-90_44_GML.zip
大分,世界測地系,2006年（平成18年）,0.22MB,P02-06_44_GML.zip
宮崎,世界測地系,1990年（平成2年）,0.31MB,P02-90_45_GML.zip
宮崎,世界測地系,2006年（平成18年）,0.21MB,P02-06_45_GML.zip
鹿児島,世界測地系,1990年（平成2年）,0.55MB,P02-90_46_GML.zip
鹿児島,世界測地系,2006年（平成18年）,0.35MB,P02-06_46_GML.zip
沖縄,世界測地系,1990年（平成2年）,0.24MB,P02-90_47_GML.zip
沖縄,世界測地系,2006年（平成18年）,0.19MB,P02-06_47_GML.zip