北海道,世界測地系,2010年（平成22年）,0.55MB,P04-10_01_GML.zip
北海道,世界測地系,2014年（平成26年）,0.66MB,P04-14_01_GML.zip
北海道,世界測地系,2020年（令和2年）,1.00MB,P04-20_01_GML.zip
青森,世界測地系,2010年（平成22年）,0.13MB,P04-10_02_GML.zip
青森,世界測地系,2014年（平成26年）,0.16MB,P04-14_02_GML.zip
青森,世界測地系,2020年（令和2年）,0.23MB,P04-20_02_GML.zip
岩手,世界測地系,2010年（平成22年）,0.14MB,P04-10_03_GML.zip
岩手,世界測地系,2014年（平成26年）,0.17MB,P04-14_03_GML.zip
岩手,世界測地系,2020年（令和2年）,0.25MB,P04-20_03_GML.zip
宮城,世界測地系,2010年（平成22年）,0.23MB,P04-10_04_GML.zip
宮城,世界測地系,2014年（平成26年）,0.27MB,P04-14_04_GML.zip
宮城,世界測地系,2020年（令和2年）,0.44MB,P04-20_04_GML.zip
秋田,世界測地系,2010年（平成22年）,0.11MB,P04-10_05_GML.zip
秋田,世界測地系,2014年（平成26年）,0.14MB,P04-14_05_GML.zip
秋田,世界測地系,2020年（令和2年）,0.23MB,P04-20_05_GML.zip
山形,世界測地系,2010年（平成22年）,0.12MB,P04-10_06_GML.zip
山形,世界測地系,2014年（平成26年）,0.14MB,P04-14_06_GML.zip
山形,世界測地系,2020年（令和2年）,0.23MB,P04-20_06_GML.zip
福島,世界測地系,2010年（平成22年）,0.21MB,P04-10_07_GML.zip
福島,世界測地系,2014年（平成26年）,0.24MB,P04-14_07_GML.zip
福島,世界測地系,2020年（令和2年）,0.42MB,P04-20_07_GML.zip
茨城,世界測地系,2010年（平成22年）,0.26MB,P04-10_08_GML.zip
茨城,世界測地系,2014年（平成26年）,0.32MB,P04-14_08_GML.zip
茨城,世界測地系,2020年（令和2年）,0.53MB,P04-20_08_GML.zip
栃木,世界測地系,2010年（平成22年）,0.20MB,P04-10_09_GML.zip
栃木,世界測地系,2014年（平成26年）,0.23MB,P04-14_09_GML.zip
栃木,世界測地系,2020年（令和2年）,0.36MB,P04-20_09_GML.zip
群馬,世界測地系,2010年（平成22年）,0.21MB,P04-10_10_GML.zip
群馬,世界測地系,2014年（平成26年）,0.25MB,P04-14_10_GML.zip
群馬,世界測地系,2020年（令和2年）,0.40MB,P04-20_10_GML.zip
埼玉,世界測地系,2010年（平成22年）,0.59MB,P04-10_11_GML.zip
埼玉,世界測地系,2014年（平成26年）,0.75MB,P04-14_11_GML.zip
埼玉,世界測地系,2020年（令和2年）,1.35MB,P04-20_11_GML.zip
千葉,世界測地系,2010年（平成22年）,0.53MB,P04-10_12_GML.zip
千葉,世界測地系,2014年（平成26年）,0.72MB,P04-14_12_GML.zip
千葉,世界測地系,2020年（令和2年）,1.14MB,P04-20_12_GML.zip
東京,世界測地系,2010年（平成22年）,1.80MB,P04-10_13_GML.zip
東京,世界測地系,2014年（平成26年）,2.29MB,P04-14_13_GML.zip
東京,世界測地系,2020年（令和2年）,4.65MB,P04-20_13_GML.zip
神奈川,世界測地系,2010年（平成22年）,0.84MB,P04-10_14_GML.zip
神奈川,世界測地系,2014年（平成26年）,1.10MB,P04-14_14_GML.zip
神奈川,世界測地系,2020年（令和2年）,1.81MB,P04-20_14_GML.zip
新潟,世界測地系,2010年（平成22年）,0.24MB,P04-10_15_GML.zip
新潟,世界測地系,2014年（平成26年）,0.28MB,P04-14_15_GML.zip
新潟,世界測地系,2020年（令和2年）,0.43MB,P04-20_15_GML.zip
富山,世界測地系,2010年（平成22年）,0.11MB,P04-10_16_GML.zip
富山,世界測地系,2014年（平成26年）,0.13MB,P04-14_16_GML.zip
富山,世界測地系,2020年（令和2年）,0.20MB,P04-20_16_GML.zip
石川,世界測地系,2010年（平成22年）,0.12MB,P04-10_17_GML.zip
石川,世界測地系,2014年（平成26年）,0.15MB,P04-14_17_GML.zip
石川,世界測地系,2020年（令和2年）,0.24MB,P04-20_17_GML.zip
福井,世界測地系,2010年（平成22年）,0.08MB,P04-10_18_GML.zip
福井,世界測地系,2014年（平成26年）,0.10MB,P04-14_18_GML.zip
福井,世界測地系,2020年（令和2年）,0.16MB,P04-20_18_GML.zip
山梨,世界測地系,2010年（平成22年）,0.09MB,P04-10_19_GML.zip
山梨,世界測地系,2014年（平成26年）,0.12MB,P04-14_19_GML.zip
山梨,世界測地系,2020年（令和2年）,0.19MB,P04-20_19_GML.zip
長野,世界測地系,2010年（平成22年）,0.23MB,P04-10_20_GML.zip
長野,世界測地系,2014年（平成26年）,0.26MB,P04-14_20_GML.zip
長野,世界測地系,2020年（令和2年）,0.40MB,P04-20_20_GML.zip
岐阜,世界測地系,2010年（平成22年）,0.21MB,P04-10_21_GML.zip
岐阜,世界測地系,2014年（平成26年）,0.26MB,P04-14_21_GML.zip
岐阜,世界測地系,2020年（令和2年）,0.42MB,P04-20_21_GML.zip
静岡,世界測地系,2010年（平成22年）,0.36MB,P04-10_22_GML.zip
静岡,世界測地系,2014年（平成26年）,0.43MB,P04-14_22_GML.zip
静岡,世界測地系,2020年（令和2年）,0.63MB,P04-20_22_GML.zip
愛知,世界測地系,2010年（平成22年）,0.72MB,P04-10_23_GML.zip
愛知,世界測地系,2014年（平成26年）,0.89MB,P04-14_23_GML.zip
愛知,世界測地系,2020年（令和2年）,1.50MB,P04-20_23_GML.zip
三重,世界測地系,2010年（平成22年）,0.20MB,P04-10_24_GML.zip
三重,世界測地系,2014年（平成26年）,0.25MB,P04-14_24_GML.zip
三重,世界測地系,2020年（令和2年）,0.35MB,P04-20_24_GML.zip
滋賀,世界測地系,2010年（平成22年）,0.13MB,P04-10_25_GML.zip
滋賀,世界測地系,2014年（平成26年）,0.16MB,P04-14_25_GML.zip
滋賀,世界測地系,2020年（令和2年）,0.27MB,P04-20_25_GML.zip
京都,世界測地系,2010年（平成22年）,0.34MB,P04-10_26_GML.zip
京都,世界測地系,2014年（平成26年）,0.43MB,P04-14_26_GML.zip
京都,世界測地系,2020年（令和2年）,0.71MB,P04-20_26_GML.zip
大阪,世界測地系,2010年（平成22年）,1.08MB,P04-10_27_GML.zip
大阪,世界測地系,2014年（平成26年）,1.40MB,P04-14_27_GML.zip
大阪,世界測地系,2020年（令和2年）,2.16MB,P04-20_27_GML.zip
兵庫,世界測地系,2010年（平成22年）,0.64MB,P04-10_28_GML.zip
兵庫,世界測地系,2014年（平成26年）,0.77MB,P04-14_28_GML.zip
兵庫,世界測地系,2020年（令和2年）,1.36MB,P04-20_28_GML.zip
奈良,世界測地系,2010年（平成22年）,0.16MB,P04-10_29_GML.zip
奈良,世界測地系,2014年（平成26年）,0.14MB,P04-14_29_GML.zip
奈良,世界測地系,2020年（令和2年）,0.30MB,P04-20_29_GML.zip
和歌山,世界測地系,2010年（平成22年）,0.14MB,P04-10_30_GML.zip
和歌山,世界測地系,2014年（平成26年）,0.17MB,P04-14_30_GML.zip
和歌山,世界測地系,2020年（令和2年）,0.23MB,P04-20_30_GML.zip
鳥取,世界測地系,2010年（平成22年）,0.07MB,P04-10_31_GML.zip
鳥取,世界測地系,2014年（平成26年）,0.08MB,P04-14_31_GML.zip
鳥取,世界測地系,2020年（令和2年）,0.13MB,P04-20_31_GML.zip
島根,世界測地系,2010年（平成22年）,0.09MB,P04-10_32_GML.zip
島根,世界測地系,2014年（平成26年）,0.11MB,P04-14_32_GML.zip
島根,世界測地系,2020年（令和2年）,0.14MB,P04-20_32_GML.zip
岡山,世界測地系,2010年（平成22年）,0.22MB,P04-10_33_GML.zip
岡山,世界測地系,2014年（平成26年）,0.27MB,P04-14_33_GML.zip
岡山,世界測地系,2020年（令和2年）,0.42MB,P04-20_33_GML.zip
広島,世界測地系,2010年（平成22年）,0.35MB,P04-10_34_GML.zip
広島,世界測地系,2014年（平成26年）,0.40MB,P04-14_34_GML.zip
広島,世界測地系,2020年（令和2年）,0.69MB,P04-20_34_GML.zip
山口,世界測地系,2010年（平成22年）,0.18MB,P04-10_35_GML.zip
山口,世界測地系,2014年（平成26年）,0.21MB,P04-14_35_GML.zip
山口,世界測地系,2020年（令和2年）,0.30MB,P04-20_35_GML.zip
徳島,世界測地系,2010年（平成22年）,0.12MB,P04-10_36_GML.zip
徳島,世界測地系,2014年（平成26年）,0.12MB,P04-14_36_GML.zip
徳島,世界測地系,2020年（令和2年）,0.19MB,P04-20_36_GML.zip
香川,世界測地系,2010年（平成22年）,0.12MB,P04-10_37_GML.zip
香川,世界測地系,2014年（平成26年）,0.14MB,P04-14_37_GML.zip
香川,世界測地系,2020年（令和2年）,0.21MB,P04-20_37_GML.zip
愛媛,世界測地系,2010年（平成22年）,0.17MB,P04-10_38_GML.zip
愛媛,世界測地系,2014年（平成26年）,0.20MB,P04-14_38_GML.zip
愛媛,世界測地系,2020年（令和2年）,0.28MB,P04-20_38_GML.zip
高知,世界測地系,2010年（平成22年）,0.09MB,P04-10_39_GML.zip
高知,世界測地系,2014年（平成26年）,0.11MB,P04-14_39_GML.zip
高知,世界測地系,2020年（令和2年）,0.16MB,P04-20_39_GML.zip
福岡,世界測地系,2010年（平成22年）,0.63MB,P04-10_40_GML.zip
福岡,世界測地系,2014年（平成26年）,0.74MB,P04-14_40_GML.zip
福岡,世界測地系,2020年（令和2年）,1.36MB,P04-20_40_GML.zip
佐賀,世界測地系,2010年（平成22年）,0.11MB,P04-10_41_GML.zip
佐賀,世界測地系,2014年（平成26年）,0.12MB,P04-14_41_GML.zip
佐賀,世界測地系,2020年（令和2年）,0.19MB,P04-20_41_GML.zip
長崎,世界測地系,2010年（平成22年）,0.19MB,P04-10_42_GML.zip
長崎,世界測地系,2014年（平成26年）,0.23MB,P04-14_42_GML.zip
長崎,世界測地系,2020年（令和2年）,0.34MB,P04-20_42_GML.zip
熊本,世界測地系,2010年（平成22年）,0.21MB,P04-10_43_GML.zip
熊本,世界測地系,2014年（平成26年）,0.25MB,P04-14_43_GML.zip
熊本,世界測地系,2020年（令和2年）,0.37MB,P04-20_43_GML.zip
大分,世界測地系,2010年（平成22年）,0.14MB,P04-10_44_GML.zip
大分,世界測地系,2014年（平成26年）,0.17MB,P04-14_44_GML.zip
大分,世界測地系,2020年（令和2年）,0.25MB,P04-20_44_GML.zip
宮崎,世界測地系,2010年（平成22年）,0.13MB,P04-10_45_GML.zip
宮崎,世界測地系,2014年（平成26年）,0.15MB,P04-14_45_GML.zip
宮崎,世界測地系,2020年（令和2年）,0.25MB,P04-20_45_GML.zip
鹿児島,世界測地系,2010年（平成22年）,0.20MB,P04-10_46_GML.zip
鹿児島,世界測地系,2014年（平成26年）,0.24MB,P04-14_46_GML.zip
鹿児島,世界測地系,2020年（令和2年）,0.36MB,P04-20_46_GML.zip
沖縄,世界測地系,2010年（平成22年）,0.13MB,P04-10_47_GML.zip
沖縄,世界測地系,2014年（平成26年）,0.16MB,P04-14_47_GML.zip
沖縄,世界測地系,2020年（令和2年）,0.26MB,P04-20_47_GML.zip
全国,世界測地系,2014年（平成26年）,16.69MB,P04-14_GML.zip
全国,世界測地系,2020年（令和2年）,27.6MB,P04-20_GML.zip