[{"filename": "P04-10_01_GML.zip", "url": "https://nlftp.mlit.go.jp/ksj/gml/data/P04/P04-10/P04-10_01_GML.zip"}, {"filename": "P04-14_01_GML.zip", "url": "https://nlftp.mlit.go.jp/ksj/gml/data/P04/P04-14/P04-14_01_GML.zip"}, {"filename": "P04-20_01_GML.zip", "url": "https://nlftp.mlit.go.jp/ksj/gml/data/P04/P04-20/P04-20_01_GML.zip"}, {"filename": "P04-10_02_GML.zip", "url": "https://nlftp.mlit.go.jp/ksj/gml/data/P04/P04-10/P04-10_02_GML.zip"}, {"filename": "P04-14_02_GML.zip", "url": "https://nlftp.mlit.go.jp/ksj/gml/data/P04/P04-14/P04-14_02_GML.zip"}, {"filename": "P04-20_02_GML.zip", "url": "https://nlftp.mlit.go.jp/ksj/gml/data/P04/P04-20/P04-20_02_GML.zip"}, {"filename": "P04-10_03_GML.zip", "url": "https://nlftp.mlit.go.jp/ksj/gml/data/P04/P04-10/P04-10_03_GML.zip"}, {"filename": "P04-14_03_GML.zip", "url": "https://nlftp.mlit.go.jp/ksj/gml/data/P04/P04-14/P04-14_03_GML.zip"}, {"filename": "P04-20_03_GML.zip", "url": "https://nlftp.mlit.go.jp/ksj/gml/data/P04/P04-20/P04-20_03_GML.zip"}, {"filename": "P04-10_04_GML.zip", "url": "https://nlftp.mlit.go.jp/ksj/gml/data/P04/P04-10/P04-10_04_GML.zip"}, {"filename": "P04-14_04_GML.zip", "url": "https://nlftp.mlit.go.jp/ksj/gml/data/P04/P04-14/P04-14_04_GML.zip"}, {"filename": "P04-20_04_GML.zip", "url": "https://nlftp.mlit.go.jp/ksj/gml/data/P04/P04-20/P04-20_04_GML.zip"}, {"filename": "P04-10_05_GML.zip", "url": "https://nlftp.mlit.go.jp/ksj/gml/data/P04/P04-10/P04-10_05_GML.zip"}, {"filename": "P04-14_05_GML.zip", "url": "https://nlftp.mlit.go.jp/ksj/gml/data/P04/P04-14/P04-14_05_GML.zip"}, {"filename": "P04-20_05_GML.zip", "url": "https://nlftp.mlit.go.jp/ksj/gml/data/P04/P04-20/P04-20_05_GML.zip"}, {"filename": "P04-10_06_GML.zip", "url": "https://nlftp.mlit.go.jp/ksj/gml/data/P04/P04-10/P04-10_06_GML.zip"}, {"filename": "P04-14_06_GML.zip", "url": "https://nlftp.mlit.go.jp/ksj/gml/data/P04/P04-14/P04-14_06_GML.zip"}, {"filename": "P04-20_06_GML.zip", "url": "https://nlftp.mlit.go.jp/ksj/gml/data/P04/P04-20/P04-20_06_GML.zip"}, {"filename": "P04-10_07_GML.zip", "url": "https://nlftp.mlit.go.jp/ksj/gml/data/P04/P04-10/P04-10_07_GML.zip"}, {"filename": "P04-14_07_GML.zip", "url": "https://nlftp.mlit.go.jp/ksj/gml/data/P04/P04-14/P04-14_07_GML.zip"}, {"filename": "P04-20_07_GML.zip", "url": "https://nlftp.mlit.go.jp/ksj/gml/data/P04/P04-20/P04-20_07_GML.zip"}, {"filename": "P04-10_08_GML.zip", "url": "https://nlftp.mlit.go.jp/ksj/gml/data/P04/P04-10/P04-10_08_GML.zip"}, {"filename": "P04-14_08_GML.zip", "url": "https://nlftp.mlit.go.jp/ksj/gml/data/P04/P04-14/P04-14_08_GML.zip"}, {"filename": "P04-20_08_GML.zip", "url": "https://nlftp.mlit.go.jp/ksj/gml/data/P04/P04-20/P04-20_08_GML.zip"}, {"filename": "P04-10_09_GML.zip", "url": "https://nlftp.mlit.go.jp/ksj/gml/data/P04/P04-10/P04-10_09_GML.zip"}, {"filename": "P04-14_09_GML.zip", "url": "https://nlftp.mlit.go.jp/ksj/gml/data/P04/P04-14/P04-14_09_GML.zip"}, {"filename": "P04-20_09_GML.zip", "url": "https://nlftp.mlit.go.jp/ksj/gml/data/P04/P04-20/P04-20_09_GML.zip"}, {"filename": "P04-10_10_GML.zip", "url": "https://nlftp.mlit.go.jp/ksj/gml/data/P04/P04-10/P04-10_10_GML.zip"}, {"filename": "P04-14_10_GML.zip", "url": "https://nlftp.mlit.go.jp/ksj/gml/data/P04/P04-14/P04-14_10_GML.zip"}, {"filename": "P04-20_10_GML.zip", "url": "https://nlftp.mlit.go.jp/ksj/gml/data/P04/P04-20/P04-20_10_GML.zip"}, {"filename": "P04-10_11_GML.zip", "url": "https://nlftp.mlit.go.jp/ksj/gml/data/P04/P04-10/P04-10_11_GML.zip"}, {"filename": "P04-14_11_GML.zip", "url": "https://nlftp.mlit.go.jp/ksj/gml/data/P04/P04-14/P04-14_11_GML.zip"}, {"filename": "P04-20_11_GML.zip", "url": "https://nlftp.mlit.go.jp/ksj/gml/data/P04/P04-20/P04-20_11_GML.zip"}, {"filename": "P04-10_12_GML.zip", "url": "https://nlftp.mlit.go.jp/ksj/gml/data/P04/P04-10/P04-10_12_GML.zip"}, {"filename": "P04-14_12_GML.zip", "url": "https://nlftp.mlit.go.jp/ksj/gml/data/P04/P04-14/P04-14_12_GML.zip"}, {"filename": "P04-20_12_GML.zip", "url": "https://nlftp.mlit.go.jp/ksj/gml/data/P04/P04-20/P04-20_12_GML.zip"}, {"filename": "P04-10_13_GML.zip", "url": "https://nlftp.mlit.go.jp/ksj/gml/data/P04/P04-10/P04-10_13_GML.zip"}, {"filename": "P04-14_13_GML.zip", "url": "https://nlftp.mlit.go.jp/ksj/gml/data/P04/P04-14/P04-14_13_GML.zip"}, {"filename": "P04-20_13_GML.zip", "url": "https://nlftp.mlit.go.jp/ksj/gml/data/P04/P04-20/P04-20_13_GML.zip"}, {"filename": "P04-10_14_GML.zip", "url": "https://nlftp.mlit.go.jp/ksj/gml/data/P04/P04-10/P04-10_14_GML.zip"}, {"filename": "P04-14_14_GML.zip", "url": "https://nlftp.mlit.go.jp/ksj/gml/data/P04/P04-14/P04-14_14_GML.zip"}, {"filename": "P04-20_14_GML.zip", "url": "https://nlftp.mlit.go.jp/ksj/gml/data/P04/P04-20/P04-20_14_GML.zip"}, {"filename": "P04-10_15_GML.zip", "url": "https://nlftp.mlit.go.jp/ksj/gml/data/P04/P04-10/P04-10_15_GML.zip"}, {"filename": "P04-14_15_GML.zip", "url": "https://nlftp.mlit.go.jp/ksj/gml/data/P04/P04-14/P04-14_15_GML.zip"}, {"filename": "P04-20_15_GML.zip", "url": "https://nlftp.mlit.go.jp/ksj/gml/data/P04/P04-20/P04-20_15_GML.zip"}, {"filename": "P04-10_16_GML.zip", "url": "https://nlftp.mlit.go.jp/ksj/gml/data/P04/P04-10/P04-10_16_GML.zip"}, {"filename": "P04-14_16_GML.zip", "url": "https://nlftp.mlit.go.jp/ksj/gml/data/P04/P04-14/P04-14_16_GML.zip"}, {"filename": "P04-20_16_GML.zip", "url": "https://nlftp.mlit.go.jp/ksj/gml/data/P04/P04-20/P04-20_16_GML.zip"}, {"filename": "P04-10_17_GML.zip", "url": "https://nlftp.mlit.go.jp/ksj/gml/data/P04/P04-10/P04-10_17_GML.zip"}, {"filename": "P04-14_17_GML.zip", "url": "https://nlftp.mlit.go.jp/ksj/gml/data/P04/P04-14/P04-14_17_GML.zip"}, {"filename": "P04-20_17_GML.zip", "url": "https://nlftp.mlit.go.jp/ksj/gml/data/P04/P04-20/P04-20_17_GML.zip"}, {"filename": "P04-10_18_GML.zip", "url": "https://nlftp.mlit.go.jp/ksj/gml/data/P04/P04-10/P04-10_18_GML.zip"}, {"filename": "P04-14_18_GML.zip", "url": "https://nlftp.mlit.go.jp/ksj/gml/data/P04/P04-14/P04-14_18_GML.zip"}, {"filename": "P04-20_18_GML.zip", "url": "https://nlftp.mlit.go.jp/ksj/gml/data/P04/P04-20/P04-20_18_GML.zip"}, {"filename": "P04-10_19_GML.zip", "url": "https://nlftp.mlit.go.jp/ksj/gml/data/P04/P04-10/P04-10_19_GML.zip"}, {"filename": "P04-14_19_GML.zip", "url": "https://nlftp.mlit.go.jp/ksj/gml/data/P04/P04-14/P04-14_19_GML.zip"}, {"filename": "P04-20_19_GML.zip", "url": "https://nlftp.mlit.go.jp/ksj/gml/data/P04/P04-20/P04-20_19_GML.zip"}, {"filename": "P04-10_20_GML.zip", "url": "https://nlftp.mlit.go.jp/ksj/gml/data/P04/P04-10/P04-10_20_GML.zip"}, {"filename": "P04-14_20_GML.zip", "url": "https://nlftp.mlit.go.jp/ksj/gml/data/P04/P04-14/P04-14_20_GML.zip"}, {"filename": "P04-20_20_GML.zip", "url": "https://nlftp.mlit.go.jp/ksj/gml/data/P04/P04-20/P04-20_20_GML.zip"}, {"filename": "P04-10_21_GML.zip", "url": "https://nlftp.mlit.go.jp/ksj/gml/data/P04/P04-10/P04-10_21_GML.zip"}, {"filename": "P04-14_21_GML.zip", "url": "https://nlftp.mlit.go.jp/ksj/gml/data/P04/P04-14/P04-14_21_GML.zip"}, {"filename": "P04-20_21_GML.zip", "url": "https://nlftp.mlit.go.jp/ksj/gml/data/P04/P04-20/P04-20_21_GML.zip"}, {"filename": "P04-10_22_GML.zip", "url": "https://nlftp.mlit.go.jp/ksj/gml/data/P04/P04-10/P04-10_22_GML.zip"}, {"filename": "P04-14_22_GML.zip", "url": "https://nlftp.mlit.go.jp/ksj/gml/data/P04/P04-14/P04-14_22_GML.zip"}, {"filename": "P04-20_22_GML.zip", "url": "https://nlftp.mlit.go.jp/ksj/gml/data/P04/P04-20/P04-20_22_GML.zip"}, {"filename": "P04-10_23_GML.zip", "url": "https://nlftp.mlit.go.jp/ksj/gml/data/P04/P04-10/P04-10_23_GML.zip"}, {"filename": "P04-14_23_GML.zip", "url": "https://nlftp.mlit.go.jp/ksj/gml/data/P04/P04-14/P04-14_23_GML.zip"}, {"filename": "P04-20_23_GML.zip", "url": "https://nlftp.mlit.go.jp/ksj/gml/data/P04/P04-20/P04-20_23_GML.zip"}, {"filename": "P04-10_24_GML.zip", "url": "https://nlftp.mlit.go.jp/ksj/gml/data/P04/P04-10/P04-10_24_GML.zip"}, {"filename": "P04-14_24_GML.zip", "url": "https://nlftp.mlit.go.jp/ksj/gml/data/P04/P04-14/P04-14_24_GML.zip"}, {"filename": "P04-20_24_GML.zip", "url": "https://nlftp.mlit.go.jp/ksj/gml/data/P04/P04-20/P04-20_24_GML.zip"}, {"filename": "P04-10_25_GML.zip", "url": "https://nlftp.mlit.go.jp/ksj/gml/data/P04/P04-10/P04-10_25_GML.zip"}, {"filename": "P04-14_25_GML.zip", "url": "https://nlftp.mlit.go.jp/ksj/gml/data/P04/P04-14/P04-14_25_GML.zip"}, {"filename": "P04-20_25_GML.zip", "url": "https://nlftp.mlit.go.jp/ksj/gml/data/P04/P04-20/P04-20_25_GML.zip"}, {"filename": "P04-10_26_GML.zip", "url": "https://nlftp.mlit.go.jp/ksj/gml/data/P04/P04-10/P04-10_26_GML.zip"}, {"filename": "P04-14_26_GML.zip", "url": "https://nlftp.mlit.go.jp/ksj/gml/data/P04/P04-14/P04-14_26_GML.zip"}, {"filename": "P04-20_26_GML.zip", "url": "https://nlftp.mlit.go.jp/ksj/gml/data/P04/P04-20/P04-20_26_GML.zip"}, {"filename": "P04-10_27_GML.zip", "url": "https://nlftp.mlit.go.jp/ksj/gml/data/P04/P04-10/P04-10_27_GML.zip"}, {"filename": "P04-14_27_GML.zip", "url": "https://nlftp.mlit.go.jp/ksj/gml/data/P04/P04-14/P04-14_27_GML.zip"}, {"filename": "P04-20_27_GML.zip", "url": "https://nlftp.mlit.go.jp/ksj/gml/data/P04/P04-20/P04-20_27_GML.zip"}, {"filename": "P04-10_28_GML.zip", "url": "https://nlftp.mlit.go.jp/ksj/gml/data/P04/P04-10/P04-10_28_GML.zip"}, {"filename": "P04-14_28_GML.zip", "url": "https://nlftp.mlit.go.jp/ksj/gml/data/P04/P04-14/P04-14_28_GML.zip"}, {"filename": "P04-20_28_GML.zip", "url": "https://nlftp.mlit.go.jp/ksj/gml/data/P04/P04-20/P04-20_28_GML.zip"}, {"filename": "P04-10_29_GML.zip", "url": "https://nlftp.mlit.go.jp/ksj/gml/data/P04/P04-10/P04-10_29_GML.zip"}, {"filename": "P04-14_29_GML.zip", "url": "https://nlftp.mlit.go.jp/ksj/gml/data/P04/P04-14/P04-14_29_GML.zip"}, {"filename": "P04-20_29_GML.zip", "url": "https://nlftp.mlit.go.jp/ksj/gml/data/P04/P04-20/P04-20_29_GML.zip"}, {"filename": "P04-10_30_GML.zip", "url": "https://nlftp.mlit.go.jp/ksj/gml/data/P04/P04-10/P04-10_30_GML.zip"}, {"filename": "P04-14_30_GML.zip", "url": "https://nlftp.mlit.go.jp/ksj/gml/data/P04/P04-14/P04-14_30_GML.zip"}, {"filename": "P04-20_30_GML.zip", "url": "https://nlftp.mlit.go.jp/ksj/gml/data/P04/P04-20/P04-20_30_GML.zip"}, {"filename": "P04-10_31_GML.zip", "url": "https://nlftp.mlit.go.jp/ksj/gml/data/P04/P04-10/P04-10_31_GML.zip"}, {"filename": "P04-14_31_GML.zip", "url": "https://nlftp.mlit.go.jp/ksj/gml/data/P04/P04-14/P04-14_31_GML.zip"}, {"filename": "P04-20_31_GML.zip", "url": "https://nlftp.mlit.go.jp/ksj/gml/data/P04/P04-20/P04-20_31_GML.zip"}, {"filename": "P04-10_32_GML.zip", "url": "https://nlftp.mlit.go.jp/ksj/gml/data/P04/P04-10/P04-10_32_GML.zip"}, {"filename": "P04-14_32_GML.zip", "url": "https://nlftp.mlit.go.jp/ksj/gml/data/P04/P04-14/P04-14_32_GML.zip"}, {"filename": "P04-20_32_GML.zip", "url": "https://nlftp.mlit.go.jp/ksj/gml/data/P04/P04-20/P04-20_32_GML.zip"}, {"filename": "P04-10_33_GML.zip", "url": "https://nlftp.mlit.go.jp/ksj/gml/data/P04/P04-10/P04-10_33_GML.zip"}, {"filename": "P04-14_33_GML.zip", "url": "https://nlftp.mlit.go.jp/ksj/gml/data/P04/P04-14/P04-14_33_GML.zip"}, {"filename": "P04-20_33_GML.zip", "url": "https://nlftp.mlit.go.jp/ksj/gml/data/P04/P04-20/P04-20_33_GML.zip"}, {"filename": "P04-10_34_GML.zip", "url": "https://nlftp.mlit.go.jp/ksj/gml/data/P04/P04-10/P04-10_34_GML.zip"}, {"filename": "P04-14_34_GML.zip", "url": "https://nlftp.mlit.go.jp/ksj/gml/data/P04/P04-14/P04-14_34_GML.zip"}, {"filename": "P04-20_34_GML.zip", "url": "https://nlftp.mlit.go.jp/ksj/gml/data/P04/P04-20/P04-20_34_GML.zip"}, {"filename": "P04-10_35_GML.zip", "url": "https://nlftp.mlit.go.jp/ksj/gml/data/P04/P04-10/P04-10_35_GML.zip"}, {"filename": "P04-14_35_GML.zip", "url": "https://nlftp.mlit.go.jp/ksj/gml/data/P04/P04-14/P04-14_35_GML.zip"}, {"filename": "P04-20_35_GML.zip", "url": "https://nlftp.mlit.go.jp/ksj/gml/data/P04/P04-20/P04-20_35_GML.zip"}, {"filename": "P04-10_36_GML.zip", "url": "https://nlftp.mlit.go.jp/ksj/gml/data/P04/P04-10/P04-10_36_GML.zip"}, {"filename": "P04-14_36_GML.zip", "url": "https://nlftp.mlit.go.jp/ksj/gml/data/P04/P04-14/P04-14_36_GML.zip"}, {"filename": "P04-20_36_GML.zip", "url": "https://nlftp.mlit.go.jp/ksj/gml/data/P04/P04-20/P04-20_36_GML.zip"}, {"filename": "P04-10_37_GML.zip", "url": "https://nlftp.mlit.go.jp/ksj/gml/data/P04/P04-10/P04-10_37_GML.zip"}, {"filename": "P04-14_37_GML.zip", "url": "https://nlftp.mlit.go.jp/ksj/gml/data/P04/P04-14/P04-14_37_GML.zip"}, {"filename": "P04-20_37_GML.zip", "url": "https://nlftp.mlit.go.jp/ksj/gml/data/P04/P04-20/P04-20_37_GML.zip"}, {"filename": "P04-10_38_GML.zip", "url": "https://nlftp.mlit.go.jp/ksj/gml/data/P04/P04-10/P04-10_38_GML.zip"}, {"filename": "P04-14_38_GML.zip", "url": "https://nlftp.mlit.go.jp/ksj/gml/data/P04/P04-14/P04-14_38_GML.zip"}, {"filename": "P04-20_38_GML.zip", "url": "https://nlftp.mlit.go.jp/ksj/gml/data/P04/P04-20/P04-20_38_GML.zip"}, {"filename": "P04-10_39_GML.zip", "url": "https://nlftp.mlit.go.jp/ksj/gml/data/P04/P04-10/P04-10_39_GML.zip"}, {"filename": "P04-14_39_GML.zip", "url": "https://nlftp.mlit.go.jp/ksj/gml/data/P04/P04-14/P04-14_39_GML.zip"}, {"filename": "P04-20_39_GML.zip", "url": "https://nlftp.mlit.go.jp/ksj/gml/data/P04/P04-20/P04-20_39_GML.zip"}, {"filename": "P04-10_40_GML.zip", "url": "https://nlftp.mlit.go.jp/ksj/gml/data/P04/P04-10/P04-10_40_GML.zip"}, {"filename": "P04-14_40_GML.zip", "url": "https://nlftp.mlit.go.jp/ksj/gml/data/P04/P04-14/P04-14_40_GML.zip"}, {"filename": "P04-20_40_GML.zip", "url": "https://nlftp.mlit.go.jp/ksj/gml/data/P04/P04-20/P04-20_40_GML.zip"}, {"filename": "P04-10_41_GML.zip", "url": "https://nlftp.mlit.go.jp/ksj/gml/data/P04/P04-10/P04-10_41_GML.zip"}, {"filename": "P04-14_41_GML.zip", "url": "https://nlftp.mlit.go.jp/ksj/gml/data/P04/P04-14/P04-14_41_GML.zip"}, {"filename": "P04-20_41_GML.zip", "url": "https://nlftp.mlit.go.jp/ksj/gml/data/P04/P04-20/P04-20_41_GML.zip"}, {"filename": "P04-10_42_GML.zip", "url": "https://nlftp.mlit.go.jp/ksj/gml/data/P04/P04-10/P04-10_42_GML.zip"}, {"filename": "P04-14_42_GML.zip", "url": "https://nlftp.mlit.go.jp/ksj/gml/data/P04/P04-14/P04-14_42_GML.zip"}, {"filename": "P04-20_42_GML.zip", "url": "https://nlftp.mlit.go.jp/ksj/gml/data/P04/P04-20/P04-20_42_GML.zip"}, {"filename": "P04-10_43_GML.zip", "url": "https://nlftp.mlit.go.jp/ksj/gml/data/P04/P04-10/P04-10_43_GML.zip"}, {"filename": "P04-14_43_GML.zip", "url": "https://nlftp.mlit.go.jp/ksj/gml/data/P04/P04-14/P04-14_43_GML.zip"}, {"filename": "P04-20_43_GML.zip", "url": "https://nlftp.mlit.go.jp/ksj/gml/data/P04/P04-20/P04-20_43_GML.zip"}, {"filename": "P04-10_44_GML.zip", "url": "https://nlftp.mlit.go.jp/ksj/gml/data/P04/P04-10/P04-10_44_GML.zip"}, {"filename": "P04-14_44_GML.zip", "url": "https://nlftp.mlit.go.jp/ksj/gml/data/P04/P04-14/P04-14_44_GML.zip"}, {"filename": "P04-20_44_GML.zip", "url": "https://nlftp.mlit.go.jp/ksj/gml/data/P04/P04-20/P04-20_44_GML.zip"}, {"filename": "P04-10_45_GML.zip", "url": "https://nlftp.mlit.go.jp/ksj/gml/data/P04/P04-10/P04-10_45_GML.zip"}, {"filename": "P04-14_45_GML.zip", "url": "https://nlftp.mlit.go.jp/ksj/gml/data/P04/P04-14/P04-14_45_GML.zip"}, {"filename": "P04-20_45_GML.zip", "url": "https://nlftp.mlit.go.jp/ksj/gml/data/P04/P04-20/P04-20_45_GML.zip"}, {"filename": "P04-10_46_GML.zip", "url": "https://nlftp.mlit.go.jp/ksj/gml/data/P04/P04-10/P04-10_46_GML.zip"}, {"filename": "P04-14_46_GML.zip", "url": "https://nlftp.mlit.go.jp/ksj/gml/data/P04/P04-14/P04-14_46_GML.zip"}, {"filename": "P04-20_46_GML.zip", "url": "https://nlftp.mlit.go.jp/ksj/gml/data/P04/P04-20/P04-20_46_GML.zip"}, {"filename": "P04-10_47_GML.zip", "url": "https://nlftp.mlit.go.jp/ksj/gml/data/P04/P04-10/P04-10_47_GML.zip"}, {"filename": "P04-14_47_GML.zip", "url": "https://nlftp.mlit.go.jp/ksj/gml/data/P04/P04-14/P04-14_47_GML.zip"}, {"filename": "P04-20_47_GML.zip", "url": "https://nlftp.mlit.go.jp/ksj/gml/data/P04/P04-20/P04-20_47_GML.zip"}, {"filename": "P04-14_GML.zip", "url": "https://nlftp.mlit.go.jp/ksj/gml/data/P04/P04-14/P04-14_GML.zip"}, {"filename": "P04-20_GML.zip", "url": "https://nlftp.mlit.go.jp/ksj/gml/data/P04/P04-20/P04-20_GML.zip"}]