[{"filename": "P05-22_GML.zip", "url": "https://nlftp.mlit.go.jp/ksj/gml/data/P05/P05-22/P05-22_GML.zip"}, {"filename": "P05-22_01_GML.zip", "url": "https://nlftp.mlit.go.jp/ksj/gml/data/P05/P05-22/P05-22_01_GML.zip"}, {"filename": "P05-10_01_GML.zip", "url": "https://nlftp.mlit.go.jp/ksj/gml/data/P05/P05-10/P05-10_01_GML.zip"}, {"filename": "P05-22_52_GML.zip", "url": "https://nlftp.mlit.go.jp/ksj/gml/data/P05/P05-22/P05-22_52_GML.zip"}, {"filename": "P05-22_02_GML.zip", "url": "https://nlftp.mlit.go.jp/ksj/gml/data/P05/P05-22/P05-22_02_GML.zip"}, {"filename": "P05-10_02_GML.zip", "url": "https://nlftp.mlit.go.jp/ksj/gml/data/P05/P05-10/P05-10_02_GML.zip"}, {"filename": "P05-22_03_GML.zip", "url": "https://nlftp.mlit.go.jp/ksj/gml/data/P05/P05-22/P05-22_03_GML.zip"}, {"filename": "P05-10_03_GML.zip", "url": "https://nlftp.mlit.go.jp/ksj/gml/data/P05/P05-10/P05-10_03_GML.zip"}, {"filename": "P05-22_04_GML.zip", "url": "https://nlftp.mlit.go.jp/ksj/gml/data/P05/P05-22/P05-22_04_GML.zip"}, {"filename": "P05-10_04_GML.zip", "url": "https://nlftp.mlit.go.jp/ksj/gml/data/P05/P05-10/P05-10_04_GML.zip"}, {"filename": "P05-22_05_GML.zip", "url": "https://nlftp.mlit.go.jp/ksj/gml/data/P05/P05-22/P05-22_05_GML.zip"}, {"filename": "P05-10_05_GML.zip", "url": "https://nlftp.mlit.go.jp/ksj/gml/data/P05/P05-10/P05-10_05_GML.zip"}, {"filename": "P05-22_06_GML.zip", "url": "https://nlftp.mlit.go.jp/ksj/gml/data/P05/P05-22/P05-22_06_GML.zip"}, {"filename": "P05-10_06_GML.zip", "url": "https://nlftp.mlit.go.jp/ksj/gml/data/P05/P05-10/P05-10_06_GML.zip"}, {"filename": "P05-22_07_GML.zip", "url": "https://nlftp.mlit.go.jp/ksj/gml/data/P05/P05-22/P05-22_07_GML.zip"}, {"filename": "P05-10_07_GML.zip", "url": "https://nlftp.mlit.go.jp/ksj/gml/data/P05/P05-10/P05-10_07_GML.zip"}, {"filename": "P05-22_53_GML.zip", "url": "https://nlftp.mlit.go.jp/ksj/gml/data/P05/P05-22/P05-22_53_GML.zip"}, {"filename": "P05-22_08_GML.zip", "url": "https://nlftp.mlit.go.jp/ksj/gml/data/P05/P05-22/P05-22_08_GML.zip"}, {"filename": "P05-10_08_GML.zip", "url": "https://nlftp.mlit.go.jp/ksj/gml/data/P05/P05-10/P05-10_08_GML.zip"}, {"filename": "P05-22_09_GML.zip", "url": "https://nlftp.mlit.go.jp/ksj/gml/data/P05/P05-22/P05-22_09_GML.zip"}, {"filename": "P05-10_09_GML.zip", "url": "https://nlftp.mlit.go.jp/ksj/gml/data/P05/P05-10/P05-10_09_GML.zip"}, {"filename": "P05-22_10_GML.zip", "url": "https://nlftp.mlit.go.jp/ksj/gml/data/P05/P05-22/P05-22_10_GML.zip"}, {"filename": "P05-10_10_GML.zip", "url": "https://nlftp.mlit.go.jp/ksj/gml/data/P05/P05-10/P05-10_10_GML.zip"}, {"filename": "P05-22_11_GML.zip", "url": "https://nlftp.mlit.go.jp/ksj/gml/data/P05/P05-22/P05-22_11_GML.zip"}, {"filename": "P05-10_11_GML.zip", "url": "https://nlftp.mlit.go.jp/ksj/gml/data/P05/P05-10/P05-10_11_GML.zip"}, {"filename": "P05-22_12_GML.zip", "url": "https://nlftp.mlit.go.jp/ksj/gml/data/P05/P05-22/P05-22_12_GML.zip"}, {"filename": "P05-10_12_GML.zip", "url": "https://nlftp.mlit.go.jp/ksj/gml/data/P05/P05-10/P05-10_12_GML.zip"}, {"filename": "P05-22_13_GML.zip", "url": "https://nlftp.mlit.go.jp/ksj/gml/data/P05/P05-22/P05-22_13_GML.zip"}, {"filename": "P05-10_13_GML.zip", "url": "https://nlftp.mlit.go.jp/ksj/gml/data/P05/P05-10/P05-10_13_GML.zip"}, {"filename": "P05-22_14_GML.zip", "url": "https://nlftp.mlit.go.jp/ksj/gml/data/P05/P05-22/P05-22_14_GML.zip"}, {"filename": "P05-10_14_GML.zip", "url": "https://nlftp.mlit.go.jp/ksj/gml/data/P05/P05-10/P05-10_14_GML.zip"}, {"filename": "P05-22_54_GML.zip", "url": "https://nlftp.mlit.go.jp/ksj/gml/data/P05/P05-22/P05-22_54_GML.zip"}, {"filename": "P05-22_15_GML.zip", "url": "https://nlftp.mlit.go.jp/ksj/gml/data/P05/P05-22/P05-22_15_GML.zip"}, {"filename": "P05-10_15_GML.zip", "url": "https://nlftp.mlit.go.jp/ksj/gml/data/P05/P05-10/P05-10_15_GML.zip"}, {"filename": "P05-22_16_GML.zip", "url": "https://nlftp.mlit.go.jp/ksj/gml/data/P05/P05-22/P05-22_16_GML.zip"}, {"filename": "P05-10_16_GML.zip", "url": "https://nlftp.mlit.go.jp/ksj/gml/data/P05/P05-10/P05-10_16_GML.zip"}, {"filename": "P05-22_17_GML.zip", "url": "https://nlftp.mlit.go.jp/ksj/gml/data/P05/P05-22/P05-22_17_GML.zip"}, {"filename": "P05-10_17_GML.zip", "url": "https://nlftp.mlit.go.jp/ksj/gml/data/P05/P05-10/P05-10_17_GML.zip"}, {"filename": "P05-22_18_GML.zip", "url": "https://nlftp.mlit.go.jp/ksj/gml/data/P05/P05-22/P05-22_18_GML.zip"}, {"filename": "P05-10_18_GML.zip", "url": "https://nlftp.mlit.go.jp/ksj/gml/data/P05/P05-10/P05-10_18_GML.zip"}, {"filename": "P05-22_19_GML.zip", "url": "https://nlftp.mlit.go.jp/ksj/gml/data/P05/P05-22/P05-22_19_GML.zip"}, {"filename": "P05-10_19_GML.zip", "url": "https://nlftp.mlit.go.jp/ksj/gml/data/P05/P05-10/P05-10_19_GML.zip"}, {"filename": "P05-22_20_GML.zip", "url": "https://nlftp.mlit.go.jp/ksj/gml/data/P05/P05-22/P05-22_20_GML.zip"}, {"filename": "P05-10_20_GML.zip", "url": "https://nlftp.mlit.go.jp/ksj/gml/data/P05/P05-10/P05-10_20_GML.zip"}, {"filename": "P05-22_55_GML.zip", "url": "https://nlftp.mlit.go.jp/ksj/gml/data/P05/P05-22/P05-22_55_GML.zip"}, {"filename": "P05-22_21_GML.zip", "url": "https://nlftp.mlit.go.jp/ksj/gml/data/P05/P05-22/P05-22_21_GML.zip"}, {"filename": "P05-10_21_GML.zip", "url": "https://nlftp.mlit.go.jp/ksj/gml/data/P05/P05-10/P05-10_21_GML.zip"}, {"filename": "P05-22_22_GML.zip", "url": "https://nlftp.mlit.go.jp/ksj/gml/data/P05/P05-22/P05-22_22_GML.zip"}, {"filename": "P05-10_22_GML.zip", "url": "https://nlftp.mlit.go.jp/ksj/gml/data/P05/P05-10/P05-10_22_GML.zip"}, {"filename": "P05-22_23_GML.zip", "url": "https://nlftp.mlit.go.jp/ksj/gml/data/P05/P05-22/P05-22_23_GML.zip"}, {"filename": "P05-10_23_GML.zip", "url": "https://nlftp.mlit.go.jp/ksj/gml/data/P05/P05-10/P05-10_23_GML.zip"}, {"filename": "P05-22_24_GML.zip", "url": "https://nlftp.mlit.go.jp/ksj/gml/data/P05/P05-22/P05-22_24_GML.zip"}, {"filename": "P05-10_24_GML.zip", "url": "https://nlftp.mlit.go.jp/ksj/gml/data/P05/P05-10/P05-10_24_GML.zip"}, {"filename": "P05-22_56_GML.zip", "url": "https://nlftp.mlit.go.jp/ksj/gml/data/P05/P05-22/P05-22_56_GML.zip"}, {"filename": "P05-22_25_GML.zip", "url": "https://nlftp.mlit.go.jp/ksj/gml/data/P05/P05-22/P05-22_25_GML.zip"}, {"filename": "P05-10_25_GML.zip", "url": "https://nlftp.mlit.go.jp/ksj/gml/data/P05/P05-10/P05-10_25_GML.zip"}, {"filename": "P05-22_26_GML.zip", "url": "https://nlftp.mlit.go.jp/ksj/gml/data/P05/P05-22/P05-22_26_GML.zip"}, {"filename": "P05-10_26_GML.zip", "url": "https://nlftp.mlit.go.jp/ksj/gml/data/P05/P05-10/P05-10_26_GML.zip"}, {"filename": "P05-22_27_GML.zip", "url": "https://nlftp.mlit.go.jp/ksj/gml/data/P05/P05-22/P05-22_27_GML.zip"}, {"filename": "P05-10_27_GML.zip", "url": "https://nlftp.mlit.go.jp/ksj/gml/data/P05/P05-10/P05-10_27_GML.zip"}, {"filename": "P05-22_28_GML.zip", "url": "https://nlftp.mlit.go.jp/ksj/gml/data/P05/P05-22/P05-22_28_GML.zip"}, {"filename": "P05-10_28_GML.zip", "url": "https://nlftp.mlit.go.jp/ksj/gml/data/P05/P05-10/P05-10_28_GML.zip"}, {"filename": "P05-22_29_GML.zip", "url": "https://nlftp.mlit.go.jp/ksj/gml/data/P05/P05-22/P05-22_29_GML.zip"}, {"filename": "P05-10_29_GML.zip", "url": "https://nlftp.mlit.go.jp/ksj/gml/data/P05/P05-10/P05-10_29_GML.zip"}, {"filename": "P05-22_30_GML.zip", "url": "https://nlftp.mlit.go.jp/ksj/gml/data/P05/P05-22/P05-22_30_GML.zip"}, {"filename": "P05-10_30_GML.zip", "url": "https://nlftp.mlit.go.jp/ksj/gml/data/P05/P05-10/P05-10_30_GML.zip"}, {"filename": "P05-22_57_GML.zip", "url": "https://nlftp.mlit.go.jp/ksj/gml/data/P05/P05-22/P05-22_57_GML.zip"}, {"filename": "P05-22_31_GML.zip", "url": "https://nlftp.mlit.go.jp/ksj/gml/data/P05/P05-22/P05-22_31_GML.zip"}, {"filename": "P05-10_31_GML.zip", "url": "https://nlftp.mlit.go.jp/ksj/gml/data/P05/P05-10/P05-10_31_GML.zip"}, {"filename": "P05-22_32_GML.zip", "url": "https://nlftp.mlit.go.jp/ksj/gml/data/P05/P05-22/P05-22_32_GML.zip"}, {"filename": "P05-10_32_GML.zip", "url": "https://nlftp.mlit.go.jp/ksj/gml/data/P05/P05-10/P05-10_32_GML.zip"}, {"filename": "P05-22_33_GML.zip", "url": "https://nlftp.mlit.go.jp/ksj/gml/data/P05/P05-22/P05-22_33_GML.zip"}, {"filename": "P05-10_33_GML.zip", "url": "https://nlftp.mlit.go.jp/ksj/gml/data/P05/P05-10/P05-10_33_GML.zip"}, {"filename": "P05-22_34_GML.zip", "url": "https://nlftp.mlit.go.jp/ksj/gml/data/P05/P05-22/P05-22_34_GML.zip"}, {"filename": "P05-10_34_GML.zip", "url": "https://nlftp.mlit.go.jp/ksj/gml/data/P05/P05-10/P05-10_34_GML.zip"}, {"filename": "P05-22_35_GML.zip", "url": "https://nlftp.mlit.go.jp/ksj/gml/data/P05/P05-22/P05-22_35_GML.zip"}, {"filename": "P05-10_35_GML.zip", "url": "https://nlftp.mlit.go.jp/ksj/gml/data/P05/P05-10/P05-10_35_GML.zip"}, {"filename": "P05-22_58_GML.zip", "url": "https://nlftp.mlit.go.jp/ksj/gml/data/P05/P05-22/P05-22_58_GML.zip"}, {"filename": "P05-22_36_GML.zip", "url": "https://nlftp.mlit.go.jp/ksj/gml/data/P05/P05-22/P05-22_36_GML.zip"}, {"filename": "P05-10_36_GML.zip", "url": "https://nlftp.mlit.go.jp/ksj/gml/data/P05/P05-10/P05-10_36_GML.zip"}, {"filename": "P05-22_37_GML.zip", "url": "https://nlftp.mlit.go.jp/ksj/gml/data/P05/P05-22/P05-22_37_GML.zip"}, {"filename": "P05-10_37_GML.zip", "url": "https://nlftp.mlit.go.jp/ksj/gml/data/P05/P05-10/P05-10_37_GML.zip"}, {"filename": "P05-22_38_GML.zip", "url": "https://nlftp.mlit.go.jp/ksj/gml/data/P05/P05-22/P05-22_38_GML.zip"}, {"filename": "P05-10_38_GML.zip", "url": "https://nlftp.mlit.go.jp/ksj/gml/data/P05/P05-10/P05-10_38_GML.zip"}, {"filename": "P05-22_39_GML.zip", "url": "https://nlftp.mlit.go.jp/ksj/gml/data/P05/P05-22/P05-22_39_GML.zip"}, {"filename": "P05-10_39_GML.zip", "url": "https://nlftp.mlit.go.jp/ksj/gml/data/P05/P05-10/P05-10_39_GML.zip"}, {"filename": "P05-22_59_GML.zip", "url": "https://nlftp.mlit.go.jp/ksj/gml/data/P05/P05-22/P05-22_59_GML.zip"}, {"filename": "P05-22_40_GML.zip", "url": "https://nlftp.mlit.go.jp/ksj/gml/data/P05/P05-22/P05-22_40_GML.zip"}, {"filename": "P05-10_40_GML.zip", "url": "https://nlftp.mlit.go.jp/ksj/gml/data/P05/P05-10/P05-10_40_GML.zip"}, {"filename": "P05-22_41_GML.zip", "url": "https://nlftp.mlit.go.jp/ksj/gml/data/P05/P05-22/P05-22_41_GML.zip"}, {"filename": "P05-10_41_GML.zip", "url": "https://nlftp.mlit.go.jp/ksj/gml/data/P05/P05-10/P05-10_41_GML.zip"}, {"filename": "P05-22_42_GML.zip", "url": "https://nlftp.mlit.go.jp/ksj/gml/data/P05/P05-22/P05-22_42_GML.zip"}, {"filename": "P05-10_42_GML.zip", "url": "https://nlftp.mlit.go.jp/ksj/gml/data/P05/P05-10/P05-10_42_GML.zip"}, {"filename": "P05-22_43_GML.zip", "url": "https://nlftp.mlit.go.jp/ksj/gml/data/P05/P05-22/P05-22_43_GML.zip"}, {"filename": "P05-10_43_GML.zip", "url": "https://nlftp.mlit.go.jp/ksj/gml/data/P05/P05-10/P05-10_43_GML.zip"}, {"filename": "P05-22_44_GML.zip", "url": "https://nlftp.mlit.go.jp/ksj/gml/data/P05/P05-22/P05-22_44_GML.zip"}, {"filename": "P05-10_44_GML.zip", "url": "https://nlftp.mlit.go.jp/ksj/gml/data/P05/P05-10/P05-10_44_GML.zip"}, {"filename": "P05-22_45_GML.zip", "url": "https://nlftp.mlit.go.jp/ksj/gml/data/P05/P05-22/P05-22_45_GML.zip"}, {"filename": "P05-10_45_GML.zip", "url": "https://nlftp.mlit.go.jp/ksj/gml/data/P05/P05-10/P05-10_45_GML.zip"}, {"filename": "P05-22_46_GML.zip", "url": "https://nlftp.mlit.go.jp/ksj/gml/data/P05/P05-22/P05-22_46_GML.zip"}, {"filename": "P05-10_46_GML.zip", "url": "https://nlftp.mlit.go.jp/ksj/gml/data/P05/P05-10/P05-10_46_GML.zip"}, {"filename": "P05-22_47_GML.zip", "url": "https://nlftp.mlit.go.jp/ksj/gml/data/P05/P05-22/P05-22_47_GML.zip"}, {"filename": "P05-10_47_GML.zip", "url": "https://nlftp.mlit.go.jp/ksj/gml/data/P05/P05-10/P05-10_47_GML.zip"}]