全国,世界測地系,2022年（令和4年）,7.98MB,P05-22_GML.zip
北海道,世界測地系,2022年（令和4年）,0.50MB,P05-22_01_GML.zip
北海道,世界測地系,2010年（平成22年）,0.29MB,P05-10_01_GML.zip
東北地方,世界測地系,2022年（令和4年）,1.18MB,P05-22_52_GML.zip
青森,世界測地系,2022年（令和4年）,0.20MB,P05-22_02_GML.zip
青森,世界測地系,2010年（平成22年）,0.10MB,P05-10_02_GML.zip
岩手,世界測地系,2022年（令和4年）,0.22MB,P05-22_03_GML.zip
岩手,世界測地系,2010年（平成22年）,0.11MB,P05-10_03_GML.zip
宮城,世界測地系,2022年（令和4年）,0.21MB,P05-22_04_GML.zip
宮城,世界測地系,2010年（平成22年）,0.13MB,P05-10_04_GML.zip
秋田,世界測地系,2022年（令和4年）,0.16MB,P05-22_05_GML.zip
秋田,世界測地系,2010年（平成22年）,0.11MB,P05-10_05_GML.zip
山形,世界測地系,2022年（令和4年）,0.13MB,P05-22_06_GML.zip
山形,世界測地系,2010年（平成22年）,0.08MB,P05-10_06_GML.zip
福島,世界測地系,2022年（令和4年）,0.27MB,P05-22_07_GML.zip
福島,世界測地系,2010年（平成22年）,0.16MB,P05-10_07_GML.zip
関東地方,世界測地系,2022年（令和4年）,1.31MB,P05-22_53_GML.zip
茨城,世界測地系,2022年（令和4年）,0.20MB,P05-22_08_GML.zip
茨城,世界測地系,2010年（平成22年）,0.14MB,P05-10_08_GML.zip
栃木,世界測地系,2022年（令和4年）,0.11MB,P05-22_09_GML.zip
栃木,世界測地系,2010年（平成22年）,0.07MB,P05-10_09_GML.zip
群馬,世界測地系,2022年（令和4年）,0.14MB,P05-22_10_GML.zip
群馬,世界測地系,2010年（平成22年）,0.10MB,P05-10_10_GML.zip
埼玉,世界測地系,2022年（令和4年）,0.24MB,P05-22_11_GML.zip
埼玉,世界測地系,2010年（平成22年）,0.14MB,P05-10_11_GML.zip
千葉,世界測地系,2022年（令和4年）,0.17MB,P05-22_12_GML.zip
千葉,世界測地系,2010年（平成22年）,0.11MB,P05-10_12_GML.zip
東京,世界測地系,2022年（令和4年）,0.30MB,P05-22_13_GML.zip
東京,世界測地系,2010年（平成22年）,0.17MB,P05-10_13_GML.zip
神奈川,世界測地系,2022年（令和4年）,0.17MB,P05-22_14_GML.zip
神奈川,世界測地系,2010年（平成22年）,0.10MB,P05-10_14_GML.zip
甲信越北陸地方,世界測地系,2022年（令和4年）,0.87MB,P05-22_54_GML.zip
新潟,世界測地系,2022年（令和4年）,0.18MB,P05-22_15_GML.zip
新潟,世界測地系,2010年（平成22年）,0.11MB,P05-10_15_GML.zip
富山,世界測地系,2022年（令和4年）,0.08MB,P05-22_16_GML.zip
富山,世界測地系,2010年（平成22年）,0.05MB,P05-10_16_GML.zip
石川,世界測地系,2022年（令和4年）,0.11MB,P05-22_17_GML.zip
石川,世界測地系,2010年（平成22年）,0.07MB,P05-10_17_GML.zip
福井,世界測地系,2022年（令和4年）,0.07MB,P05-22_18_GML.zip
福井,世界測地系,2010年（平成22年）,0.05MB,P05-10_18_GML.zip
山梨,世界測地系,2022年（令和4年）,0.11MB,P05-22_19_GML.zip
山梨,世界測地系,2010年（平成22年）,0.06MB,P05-10_19_GML.zip
長野,世界測地系,2022年（令和4年）,0.32MB,P05-22_20_GML.zip
長野,世界測地系,2010年（平成22年）,0.13MB,P05-10_20_GML.zip
東海地方,世界測地系,2022年（令和4年）,0.87MB,P05-22_55_GML.zip
岐阜,世界測地系,2022年（令和4年）,0.15MB,P05-22_21_GML.zip
岐阜,世界測地系,2010年（平成22年）,0.09MB,P05-10_21_GML.zip
静岡,世界測地系,2022年（令和4年）,0.18MB,P05-22_22_GML.zip
静岡,世界測地系,2010年（平成22年）,0.08MB,P05-10_22_GML.zip
愛知,世界測地系,2022年（令和4年）,0.25MB,P05-22_23_GML.zip
愛知,世界測地系,2010年（平成22年）,0.14MB,P05-10_23_GML.zip
三重,世界測地系,2022年（令和4年）,0.15MB,P05-22_24_GML.zip
三重,世界測地系,2010年（平成22年）,0.09MB,P05-10_24_GML.zip
近畿地方,世界測地系,2022年（令和4年）,0.93MB,P05-22_56_GML.zip
滋賀,世界測地系,2022年（令和4年）,0.09MB,P05-22_25_GML.zip
滋賀,世界測地系,2010年（平成22年）,0.05MB,P05-10_25_GML.zip
京都,世界測地系,2022年（令和4年）,0.11MB,P05-22_26_GML.zip
京都,世界測地系,2010年（平成22年）,0.07MB,P05-10_26_GML.zip
大阪,世界測地系,2022年（令和4年）,0.21MB,P05-22_27_GML.zip
大阪,世界測地系,2010年（平成22年）,0.11MB,P05-10_27_GML.zip
兵庫,世界測地系,2022年（令和4年）,0.24MB,P05-22_28_GML.zip
兵庫,世界測地系,2010年（平成22年）,0.12MB,P05-10_28_GML.zip
奈良,世界測地系,2022年（令和4年）,0.13MB,P05-22_29_GML.zip
奈良,世界測地系,2010年（平成22年）,0.07MB,P05-10_29_GML.zip
和歌山,世界測地系,2022年（令和4年）,0.17MB,P05-22_30_GML.zip
和歌山,世界測地系,2010年（平成22年）,0.06MB,P05-10_30_GML.zip
中国地方,世界測地系,2022年（令和4年）,0.76MB,P05-22_57_GML.zip
鳥取,世界測地系,2022年（令和4年）,0.08MB,P05-22_31_GML.zip
鳥取,世界測地系,2010年（平成22年）,0.05MB,P05-10_31_GML.zip
島根,世界測地系,2022年（令和4年）,0.13MB,P05-22_32_GML.zip
島根,世界測地系,2010年（平成22年）,0.07MB,P05-10_32_GML.zip
岡山,世界測地系,2022年（令和4年）,0.19MB,P05-22_33_GML.zip
岡山,世界測地系,2010年（平成22年）,0.11MB,P05-10_33_GML.zip
広島,世界測地系,2022年（令和4年）,0.25MB,P05-22_34_GML.zip
広島,世界測地系,2010年（平成22年）,0.16MB,P05-10_34_GML.zip
山口,世界測地系,2022年（令和4年）,0.12MB,P05-22_35_GML.zip
山口,世界測地系,2010年（平成22年）,0.07MB,P05-10_35_GML.zip
四国地方,世界測地系,2022年（令和4年）,0.55MB,P05-22_58_GML.zip
徳島,世界測地系,2022年（令和4年）,0.13MB,P05-22_36_GML.zip
徳島,世界測地系,2010年（平成22年）,0.06MB,P05-10_36_GML.zip
香川,世界測地系,2022年（令和4年）,0.08MB,P05-22_37_GML.zip
香川,世界測地系,2010年（平成22年）,0.05MB,P05-10_37_GML.zip
愛媛,世界測地系,2022年（令和4年）,0.23MB,P05-22_38_GML.zip
愛媛,世界測地系,2010年（平成22年）,0.10MB,P05-10_38_GML.zip
高知,世界測地系,2022年（令和4年）,0.13MB,P05-22_39_GML.zip
高知,世界測地系,2010年（平成22年）,0.06MB,P05-10_39_GML.zip
九州地方,世界測地系,2022年（令和4年）,1.05MB,P05-22_59_GML.zip
福岡,世界測地系,2022年（令和4年）,0.28MB,P05-22_40_GML.zip
福岡,世界測地系,2010年（平成22年）,0.14MB,P05-10_40_GML.zip
佐賀,世界測地系,2022年（令和4年）,0.07MB,P05-22_41_GML.zip
佐賀,世界測地系,2010年（平成22年）,0.04MB,P05-10_41_GML.zip
長崎,世界測地系,2022年（令和4年）,0.16MB,P05-22_42_GML.zip
長崎,世界測地系,2010年（平成22年）,0.07MB,P05-10_42_GML.zip
熊本,世界測地系,2022年（令和4年）,0.16MB,P05-22_43_GML.zip
熊本,世界測地系,2010年（平成22年）,0.08MB,P05-10_43_GML.zip
大分,世界測地系,2022年（令和4年）,0.15MB,P05-22_44_GML.zip
大分,世界測地系,2010年（平成22年）,0.08MB,P05-10_44_GML.zip
宮崎,世界測地系,2022年（令和4年）,0.10MB,P05-22_45_GML.zip
宮崎,世界測地系,2010年（平成22年）,0.05MB,P05-10_45_GML.zip
鹿児島,世界測地系,2022年（令和4年）,0.14MB,P05-22_46_GML.zip
鹿児島,世界測地系,2010年（平成22年）,0.08MB,P05-10_46_GML.zip
沖縄,世界測地系,2022年（令和4年）,0.10MB,P05-22_47_GML.zip
沖縄,世界測地系,2010年（平成22年）,0.05MB,P05-10_47_GML.zip