[{"filename": "P07-10_01_GML.zip", "url": "https://nlftp.mlit.go.jp/ksj/gml/data/P07/P07-10/P07-10_01_GML.zip"}, {"filename": "P07-15_01_GML.zip", "url": "https://nlftp.mlit.go.jp/ksj/gml/data/P07/P07-15/P07-15_01_GML.zip"}, {"filename": "P07-10_02_GML.zip", "url": "https://nlftp.mlit.go.jp/ksj/gml/data/P07/P07-10/P07-10_02_GML.zip"}, {"filename": "P07-15_02_GML.zip", "url": "https://nlftp.mlit.go.jp/ksj/gml/data/P07/P07-15/P07-15_02_GML.zip"}, {"filename": "P07-10_03_GML.zip", "url": "https://nlftp.mlit.go.jp/ksj/gml/data/P07/P07-10/P07-10_03_GML.zip"}, {"filename": "P07-15_03_GML.zip", "url": "https://nlftp.mlit.go.jp/ksj/gml/data/P07/P07-15/P07-15_03_GML.zip"}, {"filename": "P07-10_04_GML.zip", "url": "https://nlftp.mlit.go.jp/ksj/gml/data/P07/P07-10/P07-10_04_GML.zip"}, {"filename": "P07-15_04_GML.zip", "url": "https://nlftp.mlit.go.jp/ksj/gml/data/P07/P07-15/P07-15_04_GML.zip"}, {"filename": "P07-10_05_GML.zip", "url": "https://nlftp.mlit.go.jp/ksj/gml/data/P07/P07-10/P07-10_05_GML.zip"}, {"filename": "P07-15_05_GML.zip", "url": "https://nlftp.mlit.go.jp/ksj/gml/data/P07/P07-15/P07-15_05_GML.zip"}, {"filename": "P07-10_06_GML.zip", "url": "https://nlftp.mlit.go.jp/ksj/gml/data/P07/P07-10/P07-10_06_GML.zip"}, {"filename": "P07-15_06_GML.zip", "url": "https://nlftp.mlit.go.jp/ksj/gml/data/P07/P07-15/P07-15_06_GML.zip"}, {"filename": "P07-10_07_GML.zip", "url": "https://nlftp.mlit.go.jp/ksj/gml/data/P07/P07-10/P07-10_07_GML.zip"}, {"filename": "P07-15_07_GML.zip", "url": "https://nlftp.mlit.go.jp/ksj/gml/data/P07/P07-15/P07-15_07_GML.zip"}, {"filename": "P07-10_08_GML.zip", "url": "https://nlftp.mlit.go.jp/ksj/gml/data/P07/P07-10/P07-10_08_GML.zip"}, {"filename": "P07-15_08_GML.zip", "url": "https://nlftp.mlit.go.jp/ksj/gml/data/P07/P07-15/P07-15_08_GML.zip"}, {"filename": "P07-10_09_GML.zip", "url": "https://nlftp.mlit.go.jp/ksj/gml/data/P07/P07-10/P07-10_09_GML.zip"}, {"filename": "P07-15_09_GML.zip", "url": "https://nlftp.mlit.go.jp/ksj/gml/data/P07/P07-15/P07-15_09_GML.zip"}, {"filename": "P07-10_10_GML.zip", "url": "https://nlftp.mlit.go.jp/ksj/gml/data/P07/P07-10/P07-10_10_GML.zip"}, {"filename": "P07-15_10_GML.zip", "url": "https://nlftp.mlit.go.jp/ksj/gml/data/P07/P07-15/P07-15_10_GML.zip"}, {"filename": "P07-10_11_GML.zip", "url": "https://nlftp.mlit.go.jp/ksj/gml/data/P07/P07-10/P07-10_11_GML.zip"}, {"filename": "P07-15_11_GML.zip", "url": "https://nlftp.mlit.go.jp/ksj/gml/data/P07/P07-15/P07-15_11_GML.zip"}, {"filename": "P07-10_12_GML.zip", "url": "https://nlftp.mlit.go.jp/ksj/gml/data/P07/P07-10/P07-10_12_GML.zip"}, {"filename": "P07-15_12_GML.zip", "url": "https://nlftp.mlit.go.jp/ksj/gml/data/P07/P07-15/P07-15_12_GML.zip"}, {"filename": "P07-10_13_GML.zip", "url": "https://nlftp.mlit.go.jp/ksj/gml/data/P07/P07-10/P07-10_13_GML.zip"}, {"filename": "P07-15_13_GML.zip", "url": "https://nlftp.mlit.go.jp/ksj/gml/data/P07/P07-15/P07-15_13_GML.zip"}, {"filename": "P07-10_14_GML.zip", "url": "https://nlftp.mlit.go.jp/ksj/gml/data/P07/P07-10/P07-10_14_GML.zip"}, {"filename": "P07-15_14_GML.zip", "url": "https://nlftp.mlit.go.jp/ksj/gml/data/P07/P07-15/P07-15_14_GML.zip"}, {"filename": "P07-10_15_GML.zip", "url": "https://nlftp.mlit.go.jp/ksj/gml/data/P07/P07-10/P07-10_15_GML.zip"}, {"filename": "P07-15_15_GML.zip", "url": "https://nlftp.mlit.go.jp/ksj/gml/data/P07/P07-15/P07-15_15_GML.zip"}, {"filename": "P07-10_16_GML.zip", "url": "https://nlftp.mlit.go.jp/ksj/gml/data/P07/P07-10/P07-10_16_GML.zip"}, {"filename": "P07-15_16_GML.zip", "url": "https://nlftp.mlit.go.jp/ksj/gml/data/P07/P07-15/P07-15_16_GML.zip"}, {"filename": "P07-10_17_GML.zip", "url": "https://nlftp.mlit.go.jp/ksj/gml/data/P07/P07-10/P07-10_17_GML.zip"}, {"filename": "P07-15_17_GML.zip", "url": "https://nlftp.mlit.go.jp/ksj/gml/data/P07/P07-15/P07-15_17_GML.zip"}, {"filename": "P07-10_18_GML.zip", "url": "https://nlftp.mlit.go.jp/ksj/gml/data/P07/P07-10/P07-10_18_GML.zip"}, {"filename": "P07-15_18_GML.zip", "url": "https://nlftp.mlit.go.jp/ksj/gml/data/P07/P07-15/P07-15_18_GML.zip"}, {"filename": "P07-10_19_GML.zip", "url": "https://nlftp.mlit.go.jp/ksj/gml/data/P07/P07-10/P07-10_19_GML.zip"}, {"filename": "P07-15_19_GML.zip", "url": "https://nlftp.mlit.go.jp/ksj/gml/data/P07/P07-15/P07-15_19_GML.zip"}, {"filename": "P07-10_20_GML.zip", "url": "https://nlftp.mlit.go.jp/ksj/gml/data/P07/P07-10/P07-10_20_GML.zip"}, {"filename": "P07-15_20_GML.zip", "url": "https://nlftp.mlit.go.jp/ksj/gml/data/P07/P07-15/P07-15_20_GML.zip"}, {"filename": "P07-10_21_GML.zip", "url": "https://nlftp.mlit.go.jp/ksj/gml/data/P07/P07-10/P07-10_21_GML.zip"}, {"filename": "P07-15_21_GML.zip", "url": "https://nlftp.mlit.go.jp/ksj/gml/data/P07/P07-15/P07-15_21_GML.zip"}, {"filename": "P07-10_22_GML.zip", "url": "https://nlftp.mlit.go.jp/ksj/gml/data/P07/P07-10/P07-10_22_GML.zip"}, {"filename": "P07-15_22_GML.zip", "url": "https://nlftp.mlit.go.jp/ksj/gml/data/P07/P07-15/P07-15_22_GML.zip"}, {"filename": "P07-10_23_GML.zip", "url": "https://nlftp.mlit.go.jp/ksj/gml/data/P07/P07-10/P07-10_23_GML.zip"}, {"filename": "P07-15_23_GML.zip", "url": "https://nlftp.mlit.go.jp/ksj/gml/data/P07/P07-15/P07-15_23_GML.zip"}, {"filename": "P07-10_24_GML.zip", "url": "https://nlftp.mlit.go.jp/ksj/gml/data/P07/P07-10/P07-10_24_GML.zip"}, {"filename": "P07-15_24_GML.zip", "url": "https://nlftp.mlit.go.jp/ksj/gml/data/P07/P07-15/P07-15_24_GML.zip"}, {"filename": "P07-10_25_GML.zip", "url": "https://nlftp.mlit.go.jp/ksj/gml/data/P07/P07-10/P07-10_25_GML.zip"}, {"filename": "P07-15_25_GML.zip", "url": "https://nlftp.mlit.go.jp/ksj/gml/data/P07/P07-15/P07-15_25_GML.zip"}, {"filename": "P07-10_26_GML.zip", "url": "https://nlftp.mlit.go.jp/ksj/gml/data/P07/P07-10/P07-10_26_GML.zip"}, {"filename": "P07-15_26_GML.zip", "url": "https://nlftp.mlit.go.jp/ksj/gml/data/P07/P07-15/P07-15_26_GML.zip"}, {"filename": "P07-10_27_GML.zip", "url": "https://nlftp.mlit.go.jp/ksj/gml/data/P07/P07-10/P07-10_27_GML.zip"}, {"filename": "P07-15_27_GML.zip", "url": "https://nlftp.mlit.go.jp/ksj/gml/data/P07/P07-15/P07-15_27_GML.zip"}, {"filename": "P07-10_28_GML.zip", "url": "https://nlftp.mlit.go.jp/ksj/gml/data/P07/P07-10/P07-10_28_GML.zip"}, {"filename": "P07-15_28_GML.zip", "url": "https://nlftp.mlit.go.jp/ksj/gml/data/P07/P07-15/P07-15_28_GML.zip"}, {"filename": "P07-10_29_GML.zip", "url": "https://nlftp.mlit.go.jp/ksj/gml/data/P07/P07-10/P07-10_29_GML.zip"}, {"filename": "P07-15_29_GML.zip", "url": "https://nlftp.mlit.go.jp/ksj/gml/data/P07/P07-15/P07-15_29_GML.zip"}, {"filename": "P07-10_30_GML.zip", "url": "https://nlftp.mlit.go.jp/ksj/gml/data/P07/P07-10/P07-10_30_GML.zip"}, {"filename": "P07-15_30_GML.zip", "url": "https://nlftp.mlit.go.jp/ksj/gml/data/P07/P07-15/P07-15_30_GML.zip"}, {"filename": "P07-10_31_GML.zip", "url": "https://nlftp.mlit.go.jp/ksj/gml/data/P07/P07-10/P07-10_31_GML.zip"}, {"filename": "P07-15_31_GML.zip", "url": "https://nlftp.mlit.go.jp/ksj/gml/data/P07/P07-15/P07-15_31_GML.zip"}, {"filename": "P07-10_32_GML.zip", "url": "https://nlftp.mlit.go.jp/ksj/gml/data/P07/P07-10/P07-10_32_GML.zip"}, {"filename": "P07-15_32_GML.zip", "url": "https://nlftp.mlit.go.jp/ksj/gml/data/P07/P07-15/P07-15_32_GML.zip"}, {"filename": "P07-10_33_GML.zip", "url": "https://nlftp.mlit.go.jp/ksj/gml/data/P07/P07-10/P07-10_33_GML.zip"}, {"filename": "P07-15_33_GML.zip", "url": "https://nlftp.mlit.go.jp/ksj/gml/data/P07/P07-15/P07-15_33_GML.zip"}, {"filename": "P07-10_34_GML.zip", "url": "https://nlftp.mlit.go.jp/ksj/gml/data/P07/P07-10/P07-10_34_GML.zip"}, {"filename": "P07-15_34_GML.zip", "url": "https://nlftp.mlit.go.jp/ksj/gml/data/P07/P07-15/P07-15_34_GML.zip"}, {"filename": "P07-10_35_GML.zip", "url": "https://nlftp.mlit.go.jp/ksj/gml/data/P07/P07-10/P07-10_35_GML.zip"}, {"filename": "P07-15_35_GML.zip", "url": "https://nlftp.mlit.go.jp/ksj/gml/data/P07/P07-15/P07-15_35_GML.zip"}, {"filename": "P07-10_36_GML.zip", "url": "https://nlftp.mlit.go.jp/ksj/gml/data/P07/P07-10/P07-10_36_GML.zip"}, {"filename": "P07-15_36_GML.zip", "url": "https://nlftp.mlit.go.jp/ksj/gml/data/P07/P07-15/P07-15_36_GML.zip"}, {"filename": "P07-10_37_GML.zip", "url": "https://nlftp.mlit.go.jp/ksj/gml/data/P07/P07-10/P07-10_37_GML.zip"}, {"filename": "P07-15_37_GML.zip", "url": "https://nlftp.mlit.go.jp/ksj/gml/data/P07/P07-15/P07-15_37_GML.zip"}, {"filename": "P07-10_38_GML.zip", "url": "https://nlftp.mlit.go.jp/ksj/gml/data/P07/P07-10/P07-10_38_GML.zip"}, {"filename": "P07-15_38_GML.zip", "url": "https://nlftp.mlit.go.jp/ksj/gml/data/P07/P07-15/P07-15_38_GML.zip"}, {"filename": "P07-10_39_GML.zip", "url": "https://nlftp.mlit.go.jp/ksj/gml/data/P07/P07-10/P07-10_39_GML.zip"}, {"filename": "P07-15_39_GML.zip", "url": "https://nlftp.mlit.go.jp/ksj/gml/data/P07/P07-15/P07-15_39_GML.zip"}, {"filename": "P07-10_40_GML.zip", "url": "https://nlftp.mlit.go.jp/ksj/gml/data/P07/P07-10/P07-10_40_GML.zip"}, {"filename": "P07-15_40_GML.zip", "url": "https://nlftp.mlit.go.jp/ksj/gml/data/P07/P07-15/P07-15_40_GML.zip"}, {"filename": "P07-10_41_GML.zip", "url": "https://nlftp.mlit.go.jp/ksj/gml/data/P07/P07-10/P07-10_41_GML.zip"}, {"filename": "P07-15_41_GML.zip", "url": "https://nlftp.mlit.go.jp/ksj/gml/data/P07/P07-15/P07-15_41_GML.zip"}, {"filename": "P07-10_42_GML.zip", "url": "https://nlftp.mlit.go.jp/ksj/gml/data/P07/P07-10/P07-10_42_GML.zip"}, {"filename": "P07-15_42_GML.zip", "url": "https://nlftp.mlit.go.jp/ksj/gml/data/P07/P07-15/P07-15_42_GML.zip"}, {"filename": "P07-10_43_GML.zip", "url": "https://nlftp.mlit.go.jp/ksj/gml/data/P07/P07-10/P07-10_43_GML.zip"}, {"filename": "P07-15_43_GML.zip", "url": "https://nlftp.mlit.go.jp/ksj/gml/data/P07/P07-15/P07-15_43_GML.zip"}, {"filename": "P07-10_44_GML.zip", "url": "https://nlftp.mlit.go.jp/ksj/gml/data/P07/P07-10/P07-10_44_GML.zip"}, {"filename": "P07-15_44_GML.zip", "url": "https://nlftp.mlit.go.jp/ksj/gml/data/P07/P07-15/P07-15_44_GML.zip"}, {"filename": "P07-10_45_GML.zip", "url": "https://nlftp.mlit.go.jp/ksj/gml/data/P07/P07-10/P07-10_45_GML.zip"}, {"filename": "P07-15_45_GML.zip", "url": "https://nlftp.mlit.go.jp/ksj/gml/data/P07/P07-15/P07-15_45_GML.zip"}, {"filename": "P07-10_46_GML.zip", "url": "https://nlftp.mlit.go.jp/ksj/gml/data/P07/P07-10/P07-10_46_GML.zip"}, {"filename": "P07-15_46_GML.zip", "url": "https://nlftp.mlit.go.jp/ksj/gml/data/P07/P07-15/P07-15_46_GML.zip"}, {"filename": "P07-10_47_GML.zip", "url": "https://nlftp.mlit.go.jp/ksj/gml/data/P07/P07-10/P07-10_47_GML.zip"}, {"filename": "P07-15_47_GML.zip", "url": "https://nlftp.mlit.go.jp/ksj/gml/data/P07/P07-15/P07-15_47_GML.zip"}]