北海道,世界測地系,2010年（平成22年）,0.23MB,P07-10_01_GML.zip
北海道,世界測地系,2015年（平成27年）,0.10MB,P07-15_01_GML.zip
青森,世界測地系,2010年（平成22年）,0.07MB,P07-10_02_GML.zip
青森,世界測地系,2015年（平成27年）,0.03MB,P07-15_02_GML.zip
岩手,世界測地系,2010年（平成22年）,0.06MB,P07-10_03_GML.zip
岩手,世界測地系,2015年（平成27年）,0.03MB,P07-15_03_GML.zip
宮城,世界測地系,2010年（平成22年）,0.08MB,P07-10_04_GML.zip
宮城,世界測地系,2015年（平成27年）,0.03MB,P07-15_04_GML.zip
秋田,世界測地系,2010年（平成22年）,0.06MB,P07-10_05_GML.zip
秋田,世界測地系,2015年（平成27年）,0.03MB,P07-15_05_GML.zip
山形,世界測地系,2010年（平成22年）,0.05MB,P07-10_06_GML.zip
山形,世界測地系,2015年（平成27年）,0.03MB,P07-15_06_GML.zip
福島,世界測地系,2010年（平成22年）,0.09MB,P07-10_07_GML.zip
福島,世界測地系,2015年（平成27年）,0.04MB,P07-15_07_GML.zip
茨城,世界測地系,2010年（平成22年）,0.11MB,P07-10_08_GML.zip
茨城,世界測地系,2015年（平成27年）,0.06MB,P07-15_08_GML.zip
栃木,世界測地系,2010年（平成22年）,0.08MB,P07-10_09_GML.zip
栃木,世界測地系,2015年（平成27年）,0.04MB,P07-15_09_GML.zip
群馬,世界測地系,2010年（平成22年）,0.07MB,P07-10_10_GML.zip
群馬,世界測地系,2015年（平成27年）,0.04MB,P07-15_10_GML.zip
埼玉,世界測地系,2010年（平成22年）,0.12MB,P07-10_11_GML.zip
埼玉,世界測地系,2015年（平成27年）,0.06MB,P07-15_11_GML.zip
千葉,世界測地系,2010年（平成22年）,0.12MB,P07-10_12_GML.zip
千葉,世界測地系,2015年（平成27年）,0.06MB,P07-15_12_GML.zip
東京,世界測地系,2010年（平成22年）,0.13MB,P07-10_13_GML.zip
東京,世界測地系,2015年（平成27年）,0.06MB,P07-15_13_GML.zip
神奈川,世界測地系,2010年（平成22年）,0.10MB,P07-10_14_GML.zip
神奈川,世界測地系,2015年（平成27年）,0.05MB,P07-15_14_GML.zip
新潟,世界測地系,2010年（平成22年）,0.10MB,P07-10_15_GML.zip
新潟,世界測地系,2015年（平成27年）,0.05MB,P07-15_15_GML.zip
富山,世界測地系,2010年（平成22年）,0.04MB,P07-10_16_GML.zip
富山,世界測地系,2015年（平成27年）,0.03MB,P07-15_16_GML.zip
石川,世界測地系,2010年（平成22年）,0.05MB,P07-10_17_GML.zip
石川,世界測地系,2015年（平成27年）,0.02MB,P07-15_17_GML.zip
福井,世界測地系,2010年（平成22年）,0.04MB,P07-10_18_GML.zip
福井,世界測地系,2015年（平成27年）,0.02MB,P07-15_18_GML.zip
山梨,世界測地系,2010年（平成22年）,0.04MB,P07-10_19_GML.zip
山梨,世界測地系,2015年（平成27年）,0.02MB,P07-15_19_GML.zip
長野,世界測地系,2010年（平成22年）,0.10MB,P07-10_20_GML.zip
長野,世界測地系,2015年（平成27年）,0.05MB,P07-15_20_GML.zip
岐阜,世界測地系,2010年（平成22年）,0.08MB,P07-10_21_GML.zip
岐阜,世界測地系,2015年（平成27年）,0.04MB,P07-15_21_GML.zip
静岡,世界測地系,2010年（平成22年）,0.11MB,P07-10_22_GML.zip
静岡,世界測地系,2015年（平成27年）,0.06MB,P07-15_22_GML.zip
愛知,世界測地系,2010年（平成22年）,0.16MB,P07-10_23_GML.zip
愛知,世界測地系,2015年（平成27年）,0.09MB,P07-15_23_GML.zip
三重,世界測地系,2010年（平成22年）,0.06MB,P07-10_24_GML.zip
三重,世界測地系,2015年（平成27年）,0.04MB,P07-15_24_GML.zip
滋賀,世界測地系,2010年（平成22年）,0.04MB,P07-10_25_GML.zip
滋賀,世界測地系,2015年（平成27年）,0.02MB,P07-15_25_GML.zip
京都,世界測地系,2010年（平成22年）,0.05MB,P07-10_26_GML.zip
京都,世界測地系,2015年（平成27年）,0.03MB,P07-15_26_GML.zip
大阪,世界測地系,2010年（平成22年）,0.12MB,P07-10_27_GML.zip
大阪,世界測地系,2015年（平成27年）,0.05MB,P07-15_27_GML.zip
兵庫,世界測地系,2010年（平成22年）,0.11MB,P07-10_28_GML.zip
兵庫,世界測地系,2015年（平成27年）,0.06MB,P07-15_28_GML.zip
奈良,世界測地系,2010年（平成22年）,0.03MB,P07-10_29_GML.zip
奈良,世界測地系,2015年（平成27年）,0.02MB,P07-15_29_GML.zip
和歌山,世界測地系,2010年（平成22年）,0.04MB,P07-10_30_GML.zip
和歌山,世界測地系,2015年（平成27年）,0.02MB,P07-15_30_GML.zip
鳥取,世界測地系,2010年（平成22年）,0.03MB,P07-10_31_GML.zip
鳥取,世界測地系,2015年（平成27年）,0.02MB,P07-15_31_GML.zip
島根,世界測地系,2010年（平成22年）,0.04MB,P07-10_32_GML.zip
島根,世界測地系,2015年（平成27年）,0.02MB,P07-15_32_GML.zip
岡山,世界測地系,2010年（平成22年）,0.06MB,P07-10_33_GML.zip
岡山,世界測地系,2015年（平成27年）,0.04MB,P07-15_33_GML.zip
広島,世界測地系,2010年（平成22年）,0.08MB,P07-10_34_GML.zip
広島,世界測地系,2015年（平成27年）,0.04MB,P07-15_34_GML.zip
山口,世界測地系,2010年（平成22年）,0.05MB,P07-10_35_GML.zip
山口,世界測地系,2015年（平成27年）,0.03MB,P07-15_35_GML.zip
徳島,世界測地系,2010年（平成22年）,0.04MB,P07-10_36_GML.zip
徳島,世界測地系,2015年（平成27年）,0.02MB,P07-15_36_GML.zip
香川,世界測地系,2010年（平成22年）,0.04MB,P07-10_37_GML.zip
香川,世界測地系,2015年（平成27年）,0.02MB,P07-15_37_GML.zip
愛媛,世界測地系,2010年（平成22年）,0.06MB,P07-10_38_GML.zip
愛媛,世界測地系,2015年（平成27年）,0.03MB,P07-15_38_GML.zip
高知,世界測地系,2010年（平成22年）,0.04MB,P07-10_39_GML.zip
高知,世界測地系,2015年（平成27年）,0.02MB,P07-15_39_GML.zip
福岡,世界測地系,2010年（平成22年）,0.10MB,P07-10_40_GML.zip
福岡,世界測地系,2015年（平成27年）,0.05MB,P07-15_40_GML.zip
佐賀,世界測地系,2010年（平成22年）,0.03MB,P07-10_41_GML.zip
佐賀,世界測地系,2015年（平成27年）,0.02MB,P07-15_41_GML.zip
長崎,世界測地系,2010年（平成22年）,0.05MB,P07-10_42_GML.zip
長崎,世界測地系,2015年（平成27年）,0.03MB,P07-15_42_GML.zip
熊本,世界測地系,2010年（平成22年）,0.07MB,P07-10_43_GML.zip
熊本,世界測地系,2015年（平成27年）,0.04MB,P07-15_43_GML.zip
大分,世界測地系,2010年（平成22年）,0.05MB,P07-10_44_GML.zip
大分,世界測地系,2015年（平成27年）,0.03MB,P07-15_44_GML.zip
宮崎,世界測地系,2010年（平成22年）,0.05MB,P07-10_45_GML.zip
宮崎,世界測地系,2015年（平成27年）,0.03MB,P07-15_45_GML.zip
鹿児島,世界測地系,2010年（平成22年）,0.08MB,P07-10_46_GML.zip
鹿児島,世界測地系,2015年（平成27年）,0.05MB,P07-15_46_GML.zip
沖縄,世界測地系,2010年（平成22年）,0.03MB,P07-10_47_GML.zip
沖縄,世界測地系,2015年（平成27年）,0.02MB,P07-15_47_GML.zip