3623,世界測地系,2010年（平成22年）,0.15MB,P09-10_3623-jgd_GML.zip
3624,世界測地系,2010年（平成22年）,0.15MB,P09-10_3624-jgd_GML.zip
3725,世界測地系,2010年（平成22年）,0.15MB,P09-10_3725-jgd_GML.zip
3831,世界測地系,2010年（平成22年）,0.15MB,P09-10_3831-jgd_GML.zip
3926,世界測地系,2010年（平成22年）,0.15MB,P09-10_3926-jgd_GML.zip
3927,世界測地系,2010年（平成22年）,0.15MB,P09-10_3927-jgd_GML.zip
3928,世界測地系,2010年（平成22年）,0.15MB,P09-10_3928-jgd_GML.zip
3942,世界測地系,2010年（平成22年）,0.15MB,P09-10_3942-jgd_GML.zip
4027,世界測地系,2010年（平成22年）,0.15MB,P09-10_4027-jgd_GML.zip
4028,世界測地系,2010年（平成22年）,0.15MB,P09-10_4028-jgd_GML.zip
4042,世界測地系,2010年（平成22年）,0.15MB,P09-10_4042-jgd_GML.zip
4128,世界測地系,2010年（平成22年）,0.15MB,P09-10_4128-jgd_GML.zip
4129,世界測地系,2010年（平成22年）,0.15MB,P09-10_4129-jgd_GML.zip
4229,世界測地系,2010年（平成22年）,0.15MB,P09-10_4229-jgd_GML.zip
4429,世界測地系,2010年（平成22年）,0.15MB,P09-10_4429-jgd_GML.zip
4530,世界測地系,2010年（平成22年）,0.15MB,P09-10_4530-jgd_GML.zip
4630,世界測地系,2010年（平成22年）,0.15MB,P09-10_4630-jgd_GML.zip
4631,世界測地系,2010年（平成22年）,0.15MB,P09-10_4631-jgd_GML.zip
4729,世界測地系,2010年（平成22年）,0.15MB,P09-10_4729-jgd_GML.zip
4730,世界測地系,2010年（平成22年）,0.15MB,P09-10_4730-jgd_GML.zip
4731,世界測地系,2010年（平成22年）,0.15MB,P09-10_4731-jgd_GML.zip
4828,世界測地系,2010年（平成22年）,0.15MB,P09-10_4828-jgd_GML.zip
4829,世界測地系,2010年（平成22年）,0.15MB,P09-10_4829-jgd_GML.zip
4830,世界測地系,2010年（平成22年）,0.15MB,P09-10_4830-jgd_GML.zip
4831,世界測地系,2010年（平成22年）,0.15MB,P09-10_4831-jgd_GML.zip
4928,世界測地系,2010年（平成22年）,0.15MB,P09-10_4928-jgd_GML.zip
4929,世界測地系,2010年（平成22年）,0.15MB,P09-10_4929-jgd_GML.zip
4930,世界測地系,2010年（平成22年）,0.15MB,P09-10_4930-jgd_GML.zip
4931,世界測地系,2010年（平成22年）,0.15MB,P09-10_4931-jgd_GML.zip
4932,世界測地系,2010年（平成22年）,0.15MB,P09-10_4932-jgd_GML.zip
4933,世界測地系,2010年（平成22年）,0.15MB,P09-10_4933-jgd_GML.zip
4934,世界測地系,2010年（平成22年）,0.15MB,P09-10_4934-jgd_GML.zip
4939,世界測地系,2010年（平成22年）,0.15MB,P09-10_4939-jgd_GML.zip
5029,世界測地系,2010年（平成22年）,0.15MB,P09-10_5029-jgd_GML.zip
5030,世界測地系,2010年（平成22年）,0.15MB,P09-10_5030-jgd_GML.zip
5031,世界測地系,2010年（平成22年）,0.15MB,P09-10_5031-jgd_GML.zip
5032,世界測地系,2010年（平成22年）,0.15MB,P09-10_5032-jgd_GML.zip
5033,世界測地系,2010年（平成22年）,0.15MB,P09-10_5033-jgd_GML.zip
5034,世界測地系,2010年（平成22年）,0.15MB,P09-10_5034-jgd_GML.zip
5035,世界測地系,2010年（平成22年）,0.15MB,P09-10_5035-jgd_GML.zip
5036,世界測地系,2010年（平成22年）,0.15MB,P09-10_5036-jgd_GML.zip
5129,世界測地系,2010年（平成22年）,0.15MB,P09-10_5129-jgd_GML.zip
5130,世界測地系,2010年（平成22年）,0.15MB,P09-10_5130-jgd_GML.zip
5131,世界測地系,2010年（平成22年）,0.15MB,P09-10_5131-jgd_GML.zip
5132,世界測地系,2010年（平成22年）,0.15MB,P09-10_5132-jgd_GML.zip
5133,世界測地系,2010年（平成22年）,0.15MB,P09-10_5133-jgd_GML.zip
5134,世界測地系,2010年（平成22年）,0.15MB,P09-10_5134-jgd_GML.zip
5135,世界測地系,2010年（平成22年）,0.15MB,P09-10_5135-jgd_GML.zip
5136,世界測地系,2010年（平成22年）,0.15MB,P09-10_5136-jgd_GML.zip
5137,世界測地系,2010年（平成22年）,0.15MB,P09-10_5137-jgd_GML.zip
5138,世界測地系,2010年（平成22年）,0.15MB,P09-10_5138-jgd_GML.zip
5139,世界測地系,2010年（平成22年）,0.15MB,P09-10_5139-jgd_GML.zip
5231,世界測地系,2010年（平成22年）,0.15MB,P09-10_5231-jgd_GML.zip
5232,世界測地系,2010年（平成22年）,0.15MB,P09-10_5232-jgd_GML.zip
5233,世界測地系,2010年（平成22年）,0.15MB,P09-10_5233-jgd_GML.zip
5234,世界測地系,2010年（平成22年）,0.15MB,P09-10_5234-jgd_GML.zip
5235,世界測地系,2010年（平成22年）,0.15MB,P09-10_5235-jgd_GML.zip
5236,世界測地系,2010年（平成22年）,0.15MB,P09-10_5236-jgd_GML.zip
5237,世界測地系,2010年（平成22年）,0.15MB,P09-10_5237-jgd_GML.zip
5238,世界測地系,2010年（平成22年）,0.15MB,P09-10_5238-jgd_GML.zip
5239,世界測地系,2010年（平成22年）,0.15MB,P09-10_5239-jgd_GML.zip
5240,世界測地系,2010年（平成22年）,0.15MB,P09-10_5240-jgd_GML.zip
5332,世界測地系,2010年（平成22年）,0.15MB,P09-10_5332-jgd_GML.zip
5333,世界測地系,2010年（平成22年）,0.15MB,P09-10_5333-jgd_GML.zip
5334,世界測地系,2010年（平成22年）,0.15MB,P09-10_5334-jgd_GML.zip
5335,世界測地系,2010年（平成22年）,0.15MB,P09-10_5335-jgd_GML.zip
5336,世界測地系,2010年（平成22年）,0.15MB,P09-10_5336-jgd_GML.zip
5337,世界測地系,2010年（平成22年）,0.15MB,P09-10_5337-jgd_GML.zip
5338,世界測地系,2010年（平成22年）,0.15MB,P09-10_5338-jgd_GML.zip
5339,世界測地系,2010年（平成22年）,0.16MB,P09-10_5339-jgd_GML.zip
5340,世界測地系,2010年（平成22年）,0.15MB,P09-10_5340-jgd_GML.zip
5432,世界測地系,2010年（平成22年）,0.15MB,P09-10_5432-jgd_GML.zip
5433,世界測地系,2010年（平成22年）,0.15MB,P09-10_5433-jgd_GML.zip
5435,世界測地系,2010年（平成22年）,0.15MB,P09-10_5435-jgd_GML.zip
5436,世界測地系,2010年（平成22年）,0.15MB,P09-10_5436-jgd_GML.zip
5437,世界測地系,2010年（平成22年）,0.15MB,P09-10_5437-jgd_GML.zip
5438,世界測地系,2010年（平成22年）,0.16MB,P09-10_5438-jgd_GML.zip
5439,世界測地系,2010年（平成22年）,0.15MB,P09-10_5439-jgd_GML.zip
5440,世界測地系,2010年（平成22年）,0.15MB,P09-10_5440-jgd_GML.zip
5536,世界測地系,2010年（平成22年）,0.15MB,P09-10_5536-jgd_GML.zip
5537,世界測地系,2010年（平成22年）,0.15MB,P09-10_5537-jgd_GML.zip
5538,世界測地系,2010年（平成22年）,0.15MB,P09-10_5538-jgd_GML.zip
5539,世界測地系,2010年（平成22年）,0.15MB,P09-10_5539-jgd_GML.zip
5540,世界測地系,2010年（平成22年）,0.15MB,P09-10_5540-jgd_GML.zip
5541,世界測地系,2010年（平成22年）,0.15MB,P09-10_5541-jgd_GML.zip
5636,世界測地系,2010年（平成22年）,0.15MB,P09-10_5636-jgd_GML.zip
5637,世界測地系,2010年（平成22年）,0.15MB,P09-10_5637-jgd_GML.zip
5638,世界測地系,2010年（平成22年）,0.15MB,P09-10_5638-jgd_GML.zip
5639,世界測地系,2010年（平成22年）,0.15MB,P09-10_5639-jgd_GML.zip
5640,世界測地系,2010年（平成22年）,0.15MB,P09-10_5640-jgd_GML.zip
5641,世界測地系,2010年（平成22年）,0.15MB,P09-10_5641-jgd_GML.zip
5738,世界測地系,2010年（平成22年）,0.15MB,P09-10_5738-jgd_GML.zip
5739,世界測地系,2010年（平成22年）,0.15MB,P09-10_5739-jgd_GML.zip
5740,世界測地系,2010年（平成22年）,0.15MB,P09-10_5740-jgd_GML.zip
5741,世界測地系,2010年（平成22年）,0.15MB,P09-10_5741-jgd_GML.zip
5839,世界測地系,2010年（平成22年）,0.15MB,P09-10_5839-jgd_GML.zip
5840,世界測地系,2010年（平成22年）,0.15MB,P09-10_5840-jgd_GML.zip
5841,世界測地系,2010年（平成22年）,0.15MB,P09-10_5841-jgd_GML.zip
5939,世界測地系,2010年（平成22年）,0.15MB,P09-10_5939-jgd_GML.zip
5940,世界測地系,2010年（平成22年）,0.15MB,P09-10_5940-jgd_GML.zip
5941,世界測地系,2010年（平成22年）,0.15MB,P09-10_5941-jgd_GML.zip
6039,世界測地系,2010年（平成22年）,0.15MB,P09-10_6039-jgd_GML.zip
6040,世界測地系,2010年（平成22年）,0.15MB,P09-10_6040-jgd_GML.zip
6041,世界測地系,2010年（平成22年）,0.15MB,P09-10_6041-jgd_GML.zip
6140,世界測地系,2010年（平成22年）,0.15MB,P09-10_6140-jgd_GML.zip
6141,世界測地系,2010年（平成22年）,0.15MB,P09-10_6141-jgd_GML.zip
6240,世界測地系,2010年（平成22年）,0.15MB,P09-10_6240-jgd_GML.zip
6241,世界測地系,2010年（平成22年）,0.15MB,P09-10_6241-jgd_GML.zip
6243,世界測地系,2010年（平成22年）,0.15MB,P09-10_6243-jgd_GML.zip
6339,世界測地系,2010年（平成22年）,0.15MB,P09-10_6339-jgd_GML.zip
6340,世界測地系,2010年（平成22年）,0.15MB,P09-10_6340-jgd_GML.zip
6341,世界測地系,2010年（平成22年）,0.15MB,P09-10_6341-jgd_GML.zip
6342,世界測地系,2010年（平成22年）,0.15MB,P09-10_6342-jgd_GML.zip
6343,世界測地系,2010年（平成22年）,0.15MB,P09-10_6343-jgd_GML.zip
6440,世界測地系,2010年（平成22年）,0.15MB,P09-10_6440-jgd_GML.zip
6441,世界測地系,2010年（平成22年）,0.15MB,P09-10_6441-jgd_GML.zip
6442,世界測地系,2010年（平成22年）,0.15MB,P09-10_6442-jgd_GML.zip
6443,世界測地系,2010年（平成22年）,0.15MB,P09-10_6443-jgd_GML.zip
6444,世界測地系,2010年（平成22年）,0.15MB,P09-10_6444-jgd_GML.zip
6445,世界測地系,2010年（平成22年）,0.15MB,P09-10_6445-jgd_GML.zip
6540,世界測地系,2010年（平成22年）,0.15MB,P09-10_6540-jgd_GML.zip
6541,世界測地系,2010年（平成22年）,0.15MB,P09-10_6541-jgd_GML.zip
6542,世界測地系,2010年（平成22年）,0.15MB,P09-10_6542-jgd_GML.zip
6543,世界測地系,2010年（平成22年）,0.15MB,P09-10_6543-jgd_GML.zip
6544,世界測地系,2010年（平成22年）,0.15MB,P09-10_6544-jgd_GML.zip
6545,世界測地系,2010年（平成22年）,0.15MB,P09-10_6545-jgd_GML.zip
6641,世界測地系,2010年（平成22年）,0.15MB,P09-10_6641-jgd_GML.zip
6642,世界測地系,2010年（平成22年）,0.15MB,P09-10_6642-jgd_GML.zip
6643,世界測地系,2010年（平成22年）,0.15MB,P09-10_6643-jgd_GML.zip
6644,世界測地系,2010年（平成22年）,0.15MB,P09-10_6644-jgd_GML.zip
6645,世界測地系,2010年（平成22年）,0.15MB,P09-10_6645-jgd_GML.zip
6741,世界測地系,2010年（平成22年）,0.15MB,P09-10_6741-jgd_GML.zip
6742,世界測地系,2010年（平成22年）,0.15MB,P09-10_6742-jgd_GML.zip
6841,世界測地系,2010年（平成22年）,0.15MB,P09-10_6841-jgd_GML.zip