[{"filename": "P09-10_3623-jgd_GML.zip", "url": "https://nlftp.mlit.go.jp/ksj/gml/data/P09/P09-10/P09-10_3623-jgd_GML.zip"}, {"filename": "P09-10_3624-jgd_GML.zip", "url": "https://nlftp.mlit.go.jp/ksj/gml/data/P09/P09-10/P09-10_3624-jgd_GML.zip"}, {"filename": "P09-10_3725-jgd_GML.zip", "url": "https://nlftp.mlit.go.jp/ksj/gml/data/P09/P09-10/P09-10_3725-jgd_GML.zip"}, {"filename": "P09-10_3831-jgd_GML.zip", "url": "https://nlftp.mlit.go.jp/ksj/gml/data/P09/P09-10/P09-10_3831-jgd_GML.zip"}, {"filename": "P09-10_3926-jgd_GML.zip", "url": "https://nlftp.mlit.go.jp/ksj/gml/data/P09/P09-10/P09-10_3926-jgd_GML.zip"}, {"filename": "P09-10_3927-jgd_GML.zip", "url": "https://nlftp.mlit.go.jp/ksj/gml/data/P09/P09-10/P09-10_3927-jgd_GML.zip"}, {"filename": "P09-10_3928-jgd_GML.zip", "url": "https://nlftp.mlit.go.jp/ksj/gml/data/P09/P09-10/P09-10_3928-jgd_GML.zip"}, {"filename": "P09-10_3942-jgd_GML.zip", "url": "https://nlftp.mlit.go.jp/ksj/gml/data/P09/P09-10/P09-10_3942-jgd_GML.zip"}, {"filename": "P09-10_4027-jgd_GML.zip", "url": "https://nlftp.mlit.go.jp/ksj/gml/data/P09/P09-10/P09-10_4027-jgd_GML.zip"}, {"filename": "P09-10_4028-jgd_GML.zip", "url": "https://nlftp.mlit.go.jp/ksj/gml/data/P09/P09-10/P09-10_4028-jgd_GML.zip"}, {"filename": "P09-10_4042-jgd_GML.zip", "url": "https://nlftp.mlit.go.jp/ksj/gml/data/P09/P09-10/P09-10_4042-jgd_GML.zip"}, {"filename": "P09-10_4128-jgd_GML.zip", "url": "https://nlftp.mlit.go.jp/ksj/gml/data/P09/P09-10/P09-10_4128-jgd_GML.zip"}, {"filename": "P09-10_4129-jgd_GML.zip", "url": "https://nlftp.mlit.go.jp/ksj/gml/data/P09/P09-10/P09-10_4129-jgd_GML.zip"}, {"filename": "P09-10_4229-jgd_GML.zip", "url": "https://nlftp.mlit.go.jp/ksj/gml/data/P09/P09-10/P09-10_4229-jgd_GML.zip"}, {"filename": "P09-10_4429-jgd_GML.zip", "url": "https://nlftp.mlit.go.jp/ksj/gml/data/P09/P09-10/P09-10_4429-jgd_GML.zip"}, {"filename": "P09-10_4530-jgd_GML.zip", "url": "https://nlftp.mlit.go.jp/ksj/gml/data/P09/P09-10/P09-10_4530-jgd_GML.zip"}, {"filename": "P09-10_4630-jgd_GML.zip", "url": "https://nlftp.mlit.go.jp/ksj/gml/data/P09/P09-10/P09-10_4630-jgd_GML.zip"}, {"filename": "P09-10_4631-jgd_GML.zip", "url": "https://nlftp.mlit.go.jp/ksj/gml/data/P09/P09-10/P09-10_4631-jgd_GML.zip"}, {"filename": "P09-10_4729-jgd_GML.zip", "url": "https://nlftp.mlit.go.jp/ksj/gml/data/P09/P09-10/P09-10_4729-jgd_GML.zip"}, {"filename": "P09-10_4730-jgd_GML.zip", "url": "https://nlftp.mlit.go.jp/ksj/gml/data/P09/P09-10/P09-10_4730-jgd_GML.zip"}, {"filename": "P09-10_4731-jgd_GML.zip", "url": "https://nlftp.mlit.go.jp/ksj/gml/data/P09/P09-10/P09-10_4731-jgd_GML.zip"}, {"filename": "P09-10_4828-jgd_GML.zip", "url": "https://nlftp.mlit.go.jp/ksj/gml/data/P09/P09-10/P09-10_4828-jgd_GML.zip"}, {"filename": "P09-10_4829-jgd_GML.zip", "url": "https://nlftp.mlit.go.jp/ksj/gml/data/P09/P09-10/P09-10_4829-jgd_GML.zip"}, {"filename": "P09-10_4830-jgd_GML.zip", "url": "https://nlftp.mlit.go.jp/ksj/gml/data/P09/P09-10/P09-10_4830-jgd_GML.zip"}, {"filename": "P09-10_4831-jgd_GML.zip", "url": "https://nlftp.mlit.go.jp/ksj/gml/data/P09/P09-10/P09-10_4831-jgd_GML.zip"}, {"filename": "P09-10_4928-jgd_GML.zip", "url": "https://nlftp.mlit.go.jp/ksj/gml/data/P09/P09-10/P09-10_4928-jgd_GML.zip"}, {"filename": "P09-10_4929-jgd_GML.zip", "url": "https://nlftp.mlit.go.jp/ksj/gml/data/P09/P09-10/P09-10_4929-jgd_GML.zip"}, {"filename": "P09-10_4930-jgd_GML.zip", "url": "https://nlftp.mlit.go.jp/ksj/gml/data/P09/P09-10/P09-10_4930-jgd_GML.zip"}, {"filename": "P09-10_4931-jgd_GML.zip", "url": "https://nlftp.mlit.go.jp/ksj/gml/data/P09/P09-10/P09-10_4931-jgd_GML.zip"}, {"filename": "P09-10_4932-jgd_GML.zip", "url": "https://nlftp.mlit.go.jp/ksj/gml/data/P09/P09-10/P09-10_4932-jgd_GML.zip"}, {"filename": "P09-10_4933-jgd_GML.zip", "url": "https://nlftp.mlit.go.jp/ksj/gml/data/P09/P09-10/P09-10_4933-jgd_GML.zip"}, {"filename": "P09-10_4934-jgd_GML.zip", "url": "https://nlftp.mlit.go.jp/ksj/gml/data/P09/P09-10/P09-10_4934-jgd_GML.zip"}, {"filename": "P09-10_4939-jgd_GML.zip", "url": "https://nlftp.mlit.go.jp/ksj/gml/data/P09/P09-10/P09-10_4939-jgd_GML.zip"}, {"filename": "P09-10_5029-jgd_GML.zip", "url": "https://nlftp.mlit.go.jp/ksj/gml/data/P09/P09-10/P09-10_5029-jgd_GML.zip"}, {"filename": "P09-10_5030-jgd_GML.zip", "url": "https://nlftp.mlit.go.jp/ksj/gml/data/P09/P09-10/P09-10_5030-jgd_GML.zip"}, {"filename": "P09-10_5031-jgd_GML.zip", "url": "https://nlftp.mlit.go.jp/ksj/gml/data/P09/P09-10/P09-10_5031-jgd_GML.zip"}, {"filename": "P09-10_5032-jgd_GML.zip", "url": "https://nlftp.mlit.go.jp/ksj/gml/data/P09/P09-10/P09-10_5032-jgd_GML.zip"}, {"filename": "P09-10_5033-jgd_GML.zip", "url": "https://nlftp.mlit.go.jp/ksj/gml/data/P09/P09-10/P09-10_5033-jgd_GML.zip"}, {"filename": "P09-10_5034-jgd_GML.zip", "url": "https://nlftp.mlit.go.jp/ksj/gml/data/P09/P09-10/P09-10_5034-jgd_GML.zip"}, {"filename": "P09-10_5035-jgd_GML.zip", "url": "https://nlftp.mlit.go.jp/ksj/gml/data/P09/P09-10/P09-10_5035-jgd_GML.zip"}, {"filename": "P09-10_5036-jgd_GML.zip", "url": "https://nlftp.mlit.go.jp/ksj/gml/data/P09/P09-10/P09-10_5036-jgd_GML.zip"}, {"filename": "P09-10_5129-jgd_GML.zip", "url": "https://nlftp.mlit.go.jp/ksj/gml/data/P09/P09-10/P09-10_5129-jgd_GML.zip"}, {"filename": "P09-10_5130-jgd_GML.zip", "url": "https://nlftp.mlit.go.jp/ksj/gml/data/P09/P09-10/P09-10_5130-jgd_GML.zip"}, {"filename": "P09-10_5131-jgd_GML.zip", "url": "https://nlftp.mlit.go.jp/ksj/gml/data/P09/P09-10/P09-10_5131-jgd_GML.zip"}, {"filename": "P09-10_5132-jgd_GML.zip", "url": "https://nlftp.mlit.go.jp/ksj/gml/data/P09/P09-10/P09-10_5132-jgd_GML.zip"}, {"filename": "P09-10_5133-jgd_GML.zip", "url": "https://nlftp.mlit.go.jp/ksj/gml/data/P09/P09-10/P09-10_5133-jgd_GML.zip"}, {"filename": "P09-10_5134-jgd_GML.zip", "url": "https://nlftp.mlit.go.jp/ksj/gml/data/P09/P09-10/P09-10_5134-jgd_GML.zip"}, {"filename": "P09-10_5135-jgd_GML.zip", "url": "https://nlftp.mlit.go.jp/ksj/gml/data/P09/P09-10/P09-10_5135-jgd_GML.zip"}, {"filename": "P09-10_5136-jgd_GML.zip", "url": "https://nlftp.mlit.go.jp/ksj/gml/data/P09/P09-10/P09-10_5136-jgd_GML.zip"}, {"filename": "P09-10_5137-jgd_GML.zip", "url": "https://nlftp.mlit.go.jp/ksj/gml/data/P09/P09-10/P09-10_5137-jgd_GML.zip"}, {"filename": "P09-10_5138-jgd_GML.zip", "url": "https://nlftp.mlit.go.jp/ksj/gml/data/P09/P09-10/P09-10_5138-jgd_GML.zip"}, {"filename": "P09-10_5139-jgd_GML.zip", "url": "https://nlftp.mlit.go.jp/ksj/gml/data/P09/P09-10/P09-10_5139-jgd_GML.zip"}, {"filename": "P09-10_5231-jgd_GML.zip", "url": "https://nlftp.mlit.go.jp/ksj/gml/data/P09/P09-10/P09-10_5231-jgd_GML.zip"}, {"filename": "P09-10_5232-jgd_GML.zip", "url": "https://nlftp.mlit.go.jp/ksj/gml/data/P09/P09-10/P09-10_5232-jgd_GML.zip"}, {"filename": "P09-10_5233-jgd_GML.zip", "url": "https://nlftp.mlit.go.jp/ksj/gml/data/P09/P09-10/P09-10_5233-jgd_GML.zip"}, {"filename": "P09-10_5234-jgd_GML.zip", "url": "https://nlftp.mlit.go.jp/ksj/gml/data/P09/P09-10/P09-10_5234-jgd_GML.zip"}, {"filename": "P09-10_5235-jgd_GML.zip", "url": "https://nlftp.mlit.go.jp/ksj/gml/data/P09/P09-10/P09-10_5235-jgd_GML.zip"}, {"filename": "P09-10_5236-jgd_GML.zip", "url": "https://nlftp.mlit.go.jp/ksj/gml/data/P09/P09-10/P09-10_5236-jgd_GML.zip"}, {"filename": "P09-10_5237-jgd_GML.zip", "url": "https://nlftp.mlit.go.jp/ksj/gml/data/P09/P09-10/P09-10_5237-jgd_GML.zip"}, {"filename": "P09-10_5238-jgd_GML.zip", "url": "https://nlftp.mlit.go.jp/ksj/gml/data/P09/P09-10/P09-10_5238-jgd_GML.zip"}, {"filename": "P09-10_5239-jgd_GML.zip", "url": "https://nlftp.mlit.go.jp/ksj/gml/data/P09/P09-10/P09-10_5239-jgd_GML.zip"}, {"filename": "P09-10_5240-jgd_GML.zip", "url": "https://nlftp.mlit.go.jp/ksj/gml/data/P09/P09-10/P09-10_5240-jgd_GML.zip"}, {"filename": "P09-10_5332-jgd_GML.zip", "url": "https://nlftp.mlit.go.jp/ksj/gml/data/P09/P09-10/P09-10_5332-jgd_GML.zip"}, {"filename": "P09-10_5333-jgd_GML.zip", "url": "https://nlftp.mlit.go.jp/ksj/gml/data/P09/P09-10/P09-10_5333-jgd_GML.zip"}, {"filename": "P09-10_5334-jgd_GML.zip", "url": "https://nlftp.mlit.go.jp/ksj/gml/data/P09/P09-10/P09-10_5334-jgd_GML.zip"}, {"filename": "P09-10_5335-jgd_GML.zip", "url": "https://nlftp.mlit.go.jp/ksj/gml/data/P09/P09-10/P09-10_5335-jgd_GML.zip"}, {"filename": "P09-10_5336-jgd_GML.zip", "url": "https://nlftp.mlit.go.jp/ksj/gml/data/P09/P09-10/P09-10_5336-jgd_GML.zip"}, {"filename": "P09-10_5337-jgd_GML.zip", "url": "https://nlftp.mlit.go.jp/ksj/gml/data/P09/P09-10/P09-10_5337-jgd_GML.zip"}, {"filename": "P09-10_5338-jgd_GML.zip", "url": "https://nlftp.mlit.go.jp/ksj/gml/data/P09/P09-10/P09-10_5338-jgd_GML.zip"}, {"filename": "P09-10_5339-jgd_GML.zip", "url": "https://nlftp.mlit.go.jp/ksj/gml/data/P09/P09-10/P09-10_5339-jgd_GML.zip"}, {"filename": "P09-10_5340-jgd_GML.zip", "url": "https://nlftp.mlit.go.jp/ksj/gml/data/P09/P09-10/P09-10_5340-jgd_GML.zip"}, {"filename": "P09-10_5432-jgd_GML.zip", "url": "https://nlftp.mlit.go.jp/ksj/gml/data/P09/P09-10/P09-10_5432-jgd_GML.zip"}, {"filename": "P09-10_5433-jgd_GML.zip", "url": "https://nlftp.mlit.go.jp/ksj/gml/data/P09/P09-10/P09-10_5433-jgd_GML.zip"}, {"filename": "P09-10_5435-jgd_GML.zip", "url": "https://nlftp.mlit.go.jp/ksj/gml/data/P09/P09-10/P09-10_5435-jgd_GML.zip"}, {"filename": "P09-10_5436-jgd_GML.zip", "url": "https://nlftp.mlit.go.jp/ksj/gml/data/P09/P09-10/P09-10_5436-jgd_GML.zip"}, {"filename": "P09-10_5437-jgd_GML.zip", "url": "https://nlftp.mlit.go.jp/ksj/gml/data/P09/P09-10/P09-10_5437-jgd_GML.zip"}, {"filename": "P09-10_5438-jgd_GML.zip", "url": "https://nlftp.mlit.go.jp/ksj/gml/data/P09/P09-10/P09-10_5438-jgd_GML.zip"}, {"filename": "P09-10_5439-jgd_GML.zip", "url": "https://nlftp.mlit.go.jp/ksj/gml/data/P09/P09-10/P09-10_5439-jgd_GML.zip"}, {"filename": "P09-10_5440-jgd_GML.zip", "url": "https://nlftp.mlit.go.jp/ksj/gml/data/P09/P09-10/P09-10_5440-jgd_GML.zip"}, {"filename": "P09-10_5536-jgd_GML.zip", "url": "https://nlftp.mlit.go.jp/ksj/gml/data/P09/P09-10/P09-10_5536-jgd_GML.zip"}, {"filename": "P09-10_5537-jgd_GML.zip", "url": "https://nlftp.mlit.go.jp/ksj/gml/data/P09/P09-10/P09-10_5537-jgd_GML.zip"}, {"filename": "P09-10_5538-jgd_GML.zip", "url": "https://nlftp.mlit.go.jp/ksj/gml/data/P09/P09-10/P09-10_5538-jgd_GML.zip"}, {"filename": "P09-10_5539-jgd_GML.zip", "url": "https://nlftp.mlit.go.jp/ksj/gml/data/P09/P09-10/P09-10_5539-jgd_GML.zip"}, {"filename": "P09-10_5540-jgd_GML.zip", "url": "https://nlftp.mlit.go.jp/ksj/gml/data/P09/P09-10/P09-10_5540-jgd_GML.zip"}, {"filename": "P09-10_5541-jgd_GML.zip", "url": "https://nlftp.mlit.go.jp/ksj/gml/data/P09/P09-10/P09-10_5541-jgd_GML.zip"}, {"filename": "P09-10_5636-jgd_GML.zip", "url": "https://nlftp.mlit.go.jp/ksj/gml/data/P09/P09-10/P09-10_5636-jgd_GML.zip"}, {"filename": "P09-10_5637-jgd_GML.zip", "url": "https://nlftp.mlit.go.jp/ksj/gml/data/P09/P09-10/P09-10_5637-jgd_GML.zip"}, {"filename": "P09-10_5638-jgd_GML.zip", "url": "https://nlftp.mlit.go.jp/ksj/gml/data/P09/P09-10/P09-10_5638-jgd_GML.zip"}, {"filename": "P09-10_5639-jgd_GML.zip", "url": "https://nlftp.mlit.go.jp/ksj/gml/data/P09/P09-10/P09-10_5639-jgd_GML.zip"}, {"filename": "P09-10_5640-jgd_GML.zip", "url": "https://nlftp.mlit.go.jp/ksj/gml/data/P09/P09-10/P09-10_5640-jgd_GML.zip"}, {"filename": "P09-10_5641-jgd_GML.zip", "url": "https://nlftp.mlit.go.jp/ksj/gml/data/P09/P09-10/P09-10_5641-jgd_GML.zip"}, {"filename": "P09-10_5738-jgd_GML.zip", "url": "https://nlftp.mlit.go.jp/ksj/gml/data/P09/P09-10/P09-10_5738-jgd_GML.zip"}, {"filename": "P09-10_5739-jgd_GML.zip", "url": "https://nlftp.mlit.go.jp/ksj/gml/data/P09/P09-10/P09-10_5739-jgd_GML.zip"}, {"filename": "P09-10_5740-jgd_GML.zip", "url": "https://nlftp.mlit.go.jp/ksj/gml/data/P09/P09-10/P09-10_5740-jgd_GML.zip"}, {"filename": "P09-10_5741-jgd_GML.zip", "url": "https://nlftp.mlit.go.jp/ksj/gml/data/P09/P09-10/P09-10_5741-jgd_GML.zip"}, {"filename": "P09-10_5839-jgd_GML.zip", "url": "https://nlftp.mlit.go.jp/ksj/gml/data/P09/P09-10/P09-10_5839-jgd_GML.zip"}, {"filename": "P09-10_5840-jgd_GML.zip", "url": "https://nlftp.mlit.go.jp/ksj/gml/data/P09/P09-10/P09-10_5840-jgd_GML.zip"}, {"filename": "P09-10_5841-jgd_GML.zip", "url": "https://nlftp.mlit.go.jp/ksj/gml/data/P09/P09-10/P09-10_5841-jgd_GML.zip"}, {"filename": "P09-10_5939-jgd_GML.zip", "url": "https://nlftp.mlit.go.jp/ksj/gml/data/P09/P09-10/P09-10_5939-jgd_GML.zip"}, {"filename": "P09-10_5940-jgd_GML.zip", "url": "https://nlftp.mlit.go.jp/ksj/gml/data/P09/P09-10/P09-10_5940-jgd_GML.zip"}, {"filename": "P09-10_5941-jgd_GML.zip", "url": "https://nlftp.mlit.go.jp/ksj/gml/data/P09/P09-10/P09-10_5941-jgd_GML.zip"}, {"filename": "P09-10_6039-jgd_GML.zip", "url": "https://nlftp.mlit.go.jp/ksj/gml/data/P09/P09-10/P09-10_6039-jgd_GML.zip"}, {"filename": "P09-10_6040-jgd_GML.zip", "url": "https://nlftp.mlit.go.jp/ksj/gml/data/P09/P09-10/P09-10_6040-jgd_GML.zip"}, {"filename": "P09-10_6041-jgd_GML.zip", "url": "https://nlftp.mlit.go.jp/ksj/gml/data/P09/P09-10/P09-10_6041-jgd_GML.zip"}, {"filename": "P09-10_6140-jgd_GML.zip", "url": "https://nlftp.mlit.go.jp/ksj/gml/data/P09/P09-10/P09-10_6140-jgd_GML.zip"}, {"filename": "P09-10_6141-jgd_GML.zip", "url": "https://nlftp.mlit.go.jp/ksj/gml/data/P09/P09-10/P09-10_6141-jgd_GML.zip"}, {"filename": "P09-10_6240-jgd_GML.zip", "url": "https://nlftp.mlit.go.jp/ksj/gml/data/P09/P09-10/P09-10_6240-jgd_GML.zip"}, {"filename": "P09-10_6241-jgd_GML.zip", "url": "https://nlftp.mlit.go.jp/ksj/gml/data/P09/P09-10/P09-10_6241-jgd_GML.zip"}, {"filename": "P09-10_6243-jgd_GML.zip", "url": "https://nlftp.mlit.go.jp/ksj/gml/data/P09/P09-10/P09-10_6243-jgd_GML.zip"}, {"filename": "P09-10_6339-jgd_GML.zip", "url": "https://nlftp.mlit.go.jp/ksj/gml/data/P09/P09-10/P09-10_6339-jgd_GML.zip"}, {"filename": "P09-10_6340-jgd_GML.zip", "url": "https://nlftp.mlit.go.jp/ksj/gml/data/P09/P09-10/P09-10_6340-jgd_GML.zip"}, {"filename": "P09-10_6341-jgd_GML.zip", "url": "https://nlftp.mlit.go.jp/ksj/gml/data/P09/P09-10/P09-10_6341-jgd_GML.zip"}, {"filename": "P09-10_6342-jgd_GML.zip", "url": "https://nlftp.mlit.go.jp/ksj/gml/data/P09/P09-10/P09-10_6342-jgd_GML.zip"}, {"filename": "P09-10_6343-jgd_GML.zip", "url": "https://nlftp.mlit.go.jp/ksj/gml/data/P09/P09-10/P09-10_6343-jgd_GML.zip"}, {"filename": "P09-10_6440-jgd_GML.zip", "url": "https://nlftp.mlit.go.jp/ksj/gml/data/P09/P09-10/P09-10_6440-jgd_GML.zip"}, {"filename": "P09-10_6441-jgd_GML.zip", "url": "https://nlftp.mlit.go.jp/ksj/gml/data/P09/P09-10/P09-10_6441-jgd_GML.zip"}, {"filename": "P09-10_6442-jgd_GML.zip", "url": "https://nlftp.mlit.go.jp/ksj/gml/data/P09/P09-10/P09-10_6442-jgd_GML.zip"}, {"filename": "P09-10_6443-jgd_GML.zip", "url": "https://nlftp.mlit.go.jp/ksj/gml/data/P09/P09-10/P09-10_6443-jgd_GML.zip"}, {"filename": "P09-10_6444-jgd_GML.zip", "url": "https://nlftp.mlit.go.jp/ksj/gml/data/P09/P09-10/P09-10_6444-jgd_GML.zip"}, {"filename": "P09-10_6445-jgd_GML.zip", "url": "https://nlftp.mlit.go.jp/ksj/gml/data/P09/P09-10/P09-10_6445-jgd_GML.zip"}, {"filename": "P09-10_6540-jgd_GML.zip", "url": "https://nlftp.mlit.go.jp/ksj/gml/data/P09/P09-10/P09-10_6540-jgd_GML.zip"}, {"filename": "P09-10_6541-jgd_GML.zip", "url": "https://nlftp.mlit.go.jp/ksj/gml/data/P09/P09-10/P09-10_6541-jgd_GML.zip"}, {"filename": "P09-10_6542-jgd_GML.zip", "url": "https://nlftp.mlit.go.jp/ksj/gml/data/P09/P09-10/P09-10_6542-jgd_GML.zip"}, {"filename": "P09-10_6543-jgd_GML.zip", "url": "https://nlftp.mlit.go.jp/ksj/gml/data/P09/P09-10/P09-10_6543-jgd_GML.zip"}, {"filename": "P09-10_6544-jgd_GML.zip", "url": "https://nlftp.mlit.go.jp/ksj/gml/data/P09/P09-10/P09-10_6544-jgd_GML.zip"}, {"filename": "P09-10_6545-jgd_GML.zip", "url": "https://nlftp.mlit.go.jp/ksj/gml/data/P09/P09-10/P09-10_6545-jgd_GML.zip"}, {"filename": "P09-10_6641-jgd_GML.zip", "url": "https://nlftp.mlit.go.jp/ksj/gml/data/P09/P09-10/P09-10_6641-jgd_GML.zip"}, {"filename": "P09-10_6642-jgd_GML.zip", "url": "https://nlftp.mlit.go.jp/ksj/gml/data/P09/P09-10/P09-10_6642-jgd_GML.zip"}, {"filename": "P09-10_6643-jgd_GML.zip", "url": "https://nlftp.mlit.go.jp/ksj/gml/data/P09/P09-10/P09-10_6643-jgd_GML.zip"}, {"filename": "P09-10_6644-jgd_GML.zip", "url": "https://nlftp.mlit.go.jp/ksj/gml/data/P09/P09-10/P09-10_6644-jgd_GML.zip"}, {"filename": "P09-10_6645-jgd_GML.zip", "url": "https://nlftp.mlit.go.jp/ksj/gml/data/P09/P09-10/P09-10_6645-jgd_GML.zip"}, {"filename": "P09-10_6741-jgd_GML.zip", "url": "https://nlftp.mlit.go.jp/ksj/gml/data/P09/P09-10/P09-10_6741-jgd_GML.zip"}, {"filename": "P09-10_6742-jgd_GML.zip", "url": "https://nlftp.mlit.go.jp/ksj/gml/data/P09/P09-10/P09-10_6742-jgd_GML.zip"}, {"filename": "P09-10_6841-jgd_GML.zip", "url": "https://nlftp.mlit.go.jp/ksj/gml/data/P09/P09-10/P09-10_6841-jgd_GML.zip"}]