全国,GML形式,世界測地系,2022年（令和4年）,9.03MB,P11-22_GML.zip
全国,シェープ、geojson形式,世界測地系,2022年（令和4年）,39.20MB,P11-22_SHP.zip
北海道,GML形式,世界測地系,2022年（令和4年）,0.46MB,P11-22_01_GML.zip
北海道,シェープ、geojson形式,世界測地系,2022年（令和4年）,2.15MB,P11-22_01_SHP.zip
北海道,GML、シェープ形式,世界測地系,2010年（平成22年）,1.02MB,P11-10_01_GML.zip
東北地方,GML形式,世界測地系,2022年（令和4年）,0.98MB,P11-22_52_GML.zip
東北地方,シェープ、geojson形式,世界測地系,2022年（令和4年）,4.18MB,P11-22_52_SHP.zip
青森,GML形式,世界測地系,2022年（令和4年）,0.16MB,P11-22_02_GML.zip
青森,シェープ、geojson形式,世界測地系,2022年（令和4年）,0.80MB,P11-22_02_SHP.zip
青森,GML、シェープ形式,世界測地系,2010年（平成22年）,0.35MB,P11-10_02_GML.zip
岩手,GML形式,世界測地系,2022年（令和4年）,0.21MB,P11-22_03_GML.zip
岩手,シェープ、geojson形式,世界測地系,2022年（令和4年）,1.06MB,P11-22_03_SHP.zip
岩手,GML、シェープ形式,世界測地系,2010年（平成22年）,0.43MB,P11-10_03_GML.zip
宮城,GML形式,世界測地系,2022年（令和4年）,0.19MB,P11-22_04_GML.zip
宮城,シェープ、geojson形式,世界測地系,2022年（令和4年）,0.82MB,P11-22_04_SHP.zip
宮城,GML、シェープ形式,世界測地系,2010年（平成22年）,0.41MB,P11-10_04_GML.zip
秋田,GML形式,世界測地系,2022年（令和4年）,0.14MB,P11-22_05_GML.zip
秋田,シェープ、geojson形式,世界測地系,2022年（令和4年）,0.66MB,P11-22_05_SHP.zip
秋田,GML、シェープ形式,世界測地系,2010年（平成22年）,0.27MB,P11-10_05_GML.zip
山形,GML形式,世界測地系,2022年（令和4年）,0.09MB,P11-22_06_GML.zip
山形,シェープ、geojson形式,世界測地系,2022年（令和4年）,0.42MB,P11-22_06_SHP.zip
山形,GML、シェープ形式,世界測地系,2010年（平成22年）,0.25MB,P11-10_06_GML.zip
福島,GML形式,世界測地系,2022年（令和4年）,0.18MB,P11-22_07_GML.zip
福島,シェープ、geojson形式,世界測地系,2022年（令和4年）,0.89MB,P11-22_07_SHP.zip
福島,GML、シェープ形式,世界測地系,2010年（平成22年）,0.44MB,P11-10_07_GML.zip
関東地方,GML形式,世界測地系,2022年（令和4年）,2.04MB,P11-22_53_GML.zip
関東地方,シェープ、geojson形式,世界測地系,2022年（令和4年）,8.69MB,P11-22_53_SHP.zip
茨城,GML形式,世界測地系,2022年（令和4年）,0.27MB,P11-22_08_GML.zip
茨城,シェープ、geojson形式,世界測地系,2022年（令和4年）,1.39MB,P11-22_08_SHP.zip
茨城,GML、シェープ形式,世界測地系,2010年（平成22年）,0.53MB,P11-10_08_GML.zip
栃木,GML形式,世界測地系,2022年（令和4年）,0.13MB,P11-22_09_GML.zip
栃木,シェープ、geojson形式,世界測地系,2022年（令和4年）,0.60MB,P11-22_09_SHP.zip
栃木,GML、シェープ形式,世界測地系,2010年（平成22年）,0.32MB,P11-10_09_GML.zip
群馬,GML形式,世界測地系,2022年（令和4年）,0.16MB,P11-22_10_GML.zip
群馬,シェープ、geojson形式,世界測地系,2022年（令和4年）,0.78MB,P11-22_10_SHP.zip
群馬,GML、シェープ形式,世界測地系,2010年（平成22年）,0.35MB,P11-10_10_GML.zip
埼玉,GML形式,世界測地系,2022年（令和4年）,0.33MB,P11-22_11_GML.zip
埼玉,シェープ、geojson形式,世界測地系,2022年（令和4年）,1.63MB,P11-22_11_SHP.zip
埼玉,GML、シェープ形式,世界測地系,2010年（平成22年）,0.69MB,P11-10_11_GML.zip
千葉,GML形式,世界測地系,2022年（令和4年）,0.34MB,P11-22_12_GML.zip
千葉,シェープ、geojson形式,世界測地系,2022年（令和4年）,1.68MB,P11-22_12_SHP.zip
千葉,GML、シェープ形式,世界測地系,2010年（平成22年）,0.75MB,P11-10_12_GML.zip
東京,GML形式,世界測地系,2022年（令和4年）,0.44MB,P11-22_13_GML.zip
東京,シェープ、geojson形式,世界測地系,2022年（令和4年）,1.83MB,P11-22_13_SHP.zip
東京,GML、シェープ形式,世界測地系,2010年（平成22年）,0.79MB,P11-10_13_GML.zip
神奈川,GML形式,世界測地系,2022年（令和4年）,0.38MB,P11-22_14_GML.zip
神奈川,シェープ、geojson形式,世界測地系,2022年（令和4年）,1.71MB,P11-22_14_SHP.zip
神奈川,GML、シェープ形式,世界測地系,2010年（平成22年）,0.69MB,P11-10_14_GML.zip
甲信越・北陸地方,GML形式,世界測地系,2022年（令和4年）,0.93MB,P11-22_54_GML.zip
甲信越・北陸地方,シェープ、geojson形式,世界測地系,2022年（令和4年）,4.12MB,P11-22_54_SHP.zip
新潟,GML形式,世界測地系,2022年（令和4年）,0.26MB,P11-22_15_GML.zip
新潟,シェープ、geojson形式,世界測地系,2022年（令和4年）,1.35MB,P11-22_15_SHP.zip
新潟,GML、シェープ形式,世界測地系,2010年（平成22年）,0.51MB,P11-10_15_GML.zip
富山,GML形式,世界測地系,2022年（令和4年）,0.10MB,P11-22_16_GML.zip
富山,シェープ、geojson形式,世界測地系,2022年（令和4年）,0.46MB,P11-22_16_SHP.zip
富山,GML、シェープ形式,世界測地系,2010年（平成22年）,0.21MB,P11-10_16_GML.zip
石川,GML形式,世界測地系,2022年（令和4年）,0.12MB,P11-22_17_GML.zip
石川,シェープ、geojson形式,世界測地系,2022年（令和4年）,0.53MB,P11-22_17_SHP.zip
石川,GML、シェープ形式,世界測地系,2010年（平成22年）,0.26MB,P11-10_17_GML.zip
福井,GML形式,世界測地系,2022年（令和4年）,0.11MB,P11-22_18_GML.zip
福井,シェープ、geojson形式,世界測地系,2022年（令和4年）,0.49MB,P11-22_18_SHP.zip
福井,GML、シェープ形式,世界測地系,2010年（平成22年）,0.23MB,P11-10_18_GML.zip
山梨,GML形式,世界測地系,2022年（令和4年）,0.11MB,P11-22_19_GML.zip
山梨,シェープ、geojson形式,世界測地系,2022年（令和4年）,0.60MB,P11-22_19_SHP.zip
山梨,GML、シェープ形式,世界測地系,2010年（平成22年）,0.18MB,P11-10_19_GML.zip
長野,GML形式,世界測地系,2022年（令和4年）,0.25MB,P11-22_20_GML.zip
長野,シェープ、geojson形式,世界測地系,2022年（令和4年）,1.17MB,P11-22_20_SHP.zip
長野,GML、シェープ形式,世界測地系,2010年（平成22年）,0.58MB,P11-10_20_GML.zip
東海地方,GML形式,世界測地系,2022年（令和4年）,0.93MB,P11-22_55_GML.zip
東海地方,シェープ、geojson形式,世界測地系,2022年（令和4年）,4.29MB,P11-22_55_SHP.zip
岐阜,GML形式,世界測地系,2022年（令和4年）,0.19MB,P11-22_21_GML.zip
岐阜,シェープ、geojson形式,世界測地系,2022年（令和4年）,0.94MB,P11-22_21_SHP.zip
岐阜,GML、シェープ形式,世界測地系,2010年（平成22年）,0.42MB,P11-10_21_GML.zip
静岡,GML形式,世界測地系,2022年（令和4年）,0.28MB,P11-22_22_GML.zip
静岡,シェープ、geojson形式,世界測地系,2022年（令和4年）,1.48MB,P11-22_22_SHP.zip
静岡,GML、シェープ形式,世界測地系,2010年（平成22年）,0.58MB,P11-10_22_GML.zip
愛知,GML形式,世界測地系,2022年（令和4年）,0.30MB,P11-22_23_GML.zip
愛知,シェープ、geojson形式,世界測地系,2022年（令和4年）,1.53MB,P11-22_23_SHP.zip
愛知,GML、シェープ形式,世界測地系,2010年（平成22年）,0.55MB,P11-10_23_GML.zip
三重,GML形式,世界測地系,2022年（令和4年）,0.17MB,P11-22_24_GML.zip
三重,シェープ、geojson形式,世界測地系,2022年（令和4年）,0.81MB,P11-22_24_SHP.zip
三重,GML、シェープ形式,世界測地系,2010年（平成22年）,0.33MB,P11-10_24_GML.zip
近畿地方,GML形式,世界測地系,2022年（令和4年）,0.96MB,P11-22_56_GML.zip
近畿地方,シェープ、geojson形式,世界測地系,2022年（令和4年）,4.13MB,P11-22_56_SHP.zip
滋賀,GML形式,世界測地系,2022年（令和4年）,0.11MB,P11-22_25_GML.zip
滋賀,シェープ、geojson形式,世界測地系,2022年（令和4年）,0.51MB,P11-22_25_SHP.zip
滋賀,GML、シェープ形式,世界測地系,2010年（平成22年）,0.31MB,P11-10_25_GML.zip
京都,GML形式,世界測地系,2022年（令和4年）,0.15MB,P11-22_26_GML.zip
京都,シェープ、geojson形式,世界測地系,2022年（令和4年）,0.69MB,P11-22_26_SHP.zip
京都,GML、シェープ形式,世界測地系,2010年（平成22年）,0.32MB,P11-10_26_GML.zip
大阪,GML形式,世界測地系,2022年（令和4年）,0.18MB,P11-22_27_GML.zip
大阪,シェープ、geojson形式,世界測地系,2022年（令和4年）,0.88MB,P11-22_27_SHP.zip
大阪,GML、シェープ形式,世界測地系,2010年（平成22年）,0.43MB,P11-10_27_GML.zip
兵庫,GML形式,世界測地系,2022年（令和4年）,0.34MB,P11-22_28_GML.zip
兵庫,シェープ、geojson形式,世界測地系,2022年（令和4年）,1.63MB,P11-22_28_SHP.zip
兵庫,GML、シェープ形式,世界測地系,2010年（平成22年）,0.67MB,P11-10_28_GML.zip
奈良,GML形式,世界測地系,2022年（令和4年）,0.09MB,P11-22_29_GML.zip
奈良,シェープ、geojson形式,世界測地系,2022年（令和4年）,0.48MB,P11-22_29_SHP.zip
奈良,GML、シェープ形式,世界測地系,2010年（平成22年）,0.18MB,P11-10_29_GML.zip
和歌山,GML形式,世界測地系,2022年（令和4年）,0.09MB,P11-22_30_GML.zip
和歌山,シェープ、geojson形式,世界測地系,2022年（令和4年）,0.41MB,P11-22_30_SHP.zip
和歌山,GML、シェープ形式,世界測地系,2010年（平成22年）,0.18MB,P11-10_30_GML.zip
中国地方,GML形式,世界測地系,2022年（令和4年）,0.81MB,P11-22_57_GML.zip
中国地方,シェープ、geojson形式,世界測地系,2022年（令和4年）,3.62MB,P11-22_57_SHP.zip
鳥取,GML形式,世界測地系,2022年（令和4年）,0.08MB,P11-22_31_GML.zip
鳥取,シェープ、geojson形式,世界測地系,2022年（令和4年）,0.39MB,P11-22_31_SHP.zip
鳥取,GML、シェープ形式,世界測地系,2010年（平成22年）,0.21MB,P11-10_31_GML.zip
島根,GML形式,世界測地系,2022年（令和4年）,0.15MB,P11-22_32_GML.zip
島根,シェープ、geojson形式,世界測地系,2022年（令和4年）,0.69MB,P11-22_32_SHP.zip
島根,GML、シェープ形式,世界測地系,2010年（平成22年）,0.36MB,P11-10_32_GML.zip
岡山,GML形式,世界測地系,2022年（令和4年）,0.17MB,P11-22_33_GML.zip
岡山,シェープ、geojson形式,世界測地系,2022年（令和4年）,0.84MB,P11-22_33_SHP.zip
岡山,GML、シェープ形式,世界測地系,2010年（平成22年）,0.39MB,P11-10_33_GML.zip
広島,GML形式,世界測地系,2022年（令和4年）,0.26MB,P11-22_34_GML.zip
広島,シェープ、geojson形式,世界測地系,2022年（令和4年）,1.34MB,P11-22_34_SHP.zip
広島,GML、シェープ形式,世界測地系,2010年（平成22年）,0.63MB,P11-10_34_GML.zip
山口,GML形式,世界測地系,2022年（令和4年）,0.16MB,P11-22_35_GML.zip
山口,シェープ、geojson形式,世界測地系,2022年（令和4年）,0.77MB,P11-22_35_SHP.zip
山口,GML、シェープ形式,世界測地系,2010年（平成22年）,0.29MB,P11-10_35_GML.zip
四国地方,GML形式,世界測地系,2022年（令和4年）,0.33MB,P11-22_58_GML.zip
四国地方,シェープ、geojson形式,世界測地系,2022年（令和4年）,1.34MB,P11-22_58_SHP.zip
徳島,GML形式,世界測地系,2022年（令和4年）,0.07MB,P11-22_36_GML.zip
徳島,シェープ、geojson形式,世界測地系,2022年（令和4年）,0.29MB,P11-22_36_SHP.zip
徳島,GML、シェープ形式,世界測地系,2010年（平成22年）,0.16MB,P11-10_36_GML.zip
香川,GML形式,世界測地系,2022年（令和4年）,0.07MB,P11-22_37_GML.zip
香川,シェープ、geojson形式,世界測地系,2022年（令和4年）,0.29MB,P11-22_37_SHP.zip
香川,GML、シェープ形式,世界測地系,2010年（平成22年）,0.13MB,P11-10_37_GML.zip
愛媛,GML形式,世界測地系,2022年（令和4年）,0.09MB,P11-22_38_GML.zip
愛媛,シェープ、geojson形式,世界測地系,2022年（令和4年）,0.41MB,P11-22_38_SHP.zip
愛媛,GML、シェープ形式,世界測地系,2010年（平成22年）,0.22MB,P11-10_38_GML.zip
高知,GML形式,世界測地系,2022年（令和4年）,0.11MB,P11-22_39_GML.zip
高知,シェープ、geojson形式,世界測地系,2022年（令和4年）,0.52MB,P11-22_39_SHP.zip
高知,GML、シェープ形式,世界測地系,2010年（平成22年）,0.26MB,P11-10_39_GML.zip
九州地方,GML形式,世界測地系,2022年（令和4年）,1.49MB,P11-22_59_GML.zip
九州地方,シェープ、geojson形式,世界測地系,2022年（令和4年）,6.48MB,P11-22_59_SHP.zip
福岡,GML形式,世界測地系,2022年（令和4年）,0.31MB,P11-22_40_GML.zip
福岡,シェープ、geojson形式,世界測地系,2022年（令和4年）,1.37MB,P11-22_40_SHP.zip
福岡,GML、シェープ形式,世界測地系,2010年（平成22年）,0.74MB,P11-10_40_GML.zip
佐賀,GML形式,世界測地系,2022年（令和4年）,0.09MB,P11-22_41_GML.zip
佐賀,シェープ、geojson形式,世界測地系,2022年（令和4年）,0.44MB,P11-22_41_SHP.zip
佐賀,GML、シェープ形式,世界測地系,2010年（平成22年）,0.25MB,P11-10_41_GML.zip
長崎,GML形式,世界測地系,2022年（令和4年）,0.20MB,P11-22_42_GML.zip
長崎,シェープ、geojson形式,世界測地系,2022年（令和4年）,0.93MB,P11-22_42_SHP.zip
長崎,GML、シェープ形式,世界測地系,2010年（平成22年）,0.52MB,P11-10_42_GML.zip
熊本,GML形式,世界測地系,2022年（令和4年）,0.19MB,P11-22_43_GML.zip
熊本,シェープ、geojson形式,世界測地系,2022年（令和4年）,0.99MB,P11-22_43_SHP.zip
熊本,GML、シェープ形式,世界測地系,2010年（平成22年）,0.81MB,P11-10_43_GML.zip
大分,GML形式,世界測地系,2022年（令和4年）,0.25MB,P11-22_44_GML.zip
大分,シェープ、geojson形式,世界測地系,2022年（令和4年）,1.12MB,P11-22_44_SHP.zip
大分,GML、シェープ形式,世界測地系,2010年（平成22年）,0.67MB,P11-10_44_GML.zip
宮崎,GML形式,世界測地系,2022年（令和4年）,0.15MB,P11-22_45_GML.zip
宮崎,シェープ、geojson形式,世界測地系,2022年（令和4年）,0.73MB,P11-22_45_SHP.zip
宮崎,GML、シェープ形式,世界測地系,2010年（平成22年）,0.40MB,P11-10_45_GML.zip
鹿児島,GML形式,世界測地系,2022年（令和4年）,0.30MB,P11-22_46_GML.zip
鹿児島,シェープ、geojson形式,世界測地系,2022年（令和4年）,1.55MB,P11-22_46_SHP.zip
鹿児島,GML、シェープ形式,世界測地系,2010年（平成22年）,0.88MB,P11-10_46_GML.zip
沖縄,GML形式,世界測地系,2022年（令和4年）,0.10MB,P11-22_47_GML.zip
沖縄,シェープ、geojson形式,世界測地系,2022年（令和4年）,0.48MB,P11-22_47_SHP.zip
沖縄,GML、シェープ形式,世界測地系,2010年（平成22年）,0.14MB,P11-10_47_GML.zip