[{"filename": "P11-22_GML.zip", "url": "https://nlftp.mlit.go.jp/ksj/gml/data/P11/P11-22/P11-22_GML.zip"}, {"filename": "P11-22_SHP.zip", "url": "https://nlftp.mlit.go.jp/ksj/gml/data/P11/P11-22/P11-22_SHP.zip"}, {"filename": "P11-22_01_GML.zip", "url": "https://nlftp.mlit.go.jp/ksj/gml/data/P11/P11-22/P11-22_01_GML.zip"}, {"filename": "P11-22_01_SHP.zip", "url": "https://nlftp.mlit.go.jp/ksj/gml/data/P11/P11-22/P11-22_01_SHP.zip"}, {"filename": "P11-10_01_GML.zip", "url": "https://nlftp.mlit.go.jp/ksj/gml/data/P11/P11-10/P11-10_01_GML.zip"}, {"filename": "P11-22_52_GML.zip", "url": "https://nlftp.mlit.go.jp/ksj/gml/data/P11/P11-22/P11-22_52_GML.zip"}, {"filename": "P11-22_52_SHP.zip", "url": "https://nlftp.mlit.go.jp/ksj/gml/data/P11/P11-22/P11-22_52_SHP.zip"}, {"filename": "P11-22_02_GML.zip", "url": "https://nlftp.mlit.go.jp/ksj/gml/data/P11/P11-22/P11-22_02_GML.zip"}, {"filename": "P11-22_02_SHP.zip", "url": "https://nlftp.mlit.go.jp/ksj/gml/data/P11/P11-22/P11-22_02_SHP.zip"}, {"filename": "P11-10_02_GML.zip", "url": "https://nlftp.mlit.go.jp/ksj/gml/data/P11/P11-10/P11-10_02_GML.zip"}, {"filename": "P11-22_03_GML.zip", "url": "https://nlftp.mlit.go.jp/ksj/gml/data/P11/P11-22/P11-22_03_GML.zip"}, {"filename": "P11-22_03_SHP.zip", "url": "https://nlftp.mlit.go.jp/ksj/gml/data/P11/P11-22/P11-22_03_SHP.zip"}, {"filename": "P11-10_03_GML.zip", "url": "https://nlftp.mlit.go.jp/ksj/gml/data/P11/P11-10/P11-10_03_GML.zip"}, {"filename": "P11-22_04_GML.zip", "url": "https://nlftp.mlit.go.jp/ksj/gml/data/P11/P11-22/P11-22_04_GML.zip"}, {"filename": "P11-22_04_SHP.zip", "url": "https://nlftp.mlit.go.jp/ksj/gml/data/P11/P11-22/P11-22_04_SHP.zip"}, {"filename": "P11-10_04_GML.zip", "url": "https://nlftp.mlit.go.jp/ksj/gml/data/P11/P11-10/P11-10_04_GML.zip"}, {"filename": "P11-22_05_GML.zip", "url": "https://nlftp.mlit.go.jp/ksj/gml/data/P11/P11-22/P11-22_05_GML.zip"}, {"filename": "P11-22_05_SHP.zip", "url": "https://nlftp.mlit.go.jp/ksj/gml/data/P11/P11-22/P11-22_05_SHP.zip"}, {"filename": "P11-10_05_GML.zip", "url": "https://nlftp.mlit.go.jp/ksj/gml/data/P11/P11-10/P11-10_05_GML.zip"}, {"filename": "P11-22_06_GML.zip", "url": "https://nlftp.mlit.go.jp/ksj/gml/data/P11/P11-22/P11-22_06_GML.zip"}, {"filename": "P11-22_06_SHP.zip", "url": "https://nlftp.mlit.go.jp/ksj/gml/data/P11/P11-22/P11-22_06_SHP.zip"}, {"filename": "P11-10_06_GML.zip", "url": "https://nlftp.mlit.go.jp/ksj/gml/data/P11/P11-10/P11-10_06_GML.zip"}, {"filename": "P11-22_07_GML.zip", "url": "https://nlftp.mlit.go.jp/ksj/gml/data/P11/P11-22/P11-22_07_GML.zip"}, {"filename": "P11-22_07_SHP.zip", "url": "https://nlftp.mlit.go.jp/ksj/gml/data/P11/P11-22/P11-22_07_SHP.zip"}, {"filename": "P11-10_07_GML.zip", "url": "https://nlftp.mlit.go.jp/ksj/gml/data/P11/P11-10/P11-10_07_GML.zip"}, {"filename": "P11-22_53_GML.zip", "url": "https://nlftp.mlit.go.jp/ksj/gml/data/P11/P11-22/P11-22_53_GML.zip"}, {"filename": "P11-22_53_SHP.zip", "url": "https://nlftp.mlit.go.jp/ksj/gml/data/P11/P11-22/P11-22_53_SHP.zip"}, {"filename": "P11-22_08_GML.zip", "url": "https://nlftp.mlit.go.jp/ksj/gml/data/P11/P11-22/P11-22_08_GML.zip"}, {"filename": "P11-22_08_SHP.zip", "url": "https://nlftp.mlit.go.jp/ksj/gml/data/P11/P11-22/P11-22_08_SHP.zip"}, {"filename": "P11-10_08_GML.zip", "url": "https://nlftp.mlit.go.jp/ksj/gml/data/P11/P11-10/P11-10_08_GML.zip"}, {"filename": "P11-22_09_GML.zip", "url": "https://nlftp.mlit.go.jp/ksj/gml/data/P11/P11-22/P11-22_09_GML.zip"}, {"filename": "P11-22_09_SHP.zip", "url": "https://nlftp.mlit.go.jp/ksj/gml/data/P11/P11-22/P11-22_09_SHP.zip"}, {"filename": "P11-10_09_GML.zip", "url": "https://nlftp.mlit.go.jp/ksj/gml/data/P11/P11-10/P11-10_09_GML.zip"}, {"filename": "P11-22_10_GML.zip", "url": "https://nlftp.mlit.go.jp/ksj/gml/data/P11/P11-22/P11-22_10_GML.zip"}, {"filename": "P11-22_10_SHP.zip", "url": "https://nlftp.mlit.go.jp/ksj/gml/data/P11/P11-22/P11-22_10_SHP.zip"}, {"filename": "P11-10_10_GML.zip", "url": "https://nlftp.mlit.go.jp/ksj/gml/data/P11/P11-10/P11-10_10_GML.zip"}, {"filename": "P11-22_11_GML.zip", "url": "https://nlftp.mlit.go.jp/ksj/gml/data/P11/P11-22/P11-22_11_GML.zip"}, {"filename": "P11-22_11_SHP.zip", "url": "https://nlftp.mlit.go.jp/ksj/gml/data/P11/P11-22/P11-22_11_SHP.zip"}, {"filename": "P11-10_11_GML.zip", "url": "https://nlftp.mlit.go.jp/ksj/gml/data/P11/P11-10/P11-10_11_GML.zip"}, {"filename": "P11-22_12_GML.zip", "url": "https://nlftp.mlit.go.jp/ksj/gml/data/P11/P11-22/P11-22_12_GML.zip"}, {"filename": "P11-22_12_SHP.zip", "url": "https://nlftp.mlit.go.jp/ksj/gml/data/P11/P11-22/P11-22_12_SHP.zip"}, {"filename": "P11-10_12_GML.zip", "url": "https://nlftp.mlit.go.jp/ksj/gml/data/P11/P11-10/P11-10_12_GML.zip"}, {"filename": "P11-22_13_GML.zip", "url": "https://nlftp.mlit.go.jp/ksj/gml/data/P11/P11-22/P11-22_13_GML.zip"}, {"filename": "P11-22_13_SHP.zip", "url": "https://nlftp.mlit.go.jp/ksj/gml/data/P11/P11-22/P11-22_13_SHP.zip"}, {"filename": "P11-10_13_GML.zip", "url": "https://nlftp.mlit.go.jp/ksj/gml/data/P11/P11-10/P11-10_13_GML.zip"}, {"filename": "P11-22_14_GML.zip", "url": "https://nlftp.mlit.go.jp/ksj/gml/data/P11/P11-22/P11-22_14_GML.zip"}, {"filename": "P11-22_14_SHP.zip", "url": "https://nlftp.mlit.go.jp/ksj/gml/data/P11/P11-22/P11-22_14_SHP.zip"}, {"filename": "P11-10_14_GML.zip", "url": "https://nlftp.mlit.go.jp/ksj/gml/data/P11/P11-10/P11-10_14_GML.zip"}, {"filename": "P11-22_54_GML.zip", "url": "https://nlftp.mlit.go.jp/ksj/gml/data/P11/P11-22/P11-22_54_GML.zip"}, {"filename": "P11-22_54_SHP.zip", "url": "https://nlftp.mlit.go.jp/ksj/gml/data/P11/P11-22/P11-22_54_SHP.zip"}, {"filename": "P11-22_15_GML.zip", "url": "https://nlftp.mlit.go.jp/ksj/gml/data/P11/P11-22/P11-22_15_GML.zip"}, {"filename": "P11-22_15_SHP.zip", "url": "https://nlftp.mlit.go.jp/ksj/gml/data/P11/P11-22/P11-22_15_SHP.zip"}, {"filename": "P11-10_15_GML.zip", "url": "https://nlftp.mlit.go.jp/ksj/gml/data/P11/P11-10/P11-10_15_GML.zip"}, {"filename": "P11-22_16_GML.zip", "url": "https://nlftp.mlit.go.jp/ksj/gml/data/P11/P11-22/P11-22_16_GML.zip"}, {"filename": "P11-22_16_SHP.zip", "url": "https://nlftp.mlit.go.jp/ksj/gml/data/P11/P11-22/P11-22_16_SHP.zip"}, {"filename": "P11-10_16_GML.zip", "url": "https://nlftp.mlit.go.jp/ksj/gml/data/P11/P11-10/P11-10_16_GML.zip"}, {"filename": "P11-22_17_GML.zip", "url": "https://nlftp.mlit.go.jp/ksj/gml/data/P11/P11-22/P11-22_17_GML.zip"}, {"filename": "P11-22_17_SHP.zip", "url": "https://nlftp.mlit.go.jp/ksj/gml/data/P11/P11-22/P11-22_17_SHP.zip"}, {"filename": "P11-10_17_GML.zip", "url": "https://nlftp.mlit.go.jp/ksj/gml/data/P11/P11-10/P11-10_17_GML.zip"}, {"filename": "P11-22_18_GML.zip", "url": "https://nlftp.mlit.go.jp/ksj/gml/data/P11/P11-22/P11-22_18_GML.zip"}, {"filename": "P11-22_18_SHP.zip", "url": "https://nlftp.mlit.go.jp/ksj/gml/data/P11/P11-22/P11-22_18_SHP.zip"}, {"filename": "P11-10_18_GML.zip", "url": "https://nlftp.mlit.go.jp/ksj/gml/data/P11/P11-10/P11-10_18_GML.zip"}, {"filename": "P11-22_19_GML.zip", "url": "https://nlftp.mlit.go.jp/ksj/gml/data/P11/P11-22/P11-22_19_GML.zip"}, {"filename": "P11-22_19_SHP.zip", "url": "https://nlftp.mlit.go.jp/ksj/gml/data/P11/P11-22/P11-22_19_SHP.zip"}, {"filename": "P11-10_19_GML.zip", "url": "https://nlftp.mlit.go.jp/ksj/gml/data/P11/P11-10/P11-10_19_GML.zip"}, {"filename": "P11-22_20_GML.zip", "url": "https://nlftp.mlit.go.jp/ksj/gml/data/P11/P11-22/P11-22_20_GML.zip"}, {"filename": "P11-22_20_SHP.zip", "url": "https://nlftp.mlit.go.jp/ksj/gml/data/P11/P11-22/P11-22_20_SHP.zip"}, {"filename": "P11-10_20_GML.zip", "url": "https://nlftp.mlit.go.jp/ksj/gml/data/P11/P11-10/P11-10_20_GML.zip"}, {"filename": "P11-22_55_GML.zip", "url": "https://nlftp.mlit.go.jp/ksj/gml/data/P11/P11-22/P11-22_55_GML.zip"}, {"filename": "P11-22_55_SHP.zip", "url": "https://nlftp.mlit.go.jp/ksj/gml/data/P11/P11-22/P11-22_55_SHP.zip"}, {"filename": "P11-22_21_GML.zip", "url": "https://nlftp.mlit.go.jp/ksj/gml/data/P11/P11-22/P11-22_21_GML.zip"}, {"filename": "P11-22_21_SHP.zip", "url": "https://nlftp.mlit.go.jp/ksj/gml/data/P11/P11-22/P11-22_21_SHP.zip"}, {"filename": "P11-10_21_GML.zip", "url": "https://nlftp.mlit.go.jp/ksj/gml/data/P11/P11-10/P11-10_21_GML.zip"}, {"filename": "P11-22_22_GML.zip", "url": "https://nlftp.mlit.go.jp/ksj/gml/data/P11/P11-22/P11-22_22_GML.zip"}, {"filename": "P11-22_22_SHP.zip", "url": "https://nlftp.mlit.go.jp/ksj/gml/data/P11/P11-22/P11-22_22_SHP.zip"}, {"filename": "P11-10_22_GML.zip", "url": "https://nlftp.mlit.go.jp/ksj/gml/data/P11/P11-10/P11-10_22_GML.zip"}, {"filename": "P11-22_23_GML.zip", "url": "https://nlftp.mlit.go.jp/ksj/gml/data/P11/P11-22/P11-22_23_GML.zip"}, {"filename": "P11-22_23_SHP.zip", "url": "https://nlftp.mlit.go.jp/ksj/gml/data/P11/P11-22/P11-22_23_SHP.zip"}, {"filename": "P11-10_23_GML.zip", "url": "https://nlftp.mlit.go.jp/ksj/gml/data/P11/P11-10/P11-10_23_GML.zip"}, {"filename": "P11-22_24_GML.zip", "url": "https://nlftp.mlit.go.jp/ksj/gml/data/P11/P11-22/P11-22_24_GML.zip"}, {"filename": "P11-22_24_SHP.zip", "url": "https://nlftp.mlit.go.jp/ksj/gml/data/P11/P11-22/P11-22_24_SHP.zip"}, {"filename": "P11-10_24_GML.zip", "url": "https://nlftp.mlit.go.jp/ksj/gml/data/P11/P11-10/P11-10_24_GML.zip"}, {"filename": "P11-22_56_GML.zip", "url": "https://nlftp.mlit.go.jp/ksj/gml/data/P11/P11-22/P11-22_56_GML.zip"}, {"filename": "P11-22_56_SHP.zip", "url": "https://nlftp.mlit.go.jp/ksj/gml/data/P11/P11-22/P11-22_56_SHP.zip"}, {"filename": "P11-22_25_GML.zip", "url": "https://nlftp.mlit.go.jp/ksj/gml/data/P11/P11-22/P11-22_25_GML.zip"}, {"filename": "P11-22_25_SHP.zip", "url": "https://nlftp.mlit.go.jp/ksj/gml/data/P11/P11-22/P11-22_25_SHP.zip"}, {"filename": "P11-10_25_GML.zip", "url": "https://nlftp.mlit.go.jp/ksj/gml/data/P11/P11-10/P11-10_25_GML.zip"}, {"filename": "P11-22_26_GML.zip", "url": "https://nlftp.mlit.go.jp/ksj/gml/data/P11/P11-22/P11-22_26_GML.zip"}, {"filename": "P11-22_26_SHP.zip", "url": "https://nlftp.mlit.go.jp/ksj/gml/data/P11/P11-22/P11-22_26_SHP.zip"}, {"filename": "P11-10_26_GML.zip", "url": "https://nlftp.mlit.go.jp/ksj/gml/data/P11/P11-10/P11-10_26_GML.zip"}, {"filename": "P11-22_27_GML.zip", "url": "https://nlftp.mlit.go.jp/ksj/gml/data/P11/P11-22/P11-22_27_GML.zip"}, {"filename": "P11-22_27_SHP.zip", "url": "https://nlftp.mlit.go.jp/ksj/gml/data/P11/P11-22/P11-22_27_SHP.zip"}, {"filename": "P11-10_27_GML.zip", "url": "https://nlftp.mlit.go.jp/ksj/gml/data/P11/P11-10/P11-10_27_GML.zip"}, {"filename": "P11-22_28_GML.zip", "url": "https://nlftp.mlit.go.jp/ksj/gml/data/P11/P11-22/P11-22_28_GML.zip"}, {"filename": "P11-22_28_SHP.zip", "url": "https://nlftp.mlit.go.jp/ksj/gml/data/P11/P11-22/P11-22_28_SHP.zip"}, {"filename": "P11-10_28_GML.zip", "url": "https://nlftp.mlit.go.jp/ksj/gml/data/P11/P11-10/P11-10_28_GML.zip"}, {"filename": "P11-22_29_GML.zip", "url": "https://nlftp.mlit.go.jp/ksj/gml/data/P11/P11-22/P11-22_29_GML.zip"}, {"filename": "P11-22_29_SHP.zip", "url": "https://nlftp.mlit.go.jp/ksj/gml/data/P11/P11-22/P11-22_29_SHP.zip"}, {"filename": "P11-10_29_GML.zip", "url": "https://nlftp.mlit.go.jp/ksj/gml/data/P11/P11-10/P11-10_29_GML.zip"}, {"filename": "P11-22_30_GML.zip", "url": "https://nlftp.mlit.go.jp/ksj/gml/data/P11/P11-22/P11-22_30_GML.zip"}, {"filename": "P11-22_30_SHP.zip", "url": "https://nlftp.mlit.go.jp/ksj/gml/data/P11/P11-22/P11-22_30_SHP.zip"}, {"filename": "P11-10_30_GML.zip", "url": "https://nlftp.mlit.go.jp/ksj/gml/data/P11/P11-10/P11-10_30_GML.zip"}, {"filename": "P11-22_57_GML.zip", "url": "https://nlftp.mlit.go.jp/ksj/gml/data/P11/P11-22/P11-22_57_GML.zip"}, {"filename": "P11-22_57_SHP.zip", "url": "https://nlftp.mlit.go.jp/ksj/gml/data/P11/P11-22/P11-22_57_SHP.zip"}, {"filename": "P11-22_31_GML.zip", "url": "https://nlftp.mlit.go.jp/ksj/gml/data/P11/P11-22/P11-22_31_GML.zip"}, {"filename": "P11-22_31_SHP.zip", "url": "https://nlftp.mlit.go.jp/ksj/gml/data/P11/P11-22/P11-22_31_SHP.zip"}, {"filename": "P11-10_31_GML.zip", "url": "https://nlftp.mlit.go.jp/ksj/gml/data/P11/P11-10/P11-10_31_GML.zip"}, {"filename": "P11-22_32_GML.zip", "url": "https://nlftp.mlit.go.jp/ksj/gml/data/P11/P11-22/P11-22_32_GML.zip"}, {"filename": "P11-22_32_SHP.zip", "url": "https://nlftp.mlit.go.jp/ksj/gml/data/P11/P11-22/P11-22_32_SHP.zip"}, {"filename": "P11-10_32_GML.zip", "url": "https://nlftp.mlit.go.jp/ksj/gml/data/P11/P11-10/P11-10_32_GML.zip"}, {"filename": "P11-22_33_GML.zip", "url": "https://nlftp.mlit.go.jp/ksj/gml/data/P11/P11-22/P11-22_33_GML.zip"}, {"filename": "P11-22_33_SHP.zip", "url": "https://nlftp.mlit.go.jp/ksj/gml/data/P11/P11-22/P11-22_33_SHP.zip"}, {"filename": "P11-10_33_GML.zip", "url": "https://nlftp.mlit.go.jp/ksj/gml/data/P11/P11-10/P11-10_33_GML.zip"}, {"filename": "P11-22_34_GML.zip", "url": "https://nlftp.mlit.go.jp/ksj/gml/data/P11/P11-22/P11-22_34_GML.zip"}, {"filename": "P11-22_34_SHP.zip", "url": "https://nlftp.mlit.go.jp/ksj/gml/data/P11/P11-22/P11-22_34_SHP.zip"}, {"filename": "P11-10_34_GML.zip", "url": "https://nlftp.mlit.go.jp/ksj/gml/data/P11/P11-10/P11-10_34_GML.zip"}, {"filename": "P11-22_35_GML.zip", "url": "https://nlftp.mlit.go.jp/ksj/gml/data/P11/P11-22/P11-22_35_GML.zip"}, {"filename": "P11-22_35_SHP.zip", "url": "https://nlftp.mlit.go.jp/ksj/gml/data/P11/P11-22/P11-22_35_SHP.zip"}, {"filename": "P11-10_35_GML.zip", "url": "https://nlftp.mlit.go.jp/ksj/gml/data/P11/P11-10/P11-10_35_GML.zip"}, {"filename": "P11-22_58_GML.zip", "url": "https://nlftp.mlit.go.jp/ksj/gml/data/P11/P11-22/P11-22_58_GML.zip"}, {"filename": "P11-22_58_SHP.zip", "url": "https://nlftp.mlit.go.jp/ksj/gml/data/P11/P11-22/P11-22_58_SHP.zip"}, {"filename": "P11-22_36_GML.zip", "url": "https://nlftp.mlit.go.jp/ksj/gml/data/P11/P11-22/P11-22_36_GML.zip"}, {"filename": "P11-22_36_SHP.zip", "url": "https://nlftp.mlit.go.jp/ksj/gml/data/P11/P11-22/P11-22_36_SHP.zip"}, {"filename": "P11-10_36_GML.zip", "url": "https://nlftp.mlit.go.jp/ksj/gml/data/P11/P11-10/P11-10_36_GML.zip"}, {"filename": "P11-22_37_GML.zip", "url": "https://nlftp.mlit.go.jp/ksj/gml/data/P11/P11-22/P11-22_37_GML.zip"}, {"filename": "P11-22_37_SHP.zip", "url": "https://nlftp.mlit.go.jp/ksj/gml/data/P11/P11-22/P11-22_37_SHP.zip"}, {"filename": "P11-10_37_GML.zip", "url": "https://nlftp.mlit.go.jp/ksj/gml/data/P11/P11-10/P11-10_37_GML.zip"}, {"filename": "P11-22_38_GML.zip", "url": "https://nlftp.mlit.go.jp/ksj/gml/data/P11/P11-22/P11-22_38_GML.zip"}, {"filename": "P11-22_38_SHP.zip", "url": "https://nlftp.mlit.go.jp/ksj/gml/data/P11/P11-22/P11-22_38_SHP.zip"}, {"filename": "P11-10_38_GML.zip", "url": "https://nlftp.mlit.go.jp/ksj/gml/data/P11/P11-10/P11-10_38_GML.zip"}, {"filename": "P11-22_39_GML.zip", "url": "https://nlftp.mlit.go.jp/ksj/gml/data/P11/P11-22/P11-22_39_GML.zip"}, {"filename": "P11-22_39_SHP.zip", "url": "https://nlftp.mlit.go.jp/ksj/gml/data/P11/P11-22/P11-22_39_SHP.zip"}, {"filename": "P11-10_39_GML.zip", "url": "https://nlftp.mlit.go.jp/ksj/gml/data/P11/P11-10/P11-10_39_GML.zip"}, {"filename": "P11-22_59_GML.zip", "url": "https://nlftp.mlit.go.jp/ksj/gml/data/P11/P11-22/P11-22_59_GML.zip"}, {"filename": "P11-22_59_SHP.zip", "url": "https://nlftp.mlit.go.jp/ksj/gml/data/P11/P11-22/P11-22_59_SHP.zip"}, {"filename": "P11-22_40_GML.zip", "url": "https://nlftp.mlit.go.jp/ksj/gml/data/P11/P11-22/P11-22_40_GML.zip"}, {"filename": "P11-22_40_SHP.zip", "url": "https://nlftp.mlit.go.jp/ksj/gml/data/P11/P11-22/P11-22_40_SHP.zip"}, {"filename": "P11-10_40_GML.zip", "url": "https://nlftp.mlit.go.jp/ksj/gml/data/P11/P11-10/P11-10_40_GML.zip"}, {"filename": "P11-22_41_GML.zip", "url": "https://nlftp.mlit.go.jp/ksj/gml/data/P11/P11-22/P11-22_41_GML.zip"}, {"filename": "P11-22_41_SHP.zip", "url": "https://nlftp.mlit.go.jp/ksj/gml/data/P11/P11-22/P11-22_41_SHP.zip"}, {"filename": "P11-10_41_GML.zip", "url": "https://nlftp.mlit.go.jp/ksj/gml/data/P11/P11-10/P11-10_41_GML.zip"}, {"filename": "P11-22_42_GML.zip", "url": "https://nlftp.mlit.go.jp/ksj/gml/data/P11/P11-22/P11-22_42_GML.zip"}, {"filename": "P11-22_42_SHP.zip", "url": "https://nlftp.mlit.go.jp/ksj/gml/data/P11/P11-22/P11-22_42_SHP.zip"}, {"filename": "P11-10_42_GML.zip", "url": "https://nlftp.mlit.go.jp/ksj/gml/data/P11/P11-10/P11-10_42_GML.zip"}, {"filename": "P11-22_43_GML.zip", "url": "https://nlftp.mlit.go.jp/ksj/gml/data/P11/P11-22/P11-22_43_GML.zip"}, {"filename": "P11-22_43_SHP.zip", "url": "https://nlftp.mlit.go.jp/ksj/gml/data/P11/P11-22/P11-22_43_SHP.zip"}, {"filename": "P11-10_43_GML.zip", "url": "https://nlftp.mlit.go.jp/ksj/gml/data/P11/P11-10/P11-10_43_GML.zip"}, {"filename": "P11-22_44_GML.zip", "url": "https://nlftp.mlit.go.jp/ksj/gml/data/P11/P11-22/P11-22_44_GML.zip"}, {"filename": "P11-22_44_SHP.zip", "url": "https://nlftp.mlit.go.jp/ksj/gml/data/P11/P11-22/P11-22_44_SHP.zip"}, {"filename": "P11-10_44_GML.zip", "url": "https://nlftp.mlit.go.jp/ksj/gml/data/P11/P11-10/P11-10_44_GML.zip"}, {"filename": "P11-22_45_GML.zip", "url": "https://nlftp.mlit.go.jp/ksj/gml/data/P11/P11-22/P11-22_45_GML.zip"}, {"filename": "P11-22_45_SHP.zip", "url": "https://nlftp.mlit.go.jp/ksj/gml/data/P11/P11-22/P11-22_45_SHP.zip"}, {"filename": "P11-10_45_GML.zip", "url": "https://nlftp.mlit.go.jp/ksj/gml/data/P11/P11-10/P11-10_45_GML.zip"}, {"filename": "P11-22_46_GML.zip", "url": "https://nlftp.mlit.go.jp/ksj/gml/data/P11/P11-22/P11-22_46_GML.zip"}, {"filename": "P11-22_46_SHP.zip", "url": "https://nlftp.mlit.go.jp/ksj/gml/data/P11/P11-22/P11-22_46_SHP.zip"}, {"filename": "P11-10_46_GML.zip", "url": "https://nlftp.mlit.go.jp/ksj/gml/data/P11/P11-10/P11-10_46_GML.zip"}, {"filename": "P11-22_47_GML.zip", "url": "https://nlftp.mlit.go.jp/ksj/gml/data/P11/P11-22/P11-22_47_GML.zip"}, {"filename": "P11-22_47_SHP.zip", "url": "https://nlftp.mlit.go.jp/ksj/gml/data/P11/P11-22/P11-22_47_SHP.zip"}, {"filename": "P11-10_47_GML.zip", "url": "https://nlftp.mlit.go.jp/ksj/gml/data/P11/P11-10/P11-10_47_GML.zip"}]