全国,世界測地系,2010年（平成22年）,21.51MB,P12-10_GML.zip
全国,世界測地系,2014年（平成26年）,8.79MB,P12-14_GML.zip
北海道,世界測地系,2014年（平成26年）,0.67MB,P12-14_01_GML.zip
青森,世界測地系,2014年（平成26年）,0.25MB,P12-14_02_GML.zip
岩手,世界測地系,2014年（平成26年）,0.18MB,P12-14_03_GML.zip
宮城,世界測地系,2014年（平成26年）,0.01MB,P12-14_04_GML.zip
秋田,世界測地系,2014年（平成26年）,0.27MB,P12-14_05_GML.zip
山形,世界測地系,2014年（平成26年）,0.03MB,P12-14_06_GML.zip
福島,世界測地系,2014年（平成26年）,0.18MB,P12-14_07_GML.zip
茨城,世界測地系,2014年（平成26年）,0.11MB,P12-14_08_GML.zip
栃木,世界測地系,2014年（平成26年）,0.04MB,P12-14_09_GML.zip
群馬,世界測地系,2014年（平成26年）,0.19MB,P12-14_10_GML.zip
埼玉,世界測地系,2014年（平成26年）,0.19MB,P12-14_11_GML.zip
千葉,世界測地系,2014年（平成26年）,0.13MB,P12-14_12_GML.zip
東京,世界測地系,2014年（平成26年）,0.03MB,P12-14_13_GML.zip
神奈川,世界測地系,2014年（平成26年）,0.03MB,P12-14_14_GML.zip
新潟,世界測地系,2014年（平成26年）,0.80MB,P12-14_15_GML.zip
富山,世界測地系,2014年（平成26年）,0.01MB,P12-14_16_GML.zip
石川,世界測地系,2014年（平成26年）,0.19MB,P12-14_17_GML.zip
福井,世界測地系,2014年（平成26年）,0.04MB,P12-14_18_GML.zip
山梨,世界測地系,2014年（平成26年）,0.18MB,P12-14_19_GML.zip
長野,世界測地系,2014年（平成26年）,0.22MB,P12-14_20_GML.zip
岐阜,世界測地系,2014年（平成26年）,0.21MB,P12-14_21_GML.zip
静岡,世界測地系,2014年（平成26年）,0.18MB,P12-14_22_GML.zip
愛知,世界測地系,2014年（平成26年）,0.01MB,P12-14_23_GML.zip
三重,世界測地系,2014年（平成26年）,0.23MB,P12-14_24_GML.zip
滋賀,世界測地系,2014年（平成26年）,0.15MB,P12-14_25_GML.zip
京都,世界測地系,2014年（平成26年）,0.18MB,P12-14_26_GML.zip
大阪,世界測地系,2014年（平成26年）,0.01MB,P12-14_27_GML.zip
兵庫,世界測地系,2014年（平成26年）,0.40MB,P12-14_28_GML.zip
奈良,世界測地系,2014年（平成26年）,0.08MB,P12-14_29_GML.zip
和歌山,世界測地系,2014年（平成26年）,0.09MB,P12-14_30_GML.zip
鳥取,世界測地系,2014年（平成26年）,0.03MB,P12-14_31_GML.zip
島根,世界測地系,2014年（平成26年）,0.13MB,P12-14_32_GML.zip
岡山,世界測地系,2014年（平成26年）,0.12MB,P12-14_33_GML.zip
広島,世界測地系,2014年（平成26年）,0.06MB,P12-14_34_GML.zip
山口,世界測地系,2014年（平成26年）,0.31MB,P12-14_35_GML.zip
徳島,世界測地系,2014年（平成26年）,0.04MB,P12-14_36_GML.zip
香川,世界測地系,2014年（平成26年）,0.01MB,P12-14_37_GML.zip
愛媛,世界測地系,2014年（平成26年）,0.14MB,P12-14_38_GML.zip
高知,世界測地系,2014年（平成26年）,0.12MB,P12-14_39_GML.zip
福岡,世界測地系,2014年（平成26年）,0.15MB,P12-14_40_GML.zip
佐賀,世界測地系,2014年（平成26年）,0.06MB,P12-14_41_GML.zip
長崎,世界測地系,2014年（平成26年）,0.54MB,P12-14_42_GML.zip
熊本,世界測地系,2014年（平成26年）,0.11MB,P12-14_43_GML.zip
大分,世界測地系,2014年（平成26年）,0.07MB,P12-14_44_GML.zip
宮崎,世界測地系,2014年（平成26年）,0.06MB,P12-14_45_GML.zip
鹿児島,世界測地系,2014年（平成26年）,0.01MB,P12-14_46_GML.zip
沖縄,世界測地系,2014年（平成26年）,1.52MB,P12-14_47_GML.zip