北海道,世界測地系,2011年（平成23年）,0.50MB,P13-11_01_GML.zip
青森,世界測地系,2011年（平成23年）,0.06MB,P13-11_02_GML.zip
岩手,世界測地系,2011年（平成23年）,0.08MB,P13-11_03_GML.zip
宮城,世界測地系,2011年（平成23年）,0.17MB,P13-11_04_GML.zip
秋田,世界測地系,2011年（平成23年）,0.04MB,P13-11_05_GML.zip
山形,世界測地系,2011年（平成23年）,0.05MB,P13-11_06_GML.zip
福島,世界測地系,2011年（平成23年）,0.07MB,P13-11_07_GML.zip
茨城,世界測地系,2011年（平成23年）,0.11MB,P13-11_08_GML.zip
栃木,世界測地系,2011年（平成23年）,0.11MB,P13-11_09_GML.zip
群馬,世界測地系,2011年（平成23年）,0.09MB,P13-11_10_GML.zip
埼玉,世界測地系,2011年（平成23年）,0.24MB,P13-11_11_GML.zip
千葉,世界測地系,2011年（平成23年）,0.37MB,P13-11_12_GML.zip
東京,世界測地系,2011年（平成23年）,0.43MB,P13-11_13_GML.zip
神奈川,世界測地系,2011年（平成23年）,0.39MB,P13-11_14_GML.zip
新潟,世界測地系,2011年（平成23年）,0.15MB,P13-11_15_GML.zip
富山,世界測地系,2011年（平成23年）,0.12MB,P13-11_16_GML.zip
石川,世界測地系,2011年（平成23年）,0.06MB,P13-11_17_GML.zip
福井,世界測地系,2011年（平成23年）,0.05MB,P13-11_18_GML.zip
山梨,世界測地系,2011年（平成23年）,0.02MB,P13-11_19_GML.zip
長野,世界測地系,2011年（平成23年）,0.06MB,P13-11_20_GML.zip
岐阜,世界測地系,2011年（平成23年）,0.08MB,P13-11_21_GML.zip
静岡,世界測地系,2011年（平成23年）,0.14MB,P13-11_22_GML.zip
愛知,世界測地系,2011年（平成23年）,0.27MB,P13-11_23_GML.zip
三重,世界測地系,2011年（平成23年）,0.13MB,P13-11_24_GML.zip
滋賀,世界測地系,2011年（平成23年）,0.04MB,P13-11_25_GML.zip
京都,世界測地系,2011年（平成23年）,0.12MB,P13-11_26_GML.zip
大阪,世界測地系,2011年（平成23年）,0.35MB,P13-11_27_GML.zip
兵庫,世界測地系,2011年（平成23年）,0.30MB,P13-11_28_GML.zip
奈良,世界測地系,2011年（平成23年）,0.13MB,P13-11_29_GML.zip
和歌山,世界測地系,2011年（平成23年）,0.02MB,P13-11_30_GML.zip
鳥取,世界測地系,2011年（平成23年）,0.03MB,P13-11_31_GML.zip
島根,世界測地系,2011年（平成23年）,0.02MB,P13-11_32_GML.zip
岡山,世界測地系,2011年（平成23年）,0.08MB,P13-11_33_GML.zip
広島,世界測地系,2011年（平成23年）,0.16MB,P13-11_34_GML.zip
山口,世界測地系,2011年（平成23年）,0.07MB,P13-11_35_GML.zip
徳島,世界測地系,2011年（平成23年）,0.02MB,P13-11_36_GML.zip
香川,世界測地系,2011年（平成23年）,0.03MB,P13-11_37_GML.zip
愛媛,世界測地系,2011年（平成23年）,0.04MB,P13-11_38_GML.zip
高知,世界測地系,2011年（平成23年）,0.05MB,P13-11_39_GML.zip
福岡,世界測地系,2011年（平成23年）,0.33MB,P13-11_40_GML.zip
佐賀,世界測地系,2011年（平成23年）,0.02MB,P13-11_41_GML.zip
長崎,世界測地系,2011年（平成23年）,0.08MB,P13-11_42_GML.zip
熊本,世界測地系,2011年（平成23年）,0.11MB,P13-11_43_GML.zip
大分,世界測地系,2011年（平成23年）,0.07MB,P13-11_44_GML.zip
宮崎,世界測地系,2011年（平成23年）,0.07MB,P13-11_45_GML.zip
鹿児島,世界測地系,2011年（平成23年）,0.09MB,P13-11_46_GML.zip
沖縄,世界測地系,2011年（平成23年）,0.06MB,P13-11_47_GML.zip