[{"filename": "P13-11_01_GML.zip", "url": "https://nlftp.mlit.go.jp/ksj/gml/data/P13/P13-11/P13-11_01_GML.zip"}, {"filename": "P13-11_02_GML.zip", "url": "https://nlftp.mlit.go.jp/ksj/gml/data/P13/P13-11/P13-11_02_GML.zip"}, {"filename": "P13-11_03_GML.zip", "url": "https://nlftp.mlit.go.jp/ksj/gml/data/P13/P13-11/P13-11_03_GML.zip"}, {"filename": "P13-11_04_GML.zip", "url": "https://nlftp.mlit.go.jp/ksj/gml/data/P13/P13-11/P13-11_04_GML.zip"}, {"filename": "P13-11_05_GML.zip", "url": "https://nlftp.mlit.go.jp/ksj/gml/data/P13/P13-11/P13-11_05_GML.zip"}, {"filename": "P13-11_06_GML.zip", "url": "https://nlftp.mlit.go.jp/ksj/gml/data/P13/P13-11/P13-11_06_GML.zip"}, {"filename": "P13-11_07_GML.zip", "url": "https://nlftp.mlit.go.jp/ksj/gml/data/P13/P13-11/P13-11_07_GML.zip"}, {"filename": "P13-11_08_GML.zip", "url": "https://nlftp.mlit.go.jp/ksj/gml/data/P13/P13-11/P13-11_08_GML.zip"}, {"filename": "P13-11_09_GML.zip", "url": "https://nlftp.mlit.go.jp/ksj/gml/data/P13/P13-11/P13-11_09_GML.zip"}, {"filename": "P13-11_10_GML.zip", "url": "https://nlftp.mlit.go.jp/ksj/gml/data/P13/P13-11/P13-11_10_GML.zip"}, {"filename": "P13-11_11_GML.zip", "url": "https://nlftp.mlit.go.jp/ksj/gml/data/P13/P13-11/P13-11_11_GML.zip"}, {"filename": "P13-11_12_GML.zip", "url": "https://nlftp.mlit.go.jp/ksj/gml/data/P13/P13-11/P13-11_12_GML.zip"}, {"filename": "P13-11_13_GML.zip", "url": "https://nlftp.mlit.go.jp/ksj/gml/data/P13/P13-11/P13-11_13_GML.zip"}, {"filename": "P13-11_14_GML.zip", "url": "https://nlftp.mlit.go.jp/ksj/gml/data/P13/P13-11/P13-11_14_GML.zip"}, {"filename": "P13-11_15_GML.zip", "url": "https://nlftp.mlit.go.jp/ksj/gml/data/P13/P13-11/P13-11_15_GML.zip"}, {"filename": "P13-11_16_GML.zip", "url": "https://nlftp.mlit.go.jp/ksj/gml/data/P13/P13-11/P13-11_16_GML.zip"}, {"filename": "P13-11_17_GML.zip", "url": "https://nlftp.mlit.go.jp/ksj/gml/data/P13/P13-11/P13-11_17_GML.zip"}, {"filename": "P13-11_18_GML.zip", "url": "https://nlftp.mlit.go.jp/ksj/gml/data/P13/P13-11/P13-11_18_GML.zip"}, {"filename": "P13-11_19_GML.zip", "url": "https://nlftp.mlit.go.jp/ksj/gml/data/P13/P13-11/P13-11_19_GML.zip"}, {"filename": "P13-11_20_GML.zip", "url": "https://nlftp.mlit.go.jp/ksj/gml/data/P13/P13-11/P13-11_20_GML.zip"}, {"filename": "P13-11_21_GML.zip", "url": "https://nlftp.mlit.go.jp/ksj/gml/data/P13/P13-11/P13-11_21_GML.zip"}, {"filename": "P13-11_22_GML.zip", "url": "https://nlftp.mlit.go.jp/ksj/gml/data/P13/P13-11/P13-11_22_GML.zip"}, {"filename": "P13-11_23_GML.zip", "url": "https://nlftp.mlit.go.jp/ksj/gml/data/P13/P13-11/P13-11_23_GML.zip"}, {"filename": "P13-11_24_GML.zip", "url": "https://nlftp.mlit.go.jp/ksj/gml/data/P13/P13-11/P13-11_24_GML.zip"}, {"filename": "P13-11_25_GML.zip", "url": "https://nlftp.mlit.go.jp/ksj/gml/data/P13/P13-11/P13-11_25_GML.zip"}, {"filename": "P13-11_26_GML.zip", "url": "https://nlftp.mlit.go.jp/ksj/gml/data/P13/P13-11/P13-11_26_GML.zip"}, {"filename": "P13-11_27_GML.zip", "url": "https://nlftp.mlit.go.jp/ksj/gml/data/P13/P13-11/P13-11_27_GML.zip"}, {"filename": "P13-11_28_GML.zip", "url": "https://nlftp.mlit.go.jp/ksj/gml/data/P13/P13-11/P13-11_28_GML.zip"}, {"filename": "P13-11_29_GML.zip", "url": "https://nlftp.mlit.go.jp/ksj/gml/data/P13/P13-11/P13-11_29_GML.zip"}, {"filename": "P13-11_30_GML.zip", "url": "https://nlftp.mlit.go.jp/ksj/gml/data/P13/P13-11/P13-11_30_GML.zip"}, {"filename": "P13-11_31_GML.zip", "url": "https://nlftp.mlit.go.jp/ksj/gml/data/P13/P13-11/P13-11_31_GML.zip"}, {"filename": "P13-11_32_GML.zip", "url": "https://nlftp.mlit.go.jp/ksj/gml/data/P13/P13-11/P13-11_32_GML.zip"}, {"filename": "P13-11_33_GML.zip", "url": "https://nlftp.mlit.go.jp/ksj/gml/data/P13/P13-11/P13-11_33_GML.zip"}, {"filename": "P13-11_34_GML.zip", "url": "https://nlftp.mlit.go.jp/ksj/gml/data/P13/P13-11/P13-11_34_GML.zip"}, {"filename": "P13-11_35_GML.zip", "url": "https://nlftp.mlit.go.jp/ksj/gml/data/P13/P13-11/P13-11_35_GML.zip"}, {"filename": "P13-11_36_GML.zip", "url": "https://nlftp.mlit.go.jp/ksj/gml/data/P13/P13-11/P13-11_36_GML.zip"}, {"filename": "P13-11_37_GML.zip", "url": "https://nlftp.mlit.go.jp/ksj/gml/data/P13/P13-11/P13-11_37_GML.zip"}, {"filename": "P13-11_38_GML.zip", "url": "https://nlftp.mlit.go.jp/ksj/gml/data/P13/P13-11/P13-11_38_GML.zip"}, {"filename": "P13-11_39_GML.zip", "url": "https://nlftp.mlit.go.jp/ksj/gml/data/P13/P13-11/P13-11_39_GML.zip"}, {"filename": "P13-11_40_GML.zip", "url": "https://nlftp.mlit.go.jp/ksj/gml/data/P13/P13-11/P13-11_40_GML.zip"}, {"filename": "P13-11_41_GML.zip", "url": "https://nlftp.mlit.go.jp/ksj/gml/data/P13/P13-11/P13-11_41_GML.zip"}, {"filename": "P13-11_42_GML.zip", "url": "https://nlftp.mlit.go.jp/ksj/gml/data/P13/P13-11/P13-11_42_GML.zip"}, {"filename": "P13-11_43_GML.zip", "url": "https://nlftp.mlit.go.jp/ksj/gml/data/P13/P13-11/P13-11_43_GML.zip"}, {"filename": "P13-11_44_GML.zip", "url": "https://nlftp.mlit.go.jp/ksj/gml/data/P13/P13-11/P13-11_44_GML.zip"}, {"filename": "P13-11_45_GML.zip", "url": "https://nlftp.mlit.go.jp/ksj/gml/data/P13/P13-11/P13-11_45_GML.zip"}, {"filename": "P13-11_46_GML.zip", "url": "https://nlftp.mlit.go.jp/ksj/gml/data/P13/P13-11/P13-11_46_GML.zip"}, {"filename": "P13-11_47_GML.zip", "url": "https://nlftp.mlit.go.jp/ksj/gml/data/P13/P13-11/P13-11_47_GML.zip"}]