[{"filename": "P14-23_GML.zip", "url": "https://nlftp.mlit.go.jp/ksj/gml/data/P14/P14-23/P14-23_GML.zip"}, {"filename": "P14-23_01_GML.zip", "url": "https://nlftp.mlit.go.jp/ksj/gml/data/P14/P14-23/P14-23_01_GML.zip"}, {"filename": "P14-21_01_GML.zip", "url": "https://nlftp.mlit.go.jp/ksj/gml/data/P14/P14-21/P14-21_01_GML.zip"}, {"filename": "P14-15_01_GML.zip", "url": "https://nlftp.mlit.go.jp/ksj/gml/data/P14/P14-15/P14-15_01_GML.zip"}, {"filename": "P14-11_01_GML.zip", "url": "https://nlftp.mlit.go.jp/ksj/gml/data/P14/P14-11/P14-11_01_GML.zip"}, {"filename": "P14-23_52_GML.zip", "url": "https://nlftp.mlit.go.jp/ksj/gml/data/P14/P14-23/P14-23_52_GML.zip"}, {"filename": "P14-21_52_GML.zip", "url": "https://nlftp.mlit.go.jp/ksj/gml/data/P14/P14-21/P14-21_52_GML.zip"}, {"filename": "P14-23_02_GML.zip", "url": "https://nlftp.mlit.go.jp/ksj/gml/data/P14/P14-23/P14-23_02_GML.zip"}, {"filename": "P14-21_02_GML.zip", "url": "https://nlftp.mlit.go.jp/ksj/gml/data/P14/P14-21/P14-21_02_GML.zip"}, {"filename": "P14-15_02_GML.zip", "url": "https://nlftp.mlit.go.jp/ksj/gml/data/P14/P14-15/P14-15_02_GML.zip"}, {"filename": "P14-11_02_GML.zip", "url": "https://nlftp.mlit.go.jp/ksj/gml/data/P14/P14-11/P14-11_02_GML.zip"}, {"filename": "P14-23_03_GML.zip", "url": "https://nlftp.mlit.go.jp/ksj/gml/data/P14/P14-23/P14-23_03_GML.zip"}, {"filename": "P14-21_03_GML.zip", "url": "https://nlftp.mlit.go.jp/ksj/gml/data/P14/P14-21/P14-21_03_GML.zip"}, {"filename": "P14-15_03_GML.zip", "url": "https://nlftp.mlit.go.jp/ksj/gml/data/P14/P14-15/P14-15_03_GML.zip"}, {"filename": "P14-11_03_GML.zip", "url": "https://nlftp.mlit.go.jp/ksj/gml/data/P14/P14-11/P14-11_03_GML.zip"}, {"filename": "P14-23_04_GML.zip", "url": "https://nlftp.mlit.go.jp/ksj/gml/data/P14/P14-23/P14-23_04_GML.zip"}, {"filename": "P14-21_04_GML.zip", "url": "https://nlftp.mlit.go.jp/ksj/gml/data/P14/P14-21/P14-21_04_GML.zip"}, {"filename": "P14-15_04_GML.zip", "url": "https://nlftp.mlit.go.jp/ksj/gml/data/P14/P14-15/P14-15_04_GML.zip"}, {"filename": "P14-11_04_GML.zip", "url": "https://nlftp.mlit.go.jp/ksj/gml/data/P14/P14-11/P14-11_04_GML.zip"}, {"filename": "P14-23_05_GML.zip", "url": "https://nlftp.mlit.go.jp/ksj/gml/data/P14/P14-23/P14-23_05_GML.zip"}, {"filename": "P14-21_05_GML.zip", "url": "https://nlftp.mlit.go.jp/ksj/gml/data/P14/P14-21/P14-21_05_GML.zip"}, {"filename": "P14-15_05_GML.zip", "url": "https://nlftp.mlit.go.jp/ksj/gml/data/P14/P14-15/P14-15_05_GML.zip"}, {"filename": "P14-11_05_GML.zip", "url": "https://nlftp.mlit.go.jp/ksj/gml/data/P14/P14-11/P14-11_05_GML.zip"}, {"filename": "P14-23_06_GML.zip", "url": "https://nlftp.mlit.go.jp/ksj/gml/data/P14/P14-23/P14-23_06_GML.zip"}, {"filename": "P14-21_06_GML.zip", "url": "https://nlftp.mlit.go.jp/ksj/gml/data/P14/P14-21/P14-21_06_GML.zip"}, {"filename": "P14-15_06_GML.zip", "url": "https://nlftp.mlit.go.jp/ksj/gml/data/P14/P14-15/P14-15_06_GML.zip"}, {"filename": "P14-11_06_GML.zip", "url": "https://nlftp.mlit.go.jp/ksj/gml/data/P14/P14-11/P14-11_06_GML.zip"}, {"filename": "P14-23_07_GML.zip", "url": "https://nlftp.mlit.go.jp/ksj/gml/data/P14/P14-23/P14-23_07_GML.zip"}, {"filename": "P14-21_07_GML.zip", "url": "https://nlftp.mlit.go.jp/ksj/gml/data/P14/P14-21/P14-21_07_GML.zip"}, {"filename": "P14-15_07_GML.zip", "url": "https://nlftp.mlit.go.jp/ksj/gml/data/P14/P14-15/P14-15_07_GML.zip"}, {"filename": "P14-11_07_GML.zip", "url": "https://nlftp.mlit.go.jp/ksj/gml/data/P14/P14-11/P14-11_07_GML.zip"}, {"filename": "P14-23_53_GML.zip", "url": "https://nlftp.mlit.go.jp/ksj/gml/data/P14/P14-23/P14-23_53_GML.zip"}, {"filename": "P14-21_53_GML.zip", "url": "https://nlftp.mlit.go.jp/ksj/gml/data/P14/P14-21/P14-21_53_GML.zip"}, {"filename": "P14-23_08_GML.zip", "url": "https://nlftp.mlit.go.jp/ksj/gml/data/P14/P14-23/P14-23_08_GML.zip"}, {"filename": "P14-21_08_GML.zip", "url": "https://nlftp.mlit.go.jp/ksj/gml/data/P14/P14-21/P14-21_08_GML.zip"}, {"filename": "P14-15_08_GML.zip", "url": "https://nlftp.mlit.go.jp/ksj/gml/data/P14/P14-15/P14-15_08_GML.zip"}, {"filename": "P14-11_08_GML.zip", "url": "https://nlftp.mlit.go.jp/ksj/gml/data/P14/P14-11/P14-11_08_GML.zip"}, {"filename": "P14-23_09_GML.zip", "url": "https://nlftp.mlit.go.jp/ksj/gml/data/P14/P14-23/P14-23_09_GML.zip"}, {"filename": "P14-21_09_GML.zip", "url": "https://nlftp.mlit.go.jp/ksj/gml/data/P14/P14-21/P14-21_09_GML.zip"}, {"filename": "P14-15_09_GML.zip", "url": "https://nlftp.mlit.go.jp/ksj/gml/data/P14/P14-15/P14-15_09_GML.zip"}, {"filename": "P14-11_09_GML.zip", "url": "https://nlftp.mlit.go.jp/ksj/gml/data/P14/P14-11/P14-11_09_GML.zip"}, {"filename": "P14-23_10_GML.zip", "url": "https://nlftp.mlit.go.jp/ksj/gml/data/P14/P14-23/P14-23_10_GML.zip"}, {"filename": "P14-21_10_GML.zip", "url": "https://nlftp.mlit.go.jp/ksj/gml/data/P14/P14-21/P14-21_10_GML.zip"}, {"filename": "P14-15_10_GML.zip", "url": "https://nlftp.mlit.go.jp/ksj/gml/data/P14/P14-15/P14-15_10_GML.zip"}, {"filename": "P14-11_10_GML.zip", "url": "https://nlftp.mlit.go.jp/ksj/gml/data/P14/P14-11/P14-11_10_GML.zip"}, {"filename": "P14-23_11_GML.zip", "url": "https://nlftp.mlit.go.jp/ksj/gml/data/P14/P14-23/P14-23_11_GML.zip"}, {"filename": "P14-21_11_GML.zip", "url": "https://nlftp.mlit.go.jp/ksj/gml/data/P14/P14-21/P14-21_11_GML.zip"}, {"filename": "P14-15_11_GML.zip", "url": "https://nlftp.mlit.go.jp/ksj/gml/data/P14/P14-15/P14-15_11_GML.zip"}, {"filename": "P14-11_11_GML.zip", "url": "https://nlftp.mlit.go.jp/ksj/gml/data/P14/P14-11/P14-11_11_GML.zip"}, {"filename": "P14-23_12_GML.zip", "url": "https://nlftp.mlit.go.jp/ksj/gml/data/P14/P14-23/P14-23_12_GML.zip"}, {"filename": "P14-21_12_GML.zip", "url": "https://nlftp.mlit.go.jp/ksj/gml/data/P14/P14-21/P14-21_12_GML.zip"}, {"filename": "P14-15_12_GML.zip", "url": "https://nlftp.mlit.go.jp/ksj/gml/data/P14/P14-15/P14-15_12_GML.zip"}, {"filename": "P14-11_12_GML.zip", "url": "https://nlftp.mlit.go.jp/ksj/gml/data/P14/P14-11/P14-11_12_GML.zip"}, {"filename": "P14-23_13_GML.zip", "url": "https://nlftp.mlit.go.jp/ksj/gml/data/P14/P14-23/P14-23_13_GML.zip"}, {"filename": "P14-21_13_GML.zip", "url": "https://nlftp.mlit.go.jp/ksj/gml/data/P14/P14-21/P14-21_13_GML.zip"}, {"filename": "P14-15_13_GML.zip", "url": "https://nlftp.mlit.go.jp/ksj/gml/data/P14/P14-15/P14-15_13_GML.zip"}, {"filename": "P14-11_13_GML.zip", "url": "https://nlftp.mlit.go.jp/ksj/gml/data/P14/P14-11/P14-11_13_GML.zip"}, {"filename": "P14-23_14_GML.zip", "url": "https://nlftp.mlit.go.jp/ksj/gml/data/P14/P14-23/P14-23_14_GML.zip"}, {"filename": "P14-21_14_GML.zip", "url": "https://nlftp.mlit.go.jp/ksj/gml/data/P14/P14-21/P14-21_14_GML.zip"}, {"filename": "P14-15_14_GML.zip", "url": "https://nlftp.mlit.go.jp/ksj/gml/data/P14/P14-15/P14-15_14_GML.zip"}, {"filename": "P14-11_14_GML.zip", "url": "https://nlftp.mlit.go.jp/ksj/gml/data/P14/P14-11/P14-11_14_GML.zip"}, {"filename": "P14-23_54_GML.zip", "url": "https://nlftp.mlit.go.jp/ksj/gml/data/P14/P14-23/P14-23_54_GML.zip"}, {"filename": "P14-21_54_GML.zip", "url": "https://nlftp.mlit.go.jp/ksj/gml/data/P14/P14-21/P14-21_54_GML.zip"}, {"filename": "P14-23_15_GML.zip", "url": "https://nlftp.mlit.go.jp/ksj/gml/data/P14/P14-23/P14-23_15_GML.zip"}, {"filename": "P14-21_15_GML.zip", "url": "https://nlftp.mlit.go.jp/ksj/gml/data/P14/P14-21/P14-21_15_GML.zip"}, {"filename": "P14-15_15_GML.zip", "url": "https://nlftp.mlit.go.jp/ksj/gml/data/P14/P14-15/P14-15_15_GML.zip"}, {"filename": "P14-11_15_GML.zip", "url": "https://nlftp.mlit.go.jp/ksj/gml/data/P14/P14-11/P14-11_15_GML.zip"}, {"filename": "P14-23_16_GML.zip", "url": "https://nlftp.mlit.go.jp/ksj/gml/data/P14/P14-23/P14-23_16_GML.zip"}, {"filename": "P14-21_16_GML.zip", "url": "https://nlftp.mlit.go.jp/ksj/gml/data/P14/P14-21/P14-21_16_GML.zip"}, {"filename": "P14-15_16_GML.zip", "url": "https://nlftp.mlit.go.jp/ksj/gml/data/P14/P14-15/P14-15_16_GML.zip"}, {"filename": "P14-11_16_GML.zip", "url": "https://nlftp.mlit.go.jp/ksj/gml/data/P14/P14-11/P14-11_16_GML.zip"}, {"filename": "P14-23_17_GML.zip", "url": "https://nlftp.mlit.go.jp/ksj/gml/data/P14/P14-23/P14-23_17_GML.zip"}, {"filename": "P14-21_17_GML.zip", "url": "https://nlftp.mlit.go.jp/ksj/gml/data/P14/P14-21/P14-21_17_GML.zip"}, {"filename": "P14-15_17_GML.zip", "url": "https://nlftp.mlit.go.jp/ksj/gml/data/P14/P14-15/P14-15_17_GML.zip"}, {"filename": "P14-11_17_GML.zip", "url": "https://nlftp.mlit.go.jp/ksj/gml/data/P14/P14-11/P14-11_17_GML.zip"}, {"filename": "P14-23_18_GML.zip", "url": "https://nlftp.mlit.go.jp/ksj/gml/data/P14/P14-23/P14-23_18_GML.zip"}, {"filename": "P14-21_18_GML.zip", "url": "https://nlftp.mlit.go.jp/ksj/gml/data/P14/P14-21/P14-21_18_GML.zip"}, {"filename": "P14-15_18_GML.zip", "url": "https://nlftp.mlit.go.jp/ksj/gml/data/P14/P14-15/P14-15_18_GML.zip"}, {"filename": "P14-11_18_GML.zip", "url": "https://nlftp.mlit.go.jp/ksj/gml/data/P14/P14-11/P14-11_18_GML.zip"}, {"filename": "P14-23_19_GML.zip", "url": "https://nlftp.mlit.go.jp/ksj/gml/data/P14/P14-23/P14-23_19_GML.zip"}, {"filename": "P14-21_19_GML.zip", "url": "https://nlftp.mlit.go.jp/ksj/gml/data/P14/P14-21/P14-21_19_GML.zip"}, {"filename": "P14-15_19_GML.zip", "url": "https://nlftp.mlit.go.jp/ksj/gml/data/P14/P14-15/P14-15_19_GML.zip"}, {"filename": "P14-11_19_GML.zip", "url": "https://nlftp.mlit.go.jp/ksj/gml/data/P14/P14-11/P14-11_19_GML.zip"}, {"filename": "P14-23_20_GML.zip", "url": "https://nlftp.mlit.go.jp/ksj/gml/data/P14/P14-23/P14-23_20_GML.zip"}, {"filename": "P14-21_20_GML.zip", "url": "https://nlftp.mlit.go.jp/ksj/gml/data/P14/P14-21/P14-21_20_GML.zip"}, {"filename": "P14-15_20_GML.zip", "url": "https://nlftp.mlit.go.jp/ksj/gml/data/P14/P14-15/P14-15_20_GML.zip"}, {"filename": "P14-11_20_GML.zip", "url": "https://nlftp.mlit.go.jp/ksj/gml/data/P14/P14-11/P14-11_20_GML.zip"}, {"filename": "P14-23_55_GML.zip", "url": "https://nlftp.mlit.go.jp/ksj/gml/data/P14/P14-23/P14-23_55_GML.zip"}, {"filename": "P14-21_55_GML.zip", "url": "https://nlftp.mlit.go.jp/ksj/gml/data/P14/P14-21/P14-21_55_GML.zip"}, {"filename": "P14-23_21_GML.zip", "url": "https://nlftp.mlit.go.jp/ksj/gml/data/P14/P14-23/P14-23_21_GML.zip"}, {"filename": "P14-21_21_GML.zip", "url": "https://nlftp.mlit.go.jp/ksj/gml/data/P14/P14-21/P14-21_21_GML.zip"}, {"filename": "P14-15_21_GML.zip", "url": "https://nlftp.mlit.go.jp/ksj/gml/data/P14/P14-15/P14-15_21_GML.zip"}, {"filename": "P14-11_21_GML.zip", "url": "https://nlftp.mlit.go.jp/ksj/gml/data/P14/P14-11/P14-11_21_GML.zip"}, {"filename": "P14-23_22_GML.zip", "url": "https://nlftp.mlit.go.jp/ksj/gml/data/P14/P14-23/P14-23_22_GML.zip"}, {"filename": "P14-21_22_GML.zip", "url": "https://nlftp.mlit.go.jp/ksj/gml/data/P14/P14-21/P14-21_22_GML.zip"}, {"filename": "P14-15_22_GML.zip", "url": "https://nlftp.mlit.go.jp/ksj/gml/data/P14/P14-15/P14-15_22_GML.zip"}, {"filename": "P14-11_22_GML.zip", "url": "https://nlftp.mlit.go.jp/ksj/gml/data/P14/P14-11/P14-11_22_GML.zip"}, {"filename": "P14-23_23_GML.zip", "url": "https://nlftp.mlit.go.jp/ksj/gml/data/P14/P14-23/P14-23_23_GML.zip"}, {"filename": "P14-21_23_GML.zip", "url": "https://nlftp.mlit.go.jp/ksj/gml/data/P14/P14-21/P14-21_23_GML.zip"}, {"filename": "P14-15_23_GML.zip", "url": "https://nlftp.mlit.go.jp/ksj/gml/data/P14/P14-15/P14-15_23_GML.zip"}, {"filename": "P14-11_23_GML.zip", "url": "https://nlftp.mlit.go.jp/ksj/gml/data/P14/P14-11/P14-11_23_GML.zip"}, {"filename": "P14-23_24_GML.zip", "url": "https://nlftp.mlit.go.jp/ksj/gml/data/P14/P14-23/P14-23_24_GML.zip"}, {"filename": "P14-21_24_GML.zip", "url": "https://nlftp.mlit.go.jp/ksj/gml/data/P14/P14-21/P14-21_24_GML.zip"}, {"filename": "P14-15_24_GML.zip", "url": "https://nlftp.mlit.go.jp/ksj/gml/data/P14/P14-15/P14-15_24_GML.zip"}, {"filename": "P14-11_24_GML.zip", "url": "https://nlftp.mlit.go.jp/ksj/gml/data/P14/P14-11/P14-11_24_GML.zip"}, {"filename": "P14-23_56_GML.zip", "url": "https://nlftp.mlit.go.jp/ksj/gml/data/P14/P14-23/P14-23_56_GML.zip"}, {"filename": "P14-21_56_GML.zip", "url": "https://nlftp.mlit.go.jp/ksj/gml/data/P14/P14-21/P14-21_56_GML.zip"}, {"filename": "P14-23_25_GML.zip", "url": "https://nlftp.mlit.go.jp/ksj/gml/data/P14/P14-23/P14-23_25_GML.zip"}, {"filename": "P14-21_25_GML.zip", "url": "https://nlftp.mlit.go.jp/ksj/gml/data/P14/P14-21/P14-21_25_GML.zip"}, {"filename": "P14-15_25_GML.zip", "url": "https://nlftp.mlit.go.jp/ksj/gml/data/P14/P14-15/P14-15_25_GML.zip"}, {"filename": "P14-11_25_GML.zip", "url": "https://nlftp.mlit.go.jp/ksj/gml/data/P14/P14-11/P14-11_25_GML.zip"}, {"filename": "P14-23_26_GML.zip", "url": "https://nlftp.mlit.go.jp/ksj/gml/data/P14/P14-23/P14-23_26_GML.zip"}, {"filename": "P14-21_26_GML.zip", "url": "https://nlftp.mlit.go.jp/ksj/gml/data/P14/P14-21/P14-21_26_GML.zip"}, {"filename": "P14-15_26_GML.zip", "url": "https://nlftp.mlit.go.jp/ksj/gml/data/P14/P14-15/P14-15_26_GML.zip"}, {"filename": "P14-11_26_GML.zip", "url": "https://nlftp.mlit.go.jp/ksj/gml/data/P14/P14-11/P14-11_26_GML.zip"}, {"filename": "P14-23_27_GML.zip", "url": "https://nlftp.mlit.go.jp/ksj/gml/data/P14/P14-23/P14-23_27_GML.zip"}, {"filename": "P14-21_27_GML.zip", "url": "https://nlftp.mlit.go.jp/ksj/gml/data/P14/P14-21/P14-21_27_GML.zip"}, {"filename": "P14-11_27_GML.zip", "url": "https://nlftp.mlit.go.jp/ksj/gml/data/P14/P14-11/P14-11_27_GML.zip"}, {"filename": "P14-23_28_GML.zip", "url": "https://nlftp.mlit.go.jp/ksj/gml/data/P14/P14-23/P14-23_28_GML.zip"}, {"filename": "P14-21_28_GML.zip", "url": "https://nlftp.mlit.go.jp/ksj/gml/data/P14/P14-21/P14-21_28_GML.zip"}, {"filename": "P14-15_28_GML.zip", "url": "https://nlftp.mlit.go.jp/ksj/gml/data/P14/P14-15/P14-15_28_GML.zip"}, {"filename": "P14-11_28_GML.zip", "url": "https://nlftp.mlit.go.jp/ksj/gml/data/P14/P14-11/P14-11_28_GML.zip"}, {"filename": "P14-23_29_GML.zip", "url": "https://nlftp.mlit.go.jp/ksj/gml/data/P14/P14-23/P14-23_29_GML.zip"}, {"filename": "P14-21_29_GML.zip", "url": "https://nlftp.mlit.go.jp/ksj/gml/data/P14/P14-21/P14-21_29_GML.zip"}, {"filename": "P14-15_29_GML.zip", "url": "https://nlftp.mlit.go.jp/ksj/gml/data/P14/P14-15/P14-15_29_GML.zip"}, {"filename": "P14-11_29_GML.zip", "url": "https://nlftp.mlit.go.jp/ksj/gml/data/P14/P14-11/P14-11_29_GML.zip"}, {"filename": "P14-23_30_GML.zip", "url": "https://nlftp.mlit.go.jp/ksj/gml/data/P14/P14-23/P14-23_30_GML.zip"}, {"filename": "P14-21_30_GML.zip", "url": "https://nlftp.mlit.go.jp/ksj/gml/data/P14/P14-21/P14-21_30_GML.zip"}, {"filename": "P14-15_30_GML.zip", "url": "https://nlftp.mlit.go.jp/ksj/gml/data/P14/P14-15/P14-15_30_GML.zip"}, {"filename": "P14-11_30_GML.zip", "url": "https://nlftp.mlit.go.jp/ksj/gml/data/P14/P14-11/P14-11_30_GML.zip"}, {"filename": "P14-23_57_GML.zip", "url": "https://nlftp.mlit.go.jp/ksj/gml/data/P14/P14-23/P14-23_57_GML.zip"}, {"filename": "P14-21_57_GML.zip", "url": "https://nlftp.mlit.go.jp/ksj/gml/data/P14/P14-21/P14-21_57_GML.zip"}, {"filename": "P14-23_31_GML.zip", "url": "https://nlftp.mlit.go.jp/ksj/gml/data/P14/P14-23/P14-23_31_GML.zip"}, {"filename": "P14-21_31_GML.zip", "url": "https://nlftp.mlit.go.jp/ksj/gml/data/P14/P14-21/P14-21_31_GML.zip"}, {"filename": "P14-15_31_GML.zip", "url": "https://nlftp.mlit.go.jp/ksj/gml/data/P14/P14-15/P14-15_31_GML.zip"}, {"filename": "P14-11_31_GML.zip", "url": "https://nlftp.mlit.go.jp/ksj/gml/data/P14/P14-11/P14-11_31_GML.zip"}, {"filename": "P14-23_32_GML.zip", "url": "https://nlftp.mlit.go.jp/ksj/gml/data/P14/P14-23/P14-23_32_GML.zip"}, {"filename": "P14-21_32_GML.zip", "url": "https://nlftp.mlit.go.jp/ksj/gml/data/P14/P14-21/P14-21_32_GML.zip"}, {"filename": "P14-15_32_GML.zip", "url": "https://nlftp.mlit.go.jp/ksj/gml/data/P14/P14-15/P14-15_32_GML.zip"}, {"filename": "P14-11_32_GML.zip", "url": "https://nlftp.mlit.go.jp/ksj/gml/data/P14/P14-11/P14-11_32_GML.zip"}, {"filename": "P14-23_33_GML.zip", "url": "https://nlftp.mlit.go.jp/ksj/gml/data/P14/P14-23/P14-23_33_GML.zip"}, {"filename": "P14-21_33_GML.zip", "url": "https://nlftp.mlit.go.jp/ksj/gml/data/P14/P14-21/P14-21_33_GML.zip"}, {"filename": "P14-15_33_GML.zip", "url": "https://nlftp.mlit.go.jp/ksj/gml/data/P14/P14-15/P14-15_33_GML.zip"}, {"filename": "P14-11_33_GML.zip", "url": "https://nlftp.mlit.go.jp/ksj/gml/data/P14/P14-11/P14-11_33_GML.zip"}, {"filename": "P14-23_34_GML.zip", "url": "https://nlftp.mlit.go.jp/ksj/gml/data/P14/P14-23/P14-23_34_GML.zip"}, {"filename": "P14-21_34_GML.zip", "url": "https://nlftp.mlit.go.jp/ksj/gml/data/P14/P14-21/P14-21_34_GML.zip"}, {"filename": "P14-15_34_GML.zip", "url": "https://nlftp.mlit.go.jp/ksj/gml/data/P14/P14-15/P14-15_34_GML.zip"}, {"filename": "P14-11_34_GML.zip", "url": "https://nlftp.mlit.go.jp/ksj/gml/data/P14/P14-11/P14-11_34_GML.zip"}, {"filename": "P14-23_35_GML.zip", "url": "https://nlftp.mlit.go.jp/ksj/gml/data/P14/P14-23/P14-23_35_GML.zip"}, {"filename": "P14-21_35_GML.zip", "url": "https://nlftp.mlit.go.jp/ksj/gml/data/P14/P14-21/P14-21_35_GML.zip"}, {"filename": "P14-15_35_GML.zip", "url": "https://nlftp.mlit.go.jp/ksj/gml/data/P14/P14-15/P14-15_35_GML.zip"}, {"filename": "P14-11_35_GML.zip", "url": "https://nlftp.mlit.go.jp/ksj/gml/data/P14/P14-11/P14-11_35_GML.zip"}, {"filename": "P14-23_58_GML.zip", "url": "https://nlftp.mlit.go.jp/ksj/gml/data/P14/P14-23/P14-23_58_GML.zip"}, {"filename": "P14-21_58_GML.zip", "url": "https://nlftp.mlit.go.jp/ksj/gml/data/P14/P14-21/P14-21_58_GML.zip"}, {"filename": "P14-23_36_GML.zip", "url": "https://nlftp.mlit.go.jp/ksj/gml/data/P14/P14-23/P14-23_36_GML.zip"}, {"filename": "P14-21_36_GML.zip", "url": "https://nlftp.mlit.go.jp/ksj/gml/data/P14/P14-21/P14-21_36_GML.zip"}, {"filename": "P14-15_36_GML.zip", "url": "https://nlftp.mlit.go.jp/ksj/gml/data/P14/P14-15/P14-15_36_GML.zip"}, {"filename": "P14-11_36_GML.zip", "url": "https://nlftp.mlit.go.jp/ksj/gml/data/P14/P14-11/P14-11_36_GML.zip"}, {"filename": "P14-23_37_GML.zip", "url": "https://nlftp.mlit.go.jp/ksj/gml/data/P14/P14-23/P14-23_37_GML.zip"}, {"filename": "P14-21_37_GML.zip", "url": "https://nlftp.mlit.go.jp/ksj/gml/data/P14/P14-21/P14-21_37_GML.zip"}, {"filename": "P14-15_37_GML.zip", "url": "https://nlftp.mlit.go.jp/ksj/gml/data/P14/P14-15/P14-15_37_GML.zip"}, {"filename": "P14-11_37_GML.zip", "url": "https://nlftp.mlit.go.jp/ksj/gml/data/P14/P14-11/P14-11_37_GML.zip"}, {"filename": "P14-23_38_GML.zip", "url": "https://nlftp.mlit.go.jp/ksj/gml/data/P14/P14-23/P14-23_38_GML.zip"}, {"filename": "P14-21_38_GML.zip", "url": "https://nlftp.mlit.go.jp/ksj/gml/data/P14/P14-21/P14-21_38_GML.zip"}, {"filename": "P14-15_38_GML.zip", "url": "https://nlftp.mlit.go.jp/ksj/gml/data/P14/P14-15/P14-15_38_GML.zip"}, {"filename": "P14-11_38_GML.zip", "url": "https://nlftp.mlit.go.jp/ksj/gml/data/P14/P14-11/P14-11_38_GML.zip"}, {"filename": "P14-23_39_GML.zip", "url": "https://nlftp.mlit.go.jp/ksj/gml/data/P14/P14-23/P14-23_39_GML.zip"}, {"filename": "P14-21_39_GML.zip", "url": "https://nlftp.mlit.go.jp/ksj/gml/data/P14/P14-21/P14-21_39_GML.zip"}, {"filename": "P14-15_39_GML.zip", "url": "https://nlftp.mlit.go.jp/ksj/gml/data/P14/P14-15/P14-15_39_GML.zip"}, {"filename": "P14-11_39_GML.zip", "url": "https://nlftp.mlit.go.jp/ksj/gml/data/P14/P14-11/P14-11_39_GML.zip"}, {"filename": "P14-23_59_GML.zip", "url": "https://nlftp.mlit.go.jp/ksj/gml/data/P14/P14-23/P14-23_59_GML.zip"}, {"filename": "P14-21_59_GML.zip", "url": "https://nlftp.mlit.go.jp/ksj/gml/data/P14/P14-21/P14-21_59_GML.zip"}, {"filename": "P14-23_40_GML.zip", "url": "https://nlftp.mlit.go.jp/ksj/gml/data/P14/P14-23/P14-23_40_GML.zip"}, {"filename": "P14-21_40_GML.zip", "url": "https://nlftp.mlit.go.jp/ksj/gml/data/P14/P14-21/P14-21_40_GML.zip"}, {"filename": "P14-15_40_GML.zip", "url": "https://nlftp.mlit.go.jp/ksj/gml/data/P14/P14-15/P14-15_40_GML.zip"}, {"filename": "P14-11_40_GML.zip", "url": "https://nlftp.mlit.go.jp/ksj/gml/data/P14/P14-11/P14-11_40_GML.zip"}, {"filename": "P14-23_41_GML.zip", "url": "https://nlftp.mlit.go.jp/ksj/gml/data/P14/P14-23/P14-23_41_GML.zip"}, {"filename": "P14-21_41_GML.zip", "url": "https://nlftp.mlit.go.jp/ksj/gml/data/P14/P14-21/P14-21_41_GML.zip"}, {"filename": "P14-15_41_GML.zip", "url": "https://nlftp.mlit.go.jp/ksj/gml/data/P14/P14-15/P14-15_41_GML.zip"}, {"filename": "P14-11_41_GML.zip", "url": "https://nlftp.mlit.go.jp/ksj/gml/data/P14/P14-11/P14-11_41_GML.zip"}, {"filename": "P14-23_42_GML.zip", "url": "https://nlftp.mlit.go.jp/ksj/gml/data/P14/P14-23/P14-23_42_GML.zip"}, {"filename": "P14-21_42_GML.zip", "url": "https://nlftp.mlit.go.jp/ksj/gml/data/P14/P14-21/P14-21_42_GML.zip"}, {"filename": "P14-15_42_GML.zip", "url": "https://nlftp.mlit.go.jp/ksj/gml/data/P14/P14-15/P14-15_42_GML.zip"}, {"filename": "P14-11_42_GML.zip", "url": "https://nlftp.mlit.go.jp/ksj/gml/data/P14/P14-11/P14-11_42_GML.zip"}, {"filename": "P14-23_43_GML.zip", "url": "https://nlftp.mlit.go.jp/ksj/gml/data/P14/P14-23/P14-23_43_GML.zip"}, {"filename": "P14-21_43_GML.zip", "url": "https://nlftp.mlit.go.jp/ksj/gml/data/P14/P14-21/P14-21_43_GML.zip"}, {"filename": "P14-15_43_GML.zip", "url": "https://nlftp.mlit.go.jp/ksj/gml/data/P14/P14-15/P14-15_43_GML.zip"}, {"filename": "P14-11_43_GML.zip", "url": "https://nlftp.mlit.go.jp/ksj/gml/data/P14/P14-11/P14-11_43_GML.zip"}, {"filename": "P14-23_44_GML.zip", "url": "https://nlftp.mlit.go.jp/ksj/gml/data/P14/P14-23/P14-23_44_GML.zip"}, {"filename": "P14-21_44_GML.zip", "url": "https://nlftp.mlit.go.jp/ksj/gml/data/P14/P14-21/P14-21_44_GML.zip"}, {"filename": "P14-15_44_GML.zip", "url": "https://nlftp.mlit.go.jp/ksj/gml/data/P14/P14-15/P14-15_44_GML.zip"}, {"filename": "P14-11_44_GML.zip", "url": "https://nlftp.mlit.go.jp/ksj/gml/data/P14/P14-11/P14-11_44_GML.zip"}, {"filename": "P14-23_45_GML.zip", "url": "https://nlftp.mlit.go.jp/ksj/gml/data/P14/P14-23/P14-23_45_GML.zip"}, {"filename": "P14-21_45_GML.zip", "url": "https://nlftp.mlit.go.jp/ksj/gml/data/P14/P14-21/P14-21_45_GML.zip"}, {"filename": "P14-15_45_GML.zip", "url": "https://nlftp.mlit.go.jp/ksj/gml/data/P14/P14-15/P14-15_45_GML.zip"}, {"filename": "P14-11_45_GML.zip", "url": "https://nlftp.mlit.go.jp/ksj/gml/data/P14/P14-11/P14-11_45_GML.zip"}, {"filename": "P14-23_46_GML.zip", "url": "https://nlftp.mlit.go.jp/ksj/gml/data/P14/P14-23/P14-23_46_GML.zip"}, {"filename": "P14-21_46_GML.zip", "url": "https://nlftp.mlit.go.jp/ksj/gml/data/P14/P14-21/P14-21_46_GML.zip"}, {"filename": "P14-15_46_GML.zip", "url": "https://nlftp.mlit.go.jp/ksj/gml/data/P14/P14-15/P14-15_46_GML.zip"}, {"filename": "P14-11_46_GML.zip", "url": "https://nlftp.mlit.go.jp/ksj/gml/data/P14/P14-11/P14-11_46_GML.zip"}, {"filename": "P14-23_47_GML.zip", "url": "https://nlftp.mlit.go.jp/ksj/gml/data/P14/P14-23/P14-23_47_GML.zip"}, {"filename": "P14-21_47_GML.zip", "url": "https://nlftp.mlit.go.jp/ksj/gml/data/P14/P14-21/P14-21_47_GML.zip"}, {"filename": "P14-15_47_GML.zip", "url": "https://nlftp.mlit.go.jp/ksj/gml/data/P14/P14-15/P14-15_47_GML.zip"}, {"filename": "P14-11_47_GML.zip", "url": "https://nlftp.mlit.go.jp/ksj/gml/data/P14/P14-11/P14-11_47_GML.zip"}]