全国,世界測地系,2023年（令和5年）,41.4MB,P14-23_GML.zip
北海道,世界測地系,2023年（令和5年）,2.1MB,P14-23_01_GML.zip
北海道,世界測地系,2021年（令和3年）,1.31MB,P14-21_01_GML.zip
北海道,世界測地系,2015年（平成27年）,0.41MB,P14-15_01_GML.zip
北海道,世界測地系,2011年（平成23年）,0.38MB,P14-11_01_GML.zip
東北地方,世界測地系,2023年（令和5年）,3.47MB,P14-23_52_GML.zip
東北地方,世界測地系,2021年（令和3年）,3.09MB,P14-21_52_GML.zip
青森,世界測地系,2023年（令和5年）,0.24MB,P14-23_02_GML.zip
青森,世界測地系,2021年（令和3年）,0.24MB,P14-21_02_GML.zip
青森,世界測地系,2015年（平成27年）,0.24MB,P14-15_02_GML.zip
青森,世界測地系,2011年（平成23年）,0.15MB,P14-11_02_GML.zip
岩手,世界測地系,2023年（令和5年）,0.6MB,P14-23_03_GML.zip
岩手,世界測地系,2021年（令和3年）,0.62MB,P14-21_03_GML.zip
岩手,世界測地系,2015年（平成27年）,0.13MB,P14-15_03_GML.zip
岩手,世界測地系,2011年（平成23年）,0.12MB,P14-11_03_GML.zip
宮城,世界測地系,2023年（令和5年）,1.03MB,P14-23_04_GML.zip
宮城,世界測地系,2021年（令和3年）,0.78MB,P14-21_04_GML.zip
宮城,世界測地系,2015年（平成27年）,0.38MB,P14-15_04_GML.zip
宮城,世界測地系,2011年（平成23年）,0.19MB,P14-11_04_GML.zip
秋田,世界測地系,2023年（令和5年）,0.42MB,P14-23_05_GML.zip
秋田,世界測地系,2021年（令和3年）,0.34MB,P14-21_05_GML.zip
秋田,世界測地系,2015年（平成27年）,0.13MB,P14-15_05_GML.zip
秋田,世界測地系,2011年（平成23年）,0.10MB,P14-11_05_GML.zip
山形,世界測地系,2023年（令和5年）,0.6MB,P14-23_06_GML.zip
山形,世界測地系,2021年（令和3年）,0.59MB,P14-21_06_GML.zip
山形,世界測地系,2015年（平成27年）,0.08MB,P14-15_06_GML.zip
山形,世界測地系,2011年（平成23年）,0.10MB,P14-11_06_GML.zip
福島,世界測地系,2023年（令和5年）,0.61MB,P14-23_07_GML.zip
福島,世界測地系,2021年（令和3年）,0.55MB,P14-21_07_GML.zip
福島,世界測地系,2015年（平成27年）,0.30MB,P14-15_07_GML.zip
福島,世界測地系,2011年（平成23年）,0.15MB,P14-11_07_GML.zip
関東地方,世界測地系,2023年（令和5年）,9.55MB,P14-23_53_GML.zip
関東地方,世界測地系,2021年（令和3年）,8.38MB,P14-21_53_GML.zip
茨城,世界測地系,2023年（令和5年）,0.82MB,P14-23_08_GML.zip
茨城,世界測地系,2021年（令和3年）,0.84MB,P14-21_08_GML.zip
茨城,世界測地系,2015年（平成27年）,0.41MB,P14-15_08_GML.zip
茨城,世界測地系,2011年（平成23年）,0.21MB,P14-11_08_GML.zip
栃木,世界測地系,2023年（令和5年）,0.19MB,P14-23_09_GML.zip
栃木,世界測地系,2021年（令和3年）,0.18MB,P14-21_09_GML.zip
栃木,世界測地系,2015年（平成27年）,0.18MB,P14-15_09_GML.zip
栃木,世界測地系,2011年（平成23年）,0.10MB,P14-11_09_GML.zip
群馬,世界測地系,2023年（令和5年）,1.03MB,P14-23_10_GML.zip
群馬,世界測地系,2021年（令和3年）,1.1MB,P14-21_10_GML.zip
群馬,世界測地系,2015年（平成27年）,0.40MB,P14-15_10_GML.zip
群馬,世界測地系,2011年（平成23年）,0.18MB,P14-11_10_GML.zip
埼玉,世界測地系,2023年（令和5年）,2.37MB,P14-23_11_GML.zip
埼玉,世界測地系,2021年（令和3年）,1.46MB,P14-21_11_GML.zip
埼玉,世界測地系,2015年（平成27年）,0.55MB,P14-15_11_GML.zip
埼玉,世界測地系,2011年（平成23年）,0.31MB,P14-11_11_GML.zip
千葉,世界測地系,2023年（令和5年）,0.97MB,P14-23_12_GML.zip
千葉,世界測地系,2021年（令和3年）,0.94MB,P14-21_12_GML.zip
千葉,世界測地系,2015年（平成27年）,0.56MB,P14-15_12_GML.zip
千葉,世界測地系,2011年（平成23年）,0.31MB,P14-11_12_GML.zip
東京,世界測地系,2023年（令和5年）,2.46MB,P14-23_13_GML.zip
東京,世界測地系,2021年（令和3年）,1.96MB,P14-21_13_GML.zip
東京,世界測地系,2015年（平成27年）,0.56MB,P14-15_13_GML.zip
東京,世界測地系,2011年（平成23年）,0.49MB,P14-11_13_GML.zip
神奈川,世界測地系,2023年（令和5年）,1.81MB,P14-23_14_GML.zip
神奈川,世界測地系,2021年（令和3年）,1.96MB,P14-21_14_GML.zip
神奈川,世界測地系,2015年（平成27年）,0.96MB,P14-15_14_GML.zip
神奈川,世界測地系,2011年（平成23年）,0.37MB,P14-11_14_GML.zip
甲信越・北陸地方,世界測地系,2023年（令和5年）,3.2MB,P14-23_54_GML.zip
甲信越・北陸地方,世界測地系,2021年（令和3年）,3.15MB,P14-21_54_GML.zip
新潟,世界測地系,2023年（令和5年）,0.85MB,P14-23_15_GML.zip
新潟,世界測地系,2021年（令和3年）,0.86MB,P14-21_15_GML.zip
新潟,世界測地系,2015年（平成27年）,0.37MB,P14-15_15_GML.zip
新潟,世界測地系,2011年（平成23年）,0.16MB,P14-11_15_GML.zip
富山,世界測地系,2023年（令和5年）,0.44MB,P14-23_16_GML.zip
富山,世界測地系,2021年（令和3年）,0.40MB,P14-21_16_GML.zip
富山,世界測地系,2015年（平成27年）,0.18MB,P14-15_16_GML.zip
富山,世界測地系,2011年（平成23年）,0.10MB,P14-11_16_GML.zip
石川,世界測地系,2023年（令和5年）,0.57MB,P14-23_17_GML.zip
石川,世界測地系,2021年（令和3年）,0.66MB,P14-21_17_GML.zip
石川,世界測地系,2015年（平成27年）,0.03MB,P14-15_17_GML.zip
石川,世界測地系,2011年（平成23年）,0.12MB,P14-11_17_GML.zip
福井,世界測地系,2023年（令和5年）,0.32MB,P14-23_18_GML.zip
福井,世界測地系,2021年（令和3年）,0.31MB,P14-21_18_GML.zip
福井,世界測地系,2015年（平成27年）,0.06MB,P14-15_18_GML.zip
福井,世界測地系,2011年（平成23年）,0.07MB,P14-11_18_GML.zip
山梨,世界測地系,2023年（令和5年）,0.34MB,P14-23_19_GML.zip
山梨,世界測地系,2021年（令和3年）,0.24MB,P14-21_19_GML.zip
山梨,世界測地系,2015年（平成27年）,0.12MB,P14-15_19_GML.zip
山梨,世界測地系,2011年（平成23年）,0.07MB,P14-11_19_GML.zip
長野,世界測地系,2023年（令和5年）,0.71MB,P14-23_20_GML.zip
長野,世界測地系,2021年（令和3年）,0.71MB,P14-21_20_GML.zip
長野,世界測地系,2015年（平成27年）,0.35MB,P14-15_20_GML.zip
長野,世界測地系,2011年（平成23年）,0.16MB,P14-11_20_GML.zip
東海地方,世界測地系,2023年（令和5年）,3.52MB,P14-23_55_GML.zip
東海地方,世界測地系,2021年（令和3年）,1.86MB,P14-21_55_GML.zip
岐阜,世界測地系,2023年（令和5年）,0.54MB,P14-23_21_GML.zip
岐阜,世界測地系,2021年（令和3年）,0.54MB,P14-21_21_GML.zip
岐阜,世界測地系,2015年（平成27年）,0.29MB,P14-15_21_GML.zip
岐阜,世界測地系,2011年（平成23年）,0.18MB,P14-11_21_GML.zip
静岡,世界測地系,2023年（令和5年）,1.95MB,P14-23_22_GML.zip
静岡,世界測地系,2021年（令和3年）,0.59MB,P14-21_22_GML.zip
静岡,世界測地系,2015年（平成27年）,0.28MB,P14-15_22_GML.zip
静岡,世界測地系,2011年（平成23年）,0.19MB,P14-11_22_GML.zip
愛知,世界測地系,2023年（令和5年）,0.67MB,P14-23_23_GML.zip
愛知,世界測地系,2021年（令和3年）,0.40MB,P14-21_23_GML.zip
愛知,世界測地系,2015年（平成27年）,0.36MB,P14-15_23_GML.zip
愛知,世界測地系,2011年（平成23年）,0.40MB,P14-11_23_GML.zip
三重,世界測地系,2023年（令和5年）,0.39MB,P14-23_24_GML.zip
三重,世界測地系,2021年（令和3年）,0.34MB,P14-21_24_GML.zip
三重,世界測地系,2015年（平成27年）,0.22MB,P14-15_24_GML.zip
三重,世界測地系,2011年（平成23年）,0.12MB,P14-11_24_GML.zip
近畿地方,世界測地系,2023年（令和5年）,7.93MB,P14-23_56_GML.zip
近畿地方,世界測地系,2021年（令和3年）,5.21MB,P14-21_56_GML.zip
滋賀,世界測地系,2023年（令和5年）,0.7MB,P14-23_25_GML.zip
滋賀,世界測地系,2021年（令和3年）,0.22MB,P14-21_25_GML.zip
滋賀,世界測地系,2015年（平成27年）,0.18MB,P14-15_25_GML.zip
滋賀,世界測地系,2011年（平成23年）,0.08MB,P14-11_25_GML.zip
京都,世界測地系,2023年（令和5年）,1.14MB,P14-23_26_GML.zip
京都,世界測地系,2021年（令和3年）,0.91MB,P14-21_26_GML.zip
京都,世界測地系,2015年（平成27年）,0.24MB,P14-15_26_GML.zip
京都,世界測地系,2011年（平成23年）,0.20MB,P14-11_26_GML.zip
大阪,世界測地系,2023年（令和5年）,3.98MB,P14-23_27_GML.zip
大阪,世界測地系,2021年（令和3年）,2.24MB,P14-21_27_GML.zip
大阪,世界測地系,2011年（平成23年）,0.38MB,P14-11_27_GML.zip
兵庫,世界測地系,2023年（令和5年）,1.56MB,P14-23_28_GML.zip
兵庫,世界測地系,2021年（令和3年）,1.28MB,P14-21_28_GML.zip
兵庫,世界測地系,2015年（平成27年）,0.15MB,P14-15_28_GML.zip
兵庫,世界測地系,2011年（平成23年）,0.34MB,P14-11_28_GML.zip
奈良,世界測地系,2023年（令和5年）,0.29MB,P14-23_29_GML.zip
奈良,世界測地系,2021年（令和3年）,0.30MB,P14-21_29_GML.zip
奈良,世界測地系,2015年（平成27年）,0.28MB,P14-15_29_GML.zip
奈良,世界測地系,2011年（平成23年）,0.12MB,P14-11_29_GML.zip
和歌山,世界測地系,2023年（令和5年）,0.33MB,P14-23_30_GML.zip
和歌山,世界測地系,2021年（令和3年）,0.31MB,P14-21_30_GML.zip
和歌山,世界測地系,2015年（平成27年）,0.20MB,P14-15_30_GML.zip
和歌山,世界測地系,2011年（平成23年）,0.11MB,P14-11_30_GML.zip
中国地方,世界測地系,2023年（令和5年）,2.51MB,P14-23_57_GML.zip
中国地方,世界測地系,2021年（令和3年）,5.20MB,P14-21_57_GML.zip
鳥取,世界測地系,2023年（令和5年）,0.17MB,P14-23_31_GML.zip
鳥取,世界測地系,2021年（令和3年）,0.15MB,P14-21_31_GML.zip
鳥取,世界測地系,2015年（平成27年）,0.05MB,P14-15_31_GML.zip
鳥取,世界測地系,2011年（平成23年）,0.06MB,P14-11_31_GML.zip
島根,世界測地系,2023年（令和5年）,0.25MB,P14-23_32_GML.zip
島根,世界測地系,2021年（令和3年）,0.17MB,P14-21_32_GML.zip
島根,世界測地系,2015年（平成27年）,0.12MB,P14-15_32_GML.zip
島根,世界測地系,2011年（平成23年）,0.10MB,P14-11_32_GML.zip
岡山,世界測地系,2023年（令和5年）,0.68MB,P14-23_33_GML.zip
岡山,世界測地系,2021年（令和3年）,0.75MB,P14-21_33_GML.zip
岡山,世界測地系,2015年（平成27年）,0.31MB,P14-15_33_GML.zip
岡山,世界測地系,2011年（平成23年）,0.13MB,P14-11_33_GML.zip
広島,世界測地系,2023年（令和5年）,1.06MB,P14-23_34_GML.zip
広島,世界測地系,2021年（令和3年）,0.78MB,P14-21_34_GML.zip
広島,世界測地系,2015年（平成27年）,0.34MB,P14-15_34_GML.zip
広島,世界測地系,2011年（平成23年）,0.16MB,P14-11_34_GML.zip
山口,世界測地系,2023年（令和5年）,0.37MB,P14-23_35_GML.zip
山口,世界測地系,2021年（令和3年）,0.36MB,P14-21_35_GML.zip
山口,世界測地系,2015年（平成27年）,0.11MB,P14-15_35_GML.zip
山口,世界測地系,2011年（平成23年）,0.12MB,P14-11_35_GML.zip
四国地方,世界測地系,2023年（令和5年）,2.38MB,P14-23_58_GML.zip
四国地方,世界測地系,2021年（令和3年）,2.43MB,P14-21_58_GML.zip
徳島,世界測地系,2023年（令和5年）,0.61MB,P14-23_36_GML.zip
徳島,世界測地系,2021年（令和3年）,0.66MB,P14-21_36_GML.zip
徳島,世界測地系,2015年（平成27年）,0.11MB,P14-15_36_GML.zip
徳島,世界測地系,2011年（平成23年）,0.09MB,P14-11_36_GML.zip
香川,世界測地系,2023年（令和5年）,0.34MB,P14-23_37_GML.zip
香川,世界測地系,2021年（令和3年）,0.31MB,P14-21_37_GML.zip
香川,世界測地系,2015年（平成27年）,0.18MB,P14-15_37_GML.zip
香川,世界測地系,2011年（平成23年）,0.08MB,P14-11_37_GML.zip
愛媛,世界測地系,2023年（令和5年）,0.94MB,P14-23_38_GML.zip
愛媛,世界測地系,2021年（令和3年）,0.99MB,P14-21_38_GML.zip
愛媛,世界測地系,2015年（平成27年）,0.22MB,P14-15_38_GML.zip
愛媛,世界測地系,2011年（平成23年）,0.10MB,P14-11_38_GML.zip
高知,世界測地系,2023年（令和5年）,0.52MB,P14-23_39_GML.zip
高知,世界測地系,2021年（令和3年）,0.49MB,P14-21_39_GML.zip
高知,世界測地系,2015年（平成27年）,0.09MB,P14-15_39_GML.zip
高知,世界測地系,2011年（平成23年）,0.08MB,P14-11_39_GML.zip
九州地方,世界測地系,2023年（令和5年）,5.78MB,P14-23_59_GML.zip
九州地方,世界測地系,2021年（令和3年）,5.10MB,P14-21_59_GML.zip
福岡,世界測地系,2023年（令和5年）,1.9MB,P14-23_40_GML.zip
福岡,世界測地系,2021年（令和3年）,2.18MB,P14-21_40_GML.zip
福岡,世界測地系,2015年（平成27年）,0.46MB,P14-15_40_GML.zip
福岡,世界測地系,2011年（平成23年）,0.36MB,P14-11_40_GML.zip
佐賀,世界測地系,2023年（令和5年）,0.37MB,P14-23_41_GML.zip
佐賀,世界測地系,2021年（令和3年）,0.33MB,P14-21_41_GML.zip
佐賀,世界測地系,2015年（平成27年）,0.16MB,P14-15_41_GML.zip
佐賀,世界測地系,2011年（平成23年）,0.11MB,P14-11_41_GML.zip
長崎,世界測地系,2023年（令和5年）,1.06MB,P14-23_42_GML.zip
長崎,世界測地系,2021年（令和3年）,0.57MB,P14-21_42_GML.zip
長崎,世界測地系,2015年（平成27年）,0.10MB,P14-15_42_GML.zip
長崎,世界測地系,2011年（平成23年）,0.13MB,P14-11_42_GML.zip
熊本,世界測地系,2023年（令和5年）,0.58MB,P14-23_43_GML.zip
熊本,世界測地系,2021年（令和3年）,0.63MB,P14-21_43_GML.zip
熊本,世界測地系,2015年（平成27年）,0.25MB,P14-15_43_GML.zip
熊本,世界測地系,2011年（平成23年）,0.15MB,P14-11_43_GML.zip
大分,世界測地系,2023年（令和5年）,0.52MB,P14-23_44_GML.zip
大分,世界測地系,2021年（令和3年）,0.18MB,P14-21_44_GML.zip
大分,世界測地系,2015年（平成27年）,0.13MB,P14-15_44_GML.zip
大分,世界測地系,2011年（平成23年）,0.18MB,P14-11_44_GML.zip
宮崎,世界測地系,2023年（令和5年）,0.65MB,P14-23_45_GML.zip
宮崎,世界測地系,2021年（令和3年）,0.49MB,P14-21_45_GML.zip
宮崎,世界測地系,2015年（平成27年）,0.23MB,P14-15_45_GML.zip
宮崎,世界測地系,2011年（平成23年）,0.12MB,P14-11_45_GML.zip
鹿児島,世界測地系,2023年（令和5年）,0.75MB,P14-23_46_GML.zip
鹿児島,世界測地系,2021年（令和3年）,0.75MB,P14-21_46_GML.zip
鹿児島,世界測地系,2015年（平成27年）,0.37MB,P14-15_46_GML.zip
鹿児島,世界測地系,2011年（平成23年）,0.16MB,P14-11_46_GML.zip
沖縄,世界測地系,2023年（令和5年）,1.01MB,P14-23_47_GML.zip
沖縄,世界測地系,2021年（令和3年）,0.75MB,P14-21_47_GML.zip
沖縄,世界測地系,2015年（平成27年）,0.16MB,P14-15_47_GML.zip
沖縄,世界測地系,2011年（平成23年）,0.13MB,P14-11_47_GML.zip