北海道,世界測地系,2012年（平成24年）,15.29MB,P17-12_01_GML.zip
青森,世界測地系,2012年（平成24年）,3.50MB,P17-12_02_GML.zip
岩手,世界測地系,2012年（平成24年）,3.98MB,P17-12_03_GML.zip
宮城,世界測地系,2012年（平成24年）,3.74MB,P17-12_04_GML.zip
秋田,世界測地系,2012年（平成24年）,2.16MB,P17-12_05_GML.zip
山形,世界測地系,2012年（平成24年）,1.29MB,P17-12_06_GML.zip
福島,世界測地系,2012年（平成24年）,4.13MB,P17-12_07_GML.zip
茨城,世界測地系,2012年（平成24年）,1.92MB,P17-12_08_GML.zip
栃木,世界測地系,2012年（平成24年）,1.59MB,P17-12_09_GML.zip
群馬,世界測地系,2012年（平成24年）,1.78MB,P17-12_10_GML.zip
埼玉,世界測地系,2012年（平成24年）,1.65MB,P17-12_11_GML.zip
千葉,世界測地系,2012年（平成24年）,2.97MB,P17-12_12_GML.zip
東京,世界測地系,2012年（平成24年）,3.90MB,P17-12_13_GML.zip
神奈川,世界測地系,2012年（平成24年）,2.08MB,P17-12_14_GML.zip
新潟,世界測地系,2012年（平成24年）,3.63MB,P17-12_15_GML.zip
富山,世界測地系,2012年（平成24年）,1.23MB,P17-12_16_GML.zip
石川,世界測地系,2012年（平成24年）,2.14MB,P17-12_17_GML.zip
福井,世界測地系,2012年（平成24年）,2.09MB,P17-12_18_GML.zip
山梨,世界測地系,2012年（平成24年）,1.91MB,P17-12_19_GML.zip
長野,世界測地系,2012年（平成24年）,3.30MB,P17-12_20_GML.zip
岐阜,世界測地系,2012年（平成24年）,2.74MB,P17-12_21_GML.zip
静岡,世界測地系,2012年（平成24年）,3.34MB,P17-12_22_GML.zip
愛知,世界測地系,2012年（平成24年）,2.55MB,P17-12_23_GML.zip
三重,世界測地系,2012年（平成24年）,3.83MB,P17-12_24_GML.zip
滋賀,世界測地系,2012年（平成24年）,1.12MB,P17-12_25_GML.zip
京都,世界測地系,2012年（平成24年）,2.09MB,P17-12_26_GML.zip
大阪,世界測地系,2012年（平成24年）,1.30MB,P17-12_27_GML.zip
兵庫,世界測地系,2012年（平成24年）,3.55MB,P17-12_28_GML.zip
奈良,世界測地系,2012年（平成24年）,1.27MB,P17-12_29_GML.zip
和歌山,世界測地系,2012年（平成24年）,2.67MB,P17-12_30_GML.zip
鳥取,世界測地系,2012年（平成24年）,0.92MB,P17-12_31_GML.zip
島根,世界測地系,2012年（平成24年）,3.14MB,P17-12_32_GML.zip
岡山,世界測地系,2012年（平成24年）,2.61MB,P17-12_33_GML.zip
広島,世界測地系,2012年（平成24年）,3.31MB,P17-12_34_GML.zip
山口,世界測地系,2012年（平成24年）,4.05MB,P17-12_35_GML.zip
徳島,世界測地系,2012年（平成24年）,1.77MB,P17-12_36_GML.zip
香川,世界測地系,2012年（平成24年）,1.54MB,P17-12_37_GML.zip
愛媛,世界測地系,2012年（平成24年）,3.53MB,P17-12_38_GML.zip
高知,世界測地系,2012年（平成24年）,3.36MB,P17-12_39_GML.zip
福岡,世界測地系,2012年（平成24年）,2.61MB,P17-12_40_GML.zip
佐賀,世界測地系,2012年（平成24年）,1.13MB,P17-12_41_GML.zip
長崎,世界測地系,2012年（平成24年）,9.83MB,P17-12_42_GML.zip
熊本,世界測地系,2012年（平成24年）,3.40MB,P17-12_43_GML.zip
大分,世界測地系,2012年（平成24年）,2.58MB,P17-12_44_GML.zip
宮崎,世界測地系,2012年（平成24年）,2.39MB,P17-12_45_GML.zip
鹿児島,世界測地系,2012年（平成24年）,8.89MB,P17-12_46_GML.zip
沖縄,世界測地系,2012年（平成24年）,3.64MB,P17-12_47_GML.zip