北海道,世界測地系,2012年（平成24年）,12.60MB,P18-12_01_GML.zip
青森,世界測地系,2012年（平成24年）,2.60MB,P18-12_02_GML.zip
岩手,世界測地系,2012年（平成24年）,3.59MB,P18-12_03_GML.zip
宮城,世界測地系,2012年（平成24年）,3.65MB,P18-12_04_GML.zip
秋田,世界測地系,2012年（平成24年）,1.72MB,P18-12_05_GML.zip
山形,世界測地系,2012年（平成24年）,1.34MB,P18-12_06_GML.zip
福島,世界測地系,2012年（平成24年）,3.70MB,P18-12_07_GML.zip
茨城,世界測地系,2012年（平成24年）,1.28MB,P18-12_08_GML.zip
栃木,世界測地系,2012年（平成24年）,1.51MB,P18-12_09_GML.zip
群馬,世界測地系,2012年（平成24年）,1.20MB,P18-12_10_GML.zip
埼玉,世界測地系,2012年（平成24年）,1.44MB,P18-12_11_GML.zip
千葉,世界測地系,2012年（平成24年）,2.22MB,P18-12_12_GML.zip
東京,世界測地系,2012年（平成24年）,4.02MB,P18-12_13_GML.zip
神奈川,世界測地系,2012年（平成24年）,1.95MB,P18-12_14_GML.zip
新潟,世界測地系,2012年（平成24年）,3.29MB,P18-12_15_GML.zip
富山,世界測地系,2012年（平成24年）,0.94MB,P18-12_16_GML.zip
石川,世界測地系,2012年（平成24年）,1.88MB,P18-12_17_GML.zip
福井,世界測地系,2012年（平成24年）,1.86MB,P18-12_18_GML.zip
山梨,世界測地系,2012年（平成24年）,1.67MB,P18-12_19_GML.zip
長野,世界測地系,2012年（平成24年）,1.97MB,P18-12_20_GML.zip
岐阜,世界測地系,2012年（平成24年）,2.06MB,P18-12_21_GML.zip
静岡,世界測地系,2012年（平成24年）,2.90MB,P18-12_22_GML.zip
愛知,世界測地系,2012年（平成24年）,2.37MB,P18-12_23_GML.zip
三重,世界測地系,2012年（平成24年）,3.42MB,P18-12_24_GML.zip
滋賀,世界測地系,2012年（平成24年）,0.81MB,P18-12_25_GML.zip
京都,世界測地系,2012年（平成24年）,2.03MB,P18-12_26_GML.zip
大阪,世界測地系,2012年（平成24年）,1.14MB,P18-12_27_GML.zip
兵庫,世界測地系,2012年（平成24年）,3.48MB,P18-12_28_GML.zip
奈良,世界測地系,2012年（平成24年）,1.03MB,P18-12_29_GML.zip
和歌山,世界測地系,2012年（平成24年）,2.21MB,P18-12_30_GML.zip
鳥取,世界測地系,2012年（平成24年）,0.82MB,P18-12_31_GML.zip
島根,世界測地系,2012年（平成24年）,3.03MB,P18-12_32_GML.zip
岡山,世界測地系,2012年（平成24年）,2.52MB,P18-12_33_GML.zip
広島,世界測地系,2012年（平成24年）,3.06MB,P18-12_34_GML.zip
山口,世界測地系,2012年（平成24年）,3.69MB,P18-12_35_GML.zip
徳島,世界測地系,2012年（平成24年）,1.51MB,P18-12_36_GML.zip
香川,世界測地系,2012年（平成24年）,1.51MB,P18-12_37_GML.zip
愛媛,世界測地系,2012年（平成24年）,3.30MB,P18-12_38_GML.zip
高知,世界測地系,2012年（平成24年）,3.16MB,P18-12_39_GML.zip
福岡,世界測地系,2012年（平成24年）,2.33MB,P18-12_40_GML.zip
佐賀,世界測地系,2012年（平成24年）,1.00MB,P18-12_41_GML.zip
長崎,世界測地系,2012年（平成24年）,9.95MB,P18-12_42_GML.zip
熊本,世界測地系,2012年（平成24年）,3.36MB,P18-12_43_GML.zip
大分,世界測地系,2012年（平成24年）,2.48MB,P18-12_44_GML.zip
宮崎,世界測地系,2012年（平成24年）,2.13MB,P18-12_45_GML.zip
鹿児島,世界測地系,2012年（平成24年）,8.82MB,P18-12_46_GML.zip
沖縄,世界測地系,2012年（平成24年）,3.52MB,P18-12_47_GML.zip