[{"filename": "P18-12_01_GML.zip", "url": "https://nlftp.mlit.go.jp/ksj/gml/data/P18/P18-12/P18-12_01_GML.zip"}, {"filename": "P18-12_02_GML.zip", "url": "https://nlftp.mlit.go.jp/ksj/gml/data/P18/P18-12/P18-12_02_GML.zip"}, {"filename": "P18-12_03_GML.zip", "url": "https://nlftp.mlit.go.jp/ksj/gml/data/P18/P18-12/P18-12_03_GML.zip"}, {"filename": "P18-12_04_GML.zip", "url": "https://nlftp.mlit.go.jp/ksj/gml/data/P18/P18-12/P18-12_04_GML.zip"}, {"filename": "P18-12_05_GML.zip", "url": "https://nlftp.mlit.go.jp/ksj/gml/data/P18/P18-12/P18-12_05_GML.zip"}, {"filename": "P18-12_06_GML.zip", "url": "https://nlftp.mlit.go.jp/ksj/gml/data/P18/P18-12/P18-12_06_GML.zip"}, {"filename": "P18-12_07_GML.zip", "url": "https://nlftp.mlit.go.jp/ksj/gml/data/P18/P18-12/P18-12_07_GML.zip"}, {"filename": "P18-12_08_GML.zip", "url": "https://nlftp.mlit.go.jp/ksj/gml/data/P18/P18-12/P18-12_08_GML.zip"}, {"filename": "P18-12_09_GML.zip", "url": "https://nlftp.mlit.go.jp/ksj/gml/data/P18/P18-12/P18-12_09_GML.zip"}, {"filename": "P18-12_10_GML.zip", "url": "https://nlftp.mlit.go.jp/ksj/gml/data/P18/P18-12/P18-12_10_GML.zip"}, {"filename": "P18-12_11_GML.zip", "url": "https://nlftp.mlit.go.jp/ksj/gml/data/P18/P18-12/P18-12_11_GML.zip"}, {"filename": "P18-12_12_GML.zip", "url": "https://nlftp.mlit.go.jp/ksj/gml/data/P18/P18-12/P18-12_12_GML.zip"}, {"filename": "P18-12_13_GML.zip", "url": "https://nlftp.mlit.go.jp/ksj/gml/data/P18/P18-12/P18-12_13_GML.zip"}, {"filename": "P18-12_14_GML.zip", "url": "https://nlftp.mlit.go.jp/ksj/gml/data/P18/P18-12/P18-12_14_GML.zip"}, {"filename": "P18-12_15_GML.zip", "url": "https://nlftp.mlit.go.jp/ksj/gml/data/P18/P18-12/P18-12_15_GML.zip"}, {"filename": "P18-12_16_GML.zip", "url": "https://nlftp.mlit.go.jp/ksj/gml/data/P18/P18-12/P18-12_16_GML.zip"}, {"filename": "P18-12_17_GML.zip", "url": "https://nlftp.mlit.go.jp/ksj/gml/data/P18/P18-12/P18-12_17_GML.zip"}, {"filename": "P18-12_18_GML.zip", "url": "https://nlftp.mlit.go.jp/ksj/gml/data/P18/P18-12/P18-12_18_GML.zip"}, {"filename": "P18-12_19_GML.zip", "url": "https://nlftp.mlit.go.jp/ksj/gml/data/P18/P18-12/P18-12_19_GML.zip"}, {"filename": "P18-12_20_GML.zip", "url": "https://nlftp.mlit.go.jp/ksj/gml/data/P18/P18-12/P18-12_20_GML.zip"}, {"filename": "P18-12_21_GML.zip", "url": "https://nlftp.mlit.go.jp/ksj/gml/data/P18/P18-12/P18-12_21_GML.zip"}, {"filename": "P18-12_22_GML.zip", "url": "https://nlftp.mlit.go.jp/ksj/gml/data/P18/P18-12/P18-12_22_GML.zip"}, {"filename": "P18-12_23_GML.zip", "url": "https://nlftp.mlit.go.jp/ksj/gml/data/P18/P18-12/P18-12_23_GML.zip"}, {"filename": "P18-12_24_GML.zip", "url": "https://nlftp.mlit.go.jp/ksj/gml/data/P18/P18-12/P18-12_24_GML.zip"}, {"filename": "P18-12_25_GML.zip", "url": "https://nlftp.mlit.go.jp/ksj/gml/data/P18/P18-12/P18-12_25_GML.zip"}, {"filename": "P18-12_26_GML.zip", "url": "https://nlftp.mlit.go.jp/ksj/gml/data/P18/P18-12/P18-12_26_GML.zip"}, {"filename": "P18-12_27_GML.zip", "url": "https://nlftp.mlit.go.jp/ksj/gml/data/P18/P18-12/P18-12_27_GML.zip"}, {"filename": "P18-12_28_GML.zip", "url": "https://nlftp.mlit.go.jp/ksj/gml/data/P18/P18-12/P18-12_28_GML.zip"}, {"filename": "P18-12_29_GML.zip", "url": "https://nlftp.mlit.go.jp/ksj/gml/data/P18/P18-12/P18-12_29_GML.zip"}, {"filename": "P18-12_30_GML.zip", "url": "https://nlftp.mlit.go.jp/ksj/gml/data/P18/P18-12/P18-12_30_GML.zip"}, {"filename": "P18-12_31_GML.zip", "url": "https://nlftp.mlit.go.jp/ksj/gml/data/P18/P18-12/P18-12_31_GML.zip"}, {"filename": "P18-12_32_GML.zip", "url": "https://nlftp.mlit.go.jp/ksj/gml/data/P18/P18-12/P18-12_32_GML.zip"}, {"filename": "P18-12_33_GML.zip", "url": "https://nlftp.mlit.go.jp/ksj/gml/data/P18/P18-12/P18-12_33_GML.zip"}, {"filename": "P18-12_34_GML.zip", "url": "https://nlftp.mlit.go.jp/ksj/gml/data/P18/P18-12/P18-12_34_GML.zip"}, {"filename": "P18-12_35_GML.zip", "url": "https://nlftp.mlit.go.jp/ksj/gml/data/P18/P18-12/P18-12_35_GML.zip"}, {"filename": "P18-12_36_GML.zip", "url": "https://nlftp.mlit.go.jp/ksj/gml/data/P18/P18-12/P18-12_36_GML.zip"}, {"filename": "P18-12_37_GML.zip", "url": "https://nlftp.mlit.go.jp/ksj/gml/data/P18/P18-12/P18-12_37_GML.zip"}, {"filename": "P18-12_38_GML.zip", "url": "https://nlftp.mlit.go.jp/ksj/gml/data/P18/P18-12/P18-12_38_GML.zip"}, {"filename": "P18-12_39_GML.zip", "url": "https://nlftp.mlit.go.jp/ksj/gml/data/P18/P18-12/P18-12_39_GML.zip"}, {"filename": "P18-12_40_GML.zip", "url": "https://nlftp.mlit.go.jp/ksj/gml/data/P18/P18-12/P18-12_40_GML.zip"}, {"filename": "P18-12_41_GML.zip", "url": "https://nlftp.mlit.go.jp/ksj/gml/data/P18/P18-12/P18-12_41_GML.zip"}, {"filename": "P18-12_42_GML.zip", "url": "https://nlftp.mlit.go.jp/ksj/gml/data/P18/P18-12/P18-12_42_GML.zip"}, {"filename": "P18-12_43_GML.zip", "url": "https://nlftp.mlit.go.jp/ksj/gml/data/P18/P18-12/P18-12_43_GML.zip"}, {"filename": "P18-12_44_GML.zip", "url": "https://nlftp.mlit.go.jp/ksj/gml/data/P18/P18-12/P18-12_44_GML.zip"}, {"filename": "P18-12_45_GML.zip", "url": "https://nlftp.mlit.go.jp/ksj/gml/data/P18/P18-12/P18-12_45_GML.zip"}, {"filename": "P18-12_46_GML.zip", "url": "https://nlftp.mlit.go.jp/ksj/gml/data/P18/P18-12/P18-12_46_GML.zip"}, {"filename": "P18-12_47_GML.zip", "url": "https://nlftp.mlit.go.jp/ksj/gml/data/P18/P18-12/P18-12_47_GML.zip"}]