北海道,世界測地系,2012年（平成24年）,0.80MB,P21-12_01_GML.zip
青森,世界測地系,2012年（平成24年）,0.55MB,P21-12_02_GML.zip
岩手,世界測地系,2012年（平成24年）,1.38MB,P21-12_03_GML.zip
宮城,世界測地系,2012年（平成24年）,1.36MB,P21-12_04_GML.zip
秋田,世界測地系,2012年（平成24年）,0.66MB,P21-12_05_GML.zip
山形,世界測地系,2012年（平成24年）,0.45MB,P21-12_06_GML.zip
福島,世界測地系,2012年（平成24年）,0.92MB,P21-12_07_GML.zip
茨城,世界測地系,2012年（平成24年）,0.93MB,P21-12_08_GML.zip
栃木,世界測地系,2012年（平成24年）,0.79MB,P21-12_09_GML.zip
群馬,世界測地系,2012年（平成24年）,0.53MB,P21-12_10_GML.zip
埼玉,世界測地系,2012年（平成24年）,0.72MB,P21-12_11_GML.zip
千葉,世界測地系,2012年（平成24年）,0.95MB,P21-12_12_GML.zip
東京,世界測地系,2012年（平成24年）,0.14MB,P21-12_13_GML.zip
神奈川,世界測地系,2012年（平成24年）,0.27MB,P21-12_14_GML.zip
新潟,世界測地系,2012年（平成24年）,0.82MB,P21-12_15_GML.zip
富山,世界測地系,2012年（平成24年）,0.32MB,P21-12_16_GML.zip
石川,世界測地系,2012年（平成24年）,0.57MB,P21-12_17_GML.zip
福井,世界測地系,2012年（平成24年）,0.29MB,P21-12_18_GML.zip
山梨,世界測地系,2012年（平成24年）,0.65MB,P21-12_19_GML.zip
長野,世界測地系,2012年（平成24年）,1.43MB,P21-12_20_GML.zip
岐阜,世界測地系,2012年（平成24年）,1.53MB,P21-12_21_GML.zip
静岡,世界測地系,2012年（平成24年）,0.93MB,P21-12_22_GML.zip
愛知,世界測地系,2012年（平成24年）,0.96MB,P21-12_23_GML.zip
三重,世界測地系,2012年（平成24年）,1.12MB,P21-12_24_GML.zip
滋賀,世界測地系,2012年（平成24年）,0.36MB,P21-12_25_GML.zip
京都,世界測地系,2012年（平成24年）,0.85MB,P21-12_26_GML.zip
大阪,世界測地系,2012年（平成24年）,0.41MB,P21-12_27_GML.zip
兵庫,世界測地系,2012年（平成24年）,1.21MB,P21-12_28_GML.zip
奈良,世界測地系,2012年（平成24年）,0.42MB,P21-12_29_GML.zip
和歌山,世界測地系,2012年（平成24年）,0.76MB,P21-12_30_GML.zip
鳥取,世界測地系,2012年（平成24年）,0.37MB,P21-12_31_GML.zip
島根,世界測地系,2012年（平成24年）,0.74MB,P21-12_32_GML.zip
岡山,世界測地系,2012年（平成24年）,1.72MB,P21-12_33_GML.zip
広島,世界測地系,2012年（平成24年）,1.07MB,P21-12_34_GML.zip
山口,世界測地系,2012年（平成24年）,0.72MB,P21-12_35_GML.zip
徳島,世界測地系,2012年（平成24年）,0.55MB,P21-12_36_GML.zip
香川,世界測地系,2012年（平成24年）,1.10MB,P21-12_37_GML.zip
愛媛,世界測地系,2012年（平成24年）,1.16MB,P21-12_38_GML.zip
高知,世界測地系,2012年（平成24年）,0.57MB,P21-12_39_GML.zip
福岡,世界測地系,2012年（平成24年）,0.80MB,P21-12_40_GML.zip
佐賀,世界測地系,2012年（平成24年）,0.33MB,P21-12_41_GML.zip
長崎,世界測地系,2012年（平成24年）,1.01MB,P21-12_42_GML.zip
熊本,世界測地系,2012年（平成24年）,0.95MB,P21-12_43_GML.zip
大分,世界測地系,2012年（平成24年）,0.76MB,P21-12_44_GML.zip
宮崎,世界測地系,2012年（平成24年）,0.62MB,P21-12_45_GML.zip
鹿児島,世界測地系,2012年（平成24年）,1.37MB,P21-12_46_GML.zip
沖縄,世界測地系,2012年（平成24年）,0.21MB,P21-12_47_GML.zip