北海道,世界測地系,2012年（平成24年）,1.63MB,P23-12_01_GML.zip
青森,世界測地系,2012年（平成24年）,0.26MB,P23-12_02_GML.zip
岩手,世界測地系,2012年（平成24年）,0.04MB,P23-12_03_GML.zip
宮城,世界測地系,2012年（平成24年）,0.18MB,P23-12_04_GML.zip
秋田,世界測地系,2012年（平成24年）,0.15MB,P23-12_05_GML.zip
山形,世界測地系,2012年（平成24年）,0.07MB,P23-12_06_GML.zip
福島,世界測地系,2012年（平成24年）,0.10MB,P23-12_07_GML.zip
茨城,世界測地系,2012年（平成24年）,0.10MB,P23-12_08_GML.zip
千葉,世界測地系,2012年（平成24年）,0.16MB,P23-12_12_GML.zip
東京,世界測地系,2012年（平成24年）,0.04MB,P23-12_13_GML.zip
神奈川,世界測地系,2012年（平成24年）,0.07MB,P23-12_14_GML.zip
新潟,世界測地系,2012年（平成24年）,0.34MB,P23-12_15_GML.zip
富山,世界測地系,2012年（平成24年）,0.06MB,P23-12_16_GML.zip
石川,世界測地系,2012年（平成24年）,0.30MB,P23-12_17_GML.zip
福井,世界測地系,2012年（平成24年）,0.13MB,P23-12_18_GML.zip
静岡,世界測地系,2012年（平成24年）,0.19MB,P23-12_22_GML.zip
愛知,世界測地系,2012年（平成24年）,0.25MB,P23-12_23_GML.zip
三重,世界測地系,2012年（平成24年）,0.15MB,P23-12_24_GML.zip
京都,世界測地系,2012年（平成24年）,0.08MB,P23-12_26_GML.zip
大阪,世界測地系,2012年（平成24年）,0.05MB,P23-12_27_GML.zip
兵庫,世界測地系,2012年（平成24年）,0.22MB,P23-12_28_GML.zip
和歌山,世界測地系,2012年（平成24年）,0.08MB,P23-12_30_GML.zip
鳥取,世界測地系,2012年（平成24年）,0.03MB,P23-12_31_GML.zip
島根,世界測地系,2012年（平成24年）,0.13MB,P23-12_32_GML.zip
岡山,世界測地系,2012年（平成24年）,0.14MB,P23-12_33_GML.zip
広島,世界測地系,2012年（平成24年）,0.33MB,P23-12_34_GML.zip
山口,世界測地系,2012年（平成24年）,0.45MB,P23-12_35_GML.zip
徳島,世界測地系,2012年（平成24年）,0.10MB,P23-12_36_GML.zip
香川,世界測地系,2012年（平成24年）,0.11MB,P23-12_37_GML.zip
愛媛,世界測地系,2012年（平成24年）,0.69MB,P23-12_38_GML.zip
高知,世界測地系,2012年（平成24年）,0.27MB,P23-12_39_GML.zip
福岡,世界測地系,2012年（平成24年）,0.14MB,P23-12_40_GML.zip
佐賀,世界測地系,2012年（平成24年）,0.08MB,P23-12_41_GML.zip
長崎,世界測地系,2012年（平成24年）,0.73MB,P23-12_42_GML.zip
熊本,世界測地系,2012年（平成24年）,0.66MB,P23-12_43_GML.zip
大分,世界測地系,2012年（平成24年）,0.30MB,P23-12_44_GML.zip
宮崎,世界測地系,2012年（平成24年）,0.05MB,P23-12_45_GML.zip
鹿児島,世界測地系,2012年（平成24年）,0.40MB,P23-12_46_GML.zip
沖縄,世界測地系,2012年（平成24年）,0.10MB,P23-12_47_GML.zip