北海道,世界測地系,2013年（平成25年）,0.02MB,P26-13_01.zip
青森,世界測地系,2013年（平成25年）,0.01MB,P26-13_02.zip
岩手,世界測地系,2013年（平成25年）,0.01MB,P26-13_03.zip
宮城,世界測地系,2013年（平成25年）,0.01MB,P26-13_04.zip
秋田,世界測地系,2013年（平成25年）,0.01MB,P26-13_05.zip
山形,世界測地系,2013年（平成25年）,0.01MB,P26-13_06.zip
福島,世界測地系,2013年（平成25年）,0.01MB,P26-13_07.zip
茨城,世界測地系,2013年（平成25年）,0.01MB,P26-13_08.zip
栃木,世界測地系,2013年（平成25年）,0.01MB,P26-13_09.zip
群馬,世界測地系,2013年（平成25年）,0.01MB,P26-13_10.zip
埼玉,世界測地系,2013年（平成25年）,0.02MB,P26-13_11.zip
千葉,世界測地系,2013年（平成25年）,0.03MB,P26-13_12.zip
東京,世界測地系,2013年（平成25年）,0.01MB,P26-13_13.zip
神奈川,世界測地系,2013年（平成25年）,0.02MB,P26-13_14.zip
新潟,世界測地系,2013年（平成25年）,0.01MB,P26-13_15.zip
富山,世界測地系,2013年（平成25年）,0.01MB,P26-13_16.zip
石川,世界測地系,2013年（平成25年）,0.01MB,P26-13_17.zip
福井,世界測地系,2013年（平成25年）,0.01MB,P26-13_18.zip
山梨,世界測地系,2013年（平成25年）,0.01MB,P26-13_19.zip
長野,世界測地系,2013年（平成25年）,0.01MB,P26-13_20.zip
岐阜,世界測地系,2013年（平成25年）,0.01MB,P26-13_21.zip
静岡,世界測地系,2013年（平成25年）,0.01MB,P26-13_22.zip
愛知,世界測地系,2013年（平成25年）,0.02MB,P26-13_23.zip
三重,世界測地系,2013年（平成25年）,0.01MB,P26-13_24.zip
滋賀,世界測地系,2013年（平成25年）,0.01MB,P26-13_25.zip
京都,世界測地系,2013年（平成25年）,0.01MB,P26-13_26.zip
大阪,世界測地系,2013年（平成25年）,0.01MB,P26-13_27.zip
兵庫,世界測地系,2013年（平成25年）,0.02MB,P26-13_28.zip
奈良,世界測地系,2013年（平成25年）,0.01MB,P26-13_29.zip
和歌山,世界測地系,2013年（平成25年）,0.01MB,P26-13_30.zip
鳥取,世界測地系,2013年（平成25年）,0.01MB,P26-13_31.zip
島根,世界測地系,2013年（平成25年）,0.01MB,P26-13_32.zip
岡山,世界測地系,2013年（平成25年）,0.01MB,P26-13_33.zip
広島,世界測地系,2013年（平成25年）,0.01MB,P26-13_34.zip
山口,世界測地系,2013年（平成25年）,0.01MB,P26-13_35.zip
徳島,世界測地系,2013年（平成25年）,0.01MB,P26-13_36.zip
香川,世界測地系,2013年（平成25年）,0.01MB,P26-13_37.zip
愛媛,世界測地系,2013年（平成25年）,0.01MB,P26-13_38.zip
高知,世界測地系,2013年（平成25年）,0.01MB,P26-13_39.zip
福岡,世界測地系,2013年（平成25年）,0.01MB,P26-13_40.zip
佐賀,世界測地系,2013年（平成25年）,0.01MB,P26-13_41.zip
長崎,世界測地系,2013年（平成25年）,0.01MB,P26-13_42.zip
熊本,世界測地系,2013年（平成25年）,0.01MB,P26-13_43.zip
大分,世界測地系,2013年（平成25年）,0.01MB,P26-13_44.zip
宮崎,世界測地系,2013年（平成25年）,0.01MB,P26-13_45.zip
鹿児島,世界測地系,2013年（平成25年）,0.01MB,P26-13_46.zip
沖縄,世界測地系,2013年（平成25年）,0.01MB,P26-13_47.zip