[{"filename": "P26-13_01.zip", "url": "https://nlftp.mlit.go.jp/ksj/gml/data/P26/P26-13/P26-13_01.zip"}, {"filename": "P26-13_02.zip", "url": "https://nlftp.mlit.go.jp/ksj/gml/data/P26/P26-13/P26-13_02.zip"}, {"filename": "P26-13_03.zip", "url": "https://nlftp.mlit.go.jp/ksj/gml/data/P26/P26-13/P26-13_03.zip"}, {"filename": "P26-13_04.zip", "url": "https://nlftp.mlit.go.jp/ksj/gml/data/P26/P26-13/P26-13_04.zip"}, {"filename": "P26-13_05.zip", "url": "https://nlftp.mlit.go.jp/ksj/gml/data/P26/P26-13/P26-13_05.zip"}, {"filename": "P26-13_06.zip", "url": "https://nlftp.mlit.go.jp/ksj/gml/data/P26/P26-13/P26-13_06.zip"}, {"filename": "P26-13_07.zip", "url": "https://nlftp.mlit.go.jp/ksj/gml/data/P26/P26-13/P26-13_07.zip"}, {"filename": "P26-13_08.zip", "url": "https://nlftp.mlit.go.jp/ksj/gml/data/P26/P26-13/P26-13_08.zip"}, {"filename": "P26-13_09.zip", "url": "https://nlftp.mlit.go.jp/ksj/gml/data/P26/P26-13/P26-13_09.zip"}, {"filename": "P26-13_10.zip", "url": "https://nlftp.mlit.go.jp/ksj/gml/data/P26/P26-13/P26-13_10.zip"}, {"filename": "P26-13_11.zip", "url": "https://nlftp.mlit.go.jp/ksj/gml/data/P26/P26-13/P26-13_11.zip"}, {"filename": "P26-13_12.zip", "url": "https://nlftp.mlit.go.jp/ksj/gml/data/P26/P26-13/P26-13_12.zip"}, {"filename": "P26-13_13.zip", "url": "https://nlftp.mlit.go.jp/ksj/gml/data/P26/P26-13/P26-13_13.zip"}, {"filename": "P26-13_14.zip", "url": "https://nlftp.mlit.go.jp/ksj/gml/data/P26/P26-13/P26-13_14.zip"}, {"filename": "P26-13_15.zip", "url": "https://nlftp.mlit.go.jp/ksj/gml/data/P26/P26-13/P26-13_15.zip"}, {"filename": "P26-13_16.zip", "url": "https://nlftp.mlit.go.jp/ksj/gml/data/P26/P26-13/P26-13_16.zip"}, {"filename": "P26-13_17.zip", "url": "https://nlftp.mlit.go.jp/ksj/gml/data/P26/P26-13/P26-13_17.zip"}, {"filename": "P26-13_18.zip", "url": "https://nlftp.mlit.go.jp/ksj/gml/data/P26/P26-13/P26-13_18.zip"}, {"filename": "P26-13_19.zip", "url": "https://nlftp.mlit.go.jp/ksj/gml/data/P26/P26-13/P26-13_19.zip"}, {"filename": "P26-13_20.zip", "url": "https://nlftp.mlit.go.jp/ksj/gml/data/P26/P26-13/P26-13_20.zip"}, {"filename": "P26-13_21.zip", "url": "https://nlftp.mlit.go.jp/ksj/gml/data/P26/P26-13/P26-13_21.zip"}, {"filename": "P26-13_22.zip", "url": "https://nlftp.mlit.go.jp/ksj/gml/data/P26/P26-13/P26-13_22.zip"}, {"filename": "P26-13_23.zip", "url": "https://nlftp.mlit.go.jp/ksj/gml/data/P26/P26-13/P26-13_23.zip"}, {"filename": "P26-13_24.zip", "url": "https://nlftp.mlit.go.jp/ksj/gml/data/P26/P26-13/P26-13_24.zip"}, {"filename": "P26-13_25.zip", "url": "https://nlftp.mlit.go.jp/ksj/gml/data/P26/P26-13/P26-13_25.zip"}, {"filename": "P26-13_26.zip", "url": "https://nlftp.mlit.go.jp/ksj/gml/data/P26/P26-13/P26-13_26.zip"}, {"filename": "P26-13_27.zip", "url": "https://nlftp.mlit.go.jp/ksj/gml/data/P26/P26-13/P26-13_27.zip"}, {"filename": "P26-13_28.zip", "url": "https://nlftp.mlit.go.jp/ksj/gml/data/P26/P26-13/P26-13_28.zip"}, {"filename": "P26-13_29.zip", "url": "https://nlftp.mlit.go.jp/ksj/gml/data/P26/P26-13/P26-13_29.zip"}, {"filename": "P26-13_30.zip", "url": "https://nlftp.mlit.go.jp/ksj/gml/data/P26/P26-13/P26-13_30.zip"}, {"filename": "P26-13_31.zip", "url": "https://nlftp.mlit.go.jp/ksj/gml/data/P26/P26-13/P26-13_31.zip"}, {"filename": "P26-13_32.zip", "url": "https://nlftp.mlit.go.jp/ksj/gml/data/P26/P26-13/P26-13_32.zip"}, {"filename": "P26-13_33.zip", "url": "https://nlftp.mlit.go.jp/ksj/gml/data/P26/P26-13/P26-13_33.zip"}, {"filename": "P26-13_34.zip", "url": "https://nlftp.mlit.go.jp/ksj/gml/data/P26/P26-13/P26-13_34.zip"}, {"filename": "P26-13_35.zip", "url": "https://nlftp.mlit.go.jp/ksj/gml/data/P26/P26-13/P26-13_35.zip"}, {"filename": "P26-13_36.zip", "url": "https://nlftp.mlit.go.jp/ksj/gml/data/P26/P26-13/P26-13_36.zip"}, {"filename": "P26-13_37.zip", "url": "https://nlftp.mlit.go.jp/ksj/gml/data/P26/P26-13/P26-13_37.zip"}, {"filename": "P26-13_38.zip", "url": "https://nlftp.mlit.go.jp/ksj/gml/data/P26/P26-13/P26-13_38.zip"}, {"filename": "P26-13_39.zip", "url": "https://nlftp.mlit.go.jp/ksj/gml/data/P26/P26-13/P26-13_39.zip"}, {"filename": "P26-13_40.zip", "url": "https://nlftp.mlit.go.jp/ksj/gml/data/P26/P26-13/P26-13_40.zip"}, {"filename": "P26-13_41.zip", "url": "https://nlftp.mlit.go.jp/ksj/gml/data/P26/P26-13/P26-13_41.zip"}, {"filename": "P26-13_42.zip", "url": "https://nlftp.mlit.go.jp/ksj/gml/data/P26/P26-13/P26-13_42.zip"}, {"filename": "P26-13_43.zip", "url": "https://nlftp.mlit.go.jp/ksj/gml/data/P26/P26-13/P26-13_43.zip"}, {"filename": "P26-13_44.zip", "url": "https://nlftp.mlit.go.jp/ksj/gml/data/P26/P26-13/P26-13_44.zip"}, {"filename": "P26-13_45.zip", "url": "https://nlftp.mlit.go.jp/ksj/gml/data/P26/P26-13/P26-13_45.zip"}, {"filename": "P26-13_46.zip", "url": "https://nlftp.mlit.go.jp/ksj/gml/data/P26/P26-13/P26-13_46.zip"}, {"filename": "P26-13_47.zip", "url": "https://nlftp.mlit.go.jp/ksj/gml/data/P26/P26-13/P26-13_47.zip"}]