全国,世界測地系,2022年（令和4年）,1.76MB,P28-22.zip
全国,世界測地系,2013年（平成25年）,1.53MB,P28-13.zip
北海道,世界測地系,2022年（令和4年）,0.11MB,P28-22_01.zip
北海道,世界測地系,2013年（平成25年）,0.08MB,P28-13_01.zip
東北地方,世界測地系,2022年（令和4年）,0.24MB,P28-22_52.zip
青森,世界測地系,2022年（令和4年）,0.04MB,P28-22_02.zip
青森,世界測地系,2013年（平成25年）,0.03MB,P28-13_02.zip
岩手,世界測地系,2022年（令和4年）,0.04MB,P28-22_03.zip
岩手,世界測地系,2013年（平成25年）,0.02MB,P28-13_03.zip
宮城,世界測地系,2022年（令和4年）,0.05MB,P28-22_04.zip
宮城,世界測地系,2013年（平成25年）,0.03MB,P28-13_04.zip
秋田,世界測地系,2022年（令和4年）,0.04MB,P28-22_05.zip
秋田,世界測地系,2013年（平成25年）,0.02MB,P28-13_05.zip
山形,世界測地系,2022年（令和4年）,0.03MB,P28-22_06.zip
山形,世界測地系,2013年（平成25年）,0.02MB,P28-13_06.zip
福島,世界測地系,2022年（令和4年）,0.05MB,P28-22_07.zip
福島,世界測地系,2013年（平成25年）,0.03MB,P28-13_07.zip
関東地方,世界測地系,2022年（令和4年）,0.46MB,P28-22_53.zip
茨城,世界測地系,2022年（令和4年）,0.06MB,P28-22_08.zip
茨城,世界測地系,2013年（平成25年）,0.03MB,P28-13_08.zip
栃木,世界測地系,2022年（令和4年）,0.03MB,P28-22_09.zip
栃木,世界測地系,2013年（平成25年）,0.02MB,P28-13_09.zip
群馬,世界測地系,2022年（令和4年）,0.03MB,P28-22_10.zip
群馬,世界測地系,2013年（平成25年）,0.02MB,P28-13_10.zip
埼玉,世界測地系,2022年（令和4年）,0.06MB,P28-22_11.zip
埼玉,世界測地系,2013年（平成25年）,0.04MB,P28-13_11.zip
千葉,世界測地系,2022年（令和4年）,0.06MB,P28-22_12.zip
千葉,世界測地系,2013年（平成25年）,0.04MB,P28-13_12.zip
東京,世界測地系,2022年（令和4年）,0.16MB,P28-22_13.zip
東京,世界測地系,2013年（平成25年）,0.12MB,P28-13_13.zip
神奈川,世界測地系,2022年（令和4年）,0.06MB,P28-22_14.zip
神奈川,世界測地系,2013年（平成25年）,0.04MB,P28-13_14.zip
甲信越北陸地方,世界測地系,2022年（令和4年）,0.24MB,P28-22_54.zip
新潟,世界測地系,2022年（令和4年）,0.06MB,P28-22_15.zip
新潟,世界測地系,2013年（平成25年）,0.04MB,P28-13_15.zip
富山,世界測地系,2022年（令和4年）,0.03MB,P28-22_16.zip
富山,世界測地系,2013年（平成25年）,0.02MB,P28-13_16.zip
石川,世界測地系,2022年（令和4年）,0.04MB,P28-22_17.zip
石川,世界測地系,2013年（平成25年）,0.02MB,P28-13_17.zip
福井,世界測地系,2022年（令和4年）,0.03MB,P28-22_18.zip
福井,世界測地系,2013年（平成25年）,0.02MB,P28-13_18.zip
山梨,世界測地系,2022年（令和4年）,0.03MB,P28-22_19.zip
山梨,世界測地系,2013年（平成25年）,0.02MB,P28-13_19.zip
長野,世界測地系,2022年（令和4年）,0.05MB,P28-22_20.zip
長野,世界測地系,2013年（平成25年）,0.03MB,P28-13_20.zip
東海地方,世界測地系,2022年（令和4年）,0.17MB,P28-22_55.zip
岐阜,世界測地系,2022年（令和4年）,0.04MB,P28-22_21.zip
岐阜,世界測地系,2013年（平成25年）,0.02MB,P28-13_21.zip
静岡,世界測地系,2022年（令和4年）,0.04MB,P28-22_22.zip
静岡,世界測地系,2013年（平成25年）,0.03MB,P28-13_22.zip
愛知,世界測地系,2022年（令和4年）,0.06MB,P28-22_23.zip
愛知,世界測地系,2013年（平成25年）,0.04MB,P28-13_23.zip
三重,世界測地系,2022年（令和4年）,0.03MB,P28-22_24.zip
三重,世界測地系,2013年（平成25年）,0.02MB,P28-13_24.zip
近畿地方,世界測地系,2022年（令和4年）,0.24MB,P28-22_56.zip
滋賀,世界測地系,2022年（令和4年）,0.03MB,P28-22_25.zip
滋賀,世界測地系,2013年（平成25年）,0.02MB,P28-13_25.zip
京都,世界測地系,2022年（令和4年）,0.04MB,P28-22_26.zip
京都,世界測地系,2013年（平成25年）,0.03MB,P28-13_26.zip
大阪,世界測地系,2022年（令和4年）,0.07MB,P28-22_27.zip
大阪,世界測地系,2013年（平成25年）,0.05MB,P28-13_27.zip
兵庫,世界測地系,2022年（令和4年）,0.05MB,P28-22_28.zip
兵庫,世界測地系,2013年（平成25年）,0.04MB,P28-13_28.zip
奈良,世界測地系,2022年（令和4年）,0.03MB,P28-22_29.zip
奈良,世界測地系,2013年（平成25年）,0.02MB,P28-13_29.zip
和歌山,世界測地系,2022年（令和4年）,0.03MB,P28-22_30.zip
和歌山,世界測地系,2013年（平成25年）,0.02MB,P28-13_30.zip
中国地方,世界測地系,2022年（令和4年）,0.16MB,P28-22_57.zip
鳥取,世界測地系,2022年（令和4年）,0.02MB,P28-22_31.zip
鳥取,世界測地系,2013年（平成25年）,0.02MB,P28-13_31.zip
島根,世界測地系,2022年（令和4年）,0.03MB,P28-22_32.zip
島根,世界測地系,2013年（平成25年）,0.02MB,P28-13_32.zip
岡山,世界測地系,2022年（令和4年）,0.03MB,P28-22_33.zip
岡山,世界測地系,2013年（平成25年）,0.02MB,P28-13_33.zip
広島,世界測地系,2022年（令和4年）,0.05MB,P28-22_34.zip
広島,世界測地系,2013年（平成25年）,0.03MB,P28-13_34.zip
山口,世界測地系,2022年（令和4年）,0.03MB,P28-22_35.zip
山口,世界測地系,2013年（平成25年）,0.02MB,P28-13_35.zip
四国地方,世界測地系,2022年（令和4年）,0.10MB,P28-22_58.zip
徳島,世界測地系,2022年（令和4年）,0.03MB,P28-22_36.zip
徳島,世界測地系,2013年（平成25年）,0.02MB,P28-13_36.zip
香川,世界測地系,2022年（令和4年）,0.03MB,P28-22_37.zip
香川,世界測地系,2013年（平成25年）,0.02MB,P28-13_37.zip
愛媛,世界測地系,2022年（令和4年）,0.03MB,P28-22_38.zip
愛媛,世界測地系,2013年（平成25年）,0.02MB,P28-13_38.zip
高知,世界測地系,2022年（令和4年）,0.02MB,P28-22_39.zip
高知,世界測地系,2013年（平成25年）,0.02MB,P28-13_39.zip
九州地方,世界測地系,2022年（令和4年）,0.27MB,P28-22_59.zip
福岡,世界測地系,2022年（令和4年）,0.07MB,P28-22_40.zip
福岡,世界測地系,2013年（平成25年）,0.05MB,P28-13_40.zip
佐賀,世界測地系,2022年（令和4年）,0.02MB,P28-22_41.zip
佐賀,世界測地系,2013年（平成25年）,0.01MB,P28-13_41.zip
長崎,世界測地系,2022年（令和4年）,0.04MB,P28-22_42.zip
長崎,世界測地系,2013年（平成25年）,0.02MB,P28-13_42.zip
熊本,世界測地系,2022年（令和4年）,0.04MB,P28-22_43.zip
熊本,世界測地系,2013年（平成25年）,0.02MB,P28-13_43.zip
大分,世界測地系,2022年（令和4年）,0.03MB,P28-22_44.zip
大分,世界測地系,2013年（平成25年）,0.02MB,P28-13_44.zip
宮崎,世界測地系,2022年（令和4年）,0.03MB,P28-22_45.zip
宮崎,世界測地系,2013年（平成25年）,0.02MB,P28-13_45.zip
鹿児島,世界測地系,2022年（令和4年）,0.04MB,P28-22_46.zip
鹿児島,世界測地系,2013年（平成25年）,0.03MB,P28-13_46.zip
沖縄,世界測地系,2022年（令和4年）,0.04MB,P28-22_47.zip
沖縄,世界測地系,2013年（平成25年）,0.03MB,P28-13_47.zip