[{"filename": "P28-22.zip", "url": "https://nlftp.mlit.go.jp/ksj/gml/data/P28/P28-22/P28-22.zip"}, {"filename": "P28-13.zip", "url": "https://nlftp.mlit.go.jp/ksj/gml/data/P28/P28-13/P28-13.zip"}, {"filename": "P28-22_01.zip", "url": "https://nlftp.mlit.go.jp/ksj/gml/data/P28/P28-22/P28-22_01.zip"}, {"filename": "P28-13_01.zip", "url": "https://nlftp.mlit.go.jp/ksj/gml/data/P28/P28-13/P28-13_01.zip"}, {"filename": "P28-22_52.zip", "url": "https://nlftp.mlit.go.jp/ksj/gml/data/P28/P28-22/P28-22_52.zip"}, {"filename": "P28-22_02.zip", "url": "https://nlftp.mlit.go.jp/ksj/gml/data/P28/P28-22/P28-22_02.zip"}, {"filename": "P28-13_02.zip", "url": "https://nlftp.mlit.go.jp/ksj/gml/data/P28/P28-13/P28-13_02.zip"}, {"filename": "P28-22_03.zip", "url": "https://nlftp.mlit.go.jp/ksj/gml/data/P28/P28-22/P28-22_03.zip"}, {"filename": "P28-13_03.zip", "url": "https://nlftp.mlit.go.jp/ksj/gml/data/P28/P28-13/P28-13_03.zip"}, {"filename": "P28-22_04.zip", "url": "https://nlftp.mlit.go.jp/ksj/gml/data/P28/P28-22/P28-22_04.zip"}, {"filename": "P28-13_04.zip", "url": "https://nlftp.mlit.go.jp/ksj/gml/data/P28/P28-13/P28-13_04.zip"}, {"filename": "P28-22_05.zip", "url": "https://nlftp.mlit.go.jp/ksj/gml/data/P28/P28-22/P28-22_05.zip"}, {"filename": "P28-13_05.zip", "url": "https://nlftp.mlit.go.jp/ksj/gml/data/P28/P28-13/P28-13_05.zip"}, {"filename": "P28-22_06.zip", "url": "https://nlftp.mlit.go.jp/ksj/gml/data/P28/P28-22/P28-22_06.zip"}, {"filename": "P28-13_06.zip", "url": "https://nlftp.mlit.go.jp/ksj/gml/data/P28/P28-13/P28-13_06.zip"}, {"filename": "P28-22_07.zip", "url": "https://nlftp.mlit.go.jp/ksj/gml/data/P28/P28-22/P28-22_07.zip"}, {"filename": "P28-13_07.zip", "url": "https://nlftp.mlit.go.jp/ksj/gml/data/P28/P28-13/P28-13_07.zip"}, {"filename": "P28-22_53.zip", "url": "https://nlftp.mlit.go.jp/ksj/gml/data/P28/P28-22/P28-22_53.zip"}, {"filename": "P28-22_08.zip", "url": "https://nlftp.mlit.go.jp/ksj/gml/data/P28/P28-22/P28-22_08.zip"}, {"filename": "P28-13_08.zip", "url": "https://nlftp.mlit.go.jp/ksj/gml/data/P28/P28-13/P28-13_08.zip"}, {"filename": "P28-22_09.zip", "url": "https://nlftp.mlit.go.jp/ksj/gml/data/P28/P28-22/P28-22_09.zip"}, {"filename": "P28-13_09.zip", "url": "https://nlftp.mlit.go.jp/ksj/gml/data/P28/P28-13/P28-13_09.zip"}, {"filename": "P28-22_10.zip", "url": "https://nlftp.mlit.go.jp/ksj/gml/data/P28/P28-22/P28-22_10.zip"}, {"filename": "P28-13_10.zip", "url": "https://nlftp.mlit.go.jp/ksj/gml/data/P28/P28-13/P28-13_10.zip"}, {"filename": "P28-22_11.zip", "url": "https://nlftp.mlit.go.jp/ksj/gml/data/P28/P28-22/P28-22_11.zip"}, {"filename": "P28-13_11.zip", "url": "https://nlftp.mlit.go.jp/ksj/gml/data/P28/P28-13/P28-13_11.zip"}, {"filename": "P28-22_12.zip", "url": "https://nlftp.mlit.go.jp/ksj/gml/data/P28/P28-22/P28-22_12.zip"}, {"filename": "P28-13_12.zip", "url": "https://nlftp.mlit.go.jp/ksj/gml/data/P28/P28-13/P28-13_12.zip"}, {"filename": "P28-22_13.zip", "url": "https://nlftp.mlit.go.jp/ksj/gml/data/P28/P28-22/P28-22_13.zip"}, {"filename": "P28-13_13.zip", "url": "https://nlftp.mlit.go.jp/ksj/gml/data/P28/P28-13/P28-13_13.zip"}, {"filename": "P28-22_14.zip", "url": "https://nlftp.mlit.go.jp/ksj/gml/data/P28/P28-22/P28-22_14.zip"}, {"filename": "P28-13_14.zip", "url": "https://nlftp.mlit.go.jp/ksj/gml/data/P28/P28-13/P28-13_14.zip"}, {"filename": "P28-22_54.zip", "url": "https://nlftp.mlit.go.jp/ksj/gml/data/P28/P28-22/P28-22_54.zip"}, {"filename": "P28-22_15.zip", "url": "https://nlftp.mlit.go.jp/ksj/gml/data/P28/P28-22/P28-22_15.zip"}, {"filename": "P28-13_15.zip", "url": "https://nlftp.mlit.go.jp/ksj/gml/data/P28/P28-13/P28-13_15.zip"}, {"filename": "P28-22_16.zip", "url": "https://nlftp.mlit.go.jp/ksj/gml/data/P28/P28-22/P28-22_16.zip"}, {"filename": "P28-13_16.zip", "url": "https://nlftp.mlit.go.jp/ksj/gml/data/P28/P28-13/P28-13_16.zip"}, {"filename": "P28-22_17.zip", "url": "https://nlftp.mlit.go.jp/ksj/gml/data/P28/P28-22/P28-22_17.zip"}, {"filename": "P28-13_17.zip", "url": "https://nlftp.mlit.go.jp/ksj/gml/data/P28/P28-13/P28-13_17.zip"}, {"filename": "P28-22_18.zip", "url": "https://nlftp.mlit.go.jp/ksj/gml/data/P28/P28-22/P28-22_18.zip"}, {"filename": "P28-13_18.zip", "url": "https://nlftp.mlit.go.jp/ksj/gml/data/P28/P28-13/P28-13_18.zip"}, {"filename": "P28-22_19.zip", "url": "https://nlftp.mlit.go.jp/ksj/gml/data/P28/P28-22/P28-22_19.zip"}, {"filename": "P28-13_19.zip", "url": "https://nlftp.mlit.go.jp/ksj/gml/data/P28/P28-13/P28-13_19.zip"}, {"filename": "P28-22_20.zip", "url": "https://nlftp.mlit.go.jp/ksj/gml/data/P28/P28-22/P28-22_20.zip"}, {"filename": "P28-13_20.zip", "url": "https://nlftp.mlit.go.jp/ksj/gml/data/P28/P28-13/P28-13_20.zip"}, {"filename": "P28-22_55.zip", "url": "https://nlftp.mlit.go.jp/ksj/gml/data/P28/P28-22/P28-22_55.zip"}, {"filename": "P28-22_21.zip", "url": "https://nlftp.mlit.go.jp/ksj/gml/data/P28/P28-22/P28-22_21.zip"}, {"filename": "P28-13_21.zip", "url": "https://nlftp.mlit.go.jp/ksj/gml/data/P28/P28-13/P28-13_21.zip"}, {"filename": "P28-22_22.zip", "url": "https://nlftp.mlit.go.jp/ksj/gml/data/P28/P28-22/P28-22_22.zip"}, {"filename": "P28-13_22.zip", "url": "https://nlftp.mlit.go.jp/ksj/gml/data/P28/P28-13/P28-13_22.zip"}, {"filename": "P28-22_23.zip", "url": "https://nlftp.mlit.go.jp/ksj/gml/data/P28/P28-22/P28-22_23.zip"}, {"filename": "P28-13_23.zip", "url": "https://nlftp.mlit.go.jp/ksj/gml/data/P28/P28-13/P28-13_23.zip"}, {"filename": "P28-22_24.zip", "url": "https://nlftp.mlit.go.jp/ksj/gml/data/P28/P28-22/P28-22_24.zip"}, {"filename": "P28-13_24.zip", "url": "https://nlftp.mlit.go.jp/ksj/gml/data/P28/P28-13/P28-13_24.zip"}, {"filename": "P28-22_56.zip", "url": "https://nlftp.mlit.go.jp/ksj/gml/data/P28/P28-22/P28-22_56.zip"}, {"filename": "P28-22_25.zip", "url": "https://nlftp.mlit.go.jp/ksj/gml/data/P28/P28-22/P28-22_25.zip"}, {"filename": "P28-13_25.zip", "url": "https://nlftp.mlit.go.jp/ksj/gml/data/P28/P28-13/P28-13_25.zip"}, {"filename": "P28-22_26.zip", "url": "https://nlftp.mlit.go.jp/ksj/gml/data/P28/P28-22/P28-22_26.zip"}, {"filename": "P28-13_26.zip", "url": "https://nlftp.mlit.go.jp/ksj/gml/data/P28/P28-13/P28-13_26.zip"}, {"filename": "P28-22_27.zip", "url": "https://nlftp.mlit.go.jp/ksj/gml/data/P28/P28-22/P28-22_27.zip"}, {"filename": "P28-13_27.zip", "url": "https://nlftp.mlit.go.jp/ksj/gml/data/P28/P28-13/P28-13_27.zip"}, {"filename": "P28-22_28.zip", "url": "https://nlftp.mlit.go.jp/ksj/gml/data/P28/P28-22/P28-22_28.zip"}, {"filename": "P28-13_28.zip", "url": "https://nlftp.mlit.go.jp/ksj/gml/data/P28/P28-13/P28-13_28.zip"}, {"filename": "P28-22_29.zip", "url": "https://nlftp.mlit.go.jp/ksj/gml/data/P28/P28-22/P28-22_29.zip"}, {"filename": "P28-13_29.zip", "url": "https://nlftp.mlit.go.jp/ksj/gml/data/P28/P28-13/P28-13_29.zip"}, {"filename": "P28-22_30.zip", "url": "https://nlftp.mlit.go.jp/ksj/gml/data/P28/P28-22/P28-22_30.zip"}, {"filename": "P28-13_30.zip", "url": "https://nlftp.mlit.go.jp/ksj/gml/data/P28/P28-13/P28-13_30.zip"}, {"filename": "P28-22_57.zip", "url": "https://nlftp.mlit.go.jp/ksj/gml/data/P28/P28-22/P28-22_57.zip"}, {"filename": "P28-22_31.zip", "url": "https://nlftp.mlit.go.jp/ksj/gml/data/P28/P28-22/P28-22_31.zip"}, {"filename": "P28-13_31.zip", "url": "https://nlftp.mlit.go.jp/ksj/gml/data/P28/P28-13/P28-13_31.zip"}, {"filename": "P28-22_32.zip", "url": "https://nlftp.mlit.go.jp/ksj/gml/data/P28/P28-22/P28-22_32.zip"}, {"filename": "P28-13_32.zip", "url": "https://nlftp.mlit.go.jp/ksj/gml/data/P28/P28-13/P28-13_32.zip"}, {"filename": "P28-22_33.zip", "url": "https://nlftp.mlit.go.jp/ksj/gml/data/P28/P28-22/P28-22_33.zip"}, {"filename": "P28-13_33.zip", "url": "https://nlftp.mlit.go.jp/ksj/gml/data/P28/P28-13/P28-13_33.zip"}, {"filename": "P28-22_34.zip", "url": "https://nlftp.mlit.go.jp/ksj/gml/data/P28/P28-22/P28-22_34.zip"}, {"filename": "P28-13_34.zip", "url": "https://nlftp.mlit.go.jp/ksj/gml/data/P28/P28-13/P28-13_34.zip"}, {"filename": "P28-22_35.zip", "url": "https://nlftp.mlit.go.jp/ksj/gml/data/P28/P28-22/P28-22_35.zip"}, {"filename": "P28-13_35.zip", "url": "https://nlftp.mlit.go.jp/ksj/gml/data/P28/P28-13/P28-13_35.zip"}, {"filename": "P28-22_58.zip", "url": "https://nlftp.mlit.go.jp/ksj/gml/data/P28/P28-22/P28-22_58.zip"}, {"filename": "P28-22_36.zip", "url": "https://nlftp.mlit.go.jp/ksj/gml/data/P28/P28-22/P28-22_36.zip"}, {"filename": "P28-13_36.zip", "url": "https://nlftp.mlit.go.jp/ksj/gml/data/P28/P28-13/P28-13_36.zip"}, {"filename": "P28-22_37.zip", "url": "https://nlftp.mlit.go.jp/ksj/gml/data/P28/P28-22/P28-22_37.zip"}, {"filename": "P28-13_37.zip", "url": "https://nlftp.mlit.go.jp/ksj/gml/data/P28/P28-13/P28-13_37.zip"}, {"filename": "P28-22_38.zip", "url": "https://nlftp.mlit.go.jp/ksj/gml/data/P28/P28-22/P28-22_38.zip"}, {"filename": "P28-13_38.zip", "url": "https://nlftp.mlit.go.jp/ksj/gml/data/P28/P28-13/P28-13_38.zip"}, {"filename": "P28-22_39.zip", "url": "https://nlftp.mlit.go.jp/ksj/gml/data/P28/P28-22/P28-22_39.zip"}, {"filename": "P28-13_39.zip", "url": "https://nlftp.mlit.go.jp/ksj/gml/data/P28/P28-13/P28-13_39.zip"}, {"filename": "P28-22_59.zip", "url": "https://nlftp.mlit.go.jp/ksj/gml/data/P28/P28-22/P28-22_59.zip"}, {"filename": "P28-22_40.zip", "url": "https://nlftp.mlit.go.jp/ksj/gml/data/P28/P28-22/P28-22_40.zip"}, {"filename": "P28-13_40.zip", "url": "https://nlftp.mlit.go.jp/ksj/gml/data/P28/P28-13/P28-13_40.zip"}, {"filename": "P28-22_41.zip", "url": "https://nlftp.mlit.go.jp/ksj/gml/data/P28/P28-22/P28-22_41.zip"}, {"filename": "P28-13_41.zip", "url": "https://nlftp.mlit.go.jp/ksj/gml/data/P28/P28-13/P28-13_41.zip"}, {"filename": "P28-22_42.zip", "url": "https://nlftp.mlit.go.jp/ksj/gml/data/P28/P28-22/P28-22_42.zip"}, {"filename": "P28-13_42.zip", "url": "https://nlftp.mlit.go.jp/ksj/gml/data/P28/P28-13/P28-13_42.zip"}, {"filename": "P28-22_43.zip", "url": "https://nlftp.mlit.go.jp/ksj/gml/data/P28/P28-22/P28-22_43.zip"}, {"filename": "P28-13_43.zip", "url": "https://nlftp.mlit.go.jp/ksj/gml/data/P28/P28-13/P28-13_43.zip"}, {"filename": "P28-22_44.zip", "url": "https://nlftp.mlit.go.jp/ksj/gml/data/P28/P28-22/P28-22_44.zip"}, {"filename": "P28-13_44.zip", "url": "https://nlftp.mlit.go.jp/ksj/gml/data/P28/P28-13/P28-13_44.zip"}, {"filename": "P28-22_45.zip", "url": "https://nlftp.mlit.go.jp/ksj/gml/data/P28/P28-22/P28-22_45.zip"}, {"filename": "P28-13_45.zip", "url": "https://nlftp.mlit.go.jp/ksj/gml/data/P28/P28-13/P28-13_45.zip"}, {"filename": "P28-22_46.zip", "url": "https://nlftp.mlit.go.jp/ksj/gml/data/P28/P28-22/P28-22_46.zip"}, {"filename": "P28-13_46.zip", "url": "https://nlftp.mlit.go.jp/ksj/gml/data/P28/P28-13/P28-13_46.zip"}, {"filename": "P28-22_47.zip", "url": "https://nlftp.mlit.go.jp/ksj/gml/data/P28/P28-22/P28-22_47.zip"}, {"filename": "P28-13_47.zip", "url": "https://nlftp.mlit.go.jp/ksj/gml/data/P28/P28-13/P28-13_47.zip"}]