[{"filename": "P29-23_GML.zip", "url": "https://nlftp.mlit.go.jp/ksj/gml/data/P29/P29-23/P29-23_GML.zip"}, {"filename": "P29-21_GML.zip", "url": "https://nlftp.mlit.go.jp/ksj/gml/data/P29/P29-21/P29-21_GML.zip"}, {"filename": "P29-13.zip", "url": "https://nlftp.mlit.go.jp/ksj/gml/data/P29/P29-13/P29-13.zip"}, {"filename": "P29-23_01_GML.zip", "url": "https://nlftp.mlit.go.jp/ksj/gml/data/P29/P29-23/P29-23_01_GML.zip"}, {"filename": "P29-21_01_GML.zip", "url": "https://nlftp.mlit.go.jp/ksj/gml/data/P29/P29-21/P29-21_01_GML.zip"}, {"filename": "P29-13_01.zip", "url": "https://nlftp.mlit.go.jp/ksj/gml/data/P29/P29-13/P29-13_01.zip"}, {"filename": "P29-23_52_GML.zip", "url": "https://nlftp.mlit.go.jp/ksj/gml/data/P29/P29-23/P29-23_52_GML.zip"}, {"filename": "P29-21_52_GML.zip", "url": "https://nlftp.mlit.go.jp/ksj/gml/data/P29/P29-21/P29-21_52_GML.zip"}, {"filename": "P29-23_02_GML.zip", "url": "https://nlftp.mlit.go.jp/ksj/gml/data/P29/P29-23/P29-23_02_GML.zip"}, {"filename": "P29-21_02_GML.zip", "url": "https://nlftp.mlit.go.jp/ksj/gml/data/P29/P29-21/P29-21_02_GML.zip"}, {"filename": "P29-13_02.zip", "url": "https://nlftp.mlit.go.jp/ksj/gml/data/P29/P29-13/P29-13_02.zip"}, {"filename": "P29-23_03_GML.zip", "url": "https://nlftp.mlit.go.jp/ksj/gml/data/P29/P29-23/P29-23_03_GML.zip"}, {"filename": "P29-21_03_GML.zip", "url": "https://nlftp.mlit.go.jp/ksj/gml/data/P29/P29-21/P29-21_03_GML.zip"}, {"filename": "P29-13_03.zip", "url": "https://nlftp.mlit.go.jp/ksj/gml/data/P29/P29-13/P29-13_03.zip"}, {"filename": "P29-23_04_GML.zip", "url": "https://nlftp.mlit.go.jp/ksj/gml/data/P29/P29-23/P29-23_04_GML.zip"}, {"filename": "P29-21_04_GML.zip", "url": "https://nlftp.mlit.go.jp/ksj/gml/data/P29/P29-21/P29-21_04_GML.zip"}, {"filename": "P29-13_04.zip", "url": "https://nlftp.mlit.go.jp/ksj/gml/data/P29/P29-13/P29-13_04.zip"}, {"filename": "P29-23_05_GML.zip", "url": "https://nlftp.mlit.go.jp/ksj/gml/data/P29/P29-23/P29-23_05_GML.zip"}, {"filename": "P29-21_05_GML.zip", "url": "https://nlftp.mlit.go.jp/ksj/gml/data/P29/P29-21/P29-21_05_GML.zip"}, {"filename": "P29-13_05.zip", "url": "https://nlftp.mlit.go.jp/ksj/gml/data/P29/P29-13/P29-13_05.zip"}, {"filename": "P29-23_06_GML.zip", "url": "https://nlftp.mlit.go.jp/ksj/gml/data/P29/P29-23/P29-23_06_GML.zip"}, {"filename": "P29-21_06_GML.zip", "url": "https://nlftp.mlit.go.jp/ksj/gml/data/P29/P29-21/P29-21_06_GML.zip"}, {"filename": "P29-13_06.zip", "url": "https://nlftp.mlit.go.jp/ksj/gml/data/P29/P29-13/P29-13_06.zip"}, {"filename": "P29-23_07_GML.zip", "url": "https://nlftp.mlit.go.jp/ksj/gml/data/P29/P29-23/P29-23_07_GML.zip"}, {"filename": "P29-21_07_GML.zip", "url": "https://nlftp.mlit.go.jp/ksj/gml/data/P29/P29-21/P29-21_07_GML.zip"}, {"filename": "P29-13_07.zip", "url": "https://nlftp.mlit.go.jp/ksj/gml/data/P29/P29-13/P29-13_07.zip"}, {"filename": "P29-23_53_GML.zip", "url": "https://nlftp.mlit.go.jp/ksj/gml/data/P29/P29-23/P29-23_53_GML.zip"}, {"filename": "P29-21_53_GML.zip", "url": "https://nlftp.mlit.go.jp/ksj/gml/data/P29/P29-21/P29-21_53_GML.zip"}, {"filename": "P29-23_08_GML.zip", "url": "https://nlftp.mlit.go.jp/ksj/gml/data/P29/P29-23/P29-23_08_GML.zip"}, {"filename": "P29-21_08_GML.zip", "url": "https://nlftp.mlit.go.jp/ksj/gml/data/P29/P29-21/P29-21_08_GML.zip"}, {"filename": "P29-13_08.zip", "url": "https://nlftp.mlit.go.jp/ksj/gml/data/P29/P29-13/P29-13_08.zip"}, {"filename": "P29-23_09_GML.zip", "url": "https://nlftp.mlit.go.jp/ksj/gml/data/P29/P29-23/P29-23_09_GML.zip"}, {"filename": "P29-21_09_GML.zip", "url": "https://nlftp.mlit.go.jp/ksj/gml/data/P29/P29-21/P29-21_09_GML.zip"}, {"filename": "P29-13_09.zip", "url": "https://nlftp.mlit.go.jp/ksj/gml/data/P29/P29-13/P29-13_09.zip"}, {"filename": "P29-23_10_GML.zip", "url": "https://nlftp.mlit.go.jp/ksj/gml/data/P29/P29-23/P29-23_10_GML.zip"}, {"filename": "P29-21_10_GML.zip", "url": "https://nlftp.mlit.go.jp/ksj/gml/data/P29/P29-21/P29-21_10_GML.zip"}, {"filename": "P29-13_10.zip", "url": "https://nlftp.mlit.go.jp/ksj/gml/data/P29/P29-13/P29-13_10.zip"}, {"filename": "P29-23_11_GML.zip", "url": "https://nlftp.mlit.go.jp/ksj/gml/data/P29/P29-23/P29-23_11_GML.zip"}, {"filename": "P29-21_11_GML.zip", "url": "https://nlftp.mlit.go.jp/ksj/gml/data/P29/P29-21/P29-21_11_GML.zip"}, {"filename": "P29-13_11.zip", "url": "https://nlftp.mlit.go.jp/ksj/gml/data/P29/P29-13/P29-13_11.zip"}, {"filename": "P29-23_12_GML.zip", "url": "https://nlftp.mlit.go.jp/ksj/gml/data/P29/P29-23/P29-23_12_GML.zip"}, {"filename": "P29-21_12_GML.zip", "url": "https://nlftp.mlit.go.jp/ksj/gml/data/P29/P29-21/P29-21_12_GML.zip"}, {"filename": "P29-13_12.zip", "url": "https://nlftp.mlit.go.jp/ksj/gml/data/P29/P29-13/P29-13_12.zip"}, {"filename": "P29-23_13_GML.zip", "url": "https://nlftp.mlit.go.jp/ksj/gml/data/P29/P29-23/P29-23_13_GML.zip"}, {"filename": "P29-21_13_GML.zip", "url": "https://nlftp.mlit.go.jp/ksj/gml/data/P29/P29-21/P29-21_13_GML.zip"}, {"filename": "P29-13_13.zip", "url": "https://nlftp.mlit.go.jp/ksj/gml/data/P29/P29-13/P29-13_13.zip"}, {"filename": "P29-23_14_GML.zip", "url": "https://nlftp.mlit.go.jp/ksj/gml/data/P29/P29-23/P29-23_14_GML.zip"}, {"filename": "P29-21_14_GML.zip", "url": "https://nlftp.mlit.go.jp/ksj/gml/data/P29/P29-21/P29-21_14_GML.zip"}, {"filename": "P29-13_14.zip", "url": "https://nlftp.mlit.go.jp/ksj/gml/data/P29/P29-13/P29-13_14.zip"}, {"filename": "P29-23_54_GML.zip", "url": "https://nlftp.mlit.go.jp/ksj/gml/data/P29/P29-23/P29-23_54_GML.zip"}, {"filename": "P29-21_54_GML.zip", "url": "https://nlftp.mlit.go.jp/ksj/gml/data/P29/P29-21/P29-21_54_GML.zip"}, {"filename": "P29-23_15_GML.zip", "url": "https://nlftp.mlit.go.jp/ksj/gml/data/P29/P29-23/P29-23_15_GML.zip"}, {"filename": "P29-21_15_GML.zip", "url": "https://nlftp.mlit.go.jp/ksj/gml/data/P29/P29-21/P29-21_15_GML.zip"}, {"filename": "P29-13_15.zip", "url": "https://nlftp.mlit.go.jp/ksj/gml/data/P29/P29-13/P29-13_15.zip"}, {"filename": "P29-23_16_GML.zip", "url": "https://nlftp.mlit.go.jp/ksj/gml/data/P29/P29-23/P29-23_16_GML.zip"}, {"filename": "P29-21_16_GML.zip", "url": "https://nlftp.mlit.go.jp/ksj/gml/data/P29/P29-21/P29-21_16_GML.zip"}, {"filename": "P29-13_16.zip", "url": "https://nlftp.mlit.go.jp/ksj/gml/data/P29/P29-13/P29-13_16.zip"}, {"filename": "P29-23_17_GML.zip", "url": "https://nlftp.mlit.go.jp/ksj/gml/data/P29/P29-23/P29-23_17_GML.zip"}, {"filename": "P29-21_17_GML.zip", "url": "https://nlftp.mlit.go.jp/ksj/gml/data/P29/P29-21/P29-21_17_GML.zip"}, {"filename": "P29-13_17.zip", "url": "https://nlftp.mlit.go.jp/ksj/gml/data/P29/P29-13/P29-13_17.zip"}, {"filename": "P29-23_18_GML.zip", "url": "https://nlftp.mlit.go.jp/ksj/gml/data/P29/P29-23/P29-23_18_GML.zip"}, {"filename": "P29-21_18_GML.zip", "url": "https://nlftp.mlit.go.jp/ksj/gml/data/P29/P29-21/P29-21_18_GML.zip"}, {"filename": "P29-13_18.zip", "url": "https://nlftp.mlit.go.jp/ksj/gml/data/P29/P29-13/P29-13_18.zip"}, {"filename": "P29-23_19_GML.zip", "url": "https://nlftp.mlit.go.jp/ksj/gml/data/P29/P29-23/P29-23_19_GML.zip"}, {"filename": "P29-21_19_GML.zip", "url": "https://nlftp.mlit.go.jp/ksj/gml/data/P29/P29-21/P29-21_19_GML.zip"}, {"filename": "P29-13_19.zip", "url": "https://nlftp.mlit.go.jp/ksj/gml/data/P29/P29-13/P29-13_19.zip"}, {"filename": "P29-23_20_GML.zip", "url": "https://nlftp.mlit.go.jp/ksj/gml/data/P29/P29-23/P29-23_20_GML.zip"}, {"filename": "P29-21_20_GML.zip", "url": "https://nlftp.mlit.go.jp/ksj/gml/data/P29/P29-21/P29-21_20_GML.zip"}, {"filename": "P29-13_20.zip", "url": "https://nlftp.mlit.go.jp/ksj/gml/data/P29/P29-13/P29-13_20.zip"}, {"filename": "P29-23_55_GML.zip", "url": "https://nlftp.mlit.go.jp/ksj/gml/data/P29/P29-23/P29-23_55_GML.zip"}, {"filename": "P29-21_55_GML.zip", "url": "https://nlftp.mlit.go.jp/ksj/gml/data/P29/P29-21/P29-21_55_GML.zip"}, {"filename": "P29-23_21_GML.zip", "url": "https://nlftp.mlit.go.jp/ksj/gml/data/P29/P29-23/P29-23_21_GML.zip"}, {"filename": "P29-21_21_GML.zip", "url": "https://nlftp.mlit.go.jp/ksj/gml/data/P29/P29-21/P29-21_21_GML.zip"}, {"filename": "P29-13_21.zip", "url": "https://nlftp.mlit.go.jp/ksj/gml/data/P29/P29-13/P29-13_21.zip"}, {"filename": "P29-23_22_GML.zip", "url": "https://nlftp.mlit.go.jp/ksj/gml/data/P29/P29-23/P29-23_22_GML.zip"}, {"filename": "P29-21_22_GML.zip", "url": "https://nlftp.mlit.go.jp/ksj/gml/data/P29/P29-21/P29-21_22_GML.zip"}, {"filename": "P29-13_22.zip", "url": "https://nlftp.mlit.go.jp/ksj/gml/data/P29/P29-13/P29-13_22.zip"}, {"filename": "P29-23_23_GML.zip", "url": "https://nlftp.mlit.go.jp/ksj/gml/data/P29/P29-23/P29-23_23_GML.zip"}, {"filename": "P29-21_23_GML.zip", "url": "https://nlftp.mlit.go.jp/ksj/gml/data/P29/P29-21/P29-21_23_GML.zip"}, {"filename": "P29-13_23.zip", "url": "https://nlftp.mlit.go.jp/ksj/gml/data/P29/P29-13/P29-13_23.zip"}, {"filename": "P29-23_24_GML.zip", "url": "https://nlftp.mlit.go.jp/ksj/gml/data/P29/P29-23/P29-23_24_GML.zip"}, {"filename": "P29-21_24_GML.zip", "url": "https://nlftp.mlit.go.jp/ksj/gml/data/P29/P29-21/P29-21_24_GML.zip"}, {"filename": "P29-13_24.zip", "url": "https://nlftp.mlit.go.jp/ksj/gml/data/P29/P29-13/P29-13_24.zip"}, {"filename": "P29-23_56_GML.zip", "url": "https://nlftp.mlit.go.jp/ksj/gml/data/P29/P29-23/P29-23_56_GML.zip"}, {"filename": "P29-21_56_GML.zip", "url": "https://nlftp.mlit.go.jp/ksj/gml/data/P29/P29-21/P29-21_56_GML.zip"}, {"filename": "P29-23_25_GML.zip", "url": "https://nlftp.mlit.go.jp/ksj/gml/data/P29/P29-23/P29-23_25_GML.zip"}, {"filename": "P29-21_25_GML.zip", "url": "https://nlftp.mlit.go.jp/ksj/gml/data/P29/P29-21/P29-21_25_GML.zip"}, {"filename": "P29-13_25.zip", "url": "https://nlftp.mlit.go.jp/ksj/gml/data/P29/P29-13/P29-13_25.zip"}, {"filename": "P29-23_26_GML.zip", "url": "https://nlftp.mlit.go.jp/ksj/gml/data/P29/P29-23/P29-23_26_GML.zip"}, {"filename": "P29-21_26_GML.zip", "url": "https://nlftp.mlit.go.jp/ksj/gml/data/P29/P29-21/P29-21_26_GML.zip"}, {"filename": "P29-13_26.zip", "url": "https://nlftp.mlit.go.jp/ksj/gml/data/P29/P29-13/P29-13_26.zip"}, {"filename": "P29-23_27_GML.zip", "url": "https://nlftp.mlit.go.jp/ksj/gml/data/P29/P29-23/P29-23_27_GML.zip"}, {"filename": "P29-21_27_GML.zip", "url": "https://nlftp.mlit.go.jp/ksj/gml/data/P29/P29-21/P29-21_27_GML.zip"}, {"filename": "P29-13_27.zip", "url": "https://nlftp.mlit.go.jp/ksj/gml/data/P29/P29-13/P29-13_27.zip"}, {"filename": "P29-23_28_GML.zip", "url": "https://nlftp.mlit.go.jp/ksj/gml/data/P29/P29-23/P29-23_28_GML.zip"}, {"filename": "P29-21_28_GML.zip", "url": "https://nlftp.mlit.go.jp/ksj/gml/data/P29/P29-21/P29-21_28_GML.zip"}, {"filename": "P29-13_28.zip", "url": "https://nlftp.mlit.go.jp/ksj/gml/data/P29/P29-13/P29-13_28.zip"}, {"filename": "P29-23_29_GML.zip", "url": "https://nlftp.mlit.go.jp/ksj/gml/data/P29/P29-23/P29-23_29_GML.zip"}, {"filename": "P29-21_29_GML.zip", "url": "https://nlftp.mlit.go.jp/ksj/gml/data/P29/P29-21/P29-21_29_GML.zip"}, {"filename": "P29-13_29.zip", "url": "https://nlftp.mlit.go.jp/ksj/gml/data/P29/P29-13/P29-13_29.zip"}, {"filename": "P29-23_30_GML.zip", "url": "https://nlftp.mlit.go.jp/ksj/gml/data/P29/P29-23/P29-23_30_GML.zip"}, {"filename": "P29-21_30_GML.zip", "url": "https://nlftp.mlit.go.jp/ksj/gml/data/P29/P29-21/P29-21_30_GML.zip"}, {"filename": "P29-13_30.zip", "url": "https://nlftp.mlit.go.jp/ksj/gml/data/P29/P29-13/P29-13_30.zip"}, {"filename": "P29-23_57_GML.zip", "url": "https://nlftp.mlit.go.jp/ksj/gml/data/P29/P29-23/P29-23_57_GML.zip"}, {"filename": "P29-21_57_GML.zip", "url": "https://nlftp.mlit.go.jp/ksj/gml/data/P29/P29-21/P29-21_57_GML.zip"}, {"filename": "P29-23_31_GML.zip", "url": "https://nlftp.mlit.go.jp/ksj/gml/data/P29/P29-23/P29-23_31_GML.zip"}, {"filename": "P29-21_31_GML.zip", "url": "https://nlftp.mlit.go.jp/ksj/gml/data/P29/P29-21/P29-21_31_GML.zip"}, {"filename": "P29-13_31.zip", "url": "https://nlftp.mlit.go.jp/ksj/gml/data/P29/P29-13/P29-13_31.zip"}, {"filename": "P29-23_32_GML.zip", "url": "https://nlftp.mlit.go.jp/ksj/gml/data/P29/P29-23/P29-23_32_GML.zip"}, {"filename": "P29-21_32_GML.zip", "url": "https://nlftp.mlit.go.jp/ksj/gml/data/P29/P29-21/P29-21_32_GML.zip"}, {"filename": "P29-13_32.zip", "url": "https://nlftp.mlit.go.jp/ksj/gml/data/P29/P29-13/P29-13_32.zip"}, {"filename": "P29-23_33_GML.zip", "url": "https://nlftp.mlit.go.jp/ksj/gml/data/P29/P29-23/P29-23_33_GML.zip"}, {"filename": "P29-21_33_GML.zip", "url": "https://nlftp.mlit.go.jp/ksj/gml/data/P29/P29-21/P29-21_33_GML.zip"}, {"filename": "P29-13_33.zip", "url": "https://nlftp.mlit.go.jp/ksj/gml/data/P29/P29-13/P29-13_33.zip"}, {"filename": "P29-23_34_GML.zip", "url": "https://nlftp.mlit.go.jp/ksj/gml/data/P29/P29-23/P29-23_34_GML.zip"}, {"filename": "P29-21_34_GML.zip", "url": "https://nlftp.mlit.go.jp/ksj/gml/data/P29/P29-21/P29-21_34_GML.zip"}, {"filename": "P29-13_34.zip", "url": "https://nlftp.mlit.go.jp/ksj/gml/data/P29/P29-13/P29-13_34.zip"}, {"filename": "P29-23_35_GML.zip", "url": "https://nlftp.mlit.go.jp/ksj/gml/data/P29/P29-23/P29-23_35_GML.zip"}, {"filename": "P29-21_35_GML.zip", "url": "https://nlftp.mlit.go.jp/ksj/gml/data/P29/P29-21/P29-21_35_GML.zip"}, {"filename": "P29-13_35.zip", "url": "https://nlftp.mlit.go.jp/ksj/gml/data/P29/P29-13/P29-13_35.zip"}, {"filename": "P29-23_58_GML.zip", "url": "https://nlftp.mlit.go.jp/ksj/gml/data/P29/P29-23/P29-23_58_GML.zip"}, {"filename": "P29-21_58_GML.zip", "url": "https://nlftp.mlit.go.jp/ksj/gml/data/P29/P29-21/P29-21_58_GML.zip"}, {"filename": "P29-23_36_GML.zip", "url": "https://nlftp.mlit.go.jp/ksj/gml/data/P29/P29-23/P29-23_36_GML.zip"}, {"filename": "P29-21_36_GML.zip", "url": "https://nlftp.mlit.go.jp/ksj/gml/data/P29/P29-21/P29-21_36_GML.zip"}, {"filename": "P29-13_36.zip", "url": "https://nlftp.mlit.go.jp/ksj/gml/data/P29/P29-13/P29-13_36.zip"}, {"filename": "P29-23_37_GML.zip", "url": "https://nlftp.mlit.go.jp/ksj/gml/data/P29/P29-23/P29-23_37_GML.zip"}, {"filename": "P29-21_37_GML.zip", "url": "https://nlftp.mlit.go.jp/ksj/gml/data/P29/P29-21/P29-21_37_GML.zip"}, {"filename": "P29-13_37.zip", "url": "https://nlftp.mlit.go.jp/ksj/gml/data/P29/P29-13/P29-13_37.zip"}, {"filename": "P29-23_38_GML.zip", "url": "https://nlftp.mlit.go.jp/ksj/gml/data/P29/P29-23/P29-23_38_GML.zip"}, {"filename": "P29-21_38_GML.zip", "url": "https://nlftp.mlit.go.jp/ksj/gml/data/P29/P29-21/P29-21_38_GML.zip"}, {"filename": "P29-13_38.zip", "url": "https://nlftp.mlit.go.jp/ksj/gml/data/P29/P29-13/P29-13_38.zip"}, {"filename": "P29-23_39_GML.zip", "url": "https://nlftp.mlit.go.jp/ksj/gml/data/P29/P29-23/P29-23_39_GML.zip"}, {"filename": "P29-21_39_GML.zip", "url": "https://nlftp.mlit.go.jp/ksj/gml/data/P29/P29-21/P29-21_39_GML.zip"}, {"filename": "P29-13_39.zip", "url": "https://nlftp.mlit.go.jp/ksj/gml/data/P29/P29-13/P29-13_39.zip"}, {"filename": "P29-23_59_GML.zip", "url": "https://nlftp.mlit.go.jp/ksj/gml/data/P29/P29-23/P29-23_59_GML.zip"}, {"filename": "P29-21_59_GML.zip", "url": "https://nlftp.mlit.go.jp/ksj/gml/data/P29/P29-21/P29-21_59_GML.zip"}, {"filename": "P29-23_40_GML.zip", "url": "https://nlftp.mlit.go.jp/ksj/gml/data/P29/P29-23/P29-23_40_GML.zip"}, {"filename": "P29-21_40_GML.zip", "url": "https://nlftp.mlit.go.jp/ksj/gml/data/P29/P29-21/P29-21_40_GML.zip"}, {"filename": "P29-13_40.zip", "url": "https://nlftp.mlit.go.jp/ksj/gml/data/P29/P29-13/P29-13_40.zip"}, {"filename": "P29-23_41_GML.zip", "url": "https://nlftp.mlit.go.jp/ksj/gml/data/P29/P29-23/P29-23_41_GML.zip"}, {"filename": "P29-21_41_GML.zip", "url": "https://nlftp.mlit.go.jp/ksj/gml/data/P29/P29-21/P29-21_41_GML.zip"}, {"filename": "P29-13_41.zip", "url": "https://nlftp.mlit.go.jp/ksj/gml/data/P29/P29-13/P29-13_41.zip"}, {"filename": "P29-23_42_GML.zip", "url": "https://nlftp.mlit.go.jp/ksj/gml/data/P29/P29-23/P29-23_42_GML.zip"}, {"filename": "P29-21_42_GML.zip", "url": "https://nlftp.mlit.go.jp/ksj/gml/data/P29/P29-21/P29-21_42_GML.zip"}, {"filename": "P29-13_42.zip", "url": "https://nlftp.mlit.go.jp/ksj/gml/data/P29/P29-13/P29-13_42.zip"}, {"filename": "P29-23_43_GML.zip", "url": "https://nlftp.mlit.go.jp/ksj/gml/data/P29/P29-23/P29-23_43_GML.zip"}, {"filename": "P29-21_43_GML.zip", "url": "https://nlftp.mlit.go.jp/ksj/gml/data/P29/P29-21/P29-21_43_GML.zip"}, {"filename": "P29-13_43.zip", "url": "https://nlftp.mlit.go.jp/ksj/gml/data/P29/P29-13/P29-13_43.zip"}, {"filename": "P29-23_44_GML.zip", "url": "https://nlftp.mlit.go.jp/ksj/gml/data/P29/P29-23/P29-23_44_GML.zip"}, {"filename": "P29-21_44_GML.zip", "url": "https://nlftp.mlit.go.jp/ksj/gml/data/P29/P29-21/P29-21_44_GML.zip"}, {"filename": "P29-13_44.zip", "url": "https://nlftp.mlit.go.jp/ksj/gml/data/P29/P29-13/P29-13_44.zip"}, {"filename": "P29-23_45_GML.zip", "url": "https://nlftp.mlit.go.jp/ksj/gml/data/P29/P29-23/P29-23_45_GML.zip"}, {"filename": "P29-21_45_GML.zip", "url": "https://nlftp.mlit.go.jp/ksj/gml/data/P29/P29-21/P29-21_45_GML.zip"}, {"filename": "P29-13_45.zip", "url": "https://nlftp.mlit.go.jp/ksj/gml/data/P29/P29-13/P29-13_45.zip"}, {"filename": "P29-23_46_GML.zip", "url": "https://nlftp.mlit.go.jp/ksj/gml/data/P29/P29-23/P29-23_46_GML.zip"}, {"filename": "P29-21_46_GML.zip", "url": "https://nlftp.mlit.go.jp/ksj/gml/data/P29/P29-21/P29-21_46_GML.zip"}, {"filename": "P29-13_46.zip", "url": "https://nlftp.mlit.go.jp/ksj/gml/data/P29/P29-13/P29-13_46.zip"}, {"filename": "P29-23_47_GML.zip", "url": "https://nlftp.mlit.go.jp/ksj/gml/data/P29/P29-23/P29-23_47_GML.zip"}, {"filename": "P29-21_47_GML.zip", "url": "https://nlftp.mlit.go.jp/ksj/gml/data/P29/P29-21/P29-21_47_GML.zip"}, {"filename": "P29-13_47.zip", "url": "https://nlftp.mlit.go.jp/ksj/gml/data/P29/P29-13/P29-13_47.zip"}]