全国,世界測地系,2023年（令和5年）,1.13MB,P29-23_GML.zip
全国,世界測地系,2021年（令和3年）,6.60MB,P29-21_GML.zip
全国,世界測地系,2013年（平成25年）,4.23MB,P29-13.zip
北海道,世界測地系,2023年（令和5年）,5.19MB,P29-23_01_GML.zip
北海道,世界測地系,2021年（令和3年）,0.34MB,P29-21_01_GML.zip
北海道,世界測地系,2013年（平成25年）,0.18MB,P29-13_01.zip
東北地方,世界測地系,2023年（令和5年）,0.14MB,P29-23_52_GML.zip
東北地方,世界測地系,2021年（令和3年）,0.66MB,P29-21_52_GML.zip
青森,世界測地系,2023年（令和5年）,0.44MB,P29-23_02_GML.zip
青森,世界測地系,2021年（令和3年）,0.12MB,P29-21_02_GML.zip
青森,世界測地系,2013年（平成25年）,0.05MB,P29-13_02.zip
岩手,世界測地系,2023年（令和5年）,0.15MB,P29-23_03_GML.zip
岩手,世界測地系,2021年（令和3年）,0.10MB,P29-21_03_GML.zip
岩手,世界測地系,2013年（平成25年）,0.05MB,P29-13_03.zip
宮城,世界測地系,2023年（令和5年）,0.13MB,P29-23_04_GML.zip
宮城,世界測地系,2021年（令和3年）,0.14MB,P29-21_04_GML.zip
宮城,世界測地系,2013年（平成25年）,0.06MB,P29-13_04.zip
秋田,世界測地系,2023年（令和5年）,0.18MB,P29-23_05_GML.zip
秋田,世界測地系,2021年（令和3年）,0.07MB,P29-21_05_GML.zip
秋田,世界測地系,2013年（平成25年）,0.04MB,P29-13_05.zip
山形,世界測地系,2023年（令和5年）,0.09MB,P29-23_06_GML.zip
山形,世界測地系,2021年（令和3年）,0.08MB,P29-21_06_GML.zip
山形,世界測地系,2013年（平成25年）,0.04MB,P29-13_06.zip
福島,世界測地系,2023年（令和5年）,0.1MB,P29-23_07_GML.zip
福島,世界測地系,2021年（令和3年）,0.16MB,P29-21_07_GML.zip
福島,世界測地系,2013年（平成25年）,0.08MB,P29-13_07.zip
関東地方,世界測地系,2023年（令和5年）,0.84MB,P29-23_53_GML.zip
関東地方,世界測地系,2021年（令和3年）,1.68MB,P29-21_53_GML.zip
茨城,世界測地系,2023年（令和5年）,0.19MB,P29-23_08_GML.zip
茨城,世界測地系,2021年（令和3年）,0.16MB,P29-21_08_GML.zip
茨城,世界測地系,2013年（平成25年）,0.08MB,P29-13_08.zip
栃木,世界測地系,2023年（令和5年）,0.21MB,P29-23_09_GML.zip
栃木,世界測地系,2021年（令和3年）,0.11MB,P29-21_09_GML.zip
栃木,世界測地系,2013年（平成25年）,0.06MB,P29-13_09.zip
群馬,世界測地系,2023年（令和5年）,0.14MB,P29-23_10_GML.zip
群馬,世界測地系,2021年（令和3年）,0.12MB,P29-21_10_GML.zip
群馬,世界測地系,2013年（平成25年）,0.05MB,P29-13_10.zip
埼玉,世界測地系,2023年（令和5年）,0.16MB,P29-23_11_GML.zip
埼玉,世界測地系,2021年（令和3年）,0.27MB,P29-21_11_GML.zip
埼玉,世界測地系,2013年（平成25年）,0.12MB,P29-13_11.zip
千葉,世界測地系,2023年（令和5年）,0.35MB,P29-23_12_GML.zip
千葉,世界測地系,2021年（令和3年）,0.25MB,P29-21_12_GML.zip
千葉,世界測地系,2013年（平成25年）,0.12MB,P29-13_12.zip
東京,世界測地系,2023年（令和5年）,0.33MB,P29-23_13_GML.zip
東京,世界測地系,2021年（令和3年）,0.49MB,P29-21_13_GML.zip
東京,世界測地系,2013年（平成25年）,0.22MB,P29-13_13.zip
神奈川,世界測地系,2023年（令和5年）,0.66MB,P29-23_14_GML.zip
神奈川,世界測地系,2021年（令和3年）,0.30MB,P29-21_14_GML.zip
神奈川,世界測地系,2013年（平成25年）,0.13MB,P29-13_14.zip
甲信越・北陸地方,世界測地系,2023年（令和5年）,2.24MB,P29-23_54_GML.zip
甲信越・北陸地方,世界測地系,2021年（令和3年）,0.54MB,P29-21_54_GML.zip
新潟,世界測地系,2023年（令和5年）,0.4MB,P29-23_15_GML.zip
新潟,世界測地系,2021年（令和3年）,0.15MB,P29-21_15_GML.zip
新潟,世界測地系,2013年（平成25年）,0.08MB,P29-13_15.zip
富山,世界測地系,2023年（令和5年）,0.19MB,P29-23_16_GML.zip
富山,世界測地系,2021年（令和3年）,0.07MB,P29-21_16_GML.zip
富山,世界測地系,2013年（平成25年）,0.03MB,P29-13_16.zip
石川,世界測地系,2023年（令和5年）,0.09MB,P29-23_17_GML.zip
石川,世界測地系,2021年（令和3年）,0.08MB,P29-21_17_GML.zip
石川,世界測地系,2013年（平成25年）,0.04MB,P29-13_17.zip
福井,世界測地系,2023年（令和5年）,0.11MB,P29-23_18_GML.zip
福井,世界測地系,2021年（令和3年）,0.07MB,P29-21_18_GML.zip
福井,世界測地系,2013年（平成25年）,0.03MB,P29-13_18.zip
山梨,世界測地系,2023年（令和5年）,0.09MB,P29-23_19_GML.zip
山梨,世界測地系,2021年（令和3年）,0.06MB,P29-21_19_GML.zip
山梨,世界測地系,2013年（平成25年）,0.03MB,P29-13_19.zip
長野,世界測地系,2023年（令和5年）,0.08MB,P29-23_20_GML.zip
長野,世界測地系,2021年（令和3年）,0.12MB,P29-21_20_GML.zip
長野,世界測地系,2013年（平成25年）,0.06MB,P29-13_20.zip
東海地方,世界測地系,2023年（令和5年）,0.7MB,P29-23_55_GML.zip
東海地方,世界測地系,2021年（令和3年）,0.75MB,P29-21_55_GML.zip
岐阜,世界測地系,2023年（令和5年）,0.15MB,P29-23_21_GML.zip
岐阜,世界測地系,2021年（令和3年）,0.12MB,P29-21_21_GML.zip
岐阜,世界測地系,2013年（平成25年）,0.06MB,P29-13_21.zip
静岡,世界測地系,2023年（令和5年）,0.15MB,P29-23_22_GML.zip
静岡,世界測地系,2021年（令和3年）,0.21MB,P29-21_22_GML.zip
静岡,世界測地系,2013年（平成25年）,0.08MB,P29-13_22.zip
愛知,世界測地系,2023年（令和5年）,0.26MB,P29-23_23_GML.zip
愛知,世界測地系,2021年（令和3年）,0.32MB,P29-21_23_GML.zip
愛知,世界測地系,2013年（平成25年）,0.15MB,P29-13_23.zip
三重,世界測地系,2023年（令和5年）,0.42MB,P29-23_24_GML.zip
三重,世界測地系,2021年（令和3年）,0.12MB,P29-21_24_GML.zip
三重,世界測地系,2013年（平成25年）,0.06MB,P29-13_24.zip
近畿地方,世界測地系,2023年（令和5年）,0.99MB,P29-23_56_GML.zip
近畿地方,世界測地系,2021年（令和3年）,1.09MB,P29-21_56_GML.zip
滋賀,世界測地系,2023年（令和5年）,0.15MB,P29-23_25_GML.zip
滋賀,世界測地系,2021年（令和3年）,0.09MB,P29-21_25_GML.zip
滋賀,世界測地系,2013年（平成25年）,0.04MB,P29-13_25.zip
京都,世界測地系,2023年（令和5年）,0.11MB,P29-23_26_GML.zip
京都,世界測地系,2021年（令和3年）,0.16MB,P29-21_26_GML.zip
京都,世界測地系,2013年（平成25年）,0.07MB,P29-13_26.zip
大阪,世界測地系,2023年（令和5年）,0.21MB,P29-23_27_GML.zip
大阪,世界測地系,2021年（令和3年）,0.39MB,P29-21_27_GML.zip
大阪,世界測地系,2013年（平成25年）,0.16MB,P29-13_27.zip
兵庫,世界測地系,2023年（令和5年）,0.53MB,P29-23_28_GML.zip
兵庫,世界測地系,2021年（令和3年）,0.31MB,P29-21_28_GML.zip
兵庫,世界測地系,2013年（平成25年）,0.12MB,P29-13_28.zip
奈良,世界測地系,2023年（令和5年）,0.42MB,P29-23_29_GML.zip
奈良,世界測地系,2021年（令和3年）,0.09MB,P29-21_29_GML.zip
奈良,世界測地系,2013年（平成25年）,0.04MB,P29-13_29.zip
和歌山,世界測地系,2023年（令和5年）,0.11MB,P29-23_30_GML.zip
和歌山,世界測地系,2021年（令和3年）,0.08MB,P29-21_30_GML.zip
和歌山,世界測地系,2013年（平成25年）,0.04MB,P29-13_30.zip
中国地方,世界測地系,2023年（令和5年）,1.46MB,P29-23_57_GML.zip
中国地方,世界測地系,2021年（令和3年）,0.50MB,P29-21_57_GML.zip
鳥取,世界測地系,2023年（令和5年）,0.1MB,P29-23_31_GML.zip
鳥取,世界測地系,2021年（令和3年）,0.04MB,P29-21_31_GML.zip
鳥取,世界測地系,2013年（平成25年）,0.02MB,P29-13_31.zip
島根,世界測地系,2023年（令和5年）,0.05MB,P29-23_32_GML.zip
島根,世界測地系,2021年（令和3年）,0.06MB,P29-21_32_GML.zip
島根,世界測地系,2013年（平成25年）,0.03MB,P29-13_32.zip
岡山,世界測地系,2023年（令和5年）,0.08MB,P29-23_33_GML.zip
岡山,世界測地系,2021年（令和3年）,0.13MB,P29-21_33_GML.zip
岡山,世界測地系,2013年（平成25年）,0.06MB,P29-13_33.zip
広島,世界測地系,2023年（令和5年）,0.17MB,P29-23_34_GML.zip
広島,世界測地系,2021年（令和3年）,0.17MB,P29-21_34_GML.zip
広島,世界測地系,2013年（平成25年）,0.08MB,P29-13_34.zip
山口,世界測地系,2023年（令和5年）,0.22MB,P29-23_35_GML.zip
山口,世界測地系,2021年（令和3年）,0.10MB,P29-21_35_GML.zip
山口,世界測地系,2013年（平成25年）,0.05MB,P29-13_35.zip
四国地方,世界測地系,2023年（令和5年）,0.65MB,P29-23_58_GML.zip
四国地方,世界測地系,2021年（令和3年）,0.29MB,P29-21_58_GML.zip
徳島,世界測地系,2023年（令和5年）,0.13MB,P29-23_36_GML.zip
徳島,世界測地系,2021年（令和3年）,0.07MB,P29-21_36_GML.zip
徳島,世界測地系,2013年（平成25年）,0.03MB,P29-13_36.zip
香川,世界測地系,2023年（令和5年）,0.09MB,P29-23_37_GML.zip
香川,世界測地系,2021年（令和3年）,0.07MB,P29-21_37_GML.zip
香川,世界測地系,2013年（平成25年）,0.03MB,P29-13_37.zip
愛媛,世界測地系,2023年（令和5年）,0.09MB,P29-23_38_GML.zip
愛媛,世界測地系,2021年（令和3年）,0.09MB,P29-21_38_GML.zip
愛媛,世界測地系,2013年（平成25年）,0.05MB,P29-13_38.zip
高知,世界測地系,2023年（令和5年）,0.12MB,P29-23_39_GML.zip
高知,世界測地系,2021年（令和3年）,0.07MB,P29-21_39_GML.zip
高知,世界測地系,2013年（平成25年）,0.04MB,P29-13_39.zip
九州地方,世界測地系,2023年（令和5年）,0.37MB,P29-23_59_GML.zip
九州地方,世界測地系,2021年（令和3年）,0.86MB,P29-21_59_GML.zip
福岡,世界測地系,2023年（令和5年）,0.08MB,P29-23_40_GML.zip
福岡,世界測地系,2021年（令和3年）,0.23MB,P29-21_40_GML.zip
福岡,世界測地系,2013年（平成25年）,0.11MB,P29-13_40.zip
佐賀,世界測地系,2023年（令和5年）,0.31MB,P29-23_41_GML.zip
佐賀,世界測地系,2021年（令和3年）,0.06MB,P29-21_41_GML.zip
佐賀,世界測地系,2013年（平成25年）,0.03MB,P29-13_41.zip
長崎,世界測地系,2023年（令和5年）,0.08MB,P29-23_42_GML.zip
長崎,世界測地系,2021年（令和3年）,0.11MB,P29-21_42_GML.zip
長崎,世界測地系,2013年（平成25年）,0.06MB,P29-13_42.zip
熊本,世界測地系,2023年（令和5年）,0.14MB,P29-23_43_GML.zip
熊本,世界測地系,2021年（令和3年）,0.11MB,P29-21_43_GML.zip
熊本,世界測地系,2013年（平成25年）,0.06MB,P29-13_43.zip
大分,世界測地系,2023年（令和5年）,0.15MB,P29-23_44_GML.zip
大分,世界測地系,2021年（令和3年）,0.10MB,P29-21_44_GML.zip
大分,世界測地系,2013年（平成25年）,0.05MB,P29-13_44.zip
宮崎,世界測地系,2023年（令和5年）,0.13MB,P29-23_45_GML.zip
宮崎,世界測地系,2021年（令和3年）,0.09MB,P29-21_45_GML.zip
宮崎,世界測地系,2013年（平成25年）,0.04MB,P29-13_45.zip
鹿児島,世界測地系,2023年（令和5年）,0.12MB,P29-23_46_GML.zip
鹿児島,世界測地系,2021年（令和3年）,0.15MB,P29-21_46_GML.zip
鹿児島,世界測地系,2013年（平成25年）,0.08MB,P29-13_46.zip
沖縄,世界測地系,2023年（令和5年）,0.2MB,P29-23_47_GML.zip
沖縄,世界測地系,2021年（令和3年）,0.11MB,P29-21_47_GML.zip
沖縄,世界測地系,2013年（平成25年）,0.04MB,P29-13_47.zip