[{"filename": "P32-14_00_GML.zip", "url": "https://nlftp.mlit.go.jp/ksj/gml/data/P32/P32-14/P32-14_00_GML.zip"}, {"filename": "P32-14_01_GML.zip", "url": "https://nlftp.mlit.go.jp/ksj/gml/data/P32/P32-14/P32-14_01_GML.zip"}, {"filename": "P32-14_02_GML.zip", "url": "https://nlftp.mlit.go.jp/ksj/gml/data/P32/P32-14/P32-14_02_GML.zip"}, {"filename": "P32-14_03_GML.zip", "url": "https://nlftp.mlit.go.jp/ksj/gml/data/P32/P32-14/P32-14_03_GML.zip"}, {"filename": "P32-14_04_GML.zip", "url": "https://nlftp.mlit.go.jp/ksj/gml/data/P32/P32-14/P32-14_04_GML.zip"}, {"filename": "P32-14_05_GML.zip", "url": "https://nlftp.mlit.go.jp/ksj/gml/data/P32/P32-14/P32-14_05_GML.zip"}, {"filename": "P32-14_06_GML.zip", "url": "https://nlftp.mlit.go.jp/ksj/gml/data/P32/P32-14/P32-14_06_GML.zip"}, {"filename": "P32-14_07_GML.zip", "url": "https://nlftp.mlit.go.jp/ksj/gml/data/P32/P32-14/P32-14_07_GML.zip"}, {"filename": "P32-14_08_GML.zip", "url": "https://nlftp.mlit.go.jp/ksj/gml/data/P32/P32-14/P32-14_08_GML.zip"}, {"filename": "P32-14_09_GML.zip", "url": "https://nlftp.mlit.go.jp/ksj/gml/data/P32/P32-14/P32-14_09_GML.zip"}, {"filename": "P32-14_10_GML.zip", "url": "https://nlftp.mlit.go.jp/ksj/gml/data/P32/P32-14/P32-14_10_GML.zip"}, {"filename": "P32-14_11_GML.zip", "url": "https://nlftp.mlit.go.jp/ksj/gml/data/P32/P32-14/P32-14_11_GML.zip"}, {"filename": "P32-14_12_GML.zip", "url": "https://nlftp.mlit.go.jp/ksj/gml/data/P32/P32-14/P32-14_12_GML.zip"}, {"filename": "P32-14_14_GML.zip", "url": "https://nlftp.mlit.go.jp/ksj/gml/data/P32/P32-14/P32-14_14_GML.zip"}, {"filename": "P32-14_15_GML.zip", "url": "https://nlftp.mlit.go.jp/ksj/gml/data/P32/P32-14/P32-14_15_GML.zip"}, {"filename": "P32-14_16_GML.zip", "url": "https://nlftp.mlit.go.jp/ksj/gml/data/P32/P32-14/P32-14_16_GML.zip"}, {"filename": "P32-14_17_GML.zip", "url": "https://nlftp.mlit.go.jp/ksj/gml/data/P32/P32-14/P32-14_17_GML.zip"}, {"filename": "P32-14_18_GML.zip", "url": "https://nlftp.mlit.go.jp/ksj/gml/data/P32/P32-14/P32-14_18_GML.zip"}, {"filename": "P32-14_19_GML.zip", "url": "https://nlftp.mlit.go.jp/ksj/gml/data/P32/P32-14/P32-14_19_GML.zip"}, {"filename": "P32-14_20_GML.zip", "url": "https://nlftp.mlit.go.jp/ksj/gml/data/P32/P32-14/P32-14_20_GML.zip"}, {"filename": "P32-14_21_GML.zip", "url": "https://nlftp.mlit.go.jp/ksj/gml/data/P32/P32-14/P32-14_21_GML.zip"}, {"filename": "P32-14_22_GML.zip", "url": "https://nlftp.mlit.go.jp/ksj/gml/data/P32/P32-14/P32-14_22_GML.zip"}, {"filename": "P32-14_23_GML.zip", "url": "https://nlftp.mlit.go.jp/ksj/gml/data/P32/P32-14/P32-14_23_GML.zip"}, {"filename": "P32-14_24_GML.zip", "url": "https://nlftp.mlit.go.jp/ksj/gml/data/P32/P32-14/P32-14_24_GML.zip"}, {"filename": "P32-14_25_GML.zip", "url": "https://nlftp.mlit.go.jp/ksj/gml/data/P32/P32-14/P32-14_25_GML.zip"}, {"filename": "P32-14_26_GML.zip", "url": "https://nlftp.mlit.go.jp/ksj/gml/data/P32/P32-14/P32-14_26_GML.zip"}, {"filename": "P32-14_27_GML.zip", "url": "https://nlftp.mlit.go.jp/ksj/gml/data/P32/P32-14/P32-14_27_GML.zip"}, {"filename": "P32-14_28_GML.zip", "url": "https://nlftp.mlit.go.jp/ksj/gml/data/P32/P32-14/P32-14_28_GML.zip"}, {"filename": "P32-14_30_GML.zip", "url": "https://nlftp.mlit.go.jp/ksj/gml/data/P32/P32-14/P32-14_30_GML.zip"}, {"filename": "P32-14_31_GML.zip", "url": "https://nlftp.mlit.go.jp/ksj/gml/data/P32/P32-14/P32-14_31_GML.zip"}, {"filename": "P32-14_32_GML.zip", "url": "https://nlftp.mlit.go.jp/ksj/gml/data/P32/P32-14/P32-14_32_GML.zip"}, {"filename": "P32-14_33_GML.zip", "url": "https://nlftp.mlit.go.jp/ksj/gml/data/P32/P32-14/P32-14_33_GML.zip"}, {"filename": "P32-14_34_GML.zip", "url": "https://nlftp.mlit.go.jp/ksj/gml/data/P32/P32-14/P32-14_34_GML.zip"}, {"filename": "P32-14_35_GML.zip", "url": "https://nlftp.mlit.go.jp/ksj/gml/data/P32/P32-14/P32-14_35_GML.zip"}, {"filename": "P32-14_36_GML.zip", "url": "https://nlftp.mlit.go.jp/ksj/gml/data/P32/P32-14/P32-14_36_GML.zip"}, {"filename": "P32-14_37_GML.zip", "url": "https://nlftp.mlit.go.jp/ksj/gml/data/P32/P32-14/P32-14_37_GML.zip"}, {"filename": "P32-14_38_GML.zip", "url": "https://nlftp.mlit.go.jp/ksj/gml/data/P32/P32-14/P32-14_38_GML.zip"}, {"filename": "P32-14_39_GML.zip", "url": "https://nlftp.mlit.go.jp/ksj/gml/data/P32/P32-14/P32-14_39_GML.zip"}, {"filename": "P32-14_40_GML.zip", "url": "https://nlftp.mlit.go.jp/ksj/gml/data/P32/P32-14/P32-14_40_GML.zip"}, {"filename": "P32-14_41_GML.zip", "url": "https://nlftp.mlit.go.jp/ksj/gml/data/P32/P32-14/P32-14_41_GML.zip"}, {"filename": "P32-14_42_GML.zip", "url": "https://nlftp.mlit.go.jp/ksj/gml/data/P32/P32-14/P32-14_42_GML.zip"}, {"filename": "P32-14_43_GML.zip", "url": "https://nlftp.mlit.go.jp/ksj/gml/data/P32/P32-14/P32-14_43_GML.zip"}, {"filename": "P32-14_45_GML.zip", "url": "https://nlftp.mlit.go.jp/ksj/gml/data/P32/P32-14/P32-14_45_GML.zip"}, {"filename": "P32-14_46_GML.zip", "url": "https://nlftp.mlit.go.jp/ksj/gml/data/P32/P32-14/P32-14_46_GML.zip"}, {"filename": "P32-14_47_GML.zip", "url": "https://nlftp.mlit.go.jp/ksj/gml/data/P32/P32-14/P32-14_47_GML.zip"}]