全国,GML形式,世界測地系,2023年（令和5年）,0.61MB,P36-23_GML.zip,file_download                                                                            star,
全国,シェープ、geojson形式,世界測地系,2023年（令和5年）,1.66MB,P36-23_SHP.zip,file_download                                                                            star,
北海道,GML形式,世界測地系,2023年（令和5年）,0.03MB,P36-23_01_GML.zip,file_download                                                                            star,
北海道,シェープ、geojson形式,世界測地系,2023年（令和5年）,0.10MB,P36-23_01_SHP.zip,file_download                                                                            star,
東北地方,GML形式,世界測地系,2023年（令和5年）,0.06MB,P36-23_52_GML.zip,file_download                                                                            star,
東北地方,シェープ、geojson形式,世界測地系,2023年（令和5年）,0.15MB,P36-23_52_SHP.zip,file_download                                                                            star,
青森,GML形式,世界測地系,2023年（令和5年）,0.01MB,P36-23_02_GML.zip,file_download                                                                            star,
青森,シェープ、geojson形式,世界測地系,2023年（令和5年）,0.01MB,P36-23_02_SHP.zip,file_download                                                                            star,
岩手,GML形式,世界測地系,2023年（令和5年）,0.01MB,P36-23_03_GML.zip,file_download                                                                            star,
岩手,シェープ、geojson形式,世界測地系,2023年（令和5年）,0.02MB,P36-23_03_SHP.zip,file_download                                                                            star,
宮城,GML形式,世界測地系,2023年（令和5年）,0.01MB,P36-23_04_GML.zip,file_download                                                                            star,
宮城,シェープ、geojson形式,世界測地系,2023年（令和5年）,0.04MB,P36-23_04_SHP.zip,file_download                                                                            star,
秋田,GML形式,世界測地系,2023年（令和5年）,0.01MB,P36-23_05_GML.zip,file_download                                                                            star,
秋田,シェープ、geojson形式,世界測地系,2023年（令和5年）,0.02MB,P36-23_05_SHP.zip,file_download                                                                            star,
山形,GML形式,世界測地系,2023年（令和5年）,0.01MB,P36-23_06_GML.zip,file_download                                                                            star,
山形,シェープ、geojson形式,世界測地系,2023年（令和5年）,0.02MB,P36-23_06_SHP.zip,file_download                                                                            star,
福島,GML形式,世界測地系,2023年（令和5年）,0.01MB,P36-23_07_GML.zip,file_download                                                                            star,
福島,シェープ、geojson形式,世界測地系,2023年（令和5年）,0.04MB,P36-23_07_SHP.zip,file_download                                                                            star,
関東地方,GML形式,世界測地系,2023年（令和5年）,0.16MB,P36-23_53_GML.zip,file_download                                                                            star,
関東地方,シェープ、geojson形式,世界測地系,2023年（令和5年）,0.45MB,P36-23_53_SHP.zip,file_download                                                                            star,
茨城,GML形式,世界測地系,2023年（令和5年）,0.01MB,P36-23_08_GML.zip,file_download                                                                            star,
茨城,シェープ、geojson形式,世界測地系,2023年（令和5年）,0.04MB,P36-23_08_SHP.zip,file_download                                                                            star,
栃木,GML形式,世界測地系,2023年（令和5年）,0.01MB,P36-23_09_GML.zip,file_download                                                                            star,
栃木,シェープ、geojson形式,世界測地系,2023年（令和5年）,0.01MB,P36-23_09_SHP.zip,file_download                                                                            star,
群馬,GML形式,世界測地系,2023年（令和5年）,0.01MB,P36-23_10_GML.zip,file_download                                                                            star,
群馬,シェープ、geojson形式,世界測地系,2023年（令和5年）,0.02MB,P36-23_10_SHP.zip,file_download                                                                            star,
埼玉,GML形式,世界測地系,2023年（令和5年）,0.01MB,P36-23_11_GML.zip,file_download                                                                            star,
埼玉,シェープ、geojson形式,世界測地系,2023年（令和5年）,0.03MB,P36-23_11_SHP.zip,file_download                                                                            star,
千葉,GML形式,世界測地系,2023年（令和5年）,0.04MB,P36-23_12_GML.zip,file_download                                                                            star,
千葉,シェープ、geojson形式,世界測地系,2023年（令和5年）,0.12MB,P36-23_12_SHP.zip,file_download                                                                            star,
東京,GML形式,世界測地系,2023年（令和5年）,0.06MB,P36-23_13_GML.zip,file_download                                                                            star,
東京,シェープ、geojson形式,世界測地系,2023年（令和5年）,0.18MB,P36-23_13_SHP.zip,file_download                                                                            star,
神奈川,GML形式,世界測地系,2023年（令和5年）,0.02MB,P36-23_14_GML.zip,file_download                                                                            star,
神奈川,シェープ、geojson形式,世界測地系,2023年（令和5年）,0.05MB,P36-23_14_SHP.zip,file_download                                                                            star,
甲信越・北陸地方,GML形式,世界測地系,2023年（令和5年）,0.07MB,P36-23_54_GML.zip,file_download                                                                            star,
甲信越・北陸地方,シェープ、geojson形式,世界測地系,2023年（令和5年）,0.19MB,P36-23_54_SHP.zip,file_download                                                                            star,
新潟,GML形式,世界測地系,2023年（令和5年）,0.01MB,P36-23_15_GML.zip,file_download                                                                            star,
新潟,シェープ、geojson形式,世界測地系,2023年（令和5年）,0.04MB,P36-23_15_SHP.zip,file_download                                                                            star,
富山,GML形式,世界測地系,2023年（令和5年）,0.01MB,P36-23_16_GML.zip,file_download                                                                            star,
富山,シェープ、geojson形式,世界測地系,2023年（令和5年）,0.02MB,P36-23_16_SHP.zip,file_download                                                                            star,
石川,GML形式,世界測地系,2023年（令和5年）,0.01MB,P36-23_17_GML.zip,file_download                                                                            star,
石川,シェープ、geojson形式,世界測地系,2023年（令和5年）,0.02MB,P36-23_17_SHP.zip,file_download                                                                            star,
福井,GML形式,世界測地系,2023年（令和5年）,0.01MB,P36-23_18_GML.zip,file_download                                                                            star,
福井,シェープ、geojson形式,世界測地系,2023年（令和5年）,0.01MB,P36-23_18_SHP.zip,file_download                                                                            star,
山梨,GML形式,世界測地系,2023年（令和5年）,0.01MB,P36-23_19_GML.zip,file_download                                                                            star,
山梨,シェープ、geojson形式,世界測地系,2023年（令和5年）,0.04MB,P36-23_19_SHP.zip,file_download                                                                            star,
長野,GML形式,世界測地系,2023年（令和5年）,0.02MB,P36-23_20_GML.zip,file_download                                                                            star,
長野,シェープ、geojson形式,世界測地系,2023年（令和5年）,0.07MB,P36-23_20_SHP.zip,file_download                                                                            star,
東海地方,GML形式,世界測地系,2023年（令和5年）,0.05MB,P36-23_55_GML.zip,file_download                                                                            star,
東海地方,シェープ、geojson形式,世界測地系,2023年（令和5年）,0.15MB,P36-23_55_SHP.zip,file_download                                                                            star,
岐阜,GML形式,世界測地系,2023年（令和5年）,0.01MB,P36-23_21_GML.zip,file_download                                                                            star,
岐阜,シェープ、geojson形式,世界測地系,2023年（令和5年）,0.03MB,P36-23_21_SHP.zip,file_download                                                                            star,
静岡,GML形式,世界測地系,2023年（令和5年）,0.01MB,P36-23_22_GML.zip,file_download                                                                            star,
静岡,シェープ、geojson形式,世界測地系,2023年（令和5年）,0.04MB,P36-23_22_SHP.zip,file_download                                                                            star,
愛知,GML形式,世界測地系,2023年（令和5年）,0.02MB,P36-23_23_GML.zip,file_download                                                                            star,
愛知,シェープ、geojson形式,世界測地系,2023年（令和5年）,0.06MB,P36-23_23_SHP.zip,file_download                                                                            star,
三重,GML形式,世界測地系,2023年（令和5年）,0.01MB,P36-23_24_GML.zip,file_download                                                                            star,
三重,シェープ、geojson形式,世界測地系,2023年（令和5年）,0.02MB,P36-23_24_SHP.zip,file_download                                                                            star,
近畿地方,GML形式,世界測地系,2023年（令和5年）,0.09MB,P36-23_56_GML.zip,file_download                                                                            star,
近畿地方,シェープ、geojson形式,世界測地系,2023年（令和5年）,0.24MB,P36-23_56_SHP.zip,file_download                                                                            star,
滋賀,GML形式,世界測地系,2023年（令和5年）,0.01MB,P36-23_25_GML.zip,file_download                                                                            star,
滋賀,シェープ、geojson形式,世界測地系,2023年（令和5年）,0.01MB,P36-23_25_SHP.zip,file_download                                                                            star,
京都,GML形式,世界測地系,2023年（令和5年）,0.01MB,P36-23_26_GML.zip,file_download                                                                            star,
京都,シェープ、geojson形式,世界測地系,2023年（令和5年）,0.03MB,P36-23_26_SHP.zip,file_download                                                                            star,
大阪,GML形式,世界測地系,2023年（令和5年）,0.03MB,P36-23_27_GML.zip,file_download                                                                            star,
大阪,シェープ、geojson形式,世界測地系,2023年（令和5年）,0.09MB,P36-23_27_SHP.zip,file_download                                                                            star,
兵庫,GML形式,世界測地系,2023年（令和5年）,0.03MB,P36-23_28_GML.zip,file_download                                                                            star,
兵庫,シェープ、geojson形式,世界測地系,2023年（令和5年）,0.09MB,P36-23_28_SHP.zip,file_download                                                                            star,
奈良,GML形式,世界測地系,2023年（令和5年）,0.01MB,P36-23_29_GML.zip,file_download                                                                            star,
奈良,シェープ、geojson形式,世界測地系,2023年（令和5年）,0.01MB,P36-23_29_SHP.zip,file_download                                                                            star,
和歌山,GML形式,世界測地系,2023年（令和5年）,0.01MB,P36-23_30_GML.zip,file_download                                                                            star,
和歌山,シェープ、geojson形式,世界測地系,2023年（令和5年）,0.01MB,P36-23_30_SHP.zip,file_download                                                                            star,
中国地方,GML形式,世界測地系,2023年（令和5年）,0.05MB,P36-23_57_GML.zip,file_download                                                                            star,
中国地方,シェープ、geojson形式,世界測地系,2023年（令和5年）,0.11MB,P36-23_57_SHP.zip,file_download                                                                            star,
鳥取,GML形式,世界測地系,2023年（令和5年）,0.01MB,P36-23_31_GML.zip,file_download                                                                            star,
鳥取,シェープ、geojson形式,世界測地系,2023年（令和5年）,0.01MB,P36-23_31_SHP.zip,file_download                                                                            star,
島根,GML形式,世界測地系,2023年（令和5年）,0.01MB,P36-23_32_GML.zip,file_download                                                                            star,
島根,シェープ、geojson形式,世界測地系,2023年（令和5年）,0.01MB,P36-23_32_SHP.zip,file_download                                                                            star,
岡山,GML形式,世界測地系,2023年（令和5年）,0.01MB,P36-23_33_GML.zip,file_download                                                                            star,
岡山,シェープ、geojson形式,世界測地系,2023年（令和5年）,0.02MB,P36-23_33_SHP.zip,file_download                                                                            star,
広島,GML形式,世界測地系,2023年（令和5年）,0.02MB,P36-23_34_GML.zip,file_download                                                                            star,
広島,シェープ、geojson形式,世界測地系,2023年（令和5年）,0.06MB,P36-23_34_SHP.zip,file_download                                                                            star,
山口,GML形式,世界測地系,2023年（令和5年）,0.01MB,P36-23_35_GML.zip,file_download                                                                            star,
山口,シェープ、geojson形式,世界測地系,2023年（令和5年）,0.02MB,P36-23_35_SHP.zip,file_download                                                                            star,
四国地方,GML形式,世界測地系,2023年（令和5年）,0.03MB,P36-23_58_GML.zip,file_download                                                                            star,
四国地方,シェープ、geojson形式,世界測地系,2023年（令和5年）,0.09MB,P36-23_58_SHP.zip,file_download                                                                            star,
徳島,GML形式,世界測地系,2023年（令和5年）,0.01MB,P36-23_36_GML.zip,file_download                                                                            star,
徳島,シェープ、geojson形式,世界測地系,2023年（令和5年）,0.03MB,P36-23_36_SHP.zip,file_download                                                                            star,
香川,GML形式,世界測地系,2023年（令和5年）,0.01MB,P36-23_37_GML.zip,file_download                                                                            star,
香川,シェープ、geojson形式,世界測地系,2023年（令和5年）,0.02MB,P36-23_37_SHP.zip,file_download                                                                            star,
愛媛,GML形式,世界測地系,2023年（令和5年）,0.01MB,P36-23_38_GML.zip,file_download                                                                            star,
愛媛,シェープ、geojson形式,世界測地系,2023年（令和5年）,0.02MB,P36-23_38_SHP.zip,file_download                                                                            star,
高知,GML形式,世界測地系,2023年（令和5年）,0.01MB,P36-23_39_GML.zip,file_download                                                                            star,
高知,シェープ、geojson形式,世界測地系,2023年（令和5年）,0.02MB,P36-23_39_SHP.zip,file_download                                                                            star,
九州地方,GML形式,世界測地系,2023年（令和5年）,0.07MB,P36-23_59_GML.zip,file_download                                                                            star,
九州地方,シェープ、geojson形式,世界測地系,2023年（令和5年）,0.16MB,P36-23_59_SHP.zip,file_download                                                                            star,
福岡,GML形式,世界測地系,2023年（令和5年）,0.02MB,P36-23_40_GML.zip,file_download                                                                            star,
福岡,シェープ、geojson形式,世界測地系,2023年（令和5年）,0.05MB,P36-23_40_SHP.zip,file_download                                                                            star,
佐賀,GML形式,世界測地系,2023年（令和5年）,0.01MB,P36-23_41_GML.zip,file_download                                                                            star,
佐賀,シェープ、geojson形式,世界測地系,2023年（令和5年）,0.02MB,P36-23_41_SHP.zip,file_download                                                                            star,
長崎,GML形式,世界測地系,2023年（令和5年）,0.01MB,P36-23_42_GML.zip,file_download                                                                            star,
長崎,シェープ、geojson形式,世界測地系,2023年（令和5年）,0.03MB,P36-23_42_SHP.zip,file_download                                                                            star,
熊本,GML形式,世界測地系,2023年（令和5年）,0.01MB,P36-23_43_GML.zip,file_download                                                                            star,
熊本,シェープ、geojson形式,世界測地系,2023年（令和5年）,0.04MB,P36-23_43_SHP.zip,file_download                                                                            star,
大分,GML形式,世界測地系,2023年（令和5年）,0.01MB,P36-23_44_GML.zip,file_download                                                                            star,
大分,シェープ、geojson形式,世界測地系,2023年（令和5年）,0.02MB,P36-23_44_SHP.zip,file_download                                                                            star,
宮崎,GML形式,世界測地系,2023年（令和5年）,0.01MB,P36-23_45_GML.zip,file_download                                                                            star,
宮崎,シェープ、geojson形式,世界測地系,2023年（令和5年）,0.01MB,P36-23_45_SHP.zip,file_download                                                                            star,
鹿児島,GML形式,世界測地系,2023年（令和5年）,0.01MB,P36-23_46_GML.zip,file_download                                                                            star,
鹿児島,シェープ、geojson形式,世界測地系,2023年（令和5年）,0.01MB,P36-23_46_SHP.zip,file_download                                                                            star,
沖縄,GML形式,世界測地系,2023年（令和5年）,0.01MB,P36-23_47_GML.zip,file_download                                                                            star,
沖縄,シェープ、geojson形式,世界測地系,2023年（令和5年）,0.01MB,P36-23_47_SHP.zip,file_download                                                                            star,