[{"filename": "P36-23_GML.zip", "url": "https://nlftp.mlit.go.jp/ksj/gml/data/P36/P36-23/P36-23_GML.zip"}, {"filename": "P36-23_SHP.zip", "url": "https://nlftp.mlit.go.jp/ksj/gml/data/P36/P36-23/P36-23_SHP.zip"}, {"filename": "P36-23_01_GML.zip", "url": "https://nlftp.mlit.go.jp/ksj/gml/data/P36/P36-23/P36-23_01_GML.zip"}, {"filename": "P36-23_01_SHP.zip", "url": "https://nlftp.mlit.go.jp/ksj/gml/data/P36/P36-23/P36-23_01_SHP.zip"}, {"filename": "P36-23_52_GML.zip", "url": "https://nlftp.mlit.go.jp/ksj/gml/data/P36/P36-23/P36-23_52_GML.zip"}, {"filename": "P36-23_52_SHP.zip", "url": "https://nlftp.mlit.go.jp/ksj/gml/data/P36/P36-23/P36-23_52_SHP.zip"}, {"filename": "P36-23_02_GML.zip", "url": "https://nlftp.mlit.go.jp/ksj/gml/data/P36/P36-23/P36-23_02_GML.zip"}, {"filename": "P36-23_02_SHP.zip", "url": "https://nlftp.mlit.go.jp/ksj/gml/data/P36/P36-23/P36-23_02_SHP.zip"}, {"filename": "P36-23_03_GML.zip", "url": "https://nlftp.mlit.go.jp/ksj/gml/data/P36/P36-23/P36-23_03_GML.zip"}, {"filename": "P36-23_03_SHP.zip", "url": "https://nlftp.mlit.go.jp/ksj/gml/data/P36/P36-23/P36-23_03_SHP.zip"}, {"filename": "P36-23_04_GML.zip", "url": "https://nlftp.mlit.go.jp/ksj/gml/data/P36/P36-23/P36-23_04_GML.zip"}, {"filename": "P36-23_04_SHP.zip", "url": "https://nlftp.mlit.go.jp/ksj/gml/data/P36/P36-23/P36-23_04_SHP.zip"}, {"filename": "P36-23_05_GML.zip", "url": "https://nlftp.mlit.go.jp/ksj/gml/data/P36/P36-23/P36-23_05_GML.zip"}, {"filename": "P36-23_05_SHP.zip", "url": "https://nlftp.mlit.go.jp/ksj/gml/data/P36/P36-23/P36-23_05_SHP.zip"}, {"filename": "P36-23_06_GML.zip", "url": "https://nlftp.mlit.go.jp/ksj/gml/data/P36/P36-23/P36-23_06_GML.zip"}, {"filename": "P36-23_06_SHP.zip", "url": "https://nlftp.mlit.go.jp/ksj/gml/data/P36/P36-23/P36-23_06_SHP.zip"}, {"filename": "P36-23_07_GML.zip", "url": "https://nlftp.mlit.go.jp/ksj/gml/data/P36/P36-23/P36-23_07_GML.zip"}, {"filename": "P36-23_07_SHP.zip", "url": "https://nlftp.mlit.go.jp/ksj/gml/data/P36/P36-23/P36-23_07_SHP.zip"}, {"filename": "P36-23_53_GML.zip", "url": "https://nlftp.mlit.go.jp/ksj/gml/data/P36/P36-23/P36-23_53_GML.zip"}, {"filename": "P36-23_53_SHP.zip", "url": "https://nlftp.mlit.go.jp/ksj/gml/data/P36/P36-23/P36-23_53_SHP.zip"}, {"filename": "P36-23_08_GML.zip", "url": "https://nlftp.mlit.go.jp/ksj/gml/data/P36/P36-23/P36-23_08_GML.zip"}, {"filename": "P36-23_08_SHP.zip", "url": "https://nlftp.mlit.go.jp/ksj/gml/data/P36/P36-23/P36-23_08_SHP.zip"}, {"filename": "P36-23_09_GML.zip", "url": "https://nlftp.mlit.go.jp/ksj/gml/data/P36/P36-23/P36-23_09_GML.zip"}, {"filename": "P36-23_09_SHP.zip", "url": "https://nlftp.mlit.go.jp/ksj/gml/data/P36/P36-23/P36-23_09_SHP.zip"}, {"filename": "P36-23_10_GML.zip", "url": "https://nlftp.mlit.go.jp/ksj/gml/data/P36/P36-23/P36-23_10_GML.zip"}, {"filename": "P36-23_10_SHP.zip", "url": "https://nlftp.mlit.go.jp/ksj/gml/data/P36/P36-23/P36-23_10_SHP.zip"}, {"filename": "P36-23_11_GML.zip", "url": "https://nlftp.mlit.go.jp/ksj/gml/data/P36/P36-23/P36-23_11_GML.zip"}, {"filename": "P36-23_11_SHP.zip", "url": "https://nlftp.mlit.go.jp/ksj/gml/data/P36/P36-23/P36-23_11_SHP.zip"}, {"filename": "P36-23_12_GML.zip", "url": "https://nlftp.mlit.go.jp/ksj/gml/data/P36/P36-23/P36-23_12_GML.zip"}, {"filename": "P36-23_12_SHP.zip", "url": "https://nlftp.mlit.go.jp/ksj/gml/data/P36/P36-23/P36-23_12_SHP.zip"}, {"filename": "P36-23_13_GML.zip", "url": "https://nlftp.mlit.go.jp/ksj/gml/data/P36/P36-23/P36-23_13_GML.zip"}, {"filename": "P36-23_13_SHP.zip", "url": "https://nlftp.mlit.go.jp/ksj/gml/data/P36/P36-23/P36-23_13_SHP.zip"}, {"filename": "P36-23_14_GML.zip", "url": "https://nlftp.mlit.go.jp/ksj/gml/data/P36/P36-23/P36-23_14_GML.zip"}, {"filename": "P36-23_14_SHP.zip", "url": "https://nlftp.mlit.go.jp/ksj/gml/data/P36/P36-23/P36-23_14_SHP.zip"}, {"filename": "P36-23_54_GML.zip", "url": "https://nlftp.mlit.go.jp/ksj/gml/data/P36/P36-23/P36-23_54_GML.zip"}, {"filename": "P36-23_54_SHP.zip", "url": "https://nlftp.mlit.go.jp/ksj/gml/data/P36/P36-23/P36-23_54_SHP.zip"}, {"filename": "P36-23_15_GML.zip", "url": "https://nlftp.mlit.go.jp/ksj/gml/data/P36/P36-23/P36-23_15_GML.zip"}, {"filename": "P36-23_15_SHP.zip", "url": "https://nlftp.mlit.go.jp/ksj/gml/data/P36/P36-23/P36-23_15_SHP.zip"}, {"filename": "P36-23_16_GML.zip", "url": "https://nlftp.mlit.go.jp/ksj/gml/data/P36/P36-23/P36-23_16_GML.zip"}, {"filename": "P36-23_16_SHP.zip", "url": "https://nlftp.mlit.go.jp/ksj/gml/data/P36/P36-23/P36-23_16_SHP.zip"}, {"filename": "P36-23_17_GML.zip", "url": "https://nlftp.mlit.go.jp/ksj/gml/data/P36/P36-23/P36-23_17_GML.zip"}, {"filename": "P36-23_17_SHP.zip", "url": "https://nlftp.mlit.go.jp/ksj/gml/data/P36/P36-23/P36-23_17_SHP.zip"}, {"filename": "P36-23_18_GML.zip", "url": "https://nlftp.mlit.go.jp/ksj/gml/data/P36/P36-23/P36-23_18_GML.zip"}, {"filename": "P36-23_18_SHP.zip", "url": "https://nlftp.mlit.go.jp/ksj/gml/data/P36/P36-23/P36-23_18_SHP.zip"}, {"filename": "P36-23_19_GML.zip", "url": "https://nlftp.mlit.go.jp/ksj/gml/data/P36/P36-23/P36-23_19_GML.zip"}, {"filename": "P36-23_19_SHP.zip", "url": "https://nlftp.mlit.go.jp/ksj/gml/data/P36/P36-23/P36-23_19_SHP.zip"}, {"filename": "P36-23_20_GML.zip", "url": "https://nlftp.mlit.go.jp/ksj/gml/data/P36/P36-23/P36-23_20_GML.zip"}, {"filename": "P36-23_20_SHP.zip", "url": "https://nlftp.mlit.go.jp/ksj/gml/data/P36/P36-23/P36-23_20_SHP.zip"}, {"filename": "P36-23_55_GML.zip", "url": "https://nlftp.mlit.go.jp/ksj/gml/data/P36/P36-23/P36-23_55_GML.zip"}, {"filename": "P36-23_55_SHP.zip", "url": "https://nlftp.mlit.go.jp/ksj/gml/data/P36/P36-23/P36-23_55_SHP.zip"}, {"filename": "P36-23_21_GML.zip", "url": "https://nlftp.mlit.go.jp/ksj/gml/data/P36/P36-23/P36-23_21_GML.zip"}, {"filename": "P36-23_21_SHP.zip", "url": "https://nlftp.mlit.go.jp/ksj/gml/data/P36/P36-23/P36-23_21_SHP.zip"}, {"filename": "P36-23_22_GML.zip", "url": "https://nlftp.mlit.go.jp/ksj/gml/data/P36/P36-23/P36-23_22_GML.zip"}, {"filename": "P36-23_22_SHP.zip", "url": "https://nlftp.mlit.go.jp/ksj/gml/data/P36/P36-23/P36-23_22_SHP.zip"}, {"filename": "P36-23_23_GML.zip", "url": "https://nlftp.mlit.go.jp/ksj/gml/data/P36/P36-23/P36-23_23_GML.zip"}, {"filename": "P36-23_23_SHP.zip", "url": "https://nlftp.mlit.go.jp/ksj/gml/data/P36/P36-23/P36-23_23_SHP.zip"}, {"filename": "P36-23_24_GML.zip", "url": "https://nlftp.mlit.go.jp/ksj/gml/data/P36/P36-23/P36-23_24_GML.zip"}, {"filename": "P36-23_24_SHP.zip", "url": "https://nlftp.mlit.go.jp/ksj/gml/data/P36/P36-23/P36-23_24_SHP.zip"}, {"filename": "P36-23_56_GML.zip", "url": "https://nlftp.mlit.go.jp/ksj/gml/data/P36/P36-23/P36-23_56_GML.zip"}, {"filename": "P36-23_56_SHP.zip", "url": "https://nlftp.mlit.go.jp/ksj/gml/data/P36/P36-23/P36-23_56_SHP.zip"}, {"filename": "P36-23_25_GML.zip", "url": "https://nlftp.mlit.go.jp/ksj/gml/data/P36/P36-23/P36-23_25_GML.zip"}, {"filename": "P36-23_25_SHP.zip", "url": "https://nlftp.mlit.go.jp/ksj/gml/data/P36/P36-23/P36-23_25_SHP.zip"}, {"filename": "P36-23_26_GML.zip", "url": "https://nlftp.mlit.go.jp/ksj/gml/data/P36/P36-23/P36-23_26_GML.zip"}, {"filename": "P36-23_26_SHP.zip", "url": "https://nlftp.mlit.go.jp/ksj/gml/data/P36/P36-23/P36-23_26_SHP.zip"}, {"filename": "P36-23_27_GML.zip", "url": "https://nlftp.mlit.go.jp/ksj/gml/data/P36/P36-23/P36-23_27_GML.zip"}, {"filename": "P36-23_27_SHP.zip", "url": "https://nlftp.mlit.go.jp/ksj/gml/data/P36/P36-23/P36-23_27_SHP.zip"}, {"filename": "P36-23_28_GML.zip", "url": "https://nlftp.mlit.go.jp/ksj/gml/data/P36/P36-23/P36-23_28_GML.zip"}, {"filename": "P36-23_28_SHP.zip", "url": "https://nlftp.mlit.go.jp/ksj/gml/data/P36/P36-23/P36-23_28_SHP.zip"}, {"filename": "P36-23_29_GML.zip", "url": "https://nlftp.mlit.go.jp/ksj/gml/data/P36/P36-23/P36-23_29_GML.zip"}, {"filename": "P36-23_29_SHP.zip", "url": "https://nlftp.mlit.go.jp/ksj/gml/data/P36/P36-23/P36-23_29_SHP.zip"}, {"filename": "P36-23_30_GML.zip", "url": "https://nlftp.mlit.go.jp/ksj/gml/data/P36/P36-23/P36-23_30_GML.zip"}, {"filename": "P36-23_30_SHP.zip", "url": "https://nlftp.mlit.go.jp/ksj/gml/data/P36/P36-23/P36-23_30_SHP.zip"}, {"filename": "P36-23_57_GML.zip", "url": "https://nlftp.mlit.go.jp/ksj/gml/data/P36/P36-23/P36-23_57_GML.zip"}, {"filename": "P36-23_57_SHP.zip", "url": "https://nlftp.mlit.go.jp/ksj/gml/data/P36/P36-23/P36-23_57_SHP.zip"}, {"filename": "P36-23_31_GML.zip", "url": "https://nlftp.mlit.go.jp/ksj/gml/data/P36/P36-23/P36-23_31_GML.zip"}, {"filename": "P36-23_31_SHP.zip", "url": "https://nlftp.mlit.go.jp/ksj/gml/data/P36/P36-23/P36-23_31_SHP.zip"}, {"filename": "P36-23_32_GML.zip", "url": "https://nlftp.mlit.go.jp/ksj/gml/data/P36/P36-23/P36-23_32_GML.zip"}, {"filename": "P36-23_32_SHP.zip", "url": "https://nlftp.mlit.go.jp/ksj/gml/data/P36/P36-23/P36-23_32_SHP.zip"}, {"filename": "P36-23_33_GML.zip", "url": "https://nlftp.mlit.go.jp/ksj/gml/data/P36/P36-23/P36-23_33_GML.zip"}, {"filename": "P36-23_33_SHP.zip", "url": "https://nlftp.mlit.go.jp/ksj/gml/data/P36/P36-23/P36-23_33_SHP.zip"}, {"filename": "P36-23_34_GML.zip", "url": "https://nlftp.mlit.go.jp/ksj/gml/data/P36/P36-23/P36-23_34_GML.zip"}, {"filename": "P36-23_34_SHP.zip", "url": "https://nlftp.mlit.go.jp/ksj/gml/data/P36/P36-23/P36-23_34_SHP.zip"}, {"filename": "P36-23_35_GML.zip", "url": "https://nlftp.mlit.go.jp/ksj/gml/data/P36/P36-23/P36-23_35_GML.zip"}, {"filename": "P36-23_35_SHP.zip", "url": "https://nlftp.mlit.go.jp/ksj/gml/data/P36/P36-23/P36-23_35_SHP.zip"}, {"filename": "P36-23_58_GML.zip", "url": "https://nlftp.mlit.go.jp/ksj/gml/data/P36/P36-23/P36-23_58_GML.zip"}, {"filename": "P36-23_58_SHP.zip", "url": "https://nlftp.mlit.go.jp/ksj/gml/data/P36/P36-23/P36-23_58_SHP.zip"}, {"filename": "P36-23_36_GML.zip", "url": "https://nlftp.mlit.go.jp/ksj/gml/data/P36/P36-23/P36-23_36_GML.zip"}, {"filename": "P36-23_36_SHP.zip", "url": "https://nlftp.mlit.go.jp/ksj/gml/data/P36/P36-23/P36-23_36_SHP.zip"}, {"filename": "P36-23_37_GML.zip", "url": "https://nlftp.mlit.go.jp/ksj/gml/data/P36/P36-23/P36-23_37_GML.zip"}, {"filename": "P36-23_37_SHP.zip", "url": "https://nlftp.mlit.go.jp/ksj/gml/data/P36/P36-23/P36-23_37_SHP.zip"}, {"filename": "P36-23_38_GML.zip", "url": "https://nlftp.mlit.go.jp/ksj/gml/data/P36/P36-23/P36-23_38_GML.zip"}, {"filename": "P36-23_38_SHP.zip", "url": "https://nlftp.mlit.go.jp/ksj/gml/data/P36/P36-23/P36-23_38_SHP.zip"}, {"filename": "P36-23_39_GML.zip", "url": "https://nlftp.mlit.go.jp/ksj/gml/data/P36/P36-23/P36-23_39_GML.zip"}, {"filename": "P36-23_39_SHP.zip", "url": "https://nlftp.mlit.go.jp/ksj/gml/data/P36/P36-23/P36-23_39_SHP.zip"}, {"filename": "P36-23_59_GML.zip", "url": "https://nlftp.mlit.go.jp/ksj/gml/data/P36/P36-23/P36-23_59_GML.zip"}, {"filename": "P36-23_59_SHP.zip", "url": "https://nlftp.mlit.go.jp/ksj/gml/data/P36/P36-23/P36-23_59_SHP.zip"}, {"filename": "P36-23_40_GML.zip", "url": "https://nlftp.mlit.go.jp/ksj/gml/data/P36/P36-23/P36-23_40_GML.zip"}, {"filename": "P36-23_40_SHP.zip", "url": "https://nlftp.mlit.go.jp/ksj/gml/data/P36/P36-23/P36-23_40_SHP.zip"}, {"filename": "P36-23_41_GML.zip", "url": "https://nlftp.mlit.go.jp/ksj/gml/data/P36/P36-23/P36-23_41_GML.zip"}, {"filename": "P36-23_41_SHP.zip", "url": "https://nlftp.mlit.go.jp/ksj/gml/data/P36/P36-23/P36-23_41_SHP.zip"}, {"filename": "P36-23_42_GML.zip", "url": "https://nlftp.mlit.go.jp/ksj/gml/data/P36/P36-23/P36-23_42_GML.zip"}, {"filename": "P36-23_42_SHP.zip", "url": "https://nlftp.mlit.go.jp/ksj/gml/data/P36/P36-23/P36-23_42_SHP.zip"}, {"filename": "P36-23_43_GML.zip", "url": "https://nlftp.mlit.go.jp/ksj/gml/data/P36/P36-23/P36-23_43_GML.zip"}, {"filename": "P36-23_43_SHP.zip", "url": "https://nlftp.mlit.go.jp/ksj/gml/data/P36/P36-23/P36-23_43_SHP.zip"}, {"filename": "P36-23_44_GML.zip", "url": "https://nlftp.mlit.go.jp/ksj/gml/data/P36/P36-23/P36-23_44_GML.zip"}, {"filename": "P36-23_44_SHP.zip", "url": "https://nlftp.mlit.go.jp/ksj/gml/data/P36/P36-23/P36-23_44_SHP.zip"}, {"filename": "P36-23_45_GML.zip", "url": "https://nlftp.mlit.go.jp/ksj/gml/data/P36/P36-23/P36-23_45_GML.zip"}, {"filename": "P36-23_45_SHP.zip", "url": "https://nlftp.mlit.go.jp/ksj/gml/data/P36/P36-23/P36-23_45_SHP.zip"}, {"filename": "P36-23_46_GML.zip", "url": "https://nlftp.mlit.go.jp/ksj/gml/data/P36/P36-23/P36-23_46_GML.zip"}, {"filename": "P36-23_46_SHP.zip", "url": "https://nlftp.mlit.go.jp/ksj/gml/data/P36/P36-23/P36-23_46_SHP.zip"}, {"filename": "P36-23_47_GML.zip", "url": "https://nlftp.mlit.go.jp/ksj/gml/data/P36/P36-23/P36-23_47_GML.zip"}, {"filename": "P36-23_47_SHP.zip", "url": "https://nlftp.mlit.go.jp/ksj/gml/data/P36/P36-23/P36-23_47_SHP.zip"}]