[{"filename": "S05-a-10_SYUTO_GML.zip", "url": "https://nlftp.mlit.go.jp/ksj/gml/data/S05-a/S05-a-10/S05-a-10_SYUTO_GML.zip"}, {"filename": "S05-a-10_CHUBU_GML.zip", "url": "https://nlftp.mlit.go.jp/ksj/gml/data/S05-a/S05-a-10/S05-a-10_CHUBU_GML.zip"}, {"filename": "S05-a-10_KINKI_GML.zip", "url": "https://nlftp.mlit.go.jp/ksj/gml/data/S05-a/S05-a-10/S05-a-10_KINKI_GML.zip"}, {"filename": "S05-a-12_KINKI_GML.zip", "url": "https://nlftp.mlit.go.jp/ksj/gml/data/S05-a/S05-a-12/S05-a-12_KINKI_GML.zip"}, {"filename": "S05-a-13_CHUBU-g.zip", "url": "https://nlftp.mlit.go.jp/ksj/gml/data/S05-a/S05-a-13/S05-a-13_CHUBU-g.zip"}]