全国,世界測地系,2001年（平成13年）,0.71MB,S05-d-01_GML.zip
全国,世界測地系,2002年（平成14年）,0.71MB,S05-d-02_GML.zip
全国,世界測地系,2003年（平成15年）,0.71MB,S05-d-03_GML.zip
全国,世界測地系,2004年（平成16年）,0.71MB,S05-d-04_GML.zip
全国,世界測地系,2005年（平成17年）,0.67MB,S05-d-05_GML.zip
全国,世界測地系,2006年（平成18年）,0.67MB,S05-d-06_GML.zip
全国,世界測地系,2007年（平成19年）,0.67MB,S05-d-07_GML.zip
全国,世界測地系,2008年（平成20年）,0.67MB,S05-d-08_GML.zip
全国,世界測地系,2009年（平成21年）,0.67MB,S05-d-09_GML.zip
全国,世界測地系,2010年（平成22年）,0.64MB,S05-d-10_GML.zip
全国,世界測地系,2011年（平成23年）,0.91MB,S05-d-11-g.zip
全国,世界測地系,2012年（平成24年）,0.62MB,S05-d-12_GML.zip
全国,世界測地系,2013年（平成25年）,0.96MB,S05-d-13_GML.zip
全国,世界測地系,2014年（平成26年）,0.95MB,S05-d-14_GML.zip
全国,世界測地系,2015年（平成27年）,0.91MB,S05-d-15_GML.zip
全国,世界測地系,2016年（平成28年）,0.94MB,S05-d-16_GML.zip
全国,世界測地系,2017年（平成29年）,0.99MB,S05-d-17_GML.zip
全国,世界測地系,2018年（平成30年）,0.98MB,S05-d-18_GML.zip