[{"filename": "S05-b-10_SYUTO_GML.zip", "url": "https://nlftp.mlit.go.jp/ksj/gml/data/S05-b/S05-b-10/S05-b-10_SYUTO_GML.zip"}, {"filename": "S05-b-10_CHUBU_GML.zip", "url": "https://nlftp.mlit.go.jp/ksj/gml/data/S05-b/S05-b-10/S05-b-10_CHUBU_GML.zip"}, {"filename": "S05-b-10_KINKI_GML.zip", "url": "https://nlftp.mlit.go.jp/ksj/gml/data/S05-b/S05-b-10/S05-b-10_KINKI_GML.zip"}, {"filename": "S05-b-12_KINKI_GML.zip", "url": "https://nlftp.mlit.go.jp/ksj/gml/data/S05-b/S05-b-12/S05-b-12_KINKI_GML.zip"}, {"filename": "S05-b-13_CHUBU-g.zip", "url": "https://nlftp.mlit.go.jp/ksj/gml/data/S05-b/S05-b-13/S05-b-13_CHUBU-g.zip"}]