[{"filename": "S05-d-01_GML.zip", "url": "https://nlftp.mlit.go.jp/ksj/gml/data/S05-d/S05-d-01/S05-d-01_GML.zip"}, {"filename": "S05-d-02_GML.zip", "url": "https://nlftp.mlit.go.jp/ksj/gml/data/S05-d/S05-d-02/S05-d-02_GML.zip"}, {"filename": "S05-d-03_GML.zip", "url": "https://nlftp.mlit.go.jp/ksj/gml/data/S05-d/S05-d-03/S05-d-03_GML.zip"}, {"filename": "S05-d-04_GML.zip", "url": "https://nlftp.mlit.go.jp/ksj/gml/data/S05-d/S05-d-04/S05-d-04_GML.zip"}, {"filename": "S05-d-05_GML.zip", "url": "https://nlftp.mlit.go.jp/ksj/gml/data/S05-d/S05-d-05/S05-d-05_GML.zip"}, {"filename": "S05-d-06_GML.zip", "url": "https://nlftp.mlit.go.jp/ksj/gml/data/S05-d/S05-d-06/S05-d-06_GML.zip"}, {"filename": "S05-d-07_GML.zip", "url": "https://nlftp.mlit.go.jp/ksj/gml/data/S05-d/S05-d-07/S05-d-07_GML.zip"}, {"filename": "S05-d-08_GML.zip", "url": "https://nlftp.mlit.go.jp/ksj/gml/data/S05-d/S05-d-08/S05-d-08_GML.zip"}, {"filename": "S05-d-09_GML.zip", "url": "https://nlftp.mlit.go.jp/ksj/gml/data/S05-d/S05-d-09/S05-d-09_GML.zip"}, {"filename": "S05-d-10_GML.zip", "url": "https://nlftp.mlit.go.jp/ksj/gml/data/S05-d/S05-d-10/S05-d-10_GML.zip"}, {"filename": "S05-d-11-g.zip", "url": "https://nlftp.mlit.go.jp/ksj/gml/data/S05-d/S05-d-11/S05-d-11-g.zip"}, {"filename": "S05-d-12_GML.zip", "url": "https://nlftp.mlit.go.jp/ksj/gml/data/S05-d/S05-d-12/S05-d-12_GML.zip"}, {"filename": "S05-d-13_GML.zip", "url": "https://nlftp.mlit.go.jp/ksj/gml/data/S05-d/S05-d-13/S05-d-13_GML.zip"}, {"filename": "S05-d-14_GML.zip", "url": "https://nlftp.mlit.go.jp/ksj/gml/data/S05-d/S05-d-14/S05-d-14_GML.zip"}, {"filename": "S05-d-15_GML.zip", "url": "https://nlftp.mlit.go.jp/ksj/gml/data/S05-d/S05-d-15/S05-d-15_GML.zip"}, {"filename": "S05-d-16_GML.zip", "url": "https://nlftp.mlit.go.jp/ksj/gml/data/S05-d/S05-d-16/S05-d-16_GML.zip"}, {"filename": "S05-d-17_GML.zip", "url": "https://nlftp.mlit.go.jp/ksj/gml/data/S05-d/S05-d-17/S05-d-17_GML.zip"}, {"filename": "S05-d-18_GML.zip", "url": "https://nlftp.mlit.go.jp/ksj/gml/data/S05-d/S05-d-18/S05-d-18_GML.zip"}]