全国,世界測地系,2022年（令和4年）,5.63MB,S12-23_GML.zip
全国,世界測地系,2021年（令和3年）,5.35MB,S12-22_GML.zip
全国,世界測地系,2020年（令和2年）,4.48MB,S12-21_GML.zip
全国,世界測地系,2019年（令和元年）,2.12MB,S12-20_GML.zip
全国,世界測地系,2018年（平成30年）,2.15MB,S12-19_GML.zip
全国,世界測地系,2017年（平成29年）,1.88MB,S12-18_GML.zip
全国,世界測地系,2016年（平成28年）,1.89MB,S12-17_GML.zip
全国,世界測地系,2015年（平成27年）,1.68MB,S12-16_GML.zip
全国,世界測地系,2014年（平成26年）,1.15MB,S12-15_GML.zip
全国,世界測地系,2013年（平成25年）,1.11MB,S12-14_GML.zip
全国,世界測地系,2012年（平成24年）,1.02MB,S12-13.zip
全国,世界測地系,2011年（平成23年）,0.93MB,S12-12_GML.zip