[{"filename": "S12-23_GML.zip", "url": "https://nlftp.mlit.go.jp/ksj/gml/data/S12/S12-23/S12-23_GML.zip"}, {"filename": "S12-22_GML.zip", "url": "https://nlftp.mlit.go.jp/ksj/gml/data/S12/S12-22/S12-22_GML.zip"}, {"filename": "S12-21_GML.zip", "url": "https://nlftp.mlit.go.jp/ksj/gml/data/S12/S12-21/S12-21_GML.zip"}, {"filename": "S12-20_GML.zip", "url": "https://nlftp.mlit.go.jp/ksj/gml/data/S12/S12-20/S12-20_GML.zip"}, {"filename": "S12-19_GML.zip", "url": "https://nlftp.mlit.go.jp/ksj/gml/data/S12/S12-19/S12-19_GML.zip"}, {"filename": "S12-18_GML.zip", "url": "https://nlftp.mlit.go.jp/ksj/gml/data/S12/S12-18/S12-18_GML.zip"}, {"filename": "S12-17_GML.zip", "url": "https://nlftp.mlit.go.jp/ksj/gml/data/S12/S12-17/S12-17_GML.zip"}, {"filename": "S12-16_GML.zip", "url": "https://nlftp.mlit.go.jp/ksj/gml/data/S12/S12-16/S12-16_GML.zip"}, {"filename": "S12-15_GML.zip", "url": "https://nlftp.mlit.go.jp/ksj/gml/data/S12/S12-15/S12-15_GML.zip"}, {"filename": "S12-14_GML.zip", "url": "https://nlftp.mlit.go.jp/ksj/gml/data/S12/S12-14/S12-14_GML.zip"}, {"filename": "S12-13.zip", "url": "https://nlftp.mlit.go.jp/ksj/gml/data/S12/S12-13/S12-13.zip"}, {"filename": "S12-12_GML.zip", "url": "https://nlftp.mlit.go.jp/ksj/gml/data/S12/S12-12/S12-12_GML.zip"}]