北海道,世界測地系,平成21年,70.5MB,W05-09_01_GML.zip
青森,世界測地系,平成19年,6.99MB,W05-07_02_GML.zip
岩手,世界測地系,平成19年,10.42MB,W05-07_03_GML.zip
宮城,世界測地系,平成19年,5.47MB,W05-07_04_GML.zip
秋田,世界測地系,平成19年,9.61MB,W05-07_05_GML.zip
山形,世界測地系,平成19年,7.67MB,W05-07_06_GML.zip
福島,世界測地系,平成19年,10.91MB,W05-07_07_GML.zip
茨城,世界測地系,平成20年,2.70MB,W05-08_08_GML.zip
栃木,世界測地系,平成20年,4.54MB,W05-08_09_GML.zip
群馬,世界測地系,平成20年,4.58MB,W05-08_10_GML.zip
埼玉,世界測地系,平成20年,3.93MB,W05-08_11_GML.zip
千葉,世界測地系,平成20年,3.03MB,W05-08_12_GML.zip
東京,世界測地系,平成20年,1.34MB,W05-08_13_GML.zip
神奈川,世界測地系,平成20年,1.96MB,W05-08_14_GML.zip
新潟,世界測地系,平成19年,11.46MB,W05-07_15_GML.zip
富山,世界測地系,平成19年,3.62MB,W05-07_16_GML.zip
石川,世界測地系,平成19年,2.92MB,W05-07_17_GML.zip
福井,世界測地系,平成19年,2.81MB,W05-07_18_GML.zip
山梨,世界測地系,平成20年,3.73MB,W05-08_19_GML.zip
長野,世界測地系,平成20年,10.78MB,W05-08_20_GML.zip
岐阜,世界測地系,平成20年,7.93MB,W05-08_21_GML.zip
静岡,世界測地系,平成20年,7.01MB,W05-08_22_GML.zip
愛知,世界測地系,平成20年,4.74MB,W05-08_23_GML.zip
三重,世界測地系,平成20年,5.64MB,W05-08_24_GML.zip
滋賀,世界測地系,平成21年,3.05MB,W05-09_25_GML.zip
京都,世界測地系,平成21年,4.67MB,W05-09_26_GML.zip
大阪,世界測地系,平成21年,1.56MB,W05-09_27_GML.zip
兵庫,世界測地系,平成21年,6.85MB,W05-09_28_GML.zip
奈良,世界測地系,平成21年,3.43MB,W05-09_29_GML.zip
和歌山,世界測地系,平成21年,5.19MB,W05-09_30_GML.zip
鳥取,世界測地系,平成20年,2.82MB,W05-08_31_GML.zip
島根,世界測地系,平成20年,5.20MB,W05-08_32_GML.zip
岡山,世界測地系,平成20年,5.19MB,W05-08_33_GML.zip
広島,世界測地系,平成20年,5.39MB,W05-08_34_GML.zip
山口,世界測地系,平成20年,4.86MB,W05-08_35_GML.zip
徳島,世界測地系,平成18年,3.18MB,W05-06_36_GML.zip
香川,世界測地系,平成18年,1.37MB,W05-06_37_GML.zip
愛媛,世界測地系,平成18年,3.89MB,W05-06_38_GML.zip
高知,世界測地系,平成18年,5.75MB,W05-06_39_GML.zip
福岡,世界測地系,平成19年,3.67MB,W05-07_40_GML.zip
佐賀,世界測地系,平成19年,2.29MB,W05-07_41_GML.zip
長崎,世界測地系,平成19年,2.70MB,W05-07_42_GML.zip
熊本,世界測地系,平成19年,6.84MB,W05-07_43_GML.zip
大分,世界測地系,平成19年,6.41MB,W05-07_44_GML.zip
宮崎,世界測地系,平成19年,6.26MB,W05-07_45_GML.zip
鹿児島,世界測地系,平成19年,6.02MB,W05-07_46_GML.zip
沖縄,世界測地系,平成19年,1.37MB,W05-07_47_GML.zip