[{"filename": "W05-09_01_GML.zip", "url": "https://nlftp.mlit.go.jp/ksj/gml/data/W05/W05-09/W05-09_01_GML.zip"}, {"filename": "W05-07_02_GML.zip", "url": "https://nlftp.mlit.go.jp/ksj/gml/data/W05/W05-07/W05-07_02_GML.zip"}, {"filename": "W05-07_03_GML.zip", "url": "https://nlftp.mlit.go.jp/ksj/gml/data/W05/W05-07/W05-07_03_GML.zip"}, {"filename": "W05-07_04_GML.zip", "url": "https://nlftp.mlit.go.jp/ksj/gml/data/W05/W05-07/W05-07_04_GML.zip"}, {"filename": "W05-07_05_GML.zip", "url": "https://nlftp.mlit.go.jp/ksj/gml/data/W05/W05-07/W05-07_05_GML.zip"}, {"filename": "W05-07_06_GML.zip", "url": "https://nlftp.mlit.go.jp/ksj/gml/data/W05/W05-07/W05-07_06_GML.zip"}, {"filename": "W05-07_07_GML.zip", "url": "https://nlftp.mlit.go.jp/ksj/gml/data/W05/W05-07/W05-07_07_GML.zip"}, {"filename": "W05-08_08_GML.zip", "url": "https://nlftp.mlit.go.jp/ksj/gml/data/W05/W05-08/W05-08_08_GML.zip"}, {"filename": "W05-08_09_GML.zip", "url": "https://nlftp.mlit.go.jp/ksj/gml/data/W05/W05-08/W05-08_09_GML.zip"}, {"filename": "W05-08_10_GML.zip", "url": "https://nlftp.mlit.go.jp/ksj/gml/data/W05/W05-08/W05-08_10_GML.zip"}, {"filename": "W05-08_11_GML.zip", "url": "https://nlftp.mlit.go.jp/ksj/gml/data/W05/W05-08/W05-08_11_GML.zip"}, {"filename": "W05-08_12_GML.zip", "url": "https://nlftp.mlit.go.jp/ksj/gml/data/W05/W05-08/W05-08_12_GML.zip"}, {"filename": "W05-08_13_GML.zip", "url": "https://nlftp.mlit.go.jp/ksj/gml/data/W05/W05-08/W05-08_13_GML.zip"}, {"filename": "W05-08_14_GML.zip", "url": "https://nlftp.mlit.go.jp/ksj/gml/data/W05/W05-08/W05-08_14_GML.zip"}, {"filename": "W05-07_15_GML.zip", "url": "https://nlftp.mlit.go.jp/ksj/gml/data/W05/W05-07/W05-07_15_GML.zip"}, {"filename": "W05-07_16_GML.zip", "url": "https://nlftp.mlit.go.jp/ksj/gml/data/W05/W05-07/W05-07_16_GML.zip"}, {"filename": "W05-07_17_GML.zip", "url": "https://nlftp.mlit.go.jp/ksj/gml/data/W05/W05-07/W05-07_17_GML.zip"}, {"filename": "W05-07_18_GML.zip", "url": "https://nlftp.mlit.go.jp/ksj/gml/data/W05/W05-07/W05-07_18_GML.zip"}, {"filename": "W05-08_19_GML.zip", "url": "https://nlftp.mlit.go.jp/ksj/gml/data/W05/W05-08/W05-08_19_GML.zip"}, {"filename": "W05-08_20_GML.zip", "url": "https://nlftp.mlit.go.jp/ksj/gml/data/W05/W05-08/W05-08_20_GML.zip"}, {"filename": "W05-08_21_GML.zip", "url": "https://nlftp.mlit.go.jp/ksj/gml/data/W05/W05-08/W05-08_21_GML.zip"}, {"filename": "W05-08_22_GML.zip", "url": "https://nlftp.mlit.go.jp/ksj/gml/data/W05/W05-08/W05-08_22_GML.zip"}, {"filename": "W05-08_23_GML.zip", "url": "https://nlftp.mlit.go.jp/ksj/gml/data/W05/W05-08/W05-08_23_GML.zip"}, {"filename": "W05-08_24_GML.zip", "url": "https://nlftp.mlit.go.jp/ksj/gml/data/W05/W05-08/W05-08_24_GML.zip"}, {"filename": "W05-09_25_GML.zip", "url": "https://nlftp.mlit.go.jp/ksj/gml/data/W05/W05-09/W05-09_25_GML.zip"}, {"filename": "W05-09_26_GML.zip", "url": "https://nlftp.mlit.go.jp/ksj/gml/data/W05/W05-09/W05-09_26_GML.zip"}, {"filename": "W05-09_27_GML.zip", "url": "https://nlftp.mlit.go.jp/ksj/gml/data/W05/W05-09/W05-09_27_GML.zip"}, {"filename": "W05-09_28_GML.zip", "url": "https://nlftp.mlit.go.jp/ksj/gml/data/W05/W05-09/W05-09_28_GML.zip"}, {"filename": "W05-09_29_GML.zip", "url": "https://nlftp.mlit.go.jp/ksj/gml/data/W05/W05-09/W05-09_29_GML.zip"}, {"filename": "W05-09_30_GML.zip", "url": "https://nlftp.mlit.go.jp/ksj/gml/data/W05/W05-09/W05-09_30_GML.zip"}, {"filename": "W05-08_31_GML.zip", "url": "https://nlftp.mlit.go.jp/ksj/gml/data/W05/W05-08/W05-08_31_GML.zip"}, {"filename": "W05-08_32_GML.zip", "url": "https://nlftp.mlit.go.jp/ksj/gml/data/W05/W05-08/W05-08_32_GML.zip"}, {"filename": "W05-08_33_GML.zip", "url": "https://nlftp.mlit.go.jp/ksj/gml/data/W05/W05-08/W05-08_33_GML.zip"}, {"filename": "W05-08_34_GML.zip", "url": "https://nlftp.mlit.go.jp/ksj/gml/data/W05/W05-08/W05-08_34_GML.zip"}, {"filename": "W05-08_35_GML.zip", "url": "https://nlftp.mlit.go.jp/ksj/gml/data/W05/W05-08/W05-08_35_GML.zip"}, {"filename": "W05-06_36_GML.zip", "url": "https://nlftp.mlit.go.jp/ksj/gml/data/W05/W05-06/W05-06_36_GML.zip"}, {"filename": "W05-06_37_GML.zip", "url": "https://nlftp.mlit.go.jp/ksj/gml/data/W05/W05-06/W05-06_37_GML.zip"}, {"filename": "W05-06_38_GML.zip", "url": "https://nlftp.mlit.go.jp/ksj/gml/data/W05/W05-06/W05-06_38_GML.zip"}, {"filename": "W05-06_39_GML.zip", "url": "https://nlftp.mlit.go.jp/ksj/gml/data/W05/W05-06/W05-06_39_GML.zip"}, {"filename": "W05-07_40_GML.zip", "url": "https://nlftp.mlit.go.jp/ksj/gml/data/W05/W05-07/W05-07_40_GML.zip"}, {"filename": "W05-07_41_GML.zip", "url": "https://nlftp.mlit.go.jp/ksj/gml/data/W05/W05-07/W05-07_41_GML.zip"}, {"filename": "W05-07_42_GML.zip", "url": "https://nlftp.mlit.go.jp/ksj/gml/data/W05/W05-07/W05-07_42_GML.zip"}, {"filename": "W05-07_43_GML.zip", "url": "https://nlftp.mlit.go.jp/ksj/gml/data/W05/W05-07/W05-07_43_GML.zip"}, {"filename": "W05-07_44_GML.zip", "url": "https://nlftp.mlit.go.jp/ksj/gml/data/W05/W05-07/W05-07_44_GML.zip"}, {"filename": "W05-07_45_GML.zip", "url": "https://nlftp.mlit.go.jp/ksj/gml/data/W05/W05-07/W05-07_45_GML.zip"}, {"filename": "W05-07_46_GML.zip", "url": "https://nlftp.mlit.go.jp/ksj/gml/data/W05/W05-07/W05-07_46_GML.zip"}, {"filename": "W05-07_47_GML.zip", "url": "https://nlftp.mlit.go.jp/ksj/gml/data/W05/W05-07/W05-07_47_GML.zip"}]