[{"filename": "W07-09_3036-jgd_GML.zip", "url": "https://nlftp.mlit.go.jp/ksj/gml/data/W07/W07-09/W07-09_3036-jgd_GML.zip"}, {"filename": "W07-09_3623-jgd_GML.zip", "url": "https://nlftp.mlit.go.jp/ksj/gml/data/W07/W07-09/W07-09_3623-jgd_GML.zip"}, {"filename": "W07-09_3624-jgd_GML.zip", "url": "https://nlftp.mlit.go.jp/ksj/gml/data/W07/W07-09/W07-09_3624-jgd_GML.zip"}, {"filename": "W07-09_3641-jgd_GML.zip", "url": "https://nlftp.mlit.go.jp/ksj/gml/data/W07/W07-09/W07-09_3641-jgd_GML.zip"}, {"filename": "W07-09_3653-jgd_GML.zip", "url": "https://nlftp.mlit.go.jp/ksj/gml/data/W07/W07-09/W07-09_3653-jgd_GML.zip"}, {"filename": "W07-09_3741-jgd_GML.zip", "url": "https://nlftp.mlit.go.jp/ksj/gml/data/W07/W07-09/W07-09_3741-jgd_GML.zip"}, {"filename": "W07-09_3841-jgd_GML.zip", "url": "https://nlftp.mlit.go.jp/ksj/gml/data/W07/W07-09/W07-09_3841-jgd_GML.zip"}, {"filename": "W07-09_3927-jgd_GML.zip", "url": "https://nlftp.mlit.go.jp/ksj/gml/data/W07/W07-09/W07-09_3927-jgd_GML.zip"}, {"filename": "W07-09_3928-jgd_GML.zip", "url": "https://nlftp.mlit.go.jp/ksj/gml/data/W07/W07-09/W07-09_3928-jgd_GML.zip"}, {"filename": "W07-09_3942-jgd_GML.zip", "url": "https://nlftp.mlit.go.jp/ksj/gml/data/W07/W07-09/W07-09_3942-jgd_GML.zip"}, {"filename": "W07-09_4027-jgd_GML.zip", "url": "https://nlftp.mlit.go.jp/ksj/gml/data/W07/W07-09/W07-09_4027-jgd_GML.zip"}, {"filename": "W07-09_4028-jgd_GML.zip", "url": "https://nlftp.mlit.go.jp/ksj/gml/data/W07/W07-09/W07-09_4028-jgd_GML.zip"}, {"filename": "W07-09_4040-jgd_GML.zip", "url": "https://nlftp.mlit.go.jp/ksj/gml/data/W07/W07-09/W07-09_4040-jgd_GML.zip"}, {"filename": "W07-09_4042-jgd_GML.zip", "url": "https://nlftp.mlit.go.jp/ksj/gml/data/W07/W07-09/W07-09_4042-jgd_GML.zip"}, {"filename": "W07-09_4142-jgd_GML.zip", "url": "https://nlftp.mlit.go.jp/ksj/gml/data/W07/W07-09/W07-09_4142-jgd_GML.zip"}, {"filename": "W07-09_4440-jgd_GML.zip", "url": "https://nlftp.mlit.go.jp/ksj/gml/data/W07/W07-09/W07-09_4440-jgd_GML.zip"}, {"filename": "W07-09_4530-jgd_GML.zip", "url": "https://nlftp.mlit.go.jp/ksj/gml/data/W07/W07-09/W07-09_4530-jgd_GML.zip"}, {"filename": "W07-09_4531-jgd_GML.zip", "url": "https://nlftp.mlit.go.jp/ksj/gml/data/W07/W07-09/W07-09_4531-jgd_GML.zip"}, {"filename": "W07-09_4540-jgd_GML.zip", "url": "https://nlftp.mlit.go.jp/ksj/gml/data/W07/W07-09/W07-09_4540-jgd_GML.zip"}, {"filename": "W07-09_4630-jgd_GML.zip", "url": "https://nlftp.mlit.go.jp/ksj/gml/data/W07/W07-09/W07-09_4630-jgd_GML.zip"}, {"filename": "W07-09_4631-jgd_GML.zip", "url": "https://nlftp.mlit.go.jp/ksj/gml/data/W07/W07-09/W07-09_4631-jgd_GML.zip"}, {"filename": "W07-09_4729-jgd_GML.zip", "url": "https://nlftp.mlit.go.jp/ksj/gml/data/W07/W07-09/W07-09_4729-jgd_GML.zip"}, {"filename": "W07-09_4730-jgd_GML.zip", "url": "https://nlftp.mlit.go.jp/ksj/gml/data/W07/W07-09/W07-09_4730-jgd_GML.zip"}, {"filename": "W07-09_4731-jgd_GML.zip", "url": "https://nlftp.mlit.go.jp/ksj/gml/data/W07/W07-09/W07-09_4731-jgd_GML.zip"}, {"filename": "W07-09_4739-jgd_GML.zip", "url": "https://nlftp.mlit.go.jp/ksj/gml/data/W07/W07-09/W07-09_4739-jgd_GML.zip"}, {"filename": "W07-09_4740-jgd_GML.zip", "url": "https://nlftp.mlit.go.jp/ksj/gml/data/W07/W07-09/W07-09_4740-jgd_GML.zip"}, {"filename": "W07-09_4828-jgd_GML.zip", "url": "https://nlftp.mlit.go.jp/ksj/gml/data/W07/W07-09/W07-09_4828-jgd_GML.zip"}, {"filename": "W07-09_4829-jgd_GML.zip", "url": "https://nlftp.mlit.go.jp/ksj/gml/data/W07/W07-09/W07-09_4829-jgd_GML.zip"}, {"filename": "W07-09_4830-jgd_GML.zip", "url": "https://nlftp.mlit.go.jp/ksj/gml/data/W07/W07-09/W07-09_4830-jgd_GML.zip"}, {"filename": "W07-09_4831-jgd_GML.zip", "url": "https://nlftp.mlit.go.jp/ksj/gml/data/W07/W07-09/W07-09_4831-jgd_GML.zip"}, {"filename": "W07-09_4839-jgd_GML.zip", "url": "https://nlftp.mlit.go.jp/ksj/gml/data/W07/W07-09/W07-09_4839-jgd_GML.zip"}, {"filename": "W07-09_4928-jgd_GML.zip", "url": "https://nlftp.mlit.go.jp/ksj/gml/data/W07/W07-09/W07-09_4928-jgd_GML.zip"}, {"filename": "W07-09_4929-jgd_GML.zip", "url": "https://nlftp.mlit.go.jp/ksj/gml/data/W07/W07-09/W07-09_4929-jgd_GML.zip"}, {"filename": "W07-09_4930-jgd_GML.zip", "url": "https://nlftp.mlit.go.jp/ksj/gml/data/W07/W07-09/W07-09_4930-jgd_GML.zip"}, {"filename": "W07-09_4931-jgd_GML.zip", "url": "https://nlftp.mlit.go.jp/ksj/gml/data/W07/W07-09/W07-09_4931-jgd_GML.zip"}, {"filename": "W07-09_4932-jgd_GML.zip", "url": "https://nlftp.mlit.go.jp/ksj/gml/data/W07/W07-09/W07-09_4932-jgd_GML.zip"}, {"filename": "W07-09_4933-jgd_GML.zip", "url": "https://nlftp.mlit.go.jp/ksj/gml/data/W07/W07-09/W07-09_4933-jgd_GML.zip"}, {"filename": "W07-09_4934-jgd_GML.zip", "url": "https://nlftp.mlit.go.jp/ksj/gml/data/W07/W07-09/W07-09_4934-jgd_GML.zip"}, {"filename": "W07-09_4939-jgd_GML.zip", "url": "https://nlftp.mlit.go.jp/ksj/gml/data/W07/W07-09/W07-09_4939-jgd_GML.zip"}, {"filename": "W07-09_5029-jgd_GML.zip", "url": "https://nlftp.mlit.go.jp/ksj/gml/data/W07/W07-09/W07-09_5029-jgd_GML.zip"}, {"filename": "W07-09_5030-jgd_GML.zip", "url": "https://nlftp.mlit.go.jp/ksj/gml/data/W07/W07-09/W07-09_5030-jgd_GML.zip"}, {"filename": "W07-09_5031-jgd_GML.zip", "url": "https://nlftp.mlit.go.jp/ksj/gml/data/W07/W07-09/W07-09_5031-jgd_GML.zip"}, {"filename": "W07-09_5032-jgd_GML.zip", "url": "https://nlftp.mlit.go.jp/ksj/gml/data/W07/W07-09/W07-09_5032-jgd_GML.zip"}, {"filename": "W07-09_5033-jgd_GML.zip", "url": "https://nlftp.mlit.go.jp/ksj/gml/data/W07/W07-09/W07-09_5033-jgd_GML.zip"}, {"filename": "W07-09_5034-jgd_GML.zip", "url": "https://nlftp.mlit.go.jp/ksj/gml/data/W07/W07-09/W07-09_5034-jgd_GML.zip"}, {"filename": "W07-09_5035-jgd_GML.zip", "url": "https://nlftp.mlit.go.jp/ksj/gml/data/W07/W07-09/W07-09_5035-jgd_GML.zip"}, {"filename": "W07-09_5036-jgd_GML.zip", "url": "https://nlftp.mlit.go.jp/ksj/gml/data/W07/W07-09/W07-09_5036-jgd_GML.zip"}, {"filename": "W07-09_5038-jgd_GML.zip", "url": "https://nlftp.mlit.go.jp/ksj/gml/data/W07/W07-09/W07-09_5038-jgd_GML.zip"}, {"filename": "W07-09_5039-jgd_GML.zip", "url": "https://nlftp.mlit.go.jp/ksj/gml/data/W07/W07-09/W07-09_5039-jgd_GML.zip"}, {"filename": "W07-09_5129-jgd_GML.zip", "url": "https://nlftp.mlit.go.jp/ksj/gml/data/W07/W07-09/W07-09_5129-jgd_GML.zip"}, {"filename": "W07-09_5130-jgd_GML.zip", "url": "https://nlftp.mlit.go.jp/ksj/gml/data/W07/W07-09/W07-09_5130-jgd_GML.zip"}, {"filename": "W07-09_5131-jgd_GML.zip", "url": "https://nlftp.mlit.go.jp/ksj/gml/data/W07/W07-09/W07-09_5131-jgd_GML.zip"}, {"filename": "W07-09_5132-jgd_GML.zip", "url": "https://nlftp.mlit.go.jp/ksj/gml/data/W07/W07-09/W07-09_5132-jgd_GML.zip"}, {"filename": "W07-09_5133-jgd_GML.zip", "url": "https://nlftp.mlit.go.jp/ksj/gml/data/W07/W07-09/W07-09_5133-jgd_GML.zip"}, {"filename": "W07-09_5134-jgd_GML.zip", "url": "https://nlftp.mlit.go.jp/ksj/gml/data/W07/W07-09/W07-09_5134-jgd_GML.zip"}, {"filename": "W07-09_5135-jgd_GML.zip", "url": "https://nlftp.mlit.go.jp/ksj/gml/data/W07/W07-09/W07-09_5135-jgd_GML.zip"}, {"filename": "W07-09_5136-jgd_GML.zip", "url": "https://nlftp.mlit.go.jp/ksj/gml/data/W07/W07-09/W07-09_5136-jgd_GML.zip"}, {"filename": "W07-09_5137-jgd_GML.zip", "url": "https://nlftp.mlit.go.jp/ksj/gml/data/W07/W07-09/W07-09_5137-jgd_GML.zip"}, {"filename": "W07-09_5138-jgd_GML.zip", "url": "https://nlftp.mlit.go.jp/ksj/gml/data/W07/W07-09/W07-09_5138-jgd_GML.zip"}, {"filename": "W07-09_5139-jgd_GML.zip", "url": "https://nlftp.mlit.go.jp/ksj/gml/data/W07/W07-09/W07-09_5139-jgd_GML.zip"}, {"filename": "W07-09_5229-jgd_GML.zip", "url": "https://nlftp.mlit.go.jp/ksj/gml/data/W07/W07-09/W07-09_5229-jgd_GML.zip"}, {"filename": "W07-09_5231-jgd_GML.zip", "url": "https://nlftp.mlit.go.jp/ksj/gml/data/W07/W07-09/W07-09_5231-jgd_GML.zip"}, {"filename": "W07-09_5232-jgd_GML.zip", "url": "https://nlftp.mlit.go.jp/ksj/gml/data/W07/W07-09/W07-09_5232-jgd_GML.zip"}, {"filename": "W07-09_5233-jgd_GML.zip", "url": "https://nlftp.mlit.go.jp/ksj/gml/data/W07/W07-09/W07-09_5233-jgd_GML.zip"}, {"filename": "W07-09_5234-jgd_GML.zip", "url": "https://nlftp.mlit.go.jp/ksj/gml/data/W07/W07-09/W07-09_5234-jgd_GML.zip"}, {"filename": "W07-09_5235-jgd_GML.zip", "url": "https://nlftp.mlit.go.jp/ksj/gml/data/W07/W07-09/W07-09_5235-jgd_GML.zip"}, {"filename": "W07-09_5236-jgd_GML.zip", "url": "https://nlftp.mlit.go.jp/ksj/gml/data/W07/W07-09/W07-09_5236-jgd_GML.zip"}, {"filename": "W07-09_5237-jgd_GML.zip", "url": "https://nlftp.mlit.go.jp/ksj/gml/data/W07/W07-09/W07-09_5237-jgd_GML.zip"}, {"filename": "W07-09_5238-jgd_GML.zip", "url": "https://nlftp.mlit.go.jp/ksj/gml/data/W07/W07-09/W07-09_5238-jgd_GML.zip"}, {"filename": "W07-09_5239-jgd_GML.zip", "url": "https://nlftp.mlit.go.jp/ksj/gml/data/W07/W07-09/W07-09_5239-jgd_GML.zip"}, {"filename": "W07-09_5240-jgd_GML.zip", "url": "https://nlftp.mlit.go.jp/ksj/gml/data/W07/W07-09/W07-09_5240-jgd_GML.zip"}, {"filename": "W07-09_5332-jgd_GML.zip", "url": "https://nlftp.mlit.go.jp/ksj/gml/data/W07/W07-09/W07-09_5332-jgd_GML.zip"}, {"filename": "W07-09_5333-jgd_GML.zip", "url": "https://nlftp.mlit.go.jp/ksj/gml/data/W07/W07-09/W07-09_5333-jgd_GML.zip"}, {"filename": "W07-09_5334-jgd_GML.zip", "url": "https://nlftp.mlit.go.jp/ksj/gml/data/W07/W07-09/W07-09_5334-jgd_GML.zip"}, {"filename": "W07-09_5335-jgd_GML.zip", "url": "https://nlftp.mlit.go.jp/ksj/gml/data/W07/W07-09/W07-09_5335-jgd_GML.zip"}, {"filename": "W07-09_5336-jgd_GML.zip", "url": "https://nlftp.mlit.go.jp/ksj/gml/data/W07/W07-09/W07-09_5336-jgd_GML.zip"}, {"filename": "W07-09_5337-jgd_GML.zip", "url": "https://nlftp.mlit.go.jp/ksj/gml/data/W07/W07-09/W07-09_5337-jgd_GML.zip"}, {"filename": "W07-09_5338-jgd_GML.zip", "url": "https://nlftp.mlit.go.jp/ksj/gml/data/W07/W07-09/W07-09_5338-jgd_GML.zip"}, {"filename": "W07-09_5339-jgd_GML.zip", "url": "https://nlftp.mlit.go.jp/ksj/gml/data/W07/W07-09/W07-09_5339-jgd_GML.zip"}, {"filename": "W07-09_5340-jgd_GML.zip", "url": "https://nlftp.mlit.go.jp/ksj/gml/data/W07/W07-09/W07-09_5340-jgd_GML.zip"}, {"filename": "W07-09_5433-jgd_GML.zip", "url": "https://nlftp.mlit.go.jp/ksj/gml/data/W07/W07-09/W07-09_5433-jgd_GML.zip"}, {"filename": "W07-09_5436-jgd_GML.zip", "url": "https://nlftp.mlit.go.jp/ksj/gml/data/W07/W07-09/W07-09_5436-jgd_GML.zip"}, {"filename": "W07-09_5437-jgd_GML.zip", "url": "https://nlftp.mlit.go.jp/ksj/gml/data/W07/W07-09/W07-09_5437-jgd_GML.zip"}, {"filename": "W07-09_5438-jgd_GML.zip", "url": "https://nlftp.mlit.go.jp/ksj/gml/data/W07/W07-09/W07-09_5438-jgd_GML.zip"}, {"filename": "W07-09_5439-jgd_GML.zip", "url": "https://nlftp.mlit.go.jp/ksj/gml/data/W07/W07-09/W07-09_5439-jgd_GML.zip"}, {"filename": "W07-09_5440-jgd_GML.zip", "url": "https://nlftp.mlit.go.jp/ksj/gml/data/W07/W07-09/W07-09_5440-jgd_GML.zip"}, {"filename": "W07-09_5536-jgd_GML.zip", "url": "https://nlftp.mlit.go.jp/ksj/gml/data/W07/W07-09/W07-09_5536-jgd_GML.zip"}, {"filename": "W07-09_5537-jgd_GML.zip", "url": "https://nlftp.mlit.go.jp/ksj/gml/data/W07/W07-09/W07-09_5537-jgd_GML.zip"}, {"filename": "W07-09_5538-jgd_GML.zip", "url": "https://nlftp.mlit.go.jp/ksj/gml/data/W07/W07-09/W07-09_5538-jgd_GML.zip"}, {"filename": "W07-09_5539-jgd_GML.zip", "url": "https://nlftp.mlit.go.jp/ksj/gml/data/W07/W07-09/W07-09_5539-jgd_GML.zip"}, {"filename": "W07-09_5540-jgd_GML.zip", "url": "https://nlftp.mlit.go.jp/ksj/gml/data/W07/W07-09/W07-09_5540-jgd_GML.zip"}, {"filename": "W07-09_5541-jgd_GML.zip", "url": "https://nlftp.mlit.go.jp/ksj/gml/data/W07/W07-09/W07-09_5541-jgd_GML.zip"}, {"filename": "W07-09_5636-jgd_GML.zip", "url": "https://nlftp.mlit.go.jp/ksj/gml/data/W07/W07-09/W07-09_5636-jgd_GML.zip"}, {"filename": "W07-09_5637-jgd_GML.zip", "url": "https://nlftp.mlit.go.jp/ksj/gml/data/W07/W07-09/W07-09_5637-jgd_GML.zip"}, {"filename": "W07-09_5638-jgd_GML.zip", "url": "https://nlftp.mlit.go.jp/ksj/gml/data/W07/W07-09/W07-09_5638-jgd_GML.zip"}, {"filename": "W07-09_5639-jgd_GML.zip", "url": "https://nlftp.mlit.go.jp/ksj/gml/data/W07/W07-09/W07-09_5639-jgd_GML.zip"}, {"filename": "W07-09_5640-jgd_GML.zip", "url": "https://nlftp.mlit.go.jp/ksj/gml/data/W07/W07-09/W07-09_5640-jgd_GML.zip"}, {"filename": "W07-09_5641-jgd_GML.zip", "url": "https://nlftp.mlit.go.jp/ksj/gml/data/W07/W07-09/W07-09_5641-jgd_GML.zip"}, {"filename": "W07-09_5738-jgd_GML.zip", "url": "https://nlftp.mlit.go.jp/ksj/gml/data/W07/W07-09/W07-09_5738-jgd_GML.zip"}, {"filename": "W07-09_5739-jgd_GML.zip", "url": "https://nlftp.mlit.go.jp/ksj/gml/data/W07/W07-09/W07-09_5739-jgd_GML.zip"}, {"filename": "W07-09_5740-jgd_GML.zip", "url": "https://nlftp.mlit.go.jp/ksj/gml/data/W07/W07-09/W07-09_5740-jgd_GML.zip"}, {"filename": "W07-09_5741-jgd_GML.zip", "url": "https://nlftp.mlit.go.jp/ksj/gml/data/W07/W07-09/W07-09_5741-jgd_GML.zip"}, {"filename": "W07-09_5839-jgd_GML.zip", "url": "https://nlftp.mlit.go.jp/ksj/gml/data/W07/W07-09/W07-09_5839-jgd_GML.zip"}, {"filename": "W07-09_5840-jgd_GML.zip", "url": "https://nlftp.mlit.go.jp/ksj/gml/data/W07/W07-09/W07-09_5840-jgd_GML.zip"}, {"filename": "W07-09_5841-jgd_GML.zip", "url": "https://nlftp.mlit.go.jp/ksj/gml/data/W07/W07-09/W07-09_5841-jgd_GML.zip"}, {"filename": "W07-09_5939-jgd_GML.zip", "url": "https://nlftp.mlit.go.jp/ksj/gml/data/W07/W07-09/W07-09_5939-jgd_GML.zip"}, {"filename": "W07-09_5940-jgd_GML.zip", "url": "https://nlftp.mlit.go.jp/ksj/gml/data/W07/W07-09/W07-09_5940-jgd_GML.zip"}, {"filename": "W07-09_5941-jgd_GML.zip", "url": "https://nlftp.mlit.go.jp/ksj/gml/data/W07/W07-09/W07-09_5941-jgd_GML.zip"}, {"filename": "W07-09_5942-jgd_GML.zip", "url": "https://nlftp.mlit.go.jp/ksj/gml/data/W07/W07-09/W07-09_5942-jgd_GML.zip"}, {"filename": "W07-09_6039-jgd_GML.zip", "url": "https://nlftp.mlit.go.jp/ksj/gml/data/W07/W07-09/W07-09_6039-jgd_GML.zip"}, {"filename": "W07-09_6040-jgd_GML.zip", "url": "https://nlftp.mlit.go.jp/ksj/gml/data/W07/W07-09/W07-09_6040-jgd_GML.zip"}, {"filename": "W07-09_6041-jgd_GML.zip", "url": "https://nlftp.mlit.go.jp/ksj/gml/data/W07/W07-09/W07-09_6041-jgd_GML.zip"}, {"filename": "W07-09_6139-jgd_GML.zip", "url": "https://nlftp.mlit.go.jp/ksj/gml/data/W07/W07-09/W07-09_6139-jgd_GML.zip"}, {"filename": "W07-09_6140-jgd_GML.zip", "url": "https://nlftp.mlit.go.jp/ksj/gml/data/W07/W07-09/W07-09_6140-jgd_GML.zip"}, {"filename": "W07-09_6141-jgd_GML.zip", "url": "https://nlftp.mlit.go.jp/ksj/gml/data/W07/W07-09/W07-09_6141-jgd_GML.zip"}, {"filename": "W07-09_6239-jgd_GML.zip", "url": "https://nlftp.mlit.go.jp/ksj/gml/data/W07/W07-09/W07-09_6239-jgd_GML.zip"}, {"filename": "W07-09_6240-jgd_GML.zip", "url": "https://nlftp.mlit.go.jp/ksj/gml/data/W07/W07-09/W07-09_6240-jgd_GML.zip"}, {"filename": "W07-09_6241-jgd_GML.zip", "url": "https://nlftp.mlit.go.jp/ksj/gml/data/W07/W07-09/W07-09_6241-jgd_GML.zip"}, {"filename": "W07-09_6243-jgd_GML.zip", "url": "https://nlftp.mlit.go.jp/ksj/gml/data/W07/W07-09/W07-09_6243-jgd_GML.zip"}, {"filename": "W07-09_6339-jgd_GML.zip", "url": "https://nlftp.mlit.go.jp/ksj/gml/data/W07/W07-09/W07-09_6339-jgd_GML.zip"}, {"filename": "W07-09_6340-jgd_GML.zip", "url": "https://nlftp.mlit.go.jp/ksj/gml/data/W07/W07-09/W07-09_6340-jgd_GML.zip"}, {"filename": "W07-09_6341-jgd_GML.zip", "url": "https://nlftp.mlit.go.jp/ksj/gml/data/W07/W07-09/W07-09_6341-jgd_GML.zip"}, {"filename": "W07-09_6342-jgd_GML.zip", "url": "https://nlftp.mlit.go.jp/ksj/gml/data/W07/W07-09/W07-09_6342-jgd_GML.zip"}, {"filename": "W07-09_6343-jgd_GML.zip", "url": "https://nlftp.mlit.go.jp/ksj/gml/data/W07/W07-09/W07-09_6343-jgd_GML.zip"}, {"filename": "W07-09_6439-jgd_GML.zip", "url": "https://nlftp.mlit.go.jp/ksj/gml/data/W07/W07-09/W07-09_6439-jgd_GML.zip"}, {"filename": "W07-09_6440-jgd_GML.zip", "url": "https://nlftp.mlit.go.jp/ksj/gml/data/W07/W07-09/W07-09_6440-jgd_GML.zip"}, {"filename": "W07-09_6441-jgd_GML.zip", "url": "https://nlftp.mlit.go.jp/ksj/gml/data/W07/W07-09/W07-09_6441-jgd_GML.zip"}, {"filename": "W07-09_6442-jgd_GML.zip", "url": "https://nlftp.mlit.go.jp/ksj/gml/data/W07/W07-09/W07-09_6442-jgd_GML.zip"}, {"filename": "W07-09_6443-jgd_GML.zip", "url": "https://nlftp.mlit.go.jp/ksj/gml/data/W07/W07-09/W07-09_6443-jgd_GML.zip"}, {"filename": "W07-09_6444-jgd_GML.zip", "url": "https://nlftp.mlit.go.jp/ksj/gml/data/W07/W07-09/W07-09_6444-jgd_GML.zip"}, {"filename": "W07-09_6445-jgd_GML.zip", "url": "https://nlftp.mlit.go.jp/ksj/gml/data/W07/W07-09/W07-09_6445-jgd_GML.zip"}, {"filename": "W07-09_6540-jgd_GML.zip", "url": "https://nlftp.mlit.go.jp/ksj/gml/data/W07/W07-09/W07-09_6540-jgd_GML.zip"}, {"filename": "W07-09_6541-jgd_GML.zip", "url": "https://nlftp.mlit.go.jp/ksj/gml/data/W07/W07-09/W07-09_6541-jgd_GML.zip"}, {"filename": "W07-09_6542-jgd_GML.zip", "url": "https://nlftp.mlit.go.jp/ksj/gml/data/W07/W07-09/W07-09_6542-jgd_GML.zip"}, {"filename": "W07-09_6543-jgd_GML.zip", "url": "https://nlftp.mlit.go.jp/ksj/gml/data/W07/W07-09/W07-09_6543-jgd_GML.zip"}, {"filename": "W07-09_6544-jgd_GML.zip", "url": "https://nlftp.mlit.go.jp/ksj/gml/data/W07/W07-09/W07-09_6544-jgd_GML.zip"}, {"filename": "W07-09_6545-jgd_GML.zip", "url": "https://nlftp.mlit.go.jp/ksj/gml/data/W07/W07-09/W07-09_6545-jgd_GML.zip"}, {"filename": "W07-09_6546-jgd_GML.zip", "url": "https://nlftp.mlit.go.jp/ksj/gml/data/W07/W07-09/W07-09_6546-jgd_GML.zip"}, {"filename": "W07-09_6641-jgd_GML.zip", "url": "https://nlftp.mlit.go.jp/ksj/gml/data/W07/W07-09/W07-09_6641-jgd_GML.zip"}, {"filename": "W07-09_6642-jgd_GML.zip", "url": "https://nlftp.mlit.go.jp/ksj/gml/data/W07/W07-09/W07-09_6642-jgd_GML.zip"}, {"filename": "W07-09_6643-jgd_GML.zip", "url": "https://nlftp.mlit.go.jp/ksj/gml/data/W07/W07-09/W07-09_6643-jgd_GML.zip"}, {"filename": "W07-09_6644-jgd_GML.zip", "url": "https://nlftp.mlit.go.jp/ksj/gml/data/W07/W07-09/W07-09_6644-jgd_GML.zip"}, {"filename": "W07-09_6645-jgd_GML.zip", "url": "https://nlftp.mlit.go.jp/ksj/gml/data/W07/W07-09/W07-09_6645-jgd_GML.zip"}, {"filename": "W07-09_6646-jgd_GML.zip", "url": "https://nlftp.mlit.go.jp/ksj/gml/data/W07/W07-09/W07-09_6646-jgd_GML.zip"}, {"filename": "W07-09_6647-jgd_GML.zip", "url": "https://nlftp.mlit.go.jp/ksj/gml/data/W07/W07-09/W07-09_6647-jgd_GML.zip"}, {"filename": "W07-09_6741-jgd_GML.zip", "url": "https://nlftp.mlit.go.jp/ksj/gml/data/W07/W07-09/W07-09_6741-jgd_GML.zip"}, {"filename": "W07-09_6742-jgd_GML.zip", "url": "https://nlftp.mlit.go.jp/ksj/gml/data/W07/W07-09/W07-09_6742-jgd_GML.zip"}, {"filename": "W07-09_6747-jgd_GML.zip", "url": "https://nlftp.mlit.go.jp/ksj/gml/data/W07/W07-09/W07-09_6747-jgd_GML.zip"}, {"filename": "W07-09_6748-jgd_GML.zip", "url": "https://nlftp.mlit.go.jp/ksj/gml/data/W07/W07-09/W07-09_6748-jgd_GML.zip"}, {"filename": "W07-09_6840-jgd_GML.zip", "url": "https://nlftp.mlit.go.jp/ksj/gml/data/W07/W07-09/W07-09_6840-jgd_GML.zip"}, {"filename": "W07-09_6841-jgd_GML.zip", "url": "https://nlftp.mlit.go.jp/ksj/gml/data/W07/W07-09/W07-09_6841-jgd_GML.zip"}, {"filename": "W07-09_6842-jgd_GML.zip", "url": "https://nlftp.mlit.go.jp/ksj/gml/data/W07/W07-09/W07-09_6842-jgd_GML.zip"}, {"filename": "W07-09_6847-jgd_GML.zip", "url": "https://nlftp.mlit.go.jp/ksj/gml/data/W07/W07-09/W07-09_6847-jgd_GML.zip"}, {"filename": "W07-09_6848-jgd_GML.zip", "url": "https://nlftp.mlit.go.jp/ksj/gml/data/W07/W07-09/W07-09_6848-jgd_GML.zip"}]