3036,世界測地系,2009年（平成21年）,0.20MB,W07-09_3036-jgd_GML.zip
3623,世界測地系,2009年（平成21年）,2.61MB,W07-09_3623-jgd_GML.zip
3624,世界測地系,2009年（平成21年）,2.60MB,W07-09_3624-jgd_GML.zip
3641,世界測地系,2009年（平成21年）,0.19MB,W07-09_3641-jgd_GML.zip
3653,世界測地系,2009年（平成21年）,0.19MB,W07-09_3653-jgd_GML.zip
3741,世界測地系,2009年（平成21年）,0.57MB,W07-09_3741-jgd_GML.zip
3841,世界測地系,2009年（平成21年）,0.38MB,W07-09_3841-jgd_GML.zip
3927,世界測地系,2009年（平成21年）,6.89MB,W07-09_3927-jgd_GML.zip
3928,世界測地系,2009年（平成21年）,1.34MB,W07-09_3928-jgd_GML.zip
3942,世界測地系,2009年（平成21年）,0.57MB,W07-09_3942-jgd_GML.zip
4027,世界測地系,2009年（平成21年）,1.34MB,W07-09_4027-jgd_GML.zip
4028,世界測地系,2009年（平成21年）,2.48MB,W07-09_4028-jgd_GML.zip
4040,世界測地系,2009年（平成21年）,0.57MB,W07-09_4040-jgd_GML.zip
4042,世界測地系,2009年（平成21年）,1.14MB,W07-09_4042-jgd_GML.zip
4142,世界測地系,2009年（平成21年）,0.95MB,W07-09_4142-jgd_GML.zip
4440,世界測地系,2009年（平成21年）,0.19MB,W07-09_4440-jgd_GML.zip
4530,世界測地系,2009年（平成21年）,3.84MB,W07-09_4530-jgd_GML.zip
4531,世界測地系,2009年（平成21年）,0.39MB,W07-09_4531-jgd_GML.zip
4540,世界測地系,2009年（平成21年）,0.19MB,W07-09_4540-jgd_GML.zip
4630,世界測地系,2009年（平成21年）,5.36MB,W07-09_4630-jgd_GML.zip
4631,世界測地系,2009年（平成21年）,1.15MB,W07-09_4631-jgd_GML.zip
4729,世界測地系,2009年（平成21年）,1.52MB,W07-09_4729-jgd_GML.zip
4730,世界測地系,2009年（平成21年）,11.04MB,W07-09_4730-jgd_GML.zip
4731,世界測地系,2009年（平成21年）,6.02MB,W07-09_4731-jgd_GML.zip
4739,世界測地系,2009年（平成21年）,0.19MB,W07-09_4739-jgd_GML.zip
4740,世界測地系,2009年（平成21年）,0.19MB,W07-09_4740-jgd_GML.zip
4828,世界測地系,2009年（平成21年）,1.90MB,W07-09_4828-jgd_GML.zip
4829,世界測地系,2009年（平成21年）,1.71MB,W07-09_4829-jgd_GML.zip
4830,世界測地系,2009年（平成21年）,11.96MB,W07-09_4830-jgd_GML.zip
4831,世界測地系,2009年（平成21年）,8.90MB,W07-09_4831-jgd_GML.zip
4839,世界測地系,2009年（平成21年）,0.19MB,W07-09_4839-jgd_GML.zip
4928,世界測地系,2009年（平成21年）,2.47MB,W07-09_4928-jgd_GML.zip
4929,世界測地系,2009年（平成21年）,9.74MB,W07-09_4929-jgd_GML.zip
4930,世界測地系,2009年（平成21年）,12.64MB,W07-09_4930-jgd_GML.zip
4931,世界測地系,2009年（平成21年）,12.85MB,W07-09_4931-jgd_GML.zip
4932,世界測地系,2009年（平成21年）,9.77MB,W07-09_4932-jgd_GML.zip
4933,世界測地系,2009年（平成21年）,2.59MB,W07-09_4933-jgd_GML.zip
4934,世界測地系,2009年（平成21年）,0.60MB,W07-09_4934-jgd_GML.zip
4939,世界測地系,2009年（平成21年）,0.60MB,W07-09_4939-jgd_GML.zip
5029,世界測地系,2009年（平成21年）,4.75MB,W07-09_5029-jgd_GML.zip
5030,世界測地系,2009年（平成21年）,10.82MB,W07-09_5030-jgd_GML.zip
5031,世界測地系,2009年（平成21年）,7.99MB,W07-09_5031-jgd_GML.zip
5032,世界測地系,2009年（平成21年）,11.36MB,W07-09_5032-jgd_GML.zip
5033,世界測地系,2009年（平成21年）,11.83MB,W07-09_5033-jgd_GML.zip
5034,世界測地系,2009年（平成21年）,7.59MB,W07-09_5034-jgd_GML.zip
5035,世界測地系,2009年（平成21年）,8.61MB,W07-09_5035-jgd_GML.zip
5036,世界測地系,2009年（平成21年）,1.40MB,W07-09_5036-jgd_GML.zip
5038,世界測地系,2009年（平成21年）,0.20MB,W07-09_5038-jgd_GML.zip
5039,世界測地系,2009年（平成21年）,0.60MB,W07-09_5039-jgd_GML.zip
5129,世界測地系,2009年（平成21年）,3.39MB,W07-09_5129-jgd_GML.zip
5130,世界測地系,2009年（平成21年）,2.39MB,W07-09_5130-jgd_GML.zip
5131,世界測地系,2009年（平成21年）,11.62MB,W07-09_5131-jgd_GML.zip
5132,世界測地系,2009年（平成21年）,12.77MB,W07-09_5132-jgd_GML.zip
5133,世界測地系,2009年（平成21年）,12.16MB,W07-09_5133-jgd_GML.zip
5134,世界測地系,2009年（平成21年）,10.16MB,W07-09_5134-jgd_GML.zip
5135,世界測地系,2009年（平成21年）,12.06MB,W07-09_5135-jgd_GML.zip
5136,世界測地系,2009年（平成21年）,10.41MB,W07-09_5136-jgd_GML.zip
5137,世界測地系,2009年（平成21年）,1.79MB,W07-09_5137-jgd_GML.zip
5138,世界測地系,2009年（平成21年）,1.19MB,W07-09_5138-jgd_GML.zip
5139,世界測地系,2009年（平成21年）,2.37MB,W07-09_5139-jgd_GML.zip
5229,世界測地系,2009年（平成21年）,0.20MB,W07-09_5229-jgd_GML.zip
5231,世界測地系,2009年（平成21年）,1.79MB,W07-09_5231-jgd_GML.zip
5232,世界測地系,2009年（平成21年）,10.87MB,W07-09_5232-jgd_GML.zip
5233,世界測地系,2009年（平成21年）,12.90MB,W07-09_5233-jgd_GML.zip
5234,世界測地系,2009年（平成21年）,12.93MB,W07-09_5234-jgd_GML.zip
5235,世界測地系,2009年（平成21年）,12.97MB,W07-09_5235-jgd_GML.zip
5236,世界測地系,2009年（平成21年）,12.54MB,W07-09_5236-jgd_GML.zip
5237,世界測地系,2009年（平成21年）,12.93MB,W07-09_5237-jgd_GML.zip
5238,世界測地系,2009年（平成21年）,11.13MB,W07-09_5238-jgd_GML.zip
5239,世界測地系,2009年（平成21年）,7.62MB,W07-09_5239-jgd_GML.zip
5240,世界測地系,2009年（平成21年）,2.42MB,W07-09_5240-jgd_GML.zip
5332,世界測地系,2009年（平成21年）,2.01MB,W07-09_5332-jgd_GML.zip
5333,世界測地系,2009年（平成21年）,5.63MB,W07-09_5333-jgd_GML.zip
5334,世界測地系,2009年（平成21年）,6.65MB,W07-09_5334-jgd_GML.zip
5335,世界測地系,2009年（平成21年）,7.85MB,W07-09_5335-jgd_GML.zip
5336,世界測地系,2009年（平成21年）,12.98MB,W07-09_5336-jgd_GML.zip
5337,世界測地系,2009年（平成21年）,12.98MB,W07-09_5337-jgd_GML.zip
5338,世界測地系,2009年（平成21年）,12.98MB,W07-09_5338-jgd_GML.zip
5339,世界測地系,2009年（平成21年）,12.74MB,W07-09_5339-jgd_GML.zip
5340,世界測地系,2009年（平成21年）,9.28MB,W07-09_5340-jgd_GML.zip
5433,世界測地系,2009年（平成21年）,2.59MB,W07-09_5433-jgd_GML.zip
5436,世界測地系,2009年（平成21年）,10.53MB,W07-09_5436-jgd_GML.zip
5437,世界測地系,2009年（平成21年）,12.96MB,W07-09_5437-jgd_GML.zip
5438,世界測地系,2009年（平成21年）,12.97MB,W07-09_5438-jgd_GML.zip
5439,世界測地系,2009年（平成21年）,13.3MB,W07-09_5439-jgd_GML.zip
5440,世界測地系,2009年（平成21年）,9.09MB,W07-09_5440-jgd_GML.zip
5536,世界測地系,2009年（平成21年）,4.64MB,W07-09_5536-jgd_GML.zip
5537,世界測地系,2009年（平成21年）,7.67MB,W07-09_5537-jgd_GML.zip
5538,世界測地系,2009年（平成21年）,12.56MB,W07-09_5538-jgd_GML.zip
5539,世界測地系,2009年（平成21年）,13.01MB,W07-09_5539-jgd_GML.zip
5540,世界測地系,2009年（平成21年）,12.19MB,W07-09_5540-jgd_GML.zip
5541,世界測地系,2009年（平成21年）,0.60MB,W07-09_5541-jgd_GML.zip
5636,世界測地系,2009年（平成21年）,1.79MB,W07-09_5636-jgd_GML.zip
5637,世界測地系,2009年（平成21年）,1.61MB,W07-09_5637-jgd_GML.zip
5638,世界測地系,2009年（平成21年）,6.04MB,W07-09_5638-jgd_GML.zip
5639,世界測地系,2009年（平成21年）,13.02MB,W07-09_5639-jgd_GML.zip
5640,世界測地系,2009年（平成21年）,13.02MB,W07-09_5640-jgd_GML.zip
5641,世界測地系,2009年（平成21年）,1.21MB,W07-09_5641-jgd_GML.zip
5738,世界測地系,2009年（平成21年）,3.01MB,W07-09_5738-jgd_GML.zip
5739,世界測地系,2009年（平成21年）,8.68MB,W07-09_5739-jgd_GML.zip
5740,世界測地系,2009年（平成21年）,12.98MB,W07-09_5740-jgd_GML.zip
5741,世界測地系,2009年（平成21年）,5.41MB,W07-09_5741-jgd_GML.zip
5839,世界測地系,2009年（平成21年）,3.62MB,W07-09_5839-jgd_GML.zip
5840,世界測地系,2009年（平成21年）,12.99MB,W07-09_5840-jgd_GML.zip
5841,世界測地系,2009年（平成21年）,11.29MB,W07-09_5841-jgd_GML.zip
5939,世界測地系,2009年（平成21年）,1.41MB,W07-09_5939-jgd_GML.zip
5940,世界測地系,2009年（平成21年）,12.98MB,W07-09_5940-jgd_GML.zip
5941,世界測地系,2009年（平成21年）,12.97MB,W07-09_5941-jgd_GML.zip
5942,世界測地系,2009年（平成21年）,1.19MB,W07-09_5942-jgd_GML.zip
6039,世界測地系,2009年（平成21年）,2.20MB,W07-09_6039-jgd_GML.zip
6040,世界測地系,2009年（平成21年）,12.95MB,W07-09_6040-jgd_GML.zip
6041,世界測地系,2009年（平成21年）,10.69MB,W07-09_6041-jgd_GML.zip
6139,世界測地系,2009年（平成21年）,0.21MB,W07-09_6139-jgd_GML.zip
6140,世界測地系,2009年（平成21年）,9.87MB,W07-09_6140-jgd_GML.zip
6141,世界測地系,2009年（平成21年）,6.03MB,W07-09_6141-jgd_GML.zip
6239,世界測地系,2009年（平成21年）,1.39MB,W07-09_6239-jgd_GML.zip
6240,世界測地系,2009年（平成21年）,9.87MB,W07-09_6240-jgd_GML.zip
6241,世界測地系,2009年（平成21年）,2.41MB,W07-09_6241-jgd_GML.zip
6243,世界測地系,2009年（平成21年）,0.80MB,W07-09_6243-jgd_GML.zip
6339,世界測地系,2009年（平成21年）,4.03MB,W07-09_6339-jgd_GML.zip
6340,世界測地系,2009年（平成21年）,9.95MB,W07-09_6340-jgd_GML.zip
6341,世界測地系,2009年（平成21年）,3.85MB,W07-09_6341-jgd_GML.zip
6342,世界測地系,2009年（平成21年）,8.74MB,W07-09_6342-jgd_GML.zip
6343,世界測地系,2009年（平成21年）,6.31MB,W07-09_6343-jgd_GML.zip
6439,世界測地系,2009年（平成21年）,0.20MB,W07-09_6439-jgd_GML.zip
6440,世界測地系,2009年（平成21年）,9.36MB,W07-09_6440-jgd_GML.zip
6441,世界測地系,2009年（平成21年）,12.61MB,W07-09_6441-jgd_GML.zip
6442,世界測地系,2009年（平成21年）,13.12MB,W07-09_6442-jgd_GML.zip
6443,世界測地系,2009年（平成21年）,12.46MB,W07-09_6443-jgd_GML.zip
6444,世界測地系,2009年（平成21年）,8.36MB,W07-09_6444-jgd_GML.zip
6445,世界測地系,2009年（平成21年）,4.22MB,W07-09_6445-jgd_GML.zip
6540,世界測地系,2009年（平成21年）,0.60MB,W07-09_6540-jgd_GML.zip
6541,世界測地系,2009年（平成21年）,8.94MB,W07-09_6541-jgd_GML.zip
6542,世界測地系,2009年（平成21年）,13.17MB,W07-09_6542-jgd_GML.zip
6543,世界測地系,2009年（平成21年）,13.15MB,W07-09_6543-jgd_GML.zip
6544,世界測地系,2009年（平成21年）,13.12MB,W07-09_6544-jgd_GML.zip
6545,世界測地系,2009年（平成21年）,4.24MB,W07-09_6545-jgd_GML.zip
6546,世界測地系,2009年（平成21年）,4.16MB,W07-09_6546-jgd_GML.zip
6641,世界測地系,2009年（平成21年）,5.11MB,W07-09_6641-jgd_GML.zip
6642,世界測地系,2009年（平成21年）,13.14MB,W07-09_6642-jgd_GML.zip
6643,世界測地系,2009年（平成21年）,6.94MB,W07-09_6643-jgd_GML.zip
6644,世界測地系,2009年（平成21年）,1.41MB,W07-09_6644-jgd_GML.zip
6645,世界測地系,2009年（平成21年）,2.23MB,W07-09_6645-jgd_GML.zip
6646,世界測地系,2009年（平成21年）,4.16MB,W07-09_6646-jgd_GML.zip
6647,世界測地系,2009年（平成21年）,1.19MB,W07-09_6647-jgd_GML.zip
6741,世界測地系,2009年（平成21年）,6.34MB,W07-09_6741-jgd_GML.zip
6742,世界測地系,2009年（平成21年）,8.17MB,W07-09_6742-jgd_GML.zip
6747,世界測地系,2009年（平成21年）,6.14MB,W07-09_6747-jgd_GML.zip
6748,世界測地系,2009年（平成21年）,2.77MB,W07-09_6748-jgd_GML.zip
6840,世界測地系,2009年（平成21年）,0.60MB,W07-09_6840-jgd_GML.zip
6841,世界測地系,2009年（平成21年）,1.82MB,W07-09_6841-jgd_GML.zip
6842,世界測地系,2009年（平成21年）,0.61MB,W07-09_6842-jgd_GML.zip
6847,世界測地系,2009年（平成21年）,0.60MB,W07-09_6847-jgd_GML.zip
6848,世界測地系,2009年（平成21年）,2.78MB,W07-09_6848-jgd_GML.zip